item_id,group_id,writer_id,role
21,component-6f4b6612125fb3a0,56a75bcc6a524cfd42ed603bef923e85,test
210,component-0b1c1e3db50a8caa,17220e612ae7550dbdcf31ac8b40ebb7,train
2100,component-4f5131ea0c5a3e7f,02b97aa07c2fc9c81b5520592c7e8d2c,train
2101,component-a530687a5cc433e5,fe5e7b6eb0d92b112cb558c9628546c0,excluded_test_writer
2102,component-01dcfea4ab47018a,5ad9062554ff2bc84868c1e4ce072aae,excluded_test_writer
2103,component-8cd32e25edb628ca,d4518d3887ca266ed7a8748afb75119e,train
2104,component-0b1c1e3db50a8caa,17220e612ae7550dbdcf31ac8b40ebb7,train
2105,component-9c93522c01b6a1b5,50ca28f275838edf4b8744a629543dd2,test
2106,component-76551af6e325ed06,4005ca6527b27dc147853df3387fca12,excluded_test_writer
2107,component-74e7091094989907,5f776c3cf521d418ddc65a2f8a72e9e3,train
2108,component-0b1c1e3db50a8caa,17220e612ae7550dbdcf31ac8b40ebb7,train
2109,component-688e73b3e7b39815,205b46648f147e1a5ef52ea07af00af6,test
211,component-bca810d52efd658a,c102a012748e4ac784229ac8f1932777,excluded_test_writer
2110,component-95d11a1a88e7893f,12511b11e77c0fd9f016a620eaa1f7b4,train
2111,component-9053fa05b6952cf7,cbaffa5220b94d323ddee491e1550d4d,train
2112,component-481927f99acf42a0,175f826e4bf4ef42ee78185537248c81,excluded_test_writer
2113,component-1dce26a45d8d16ae,6d26d4ff619aec245a536fe39cd511d8,train
2114,component-bca810d52efd658a,c102a012748e4ac784229ac8f1932777,excluded_test_writer
2115,component-1105a923124f5efc,1960761e30eaf699ec8320c5fca813dc,test
2116,component-b3e35aa734153698,2fbef97d89a05cfd623bc37ddd434d5f,excluded_test_writer
2117,component-b34afe030e9297dc,35c0585a748521e4e02f2cb0b1c5a670,test
2118,component-1788c74b1c926286,c079d2fd7e1214f5a318eeb1cee5a7db,test
2119,component-20756d2b18a439fe,9f90552a56ef097d5f437cfff57728af,train
212,component-79eaf187d3e6765d,db66ca2f0446d1b946f395b720b518ec,excluded_test_writer
2120,component-76551af6e325ed06,4005ca6527b27dc147853df3387fca12,test
2121,component-0b1c1e3db50a8caa,17220e612ae7550dbdcf31ac8b40ebb7,train
2122,component-01dcfea4ab47018a,5ad9062554ff2bc84868c1e4ce072aae,excluded_test_writer
2123,component-dc43904674130d37,2ec85e1f6cef3d83e8d87b3119640cfa,excluded_test_writer
2124,component-70e8d52a9b4616e7,15896e22b3eafb855151e1c79d5a7d8a,train
2125,component-fd6a44cb2f61506d,cb83b6f7181863ab7ccd76e203fb2a9e,excluded_test_writer
2126,component-a530687a5cc433e5,fe5e7b6eb0d92b112cb558c9628546c0,excluded_test_writer
2127,component-8cd32e25edb628ca,d4518d3887ca266ed7a8748afb75119e,train
2128,component-01dcfea4ab47018a,5ad9062554ff2bc84868c1e4ce072aae,excluded_test_writer
2129,component-33f849de3622f07a,e0eb5b76296e8afea61767d14c2885cd,test
213,component-d48ff4b2f68a10fd,f8347c3a2b59b3bdd27a1b275ceef1af,test
2130,component-bca810d52efd658a,c102a012748e4ac784229ac8f1932777,excluded_test_writer
2131,component-c49b0dece16c3a6b,3fc372a6edde3e1d1172073cf6b72e4d,train
2132,component-8448796b6e74894c,10d24bcc5693e93669732a9176758431,train
2133,component-3c1d9213f8765a2a,d3d17a7acd10ee59dfd8feabbcab5288,train
2134,component-daab3aa68185b677,36542ad464958db9867f6a7844234c35,test
2135,component-fb48aaf65ec04e4b,74fcd544483757dfac700e09f30c65ba,train
2136,component-0b1c1e3db50a8caa,17220e612ae7550dbdcf31ac8b40ebb7,train
2137,component-b3e35aa734153698,2fbef97d89a05cfd623bc37ddd434d5f,excluded_test_writer
2138,component-d257337668436fcc,69451de02e2c26787d69a77def43c5be,test
2139,component-93c08eda1a9a4495,e1cef712b112981646a3a7af02072884,excluded_test_writer
214,component-93c08eda1a9a4495,e1cef712b112981646a3a7af02072884,excluded_test_writer
2140,component-c29db52b9be8a7ed,50a61e7cf6e706ffc5df494c659bd1e9,train
2141,component-1e925d8b7e7843e3,2475d464084cccf82ac3e72ea8721a5c,excluded_test_writer
2142,component-8c9089be2f18fb28,adce8547f81fd2a416f48e56ce784a72,test
2143,component-d100b54b5b8789ff,605bb37881140f45cfecadf22e83eac7,test
2144,component-db6529e972a44a4d,89e5c16e9c4661550ca5a49007af19b5,test
2145,component-fd6a44cb2f61506d,cb83b6f7181863ab7ccd76e203fb2a9e,test
2146,component-01dcfea4ab47018a,5ad9062554ff2bc84868c1e4ce072aae,excluded_test_writer
2147,component-96c7345b3ef8140d,a898deab1798d35f3befeb7ddee39ebd,excluded_test_writer
2149,component-bca810d52efd658a,c102a012748e4ac784229ac8f1932777,excluded_test_writer
215,component-3920f13df0dc5a97,f29aa2d9930b2c3005e4176f70479f9e,excluded_test_writer
2150,component-0b1c1e3db50a8caa,17220e612ae7550dbdcf31ac8b40ebb7,train
2151,component-b34afe030e9297dc,35c0585a748521e4e02f2cb0b1c5a670,excluded_test_writer
2152,component-1422ba74bf2e76ff,cf2aa86a12eb1e74fb275e391fd0a0b4,train
2153,component-93c08eda1a9a4495,e1cef712b112981646a3a7af02072884,excluded_test_writer
2154,component-f5e957604ebe365f,3e3e4c9549afb1fbf9d387f58a4ffddc,train
2155,component-1e1e81823020205b,0772472833698004228e919149c69701,excluded_test_writer
2156,component-188db7f5c98d585b,4e87c8702d10784cb46c8d0f9be63210,train
2157,component-ddd8121412f29434,094fc4b0a71388d136fc471ae818e529,train
2158,component-f06ca10f4977ea7a,82f4ae46a51f902d2c5d146f3b8d49e8,test
2159,component-c29db52b9be8a7ed,50a61e7cf6e706ffc5df494c659bd1e9,train
216,component-6504abbd1ef333e9,18fa800cc02bc318c94d6415c23172cd,excluded_test_writer
2160,component-1d6bf8af8f485b20,09dcac2ca489e8cd6bc7c1b0c78fa8e9,excluded_test_writer
2161,component-9a4608fd566f5363,ab32e118a4221396910a04bd1b42e3fe,test
2163,component-443e975fadd5ca9c,97d57987632cff989a344d1fc4640dd5,test
2164,component-c29db52b9be8a7ed,50a61e7cf6e706ffc5df494c659bd1e9,train
2165,component-71f051c220b59a0d,ba00e1104f4fa24aa2ebc9fa747197cc,train
2166,component-01dcfea4ab47018a,5ad9062554ff2bc84868c1e4ce072aae,excluded_test_writer
2167,component-bca810d52efd658a,c102a012748e4ac784229ac8f1932777,excluded_test_writer
2168,component-59933d776452c8a5,e62a8e7687dd09e9edb49cdd79ac81b9,test
2169,component-e2135c76ca7863e5,e5950c8af106349d3bde77b92b587c32,test
217,component-16badfc6202cb3f8,99907d478cdbaeb5388db3459408282c,train
2170,component-8448796b6e74894c,10d24bcc5693e93669732a9176758431,train
2171,component-9053fa05b6952cf7,cbaffa5220b94d323ddee491e1550d4d,train
2172,component-bca810d52efd658a,c102a012748e4ac784229ac8f1932777,test
2173,component-b3e35aa734153698,2fbef97d89a05cfd623bc37ddd434d5f,excluded_test_writer
2174,component-1dce26a45d8d16ae,6d26d4ff619aec245a536fe39cd511d8,train
2175,component-e289e5f7d06013a3,8fa922a1116d1ab2ebef342a59180c7c,train
2176,component-fd6a44cb2f61506d,cb83b6f7181863ab7ccd76e203fb2a9e,excluded_test_writer
2178,component-01dcfea4ab47018a,5ad9062554ff2bc84868c1e4ce072aae,excluded_test_writer
2179,component-22bad745f0d78ded,b0cc72b05e56c62f78c7417f5c0fc7cd,test
218,component-1e925d8b7e7843e3,2475d464084cccf82ac3e72ea8721a5c,excluded_test_writer
2180,component-93c08eda1a9a4495,e1cef712b112981646a3a7af02072884,test
2181,component-75a8cdbb2986623b,29c04fe1c8b2c4bc979ee3ea2ded76bf,excluded_test_writer
2182,component-93989d0f14e7ec63,052c3661f71366f3b0bbb798cf69de98,test
2183,component-bc83cbb2d6dcba93,0520aa2bf9b054591f00957b9e725796,train
2184,component-76551af6e325ed06,4005ca6527b27dc147853df3387fca12,excluded_test_writer
2185,component-c60d3692ebbe6f8c,3e92c2134d4599ed8594b80f07dc91ec,train
2186,component-1105a923124f5efc,1960761e30eaf699ec8320c5fca813dc,excluded_test_writer
2187,component-a530687a5cc433e5,fe5e7b6eb0d92b112cb558c9628546c0,test
2188,component-95d11a1a88e7893f,12511b11e77c0fd9f016a620eaa1f7b4,train
2189,component-76551af6e325ed06,4005ca6527b27dc147853df3387fca12,excluded_test_writer
219,component-fd6a44cb2f61506d,cb83b6f7181863ab7ccd76e203fb2a9e,excluded_test_writer
2190,component-0b1c1e3db50a8caa,17220e612ae7550dbdcf31ac8b40ebb7,train
2191,component-01dcfea4ab47018a,5ad9062554ff2bc84868c1e4ce072aae,excluded_test_writer
2192,component-a530687a5cc433e5,fe5e7b6eb0d92b112cb558c9628546c0,excluded_test_writer
2193,component-d1b0b7687f7bca92,b871e5cc66f76ca04b55866a15dd4665,test
2194,component-481927f99acf42a0,175f826e4bf4ef42ee78185537248c81,test
2195,component-5bc05e241527d767,b862b6c8067666d74b0e1aface0b0d3e,test
2196,component-ddd8121412f29434,094fc4b0a71388d136fc471ae818e529,train
2198,component-815106adc7256d3f,a5ffc196aa062589df3cdaf7adae5f8b,test
2199,component-f36e2794472c13ef,b622bc9a05882d0d6abff082938b51e8,train
22,component-785f3ec7eb32f30b,a880badbe5c3ab98cb1e7a1c18eafa8c,train
220,component-3920f13df0dc5a97,f29aa2d9930b2c3005e4176f70479f9e,test
2200,component-755a30d48d8a3314,60983b3bd13dd10274916058294b5b0c,train
2202,component-b3e35aa734153698,2fbef97d89a05cfd623bc37ddd434d5f,excluded_test_writer
2203,component-0b1c1e3db50a8caa,17220e612ae7550dbdcf31ac8b40ebb7,train
2204,component-71f051c220b59a0d,ba00e1104f4fa24aa2ebc9fa747197cc,train
2205,component-76551af6e325ed06,4005ca6527b27dc147853df3387fca12,excluded_test_writer
2206,component-c60d3692ebbe6f8c,3e92c2134d4599ed8594b80f07dc91ec,train
2207,component-1105a923124f5efc,1960761e30eaf699ec8320c5fca813dc,excluded_test_writer
2208,component-688e73b3e7b39815,205b46648f147e1a5ef52ea07af00af6,excluded_test_writer
2209,component-9e4067ac93c6febd,6b6eebfc83deea4fea1bf929230a91a6,train
2210,component-4321a844ee760ee6,60fad6da449d8bcc404eeb07b1bb643a,test
2211,component-ac1964eb089654e0,8ed96462e14b7e08362c992268b31ef3,test
2212,component-05c8bd5d4dcdb18b,5898c37a9a46b8c9b289c24611253043,test
2213,component-88cf986449b61aeb,5cb2ac870c6c24a267d36411c5eee617,test
2214,component-4ff57f0bce33b3f1,6f68c0956bba52adbcf3cc60b9a6f7cc,train
2215,component-7de25656de2fdb7d,1ce71b6ac5f663a0b42fb6f1fbee8d21,train
2217,component-1dffd68e5364ca23,0ac991e95b5215331187e2a99026b175,train
2218,component-58763bceaddcad67,8bf45189c0cd6ac9db540664ab032a25,test
2219,component-52018340d5255b7d,cab07429007b2226ef43ee20f370e62f,train
222,component-01dcfea4ab47018a,5ad9062554ff2bc84868c1e4ce072aae,excluded_test_writer
2220,component-230ad27c6e6e2766,961c8f1eeff1c5fa7d581c339edd2950,train
2221,component-0337d6fcd298bc66,f3ff2b8aa9b422b423be0cf293538ad4,train
2222,component-edee29f882543b95,8c2bbd43838f4731e870e982ad2744cc,train
2223,component-fccb6362a9a78e11,9862fc14ed5588a6a19cf51eb4e16eeb,train
2224,component-9d9f3c4ea93d3640,21b28f3c505cb053361b9073227889b0,test
2225,component-90d441ee3fce238c,7a8267f910ceb6f68f247156d7efac4d,test
2226,component-cf2661b79280502b,0cb857d86212393e9ad6d210ed3e343c,test
2227,component-2730a07b09001328,c2df42f2a4614a641d097d558dc2e0c6,test
2228,component-3f14a60b7590cb27,b446e82d7880da2ac09bdfa1fcca6753,test
2229,component-09dc1bb2b25a72c6,fd91babda8f650a854e5fc739b611405,train
2230,component-903a4207be29cb52,c68ece4523fd19464605632c3632e0dc,test
2231,component-b847856411aef26f,b9a4169a759025fb6031d204a5f82aa1,test
2232,component-48fe0661615dd0a2,e31c8ab8ab933ee216cd041e3199ebd7,train
224,component-e5edff77d7628b15,1a294e5ade965c4d599b18c0dae9fc70,test
225,component-f5e957604ebe365f,3e3e4c9549afb1fbf9d387f58a4ffddc,train
226,component-71f051c220b59a0d,ba00e1104f4fa24aa2ebc9fa747197cc,train
227,component-dfe62e836a0a6f26,e68a1b8496559da478924f96121f485b,train
228,component-9d693eeee1d1899c,b83c0d7f087ed2c736f31962ea1d8e17,test
229,component-0b1c1e3db50a8caa,17220e612ae7550dbdcf31ac8b40ebb7,train
23,component-dc43904674130d37,2ec85e1f6cef3d83e8d87b3119640cfa,test
230,component-79eaf187d3e6765d,db66ca2f0446d1b946f395b720b518ec,test
231,component-a530687a5cc433e5,fe5e7b6eb0d92b112cb558c9628546c0,excluded_test_writer
232,component-9053fa05b6952cf7,cbaffa5220b94d323ddee491e1550d4d,train
233,component-c0509a487a18b003,1883ce91ecda8ead0c7c0185433b4879,train
235,component-a530687a5cc433e5,fe5e7b6eb0d92b112cb558c9628546c0,excluded_test_writer
237,component-01dcfea4ab47018a,5ad9062554ff2bc84868c1e4ce072aae,excluded_test_writer
238,component-1d6bf8af8f485b20,09dcac2ca489e8cd6bc7c1b0c78fa8e9,excluded_test_writer
239,component-01dcfea4ab47018a,5ad9062554ff2bc84868c1e4ce072aae,excluded_test_writer
24,component-c2356069e9d1e79c,9e5c95af2f73501ac5c604576af76873,train
240,component-508550b29f2136a2,ca219a7015d8f23e3760343f213f27c5,excluded_test_writer
241,component-d100b54b5b8789ff,605bb37881140f45cfecadf22e83eac7,excluded_test_writer
242,component-14063697603e22d6,06657290905a42e3aaff0df50d209f64,train
243,component-e5edff77d7628b15,1a294e5ade965c4d599b18c0dae9fc70,excluded_test_writer
244,component-71f051c220b59a0d,ba00e1104f4fa24aa2ebc9fa747197cc,train
245,component-79eaf187d3e6765d,db66ca2f0446d1b946f395b720b518ec,excluded_test_writer
246,component-b3e35aa734153698,2fbef97d89a05cfd623bc37ddd434d5f,excluded_test_writer
247,component-396f804443825586,21f5eb7a0a5d7cd22b7cca301593d6f4,train
248,component-0b1c1e3db50a8caa,17220e612ae7550dbdcf31ac8b40ebb7,train
249,component-9f484139a27415ae,1a6e7c698caf805c2ef14127b6c528dc,test
25,component-e5edff77d7628b15,1a294e5ade965c4d599b18c0dae9fc70,excluded_test_writer
250,component-e289e5f7d06013a3,8fa922a1116d1ab2ebef342a59180c7c,train
251,component-d257337668436fcc,69451de02e2c26787d69a77def43c5be,excluded_test_writer
252,component-93c08eda1a9a4495,e1cef712b112981646a3a7af02072884,excluded_test_writer
253,component-e7866fdc6672f827,6ea358bdd2bb85cd3a1d85667dce65c9,test
254,component-9512d95d00d61bde,0d167c8f2533ac37b455263fe54ce9c7,train
255,component-6504abbd1ef333e9,18fa800cc02bc318c94d6415c23172cd,test
256,component-1e925d8b7e7843e3,2475d464084cccf82ac3e72ea8721a5c,test
257,component-4c970004b0678d43,0374d808f34f7969d7609f1fb90f2e33,train
259,component-9a4608fd566f5363,ab32e118a4221396910a04bd1b42e3fe,excluded_test_writer
26,component-5f9c4ab08cac7457,fa0a4aca7afe8e9562355122b283d553,test
260,component-8cd32e25edb628ca,d4518d3887ca266ed7a8748afb75119e,train
261,component-1d6bf8af8f485b20,09dcac2ca489e8cd6bc7c1b0c78fa8e9,test
262,component-22bad745f0d78ded,b0cc72b05e56c62f78c7417f5c0fc7cd,excluded_test_writer
263,component-79eaf187d3e6765d,db66ca2f0446d1b946f395b720b518ec,excluded_test_writer
264,component-f5e957604ebe365f,3e3e4c9549afb1fbf9d387f58a4ffddc,train
265,component-b3e35aa734153698,2fbef97d89a05cfd623bc37ddd434d5f,excluded_test_writer
266,component-443e975fadd5ca9c,97d57987632cff989a344d1fc4640dd5,excluded_test_writer
267,component-a530687a5cc433e5,fe5e7b6eb0d92b112cb558c9628546c0,excluded_test_writer
268,component-8b496bf96bbcc9e5,5859257f7cdeccec704af61730f19f85,train
269,component-1422ba74bf2e76ff,cf2aa86a12eb1e74fb275e391fd0a0b4,train
27,component-670671cd97404156,b0ec57bab3c90f15c5ff0c8afa5373a6,train
270,component-d8d1790737d57ac4,f36cb91b11f8ae326cfdc76c51e615e6,train
271,component-75a8cdbb2986623b,29c04fe1c8b2c4bc979ee3ea2ded76bf,test
272,component-1e1e81823020205b,0772472833698004228e919149c69701,test
274,component-d100b54b5b8789ff,605bb37881140f45cfecadf22e83eac7,excluded_test_writer
275,component-3a1dfb05d7257530,72f58014e3ac660b732c9abf5d57dc71,train
276,component-01dcfea4ab47018a,5ad9062554ff2bc84868c1e4ce072aae,test
277,component-688e73b3e7b39815,205b46648f147e1a5ef52ea07af00af6,excluded_test_writer
278,component-0b1c1e3db50a8caa,17220e612ae7550dbdcf31ac8b40ebb7,train
279,component-1dce26a45d8d16ae,6d26d4ff619aec245a536fe39cd511d8,train
28,component-f5e957604ebe365f,3e3e4c9549afb1fbf9d387f58a4ffddc,train
280,component-7f0a22117f8fe017,7e151ab9958bec33ff7d260c0003c16a,test
281,component-71a1c003a2b855d8,7941a524af14db5fab1eb72f815781bd,test
282,component-27e1615212f3c6ea,65ef3deb821d46327948bd36b8e12e1d,train
283,component-a530687a5cc433e5,fe5e7b6eb0d92b112cb558c9628546c0,excluded_test_writer
285,component-01dcfea4ab47018a,5ad9062554ff2bc84868c1e4ce072aae,excluded_test_writer
286,component-d100b54b5b8789ff,605bb37881140f45cfecadf22e83eac7,excluded_test_writer
287,component-508550b29f2136a2,ca219a7015d8f23e3760343f213f27c5,test
289,component-96c7345b3ef8140d,a898deab1798d35f3befeb7ddee39ebd,test
29,component-35135aaa6cc23891,8a6b60ef8a3b88ed7d956575e1c1b713,train
290,component-9a4608fd566f5363,ab32e118a4221396910a04bd1b42e3fe,excluded_test_writer
291,component-d100b54b5b8789ff,605bb37881140f45cfecadf22e83eac7,excluded_test_writer
292,component-755a30d48d8a3314,60983b3bd13dd10274916058294b5b0c,train
293,component-bca810d52efd658a,c102a012748e4ac784229ac8f1932777,excluded_test_writer
294,component-b3e35aa734153698,2fbef97d89a05cfd623bc37ddd434d5f,test
295,component-8448796b6e74894c,10d24bcc5693e93669732a9176758431,train
296,component-71f051c220b59a0d,ba00e1104f4fa24aa2ebc9fa747197cc,train
297,component-ddd8121412f29434,094fc4b0a71388d136fc471ae818e529,train
298,component-e289e5f7d06013a3,8fa922a1116d1ab2ebef342a59180c7c,train
299,component-308831041ea4863c,a684c0272177a378423eaf691dc51863,test
30,component-29e5a40b51e9f9f5,65846af3dc8205fc45821efda37a6b44,test
31,component-eb1e33e8a81b697b,cbbc69c884a2dedb362a2d0751fcbc54,train
310,component-226f76b55acb4970,a00d257bb6c1a83911eb4c423bb79640,train
3100,component-c3e37dfbf3675291,69704ffe29e10b91b2334847b48f2e19,train
31000,component-c46b6aa724a2ce00,955963907341fb3b98e54785f71c9843,train
31001,component-1a363478b7ca07c8,e8d39af016c644d6b71f2418ad5f9d65,train
31002,component-ee53a48030a949b6,d498bfc4525861a58ce664bece576d2b,excluded_test_writer
31003,component-5ab827fceb283774,0d64d556907563bd1474e5f7c36ed384,train
31004,component-14b26930fcde96ce,e5a486d1c82b3c6d83d5f49279623bcc,excluded_test_writer
31005,component-b32d8f5bfd086a5c,a36d0c9b13fd522fbfcd8ce8587fd144,train
31006,component-ab6230d33548acf9,6d63c155ea9fb47807fbe70db367d531,excluded_test_writer
31007,component-471f6696aa8dc9a8,4cd83c61495521cce50246c680de7775,train
31008,component-ae9ff8bde3d6a681,bb46ac8766b986c34e28e966c52152be,excluded_test_writer
31009,component-62685f4ccf56fe93,dafb1d4eefc26050cf648702aeaf3e3e,test
3101,component-4c126bb257a91ca0,779b18d3f0b08ed5619419bd0ebbfc12,train
31011,component-81382f2e2c1f0a85,80d0da88b815fa371376a13c56be158b,excluded_test_writer
31012,component-8a8f2ac537c779a6,5a2d760f53d03effa261871a992d8882,train
31013,component-7a1aa32766edc287,d8bee2acb2c21ccac0330b0bef7b721b,excluded_test_duplicate
31014,component-c9857cd0953bd638,77efc6776f7a210ad01d8785ef96c20f,train
31015,component-816bc02fbbf88f8d,47a9c1bffcd06af0b4c7222592e6e71c,test
31016,component-1f62acc0b8d0e8e3,c77d357b388385fd0150481f1703ace8,excluded_test_writer
31017,component-a876ef01c41c6ced,ca369dfae59d771345a8bc6ae6ee7ef8,train
3102,component-9ec5adcb162fea7b,736cf5f82cbba60c01fe0986a8ff847e,train
31020,component-bca810d52efd658a,6c6e11b590bc30c0655d106008bc2cb0,excluded_test_duplicate
31021,component-0051c4a05b585d74,4d82215ac84dc6962609bce7dde2ab5e,test
31023,component-4507c528f7bcb76b,918798c6920d19e67c74c5cd63bb44f8,excluded_test_writer
31024,component-21e40cf5f737ac89,35329ebc672688e893691f04f2fb2cde,excluded_test_duplicate
31025,component-9e43b0a3aa47362b,71725afa76786ee8ed9538a68b884dd1,train
31027,component-1f2635a5437efb4f,b41415d7e4bafb48728410265c843acd,train
31028,component-8d7df010318e9073,6770b7b28fb532a9c3927793876e8013,train
31029,component-afe346e269a27f1b,cc22064d0f2e9dc107b71f128d12132f,test
3103,component-05550bc685f04599,71b02c2b99805a5b65fe1658ebff3d78,train
31030,component-012441a9c3816343,db42613bac99c60e14c337e848846f7e,excluded_test_writer
31031,component-838d45075fa24868,bc1ec245e40632a2789fb09f05f7e608,train
31032,component-0b8c9e0db54716c4,6bb4364a6e771f56978aa4a249d659c8,train
31033,component-9699eafa4631f54d,1a7a889d7acdeaa79db9f740c3c18028,excluded_test_writer
31034,component-8d51cdc751a10015,d7a91519f90cf0516f1fb288a4e63730,test
31036,component-414dc7a015d6bc58,198a791caca607c9c4b5bb7da2bd7f46,train
31037,component-42fc7cba3524f343,414933879798d98b041c76d0f2a95d7e,train
31038,component-0c68ea7495e3af75,a23d54e0725738a1105cdd7161e499b1,train
31039,component-37f1bc7aa4901ec2,70156a26f765ebf26e0089b01b76089c,excluded_test_writer
3104,component-8e2d91da4e36f2d8,ee44c445eccad52622756c9188e1f416,train
31040,component-564fcde015888fdc,efa8b3a5e362640649324da4bcdd7469,excluded_test_writer
31041,component-a8c14fa52943719a,637104db7200547c43914b47ba7de345,train
31042,component-ccc23cd3f865ec9f,6208adbd6814fafd6f90b440a8cc6fb7,excluded_test_writer
31045,component-0b3f52674ba574ff,d425d3b4def164c7566dbe9e740ae260,excluded_test_writer
31046,component-7f909f8c361b6b61,86c21ae730b8423031b5286b7dad0c5d,excluded_test_duplicate
31047,component-cd920f7f08eef493,53f0cfb20da565fe22ed2094edb51767,excluded_test_writer
31048,component-21e40cf5f737ac89,35329ebc672688e893691f04f2fb2cde,excluded_test_duplicate
31049,component-747e80721ad00db3,b54c99b125f75083765440a9aa38e91e,train
3105,component-2542a5a582383e06,62b7d439f290de1db0295d6a70262065,excluded_test_writer
31050,component-baff23a90e039f74,ed7a317055cd989955ef84228664cb44,train
31051,component-3bd567171df5c1dd,51abdeb1c17521adf150cafc0fb8903a,train
31052,component-5d46b485417106f5,d3913f295c8ffcebdef3e667d5bbbeaf,train
31053,component-30c5bcf13841c163,475389b642e5532ddaf7f9fa06b72fa3,excluded_test_writer
31054,component-8cd57a6299a82016,779ffc5af31d8a273a59ce1cadc36be4,excluded_test_writer
31055,component-45527596d2b236dc,96fd862632f180eb9e954699301406fb,train
31056,component-30f2ff8fe7ef50a9,1c22eb9ac3587afa26de83acc19b5772,test
31057,component-9f98cc836005795c,a92d76ce898045da701e484d9990206b,train
31058,component-27f2e4ca84a40087,cc44600d3c77b2beb4f10af253962c15,train
31059,component-c8bbfba9cf732756,d53a400ee0161a431acd9ab0c945a288,train
3106,component-057c9ddd23740db0,44f2e5ed07d458560fe14bf392aaa678,excluded_test_writer
31060,component-536ad0fe2c3a10bb,65195ccb68b996e59a59b8113029fc06,test
31061,component-4a329fc50a3fa497,b1616f572a184173b8f7cd7b6e0583c5,excluded_test_writer
31062,component-7f280212ae1c089c,e7d632e4fd32c99001a812bd686b3786,test
31063,component-342ec3b3bd5c5a51,2c0dcf6ab7c40921f0150f31ce6f5182,excluded_test_writer
31064,component-861b872eae8f0998,c1b003a4a1886553385fe86cf886d32f,excluded_test_writer
31065,component-6e6f5157195ccb41,a3c17def286f05ae71c49a47dcf0f146,excluded_test_writer
31066,component-747e80721ad00db3,b54c99b125f75083765440a9aa38e91e,train
31067,component-ba26db63b9d0905d,3e52cecfb9079ca67b8369f67164b402,test
31069,component-37f1bc7aa4901ec2,70156a26f765ebf26e0089b01b76089c,excluded_test_writer
3107,component-e95eb14d109171ec,21f3f81fbdf331fdc8eef7c975079d3c,test
31070,component-479184ba020423a6,67f4391809a0901097f29c9d82f9d418,test
31071,component-6fea85187c6a8928,e6eb05bff93b643ee4d1a94be7a6c648,excluded_test_writer
31073,component-a8c14fa52943719a,637104db7200547c43914b47ba7de345,train
31074,component-6c755141eafe7b67,5851f856cc4711d06cdf0215b39f06b8,excluded_test_writer
31075,component-a9a6952cac90d135,aa81016e4781049055df0acc62626e7e,train
31076,component-596072438649e76f,8c39bf80f05dfc165e9963c68813ae77,excluded_test_writer
31077,component-4ad6f8b9de6e2af0,9c63d643a2337f34ef45e442786aea86,test
31078,component-4e83352499c233bc,9b74e270dbd0155cadaaa19c8b99b44b,train
31079,component-f84cc7ceb2f8ae46,a68fe5dd5491a8e5c563291e0ee30617,train
3108,component-21e40cf5f737ac89,35329ebc672688e893691f04f2fb2cde,excluded_test_duplicate
31080,component-8cd57a6299a82016,779ffc5af31d8a273a59ce1cadc36be4,excluded_test_writer
31081,component-c0cee8a63fd1b0d1,18d6da91e10697b3ec732d56bd68fd8d,excluded_test_writer
31082,component-8adf0aab70f07a07,c8bb3385421b223591a5daafa7cb016b,excluded_test_writer
31083,component-0f1f13ef2ed5183e,627f2acba04973368b49d632795f2762,test
31085,component-f41875d8ed4999ae,296c55a7afa8004543fe1b6d2f63ed00,excluded_test_writer
31086,component-25df5f53b2dd6d97,b2d19612dbcea183a25019cbe15bd61b,train
31087,component-464de09f15a10363,9a41dab4afa2b127c83eb9325948ec9b,excluded_test_writer
31088,component-151d7ff9890b5e57,6037d3ee8c41899a6f997a1984844dfd,excluded_test_writer
31089,component-715e8d519610db31,d577a94864ba13e0ccc1efa7fc6d5d73,test
3109,component-aeb5d182368bc8fa,77cbb39d3cddc88289673336a14f4c4d,train
31090,component-c46b6aa724a2ce00,955963907341fb3b98e54785f71c9843,train
31091,component-19bc501fab39d151,22c2c89c2bab9f37328a70e25553b567,train
31092,component-b32d8f5bfd086a5c,a36d0c9b13fd522fbfcd8ce8587fd144,train
31093,component-471f6696aa8dc9a8,4cd83c61495521cce50246c680de7775,train
31094,component-61761f9420088c4a,a7722b7f8213371b3249419c3a245362,excluded_test_writer
31095,component-d2058f621cd60aad,830b41bac56d8a3be35a985bb8111278,train
31096,component-342ec3b3bd5c5a51,2c0dcf6ab7c40921f0150f31ce6f5182,excluded_test_writer
31097,component-486fcacacb5ac20e,904247cc71ac2a29ccd042fed317051c,train
31098,component-a162161dbff55611,520b2c51459c7023be14937957e51f7c,test
31099,component-6f27c804643fab46,65f47b1b54bc68f60fcf8a4f9b605f36,train
311,component-c3e37dfbf3675291,69704ffe29e10b91b2334847b48f2e19,train
3110,component-347ff26ffaaa0d13,8b8f157835767f6c42a7a3f2a66d44c6,train
31100,component-e1e499eeb19d6d84,52aa8ea70140b465ce5ac8ee9099db71,train
31101,component-744c6d31764ae527,21149172feef2cedb44d6ce23f050028,excluded_test_writer
31103,component-ae2f5ece6ee979a5,ec0cc2abe3052fcbf7beef3ce7d002ab,excluded_test_writer
31104,component-d9caf069690eef9a,b562dbc1f17ef6d3a38de55e078bfe50,excluded_test_writer
31105,component-6c755141eafe7b67,5851f856cc4711d06cdf0215b39f06b8,excluded_test_writer
31106,component-42748090b27a0f9d,255e9414afca4d8219d1079a138a19d7,excluded_test_writer
31107,component-571c04fd9e7d74ee,e90f12f0f98dce16b4e7e5d16aeaf154,train
31108,component-21e40cf5f737ac89,35329ebc672688e893691f04f2fb2cde,excluded_test_duplicate
31109,component-5d46b485417106f5,d3913f295c8ffcebdef3e667d5bbbeaf,train
31110,component-6999a50737c95f67,737684e5c8756849c4caf4dc75bc72d0,excluded_test_writer
31112,component-37f1bc7aa4901ec2,70156a26f765ebf26e0089b01b76089c,excluded_test_writer
31113,component-747e80721ad00db3,b54c99b125f75083765440a9aa38e91e,train
31114,component-2be8ef0e6d06b373,8344bfb2762619cffe50d45469ad0799,test
31115,component-302ae8c8df68912a,12990b90fffe79aed07dd7117d76aba0,train
31116,component-8b13c8cdd0bf516e,8c86dc5847881aa923ade7023b47b2cb,test
31117,component-4df0e2e4ba2c47a5,c9e94b23bc222429a71db651222cf8e3,excluded_test_writer
31118,component-f6fb5309a1e357ce,0908acdb1bf458e9692cabe5fca0ab77,test
31119,component-348788a90a53a14b,c7644636064f41de40397e04e6e0b4be,excluded_test_writer
31120,component-b32d8f5bfd086a5c,a36d0c9b13fd522fbfcd8ce8587fd144,train
31121,component-342ec3b3bd5c5a51,2c0dcf6ab7c40921f0150f31ce6f5182,excluded_test_writer
31122,component-4507c528f7bcb76b,918798c6920d19e67c74c5cd63bb44f8,excluded_test_writer
31123,component-30c5bcf13841c163,475389b642e5532ddaf7f9fa06b72fa3,excluded_test_writer
31124,component-6999a50737c95f67,737684e5c8756849c4caf4dc75bc72d0,test
31125,component-42fc7cba3524f343,414933879798d98b041c76d0f2a95d7e,train
31126,component-a8c14fa52943719a,637104db7200547c43914b47ba7de345,train
31127,component-cd920f7f08eef493,53f0cfb20da565fe22ed2094edb51767,excluded_test_writer
31128,component-086d7b05f45a7ae7,33d817e01706c19e3f4688597ef020b3,train
31129,component-37f1bc7aa4901ec2,70156a26f765ebf26e0089b01b76089c,test
3113,component-f65b467722f489e4,f05e045c8ed31280a52970d8ae8a0235,test
31130,component-747e80721ad00db3,b54c99b125f75083765440a9aa38e91e,train
31131,component-596072438649e76f,8c39bf80f05dfc165e9963c68813ae77,excluded_test_writer
31132,component-b63f7ef9ceea7133,85c92d61e2a959e80696cb20cc93e434,excluded_test_writer
31133,component-a2dead73a84cae82,556cbab391837b35e3db80610718df53,train
31134,component-f41875d8ed4999ae,296c55a7afa8004543fe1b6d2f63ed00,excluded_test_writer
31135,component-25df5f53b2dd6d97,b2d19612dbcea183a25019cbe15bd61b,train
31136,component-a3398cfb17ecf4fb,a18e611983eb5ee66f9d4abfd0f1def5,train
31137,component-a9081dde63734aac,0cf31c4ef33e3f322fa807936ef22031,excluded_test_writer
31139,component-012441a9c3816343,db42613bac99c60e14c337e848846f7e,excluded_test_writer
31140,component-4ad6f8b9de6e2af0,9c63d643a2337f34ef45e442786aea86,excluded_test_writer
31141,component-ee53a48030a949b6,d498bfc4525861a58ce664bece576d2b,test
31142,component-838d45075fa24868,bc1ec245e40632a2789fb09f05f7e608,train
31143,component-464de09f15a10363,9a41dab4afa2b127c83eb9325948ec9b,test
31144,component-27f2e4ca84a40087,cc44600d3c77b2beb4f10af253962c15,train
31145,component-37b7d328d51f88bc,cf70ee1b8f701d19a837aa230097eb3a,test
31146,component-a7233acf9f73483c,39e08f30e2d19ae3e10e3c1269647f79,test
31147,component-a7a10aa77202fc10,f7bd16b5a26dadc65d362f5d0fe0ba10,test
31148,component-72ba6754e6fc6503,d24153338c0ba84e2fec2b499a7c5495,train
31149,component-330b6dd5c292c708,1338c7f67d52c389a54af19925ba97be,train
3115,component-29b159f5ad5a0c8e,1d065d7c40002fc2f4de0026f5cdfd95,train
31150,component-9699eafa4631f54d,1a7a889d7acdeaa79db9f740c3c18028,excluded_test_writer
31151,component-471f6696aa8dc9a8,4cd83c61495521cce50246c680de7775,train
31152,component-b32d8f5bfd086a5c,a36d0c9b13fd522fbfcd8ce8587fd144,train
31153,component-342ec3b3bd5c5a51,2c0dcf6ab7c40921f0150f31ce6f5182,excluded_test_writer
31154,component-9e6b9fa6eb2743a0,8e8334b3b8232a6feb1cd72f5935cb2c,test
31155,component-c9857cd0953bd638,77efc6776f7a210ad01d8785ef96c20f,train
31156,component-744c6d31764ae527,21149172feef2cedb44d6ce23f050028,excluded_test_writer
31157,component-ae2f5ece6ee979a5,ec0cc2abe3052fcbf7beef3ce7d002ab,excluded_test_writer
31158,component-8d7df010318e9073,6770b7b28fb532a9c3927793876e8013,train
31159,component-37f1bc7aa4901ec2,70156a26f765ebf26e0089b01b76089c,excluded_test_writer
3116,component-592912dff2a1f74f,4b7502650f258fb3605a79c0d0736d90,train
31160,component-c0cee8a63fd1b0d1,18d6da91e10697b3ec732d56bd68fd8d,excluded_test_writer
31161,component-afe346e269a27f1b,cc22064d0f2e9dc107b71f128d12132f,excluded_test_writer
31162,component-0b8c9e0db54716c4,6bb4364a6e771f56978aa4a249d659c8,train
31163,component-a09298272ebb68bb,79088521ba0f8893e257d0abcf4f4552,train
31164,component-fb5fe33d6f8d24cb,e16fa97e33ba606da9723572e36e072a,excluded_test_writer
31165,component-012441a9c3816343,db42613bac99c60e14c337e848846f7e,excluded_test_writer
31166,component-302ae8c8df68912a,12990b90fffe79aed07dd7117d76aba0,train
31167,component-21e40cf5f737ac89,35329ebc672688e893691f04f2fb2cde,excluded_test_duplicate
31168,component-a3398cfb17ecf4fb,a18e611983eb5ee66f9d4abfd0f1def5,train
31169,component-8cd57a6299a82016,779ffc5af31d8a273a59ce1cadc36be4,excluded_test_writer
3117,component-8e097ba294c2c043,94b6229d5895208ff9529888a4cd4070,test
31170,component-45527596d2b236dc,96fd862632f180eb9e954699301406fb,train
31171,component-ee53a48030a949b6,d498bfc4525861a58ce664bece576d2b,excluded_test_writer
31172,component-747e80721ad00db3,b54c99b125f75083765440a9aa38e91e,train
31173,component-5d46b485417106f5,d3913f295c8ffcebdef3e667d5bbbeaf,train
31174,component-e154f3b0e8666247,c6d7568dc8ae8811b077c444876a835c,test
31176,component-a982aa9a0950c3e5,a9a8c2de70fcfd9981709404bd1b527a,excluded_test_writer
31177,component-0a82de0b9561ea87,f3ec2a1bc9c25030d4e35b7ca1444a71,test
31179,component-7759489f703ee03e,0765dd660474a38631f419d84d3483b2,test
3118,component-290ebbdd1e416a4c,94122fbc9f7c40882d583faed3fcb6e9,test
31180,component-9699eafa4631f54d,1a7a889d7acdeaa79db9f740c3c18028,test
31181,component-e801fdfd3b134a34,e25108a3f107a3b2441a428ba648bf68,test
31182,component-9e6b9fa6eb2743a0,8e8334b3b8232a6feb1cd72f5935cb2c,excluded_test_writer
31183,component-342ec3b3bd5c5a51,2c0dcf6ab7c40921f0150f31ce6f5182,test
31184,component-4507c528f7bcb76b,918798c6920d19e67c74c5cd63bb44f8,excluded_test_writer
31185,component-bca810d52efd658a,6c6e11b590bc30c0655d106008bc2cb0,excluded_test_duplicate
31186,component-414dc7a015d6bc58,198a791caca607c9c4b5bb7da2bd7f46,train
31187,component-6e6f5157195ccb41,a3c17def286f05ae71c49a47dcf0f146,excluded_test_writer
31188,component-ae2f5ece6ee979a5,ec0cc2abe3052fcbf7beef3ce7d002ab,excluded_test_writer
31189,component-564fcde015888fdc,efa8b3a5e362640649324da4bcdd7469,excluded_test_writer
31191,component-927b0acb3abc859b,362250067389e8225afe64e7d829734d,train
31192,component-0fb47b85e2e2bdea,4f84fc17b1e3510a0ec4fc25ee7606e0,train
31193,component-6c755141eafe7b67,5851f856cc4711d06cdf0215b39f06b8,excluded_test_writer
31194,component-21e40cf5f737ac89,35329ebc672688e893691f04f2fb2cde,excluded_test_duplicate
31195,component-37f1bc7aa4901ec2,70156a26f765ebf26e0089b01b76089c,excluded_test_writer
31196,component-8cd57a6299a82016,779ffc5af31d8a273a59ce1cadc36be4,excluded_test_writer
31197,component-30f2ff8fe7ef50a9,1c22eb9ac3587afa26de83acc19b5772,excluded_test_writer
31198,component-b63f7ef9ceea7133,85c92d61e2a959e80696cb20cc93e434,excluded_test_writer
31199,component-ae1b51db3688dfa1,6d0ab767a4ac8c79654372dbd1a3a8dc,train
312,component-21e40cf5f737ac89,35329ebc672688e893691f04f2fb2cde,excluded_test_duplicate
31200,component-dea67eccaf1d1b31,a833bb6b0ef78c9ae86b3da33e4dee5f,excluded_test_writer
31201,component-5d46b485417106f5,d3913f295c8ffcebdef3e667d5bbbeaf,train
31202,component-f41875d8ed4999ae,296c55a7afa8004543fe1b6d2f63ed00,excluded_test_writer
31203,component-0593e24e46d83fb1,9900dbb92da294971fd781c3f4829d6d,test
31204,component-747e80721ad00db3,b54c99b125f75083765440a9aa38e91e,train
31207,component-413305cffb6af6aa,0dbf4a58cf4e4951e686be68bbc767e9,test
31208,component-45527596d2b236dc,96fd862632f180eb9e954699301406fb,train
31209,component-dd032a3a7c43c58d,ea6682f3e8f98c7b5e069d8395ee2306,train
31210,component-348788a90a53a14b,c7644636064f41de40397e04e6e0b4be,excluded_test_writer
31211,component-61761f9420088c4a,a7722b7f8213371b3249419c3a245362,excluded_test_writer
31212,component-b32d8f5bfd086a5c,a36d0c9b13fd522fbfcd8ce8587fd144,train
31213,component-342ec3b3bd5c5a51,2c0dcf6ab7c40921f0150f31ce6f5182,excluded_test_writer
31215,component-9f98cc836005795c,a92d76ce898045da701e484d9990206b,train
31216,component-8adf0aab70f07a07,c8bb3385421b223591a5daafa7cb016b,excluded_test_writer
31217,component-a09298272ebb68bb,79088521ba0f8893e257d0abcf4f4552,train
31218,component-21e40cf5f737ac89,35329ebc672688e893691f04f2fb2cde,excluded_test_duplicate
31219,component-25df5f53b2dd6d97,b2d19612dbcea183a25019cbe15bd61b,train
31220,component-cd110b42369c38b0,6398fbae4d2734fb10ada0c1e48f0af4,test
31221,component-8a8f2ac537c779a6,5a2d760f53d03effa261871a992d8882,train
31222,component-a3398cfb17ecf4fb,a18e611983eb5ee66f9d4abfd0f1def5,train
31223,component-74fa19708cd07c44,e1b2c1b21ad212cdb9ae245a10afdb13,excluded_test_writer
31224,component-0a2b7b91094ef456,c90357d94c1520bc121a94cdbe43dd93,excluded_test_writer
31225,component-c0cee8a63fd1b0d1,18d6da91e10697b3ec732d56bd68fd8d,excluded_test_writer
31226,component-8cd57a6299a82016,779ffc5af31d8a273a59ce1cadc36be4,excluded_test_writer
31227,component-3b8344ca5b0e945b,6af6d5435c069428dd27e2f4f3c0dbda,test
31229,component-5d46b485417106f5,d3913f295c8ffcebdef3e667d5bbbeaf,train
3123,component-a80f889d78e1d661,45aa0a5990ec5816238a4e737c619c83,excluded_test_writer
31230,component-464de09f15a10363,9a41dab4afa2b127c83eb9325948ec9b,excluded_test_writer
31231,component-8d9be92c94c48439,0c473eb316694327d26b4bcd43197359,excluded_test_writer
31232,component-a982aa9a0950c3e5,a9a8c2de70fcfd9981709404bd1b527a,excluded_test_writer
31233,component-151d7ff9890b5e57,6037d3ee8c41899a6f997a1984844dfd,test
31234,component-9845d84fa4365361,5d84053b1c1cad5134d4579a6e2670ba,test
31235,component-838d45075fa24868,bc1ec245e40632a2789fb09f05f7e608,train
31238,component-c46b6aa724a2ce00,955963907341fb3b98e54785f71c9843,train
31239,component-71e6f5c88bbfa93a,4c2833e356ff0132a7a11a855e6dd0d6,train
3124,component-21e40cf5f737ac89,35329ebc672688e893691f04f2fb2cde,excluded_test_duplicate
31240,component-79f785da0b1593cc,819e766397b0c59dcd16cc5bb1c81f73,test
31241,component-8d7df010318e9073,6770b7b28fb532a9c3927793876e8013,train
31242,component-a8c14fa52943719a,637104db7200547c43914b47ba7de345,train
31244,component-cd920f7f08eef493,53f0cfb20da565fe22ed2094edb51767,excluded_test_writer
31245,component-6fea85187c6a8928,e6eb05bff93b643ee4d1a94be7a6c648,excluded_test_writer
31247,component-74fa19708cd07c44,e1b2c1b21ad212cdb9ae245a10afdb13,excluded_test_writer
31248,component-37f1bc7aa4901ec2,70156a26f765ebf26e0089b01b76089c,excluded_test_writer
31249,component-21e40cf5f737ac89,35329ebc672688e893691f04f2fb2cde,excluded_test_duplicate
3125,component-74fa19708cd07c44,e1b2c1b21ad212cdb9ae245a10afdb13,excluded_test_writer
31250,component-b63f7ef9ceea7133,85c92d61e2a959e80696cb20cc93e434,excluded_test_writer
31251,component-ec4c27eacdeec618,3bbeec1fb28f3d4c906096c9fb037387,excluded_test_duplicate
31252,component-519ef307cf7b7e30,27546657bcdd0b4631395177f1b0ed47,excluded_test_writer
31255,component-747e80721ad00db3,b54c99b125f75083765440a9aa38e91e,train
31256,component-8cd57a6299a82016,779ffc5af31d8a273a59ce1cadc36be4,excluded_test_writer
31257,component-ccc23cd3f865ec9f,6208adbd6814fafd6f90b440a8cc6fb7,excluded_test_writer
31258,component-a3398cfb17ecf4fb,a18e611983eb5ee66f9d4abfd0f1def5,train
31259,component-baff23a90e039f74,ed7a317055cd989955ef84228664cb44,train
31260,component-96d57cfd0c9b9675,0fd4ac8303bf7f133df00bde32bf7eb6,excluded_test_writer
31261,component-464de09f15a10363,9a41dab4afa2b127c83eb9325948ec9b,excluded_test_writer
31263,component-25df5f53b2dd6d97,b2d19612dbcea183a25019cbe15bd61b,train
31264,component-4701e8f8a75d439e,79c042ecd443a4390992a85e9d2c2480,train
31265,component-3b8344ca5b0e945b,6af6d5435c069428dd27e2f4f3c0dbda,excluded_test_writer
31266,component-5d46b485417106f5,d3913f295c8ffcebdef3e667d5bbbeaf,train
31267,component-a2dead73a84cae82,556cbab391837b35e3db80610718df53,train
31268,component-6ad6c2e4ab02a6e3,9a00bd3cad3a44dd453eb1da4bbbde8d,train
31269,component-082f83a7e6a08543,60d1c55e8f834c7f7cf6c82e2dbf7783,test
3127,component-1665ee153693d03e,921813ea6601b06858909c4fe811e281,excluded_test_writer
31270,component-07c6ed68310c011f,37f80ae3edd7b808761aef4466758daf,excluded_test_writer
31272,component-2429a0818f75039e,16e807b210cd7b34e0a5ee1d86b431ae,train
31273,component-9e43b0a3aa47362b,71725afa76786ee8ed9538a68b884dd1,train
31274,component-bb723943d53cb298,076fd1fc63109a4576903cc4f7719b6c,train
31275,component-b32d8f5bfd086a5c,a36d0c9b13fd522fbfcd8ce8587fd144,train
31277,component-342ec3b3bd5c5a51,2c0dcf6ab7c40921f0150f31ce6f5182,excluded_test_writer
31278,component-baff23a90e039f74,ed7a317055cd989955ef84228664cb44,train
31279,component-302ae8c8df68912a,12990b90fffe79aed07dd7117d76aba0,train
3128,component-cc48054866ccc7e8,d5d9c28e872d69b953b60f1e793d7415,train
31280,component-03826f1c0aca055d,5e594e58b21e03bf20982bf5728c6b77,test
31281,component-21e40cf5f737ac89,35329ebc672688e893691f04f2fb2cde,excluded_test_duplicate
31282,component-6999a50737c95f67,737684e5c8756849c4caf4dc75bc72d0,excluded_test_writer
31283,component-afe346e269a27f1b,cc22064d0f2e9dc107b71f128d12132f,excluded_test_writer
31284,component-a8c14fa52943719a,637104db7200547c43914b47ba7de345,train
31285,component-4df0e2e4ba2c47a5,c9e94b23bc222429a71db651222cf8e3,test
31286,component-7a98d3f7e87c5408,9c8b7ce012f7eeb888991b08957bf13d,test
31287,component-4a329fc50a3fa497,b1616f572a184173b8f7cd7b6e0583c5,excluded_test_writer
31288,component-1f2635a5437efb4f,b41415d7e4bafb48728410265c843acd,train
31289,component-861b872eae8f0998,c1b003a4a1886553385fe86cf886d32f,excluded_test_writer
3129,component-29e5a40b51e9f9f5,65846af3dc8205fc45821efda37a6b44,excluded_test_writer
31290,component-c0cee8a63fd1b0d1,18d6da91e10697b3ec732d56bd68fd8d,excluded_test_writer
31291,component-d1bb79a93ab00413,b04a597eae978675e56824228e594a19,train
31292,component-fe9081daaba2f26e,fc7db518aa49aa9f215c17bab866de4b,test
31293,component-8b13c8cdd0bf516e,8c86dc5847881aa923ade7023b47b2cb,excluded_test_writer
31294,component-42748090b27a0f9d,255e9414afca4d8219d1079a138a19d7,excluded_test_writer
31296,component-ec4c27eacdeec618,3bbeec1fb28f3d4c906096c9fb037387,excluded_test_duplicate
31297,component-5d46b485417106f5,d3913f295c8ffcebdef3e667d5bbbeaf,train
31298,component-0593e24e46d83fb1,9900dbb92da294971fd781c3f4829d6d,excluded_test_writer
31299,component-8c56e3d88d291d0d,1068c62c829432f0e3ca3b42a13c1033,excluded_test_writer
313,component-8efbbe9bc19ad2e0,8c706a521445f742de4e47bab1bbb07b,test
3130,component-236454d73f301818,0637222f7162615aa65daa358e9a53f7,excluded_test_writer
31301,component-0a2b7b91094ef456,c90357d94c1520bc121a94cdbe43dd93,excluded_test_writer
31302,component-39fdb404635e8a57,22b7cc345c7d262a17737f5b9ab2c072,train
31303,component-a8c14fa52943719a,637104db7200547c43914b47ba7de345,train
31304,component-6c755141eafe7b67,5851f856cc4711d06cdf0215b39f06b8,test
31305,component-c0cee8a63fd1b0d1,18d6da91e10697b3ec732d56bd68fd8d,excluded_test_writer
31306,component-baff23a90e039f74,ed7a317055cd989955ef84228664cb44,train
31307,component-8adf0aab70f07a07,c8bb3385421b223591a5daafa7cb016b,test
31309,component-74fa19708cd07c44,e1b2c1b21ad212cdb9ae245a10afdb13,excluded_test_writer
3131,component-8cc6a20504cf85df,1d6a3902de214de4307b74fd3f6463a0,test
31310,component-ec4c27eacdeec618,3bbeec1fb28f3d4c906096c9fb037387,excluded_test_duplicate
31311,component-8cd57a6299a82016,779ffc5af31d8a273a59ce1cadc36be4,excluded_test_writer
31312,component-519ef307cf7b7e30,27546657bcdd0b4631395177f1b0ed47,excluded_test_writer
31313,component-b63f7ef9ceea7133,85c92d61e2a959e80696cb20cc93e434,test
31314,component-37f1bc7aa4901ec2,70156a26f765ebf26e0089b01b76089c,excluded_test_writer
31316,component-25df5f53b2dd6d97,b2d19612dbcea183a25019cbe15bd61b,train
31317,component-0aa2440ee35bb5a4,2224be84c23256a31a7ffa18ac9e93a9,test
31318,component-4701e8f8a75d439e,79c042ecd443a4390992a85e9d2c2480,train
31319,component-ee53a48030a949b6,d498bfc4525861a58ce664bece576d2b,excluded_test_writer
3132,component-e1a34e2c586d6965,e59e3ae93184512bcf093645466509b2,train
31320,component-151d7ff9890b5e57,6037d3ee8c41899a6f997a1984844dfd,excluded_test_writer
31321,component-ccc23cd3f865ec9f,6208adbd6814fafd6f90b440a8cc6fb7,excluded_test_writer
31325,component-bca810d52efd658a,6c6e11b590bc30c0655d106008bc2cb0,excluded_test_duplicate
31326,component-45527596d2b236dc,96fd862632f180eb9e954699301406fb,train
31327,component-d3109358c740513f,2542e8afd31b85134962ff5bcc0454a8,train
31328,component-526d3de4cf6b00b6,69e5a4daaea76d2e958c8b154bc97179,train
3133,component-83645f8dd21067ca,0ba8f65361474523ae17bf128c8d972f,excluded_test_writer
31330,component-a35080474fc86908,15314af09ca00111816e02dda2ccbd7b,test
31331,component-330b6dd5c292c708,1338c7f67d52c389a54af19925ba97be,train
31332,component-965e70fde48279c6,6f1cce838f89fbe78b3ddc400382dd77,test
31333,component-b32d8f5bfd086a5c,a36d0c9b13fd522fbfcd8ce8587fd144,train
31334,component-342ec3b3bd5c5a51,2c0dcf6ab7c40921f0150f31ce6f5182,excluded_test_writer
31335,component-012441a9c3816343,db42613bac99c60e14c337e848846f7e,excluded_test_writer
31336,component-a8c14fa52943719a,637104db7200547c43914b47ba7de345,train
31337,component-1483099c89000a68,322da8e72c169869125b6e4cd381f5f2,train
31338,component-59dac82d866bbc1e,f2baf9e0c987e8edf95bd34d44130f26,test
31339,component-30f2ff8fe7ef50a9,1c22eb9ac3587afa26de83acc19b5772,excluded_test_writer
3134,component-cf8f6054963fb200,97a9b9096695cd89f6444982de2c0fbf,excluded_test_writer
31340,component-c0cee8a63fd1b0d1,18d6da91e10697b3ec732d56bd68fd8d,test
31341,component-ee53a48030a949b6,d498bfc4525861a58ce664bece576d2b,excluded_test_writer
31342,component-74fa19708cd07c44,e1b2c1b21ad212cdb9ae245a10afdb13,excluded_test_writer
31343,component-6c755141eafe7b67,5851f856cc4711d06cdf0215b39f06b8,excluded_test_writer
31344,component-123c4b1ed3108ec5,51b31bbbb30a24a63584723229e18905,train
31345,component-0fb47b85e2e2bdea,4f84fc17b1e3510a0ec4fc25ee7606e0,train
31346,component-8cd57a6299a82016,779ffc5af31d8a273a59ce1cadc36be4,test
31347,component-09be9e5344d227f4,ff1ef95b11f2c2ac7bc6dc67f7099add,test
31348,component-dea67eccaf1d1b31,a833bb6b0ef78c9ae86b3da33e4dee5f,excluded_test_writer
31350,component-37f1bc7aa4901ec2,70156a26f765ebf26e0089b01b76089c,excluded_test_writer
31351,component-747e80721ad00db3,b54c99b125f75083765440a9aa38e91e,train
31352,component-936bef1fb49df3ad,194f1baebcfcd5128394502cebb93fa5,train
31353,component-5d46b485417106f5,d3913f295c8ffcebdef3e667d5bbbeaf,train
31354,component-25df5f53b2dd6d97,b2d19612dbcea183a25019cbe15bd61b,train
31355,component-dd032a3a7c43c58d,ea6682f3e8f98c7b5e069d8395ee2306,train
31356,component-a982aa9a0950c3e5,a9a8c2de70fcfd9981709404bd1b527a,excluded_test_writer
31359,component-96d57cfd0c9b9675,0fd4ac8303bf7f133df00bde32bf7eb6,excluded_test_writer
3136,component-1c3657ef82d21c9d,e359348a342d04b3eb4cbf89abb9da69,excluded_test_writer
31360,component-d00188e643170f07,0d863f1e297c7f6ef64d9118e87fa281,test
31361,component-f54ff4900bfc30d7,1398250c781dea5b21132884d11e0fb1,test
31362,component-4a329fc50a3fa497,b1616f572a184173b8f7cd7b6e0583c5,excluded_test_writer
31363,component-7f280212ae1c089c,e7d632e4fd32c99001a812bd686b3786,excluded_test_writer
31364,component-cd920f7f08eef493,53f0cfb20da565fe22ed2094edb51767,excluded_test_writer
31365,component-302ae8c8df68912a,12990b90fffe79aed07dd7117d76aba0,train
31366,component-6999a50737c95f67,737684e5c8756849c4caf4dc75bc72d0,excluded_test_writer
31367,component-0f817bc1256516ef,d2bcfc0a59d3a5bf14b6e88d3494a80e,train
31368,component-0c68ea7495e3af75,a23d54e0725738a1105cdd7161e499b1,train
31369,component-ec4c27eacdeec618,3bbeec1fb28f3d4c906096c9fb037387,excluded_test_duplicate
3137,component-1f023880f785dbb4,436f454fd7bb0d7c2caf10d688d1f558,test
31370,component-0fb47b85e2e2bdea,4f84fc17b1e3510a0ec4fc25ee7606e0,train
31371,component-a8c14fa52943719a,637104db7200547c43914b47ba7de345,train
31372,component-bca810d52efd658a,6c6e11b590bc30c0655d106008bc2cb0,excluded_test_duplicate
31373,component-a2dead73a84cae82,556cbab391837b35e3db80610718df53,train
31374,component-123c4b1ed3108ec5,51b31bbbb30a24a63584723229e18905,train
31375,component-b63f7ef9ceea7133,85c92d61e2a959e80696cb20cc93e434,excluded_test_writer
31376,component-f41875d8ed4999ae,296c55a7afa8004543fe1b6d2f63ed00,excluded_test_writer
31377,component-37f1bc7aa4901ec2,70156a26f765ebf26e0089b01b76089c,excluded_test_writer
31378,component-dea67eccaf1d1b31,a833bb6b0ef78c9ae86b3da33e4dee5f,test
31379,component-a3398cfb17ecf4fb,a18e611983eb5ee66f9d4abfd0f1def5,train
3138,component-206b16537b0e6534,5c36db4b5537c20a412437ff0d2766a3,test
31380,component-747e80721ad00db3,b54c99b125f75083765440a9aa38e91e,train
31381,component-21e40cf5f737ac89,35329ebc672688e893691f04f2fb2cde,excluded_test_duplicate
31382,component-8d9be92c94c48439,0c473eb316694327d26b4bcd43197359,test
31383,component-c0cee8a63fd1b0d1,18d6da91e10697b3ec732d56bd68fd8d,excluded_test_writer
31384,component-838d45075fa24868,bc1ec245e40632a2789fb09f05f7e608,train
31385,component-464de09f15a10363,9a41dab4afa2b127c83eb9325948ec9b,excluded_test_writer
31386,component-27f2e4ca84a40087,cc44600d3c77b2beb4f10af253962c15,train
31387,component-42748090b27a0f9d,255e9414afca4d8219d1079a138a19d7,test
31388,component-bd196af375182bfa,21e5c3c6029cf205ceb6f19af9d507be,excluded_test_writer
3139,component-d2addcc965fed481,bc8bd043500aa638f7fff95e3c12d865,train
31390,component-55eaa72f053b1044,9cf2c2d10125638b812caa1191258add,test
31391,component-baff23a90e039f74,ed7a317055cd989955ef84228664cb44,train
31392,component-328168b77615b7af,e335a301675664ba363f3234d5a26a18,train
31393,component-9699eafa4631f54d,1a7a889d7acdeaa79db9f740c3c18028,excluded_test_writer
31395,component-b32d8f5bfd086a5c,a36d0c9b13fd522fbfcd8ce8587fd144,train
31396,component-342ec3b3bd5c5a51,2c0dcf6ab7c40921f0150f31ce6f5182,excluded_test_writer
31397,component-9e6b9fa6eb2743a0,8e8334b3b8232a6feb1cd72f5935cb2c,excluded_test_writer
31398,component-4507c528f7bcb76b,918798c6920d19e67c74c5cd63bb44f8,test
314,component-748064be03a08df8,3d2a1bc8fa490df3df22c9e2e844a381,test
3140,component-3a892eea646c4e4f,844f6334def3ae73d68941293ba1a810,test
31400,component-afe346e269a27f1b,cc22064d0f2e9dc107b71f128d12132f,excluded_test_writer
31401,component-a09298272ebb68bb,79088521ba0f8893e257d0abcf4f4552,train
31402,component-baff23a90e039f74,ed7a317055cd989955ef84228664cb44,train
31403,component-30c5bcf13841c163,475389b642e5532ddaf7f9fa06b72fa3,excluded_test_writer
31404,component-086d7b05f45a7ae7,33d817e01706c19e3f4688597ef020b3,train
31405,component-c0cee8a63fd1b0d1,18d6da91e10697b3ec732d56bd68fd8d,excluded_test_writer
31406,component-8cd57a6299a82016,779ffc5af31d8a273a59ce1cadc36be4,excluded_test_writer
31407,component-37f1bc7aa4901ec2,70156a26f765ebf26e0089b01b76089c,excluded_test_writer
31408,component-b63f7ef9ceea7133,85c92d61e2a959e80696cb20cc93e434,excluded_test_writer
31410,component-25df5f53b2dd6d97,b2d19612dbcea183a25019cbe15bd61b,train
31411,component-a3398cfb17ecf4fb,a18e611983eb5ee66f9d4abfd0f1def5,train
31412,component-dea67eccaf1d1b31,a833bb6b0ef78c9ae86b3da33e4dee5f,excluded_test_writer
31413,component-0fb47b85e2e2bdea,4f84fc17b1e3510a0ec4fc25ee7606e0,train
31414,component-bca810d52efd658a,6c6e11b590bc30c0655d106008bc2cb0,excluded_test_duplicate
31415,component-0a2b7b91094ef456,c90357d94c1520bc121a94cdbe43dd93,test
31416,component-aa1afcfd3a19edd5,685758b34df5c920a2a379797a2da107,train
31417,component-09be9e5344d227f4,ff1ef95b11f2c2ac7bc6dc67f7099add,excluded_test_writer
31418,component-32aee8b48c223877,907addf9c2b5762a6d67f758a8151122,train
31419,component-9437eee19b5c5053,9bac82a264668dfc6d0c7016db84337b,train
3142,component-89cb186b8b3c6d21,4b9d4ae7e399fbf203de775cab342135,train
31420,component-c8bbfba9cf732756,d53a400ee0161a431acd9ab0c945a288,train
31421,component-e066ecc2de42566a,4c7ec460b8dcf3e8bdd3bb41f34cf1a8,test
31423,component-56aab15df1917647,394e31443e6fc819d6ca555474c4cb5a,train
3143,component-7dbc9e01698ff644,9e79caa0730d9cdf96f9094e682cbbae,test
3146,component-9b99fe8d3230fe1b,1925b8906423e86da9284cba55d0de98,train
3147,component-c21af72451d75650,53b2f73fea376fda83bf1c8878c81b5d,train
3149,component-c3f577c63a6c6bca,d0748555a6ddd63ce7e3cb9c43821db2,train
315,component-36d6ee436477a492,61e938e732787ffc421ec63cc232865e,test
3150,component-4d364fbb3786fc31,49ff1270771704b00cca6db35dbc34df,test
3152,component-b83d4086daad65f8,26d8b2221948b31c8b53b648f4e8c60b,train
3154,component-21e40cf5f737ac89,35329ebc672688e893691f04f2fb2cde,excluded_test_duplicate
3155,component-22c7f088de0b7be3,0d300441f4bccbf79601c44298c8534d,train
3156,component-513b257cbaa94031,d7aacc4c77407217837b6a409d3fe3e8,excluded_test_writer
3157,component-9e9831a41f65d494,642204b130994203de0c9cfe69d7f798,test
3158,component-7fd4b59a83f05fa0,5ffcf7d96d7c35d486fd5a1382644165,train
3159,component-c8458f99a1b3e6e1,4d40af8f54708f087b458f72b12ecf11,test
3160,component-d31b04b46bdb26af,d6abf470f86d4a7f6278f68fe3f439b0,train
3161,component-fbfd6393c2b37ff4,4048f07337761a87d47c5caa710b3613,train
3162,component-d298c4da8264a57b,9bdd10bc8bd3184d21ffcf0ec1703b37,train
3163,component-81bad507c087bbdd,35efa2d55964f77f9d40b5e6f173b859,train
3166,component-593543ef557c79fc,cd242172da73106a673882a74f8155ae,train
3167,component-dcd0ea5b0fea71aa,70bcc0407c15662acc62046bc810628e,train
3168,component-a0ba26635494e3c6,0cd5e8abdaec32157c32a069cd5eb70b,train
3169,component-c3f577c63a6c6bca,d0748555a6ddd63ce7e3cb9c43821db2,train
3170,component-2e2b5ef8f1952c87,f16f0823f2cf06570f8a255ea9ca7dfa,test
3171,component-bcdc439c8fca5978,1b4be0d0b6fc2b97d98c171642563ce8,excluded_test_writer
3174,component-c6c67845a19892eb,5f77695c4fe30b9924f6b66b14814647,train
3175,component-3c6c0d5684ff1501,c2bdfbcff7b28b7dde3d44cc4e7dccca,excluded_test_writer
3176,component-fe56b24f16b58c70,1975d90c273ac606fa95dfdc3f648b1c,train
3177,component-b17a49d67fe2a656,68771e3f8138ddd352f0ab32cffce1d8,train
318,component-aae02129362d6117,27801e053b43467438cfe8419c07a9dd,train
3181,component-fec82eafe5926aec,17f223c2d54a8ab43c354f6644a7b5a5,train
3182,component-21e40cf5f737ac89,35329ebc672688e893691f04f2fb2cde,excluded_test_duplicate
3183,component-0015be06b770cefc,5c25fa05ca9355cd7c5a12b496bf1eba,excluded_test_writer
3184,component-1665ee153693d03e,921813ea6601b06858909c4fe811e281,excluded_test_writer
3186,component-cf8f6054963fb200,97a9b9096695cd89f6444982de2c0fbf,excluded_test_writer
3187,component-b36707d23f18461d,2c4c0412800a34a81e2a322ed7cbadd3,test
3188,component-e95eb14d109171ec,21f3f81fbdf331fdc8eef7c975079d3c,excluded_test_writer
3189,component-ca0f11ca98da8843,19c1037bf616bb87dceb485d85397519,test
319,component-347ff26ffaaa0d13,8b8f157835767f6c42a7a3f2a66d44c6,train
3190,component-8d7df010318e9073,6770b7b28fb532a9c3927793876e8013,train
3192,component-59f6c59d4e41b4a7,4d896f417fde9960a21f24dfbc5285a2,test
3193,component-36b2380ff6c0d550,1d1fe85f33ce84be14716ba3ca1d4341,excluded_test_writer
3194,component-2e2b5ef8f1952c87,f16f0823f2cf06570f8a255ea9ca7dfa,excluded_test_writer
3195,component-fdd25b9aeb3d9e62,d993af4d86740fefa7a4a942936a9d15,test
3196,component-29e5a40b51e9f9f5,65846af3dc8205fc45821efda37a6b44,excluded_test_writer
3197,component-6d96df5bf021ee29,51c39d7ac8d8b75145b10349d2df7d3e,excluded_test_writer
3198,component-3493d36e71846675,2da58b964ceb167942487b363a674f66,excluded_test_writer
3199,component-3c6c0d5684ff1501,c2bdfbcff7b28b7dde3d44cc4e7dccca,excluded_test_writer
32,component-e29c9c180c6279b0,3b2c1ff1494e5eb12adb443e9be1a58b,train
320,component-88820462180e5c89,5c2f04900dd36e215a3795e7abfb79e1,train
3204,component-38177ec3e146433b,6881f516526125a0beb799d903a83aaf,train
3205,component-74f71382d09d6d1a,e8249492d549302aa0e3002cff57c849,train
3206,component-400492c35c920b05,b37400072ee5f47c12e0bd9e740518d9,train
3207,component-491439dded71d7cd,0b1cd984d5019e2e4668dd86cc08882e,test
3208,component-1c3657ef82d21c9d,11250dbf9ff547b8cf16bbaf71213d47,excluded_test_duplicate
3209,component-5ab827fceb283774,0d64d556907563bd1474e5f7c36ed384,train
3211,component-74fa19708cd07c44,e1b2c1b21ad212cdb9ae245a10afdb13,test
3212,component-21e40cf5f737ac89,35329ebc672688e893691f04f2fb2cde,excluded_test_duplicate
3213,component-14cafa0d26c929e2,6e8d719f3a5b61b620267a82f9788663,train
3214,component-88a5dbd42596fe22,d21853a98ab1f510c35880b76d670d35,test
3216,component-dc8995beef6d561c,cb4041933ed3941718e72ca24a63d60c,train
3217,component-2a1a0e9629c0f70b,7db9b98cefdbc843f04c6af91555c8ed,train
3218,component-7569b2da161b6acd,c280579001b6e82d8ab255837720776e,train
3219,component-be1dfca7b57921df,2ccd9796c71c553e5de5aa071112133f,train
322,component-88a5dbd42596fe22,d21853a98ab1f510c35880b76d670d35,excluded_test_writer
3220,component-698eddbc91b225fd,3622f68751202a46a5f49dfc35df2418,test
3221,component-99bf9ebc1917f991,18d8b25877207b22581f5fbf7fe34219,excluded_test_writer
3222,component-35df10f0792f231e,877cb6ac24130ecd165e1a09a35145de,train
3223,component-9f18237f983e6595,de9011087cbe34112d9b3b614637caf0,test
3224,component-37f1bc7aa4901ec2,70156a26f765ebf26e0089b01b76089c,excluded_test_writer
3225,component-283fb243c9b850e7,0ebc9b51f550456f8b204d869b67dfbb,test
3226,component-cd920f7f08eef493,53f0cfb20da565fe22ed2094edb51767,excluded_test_writer
3227,component-1097281a89a0e2e9,a040182b12f96c7d659c47c74c6029b6,excluded_test_writer
3229,component-d7c697e2a4f55291,ce688c41af9994a1b1e796e2991109d9,train
323,component-3949ac1596ec7710,f1879899027c06fb429e503e60f5c1c4,test
3230,component-513b257cbaa94031,d7aacc4c77407217837b6a409d3fe3e8,excluded_test_writer
3231,component-f2234f4ceb530ea5,3bf078ac893453d3294dda602fcc4b4d,test
3232,component-8d7df010318e9073,6770b7b28fb532a9c3927793876e8013,train
3233,component-84d133d968520db5,4e7e8267143b96616ad6890d9b42ad19,test
3234,component-49982c8e082e073b,dffb672e5648340cb809aa720b5b9b84,train
3235,component-354a29c28b8f1485,bd6e7ae6f4615e358967718aca0d2e1f,train
3236,component-592c9396f394bbcf,3bbbfd4e7aabb0b3b944aef315b757ad,train
3237,component-f0a45ad3061732ba,31a243dfd89737490e25545aa6240d74,test
3238,component-38a3c600a4510679,a1e66be221dec082bc65977d1c561925,train
3239,component-1d0f14753ea4b35e,ac451462169e4c6b916c411803d2fd3a,excluded_test_writer
324,component-f65b467722f489e4,f05e045c8ed31280a52970d8ae8a0235,excluded_test_writer
3240,component-f9d0adfbe98dfe1b,ca5e7e8a0640fdf8a40f53cf62176310,excluded_test_writer
3241,component-21e40cf5f737ac89,35329ebc672688e893691f04f2fb2cde,excluded_test_duplicate
3243,component-74fa19708cd07c44,e1b2c1b21ad212cdb9ae245a10afdb13,excluded_test_writer
3244,component-8cc6a20504cf85df,1d6a3902de214de4307b74fd3f6463a0,excluded_test_writer
3245,component-0015be06b770cefc,5c25fa05ca9355cd7c5a12b496bf1eba,excluded_test_writer
3246,component-513b257cbaa94031,d7aacc4c77407217837b6a409d3fe3e8,excluded_test_writer
3247,component-88a5dbd42596fe22,d21853a98ab1f510c35880b76d670d35,excluded_test_writer
3248,component-1c3657ef82d21c9d,e359348a342d04b3eb4cbf89abb9da69,test
3249,component-7fd4b59a83f05fa0,5ffcf7d96d7c35d486fd5a1382644165,train
325,component-c3f577c63a6c6bca,d0748555a6ddd63ce7e3cb9c43821db2,train
3250,component-81bad507c087bbdd,35efa2d55964f77f9d40b5e6f173b859,train
3253,component-c8458f99a1b3e6e1,4d40af8f54708f087b458f72b12ecf11,excluded_test_writer
3254,component-d67e8edaa3a287c3,c1be029bf06d713615883687f7016a40,test
3255,component-a0ba26635494e3c6,0cd5e8abdaec32157c32a069cd5eb70b,train
3257,component-1097281a89a0e2e9,a040182b12f96c7d659c47c74c6029b6,excluded_test_writer
3258,component-3c6c0d5684ff1501,c2bdfbcff7b28b7dde3d44cc4e7dccca,excluded_test_writer
326,component-2fb3a343d055cb3a,16a19cfb9689e316964d28efe8f9f283,excluded_test_writer
3260,component-2fac394011e7d326,ea5637f9b20a8d9c102fee7963b08aec,test
3261,component-a162161dbff55611,520b2c51459c7023be14937957e51f7c,excluded_test_writer
3263,component-5b23e77bcbfd4804,c7098f0a126b134fb549783b6e58846a,test
3264,component-3493d36e71846675,2da58b964ceb167942487b363a674f66,test
3265,component-592c9396f394bbcf,3bbbfd4e7aabb0b3b944aef315b757ad,train
3266,component-02d9d2ece22f00f9,2d384f65ce2bffbe4e1d34791d2a901b,excluded_test_writer
3267,component-f35bdfbc3b7e089e,ab2cfc1c998249d47f74dfe08f5f45b1,test
3268,component-b17a49d67fe2a656,68771e3f8138ddd352f0ab32cffce1d8,train
3269,component-43013b656f6d3d86,26b48660443a492f76a7f1842d447822,excluded_test_writer
327,component-9b99fe8d3230fe1b,1925b8906423e86da9284cba55d0de98,train
3270,component-81382f2e2c1f0a85,80d0da88b815fa371376a13c56be158b,excluded_test_writer
3271,component-21e40cf5f737ac89,35329ebc672688e893691f04f2fb2cde,excluded_test_duplicate
3272,component-cf8f6054963fb200,97a9b9096695cd89f6444982de2c0fbf,test
3273,component-513b257cbaa94031,d7aacc4c77407217837b6a409d3fe3e8,excluded_test_writer
3274,component-83645f8dd21067ca,0ba8f65361474523ae17bf128c8d972f,test
3275,component-26a020fdeb929b63,81a0eb4a52fffcc48d04bbdb58cd88af,train
3277,component-b7609da7e6f650a6,23330bf5f63422925bff51d4ff647acd,train
3278,component-0ba14ec4102e5723,3e27f35ed134674f0a72fe8fa4af3aa4,train
3279,component-7257ac9862227f44,df97643bb1284e017dbc9a90d1cf8a87,train
3280,component-e21a6e2714f15b13,246f947c5e9ebf2438601382eb34f17b,train
3281,component-e300509dda44eacd,b666259a9ecad9c35666f1c20d6ff016,train
3283,component-9ca5e9b3a5cce0e6,7813a970112c652806926c7650e4ce6c,test
3284,component-491439dded71d7cd,0b1cd984d5019e2e4668dd86cc08882e,excluded_test_writer
3285,component-4fdffeaf3a4f0ae7,5a384f5d903d44931e23a4af13556b8a,test
3286,component-617c14bb6cfaff0a,d77c9c72efb47c8b7611f23b00aa5e20,train
3287,component-bd7f4d53f4b1c920,dada0db86a587491505f54eea24204de,test
3288,component-fcfa49c32bd1c3f5,7ca2ed45d2f59093e250f0e1b00ea394,train
3289,component-7fd4b59a83f05fa0,5ffcf7d96d7c35d486fd5a1382644165,train
329,component-fec82eafe5926aec,17f223c2d54a8ab43c354f6644a7b5a5,train
3290,component-8a9745162300f3c1,3b84c8847b0949094005c2d62bac5f2d,test
3291,component-37f1bc7aa4901ec2,70156a26f765ebf26e0089b01b76089c,excluded_test_writer
3292,component-7ca2552ffd0e38de,86657bc676b304780e53116e81d6868f,test
3295,component-1e5b0ff5ade87540,84e2f6a26a59966ad3f60bab3f3aeb11,excluded_test_writer
3296,component-657b5fb4e2b0a733,d9e62e61cc151eab3cd5b2bedc08b381,train
3297,component-400492c35c920b05,b37400072ee5f47c12e0bd9e740518d9,train
3298,component-2542a5a582383e06,62b7d439f290de1db0295d6a70262065,excluded_test_writer
3299,component-21e40cf5f737ac89,35329ebc672688e893691f04f2fb2cde,excluded_test_duplicate
33,component-c6f3ac57944a5314,d21c7ba2f548d44a202324de317553fe,train
330,component-2542a5a582383e06,62b7d439f290de1db0295d6a70262065,excluded_test_writer
3300,component-513b257cbaa94031,d7aacc4c77407217837b6a409d3fe3e8,excluded_test_writer
3301,component-37f1bc7aa4901ec2,70156a26f765ebf26e0089b01b76089c,excluded_test_writer
3302,component-8b0a2da322fa2e15,8078038a8fd5392eca0f8ed2c50193d9,test
3303,component-cd920f7f08eef493,53f0cfb20da565fe22ed2094edb51767,excluded_test_writer
3304,component-7f4d5aaa9cbaf434,1f34dc9886091167ffc17d0482b49675,excluded_test_writer
3305,component-a6c43d17f811327a,42e509f02fcefa299b037538d75e2df7,train
3307,component-5a19e373eb56430e,432a90e6c76d839efd44a4362c229b32,train
3308,component-a4c42a3f5f7103dd,e01407b3c90c811d58bb9a29dc464834,train
3309,component-c6c67845a19892eb,5f77695c4fe30b9924f6b66b14814647,train
331,component-c3e37dfbf3675291,69704ffe29e10b91b2334847b48f2e19,train
3310,component-c07ee4bd30825357,3c5fc7340c6f3d5ea1703a2741cb877f,excluded_test_writer
3312,component-5b3809d0168b73c2,464789c8934478e0442aff6211fcb0f9,excluded_test_writer
3313,component-a118106a72bf3449,c570e887b1389cb36e64caf1c289b0cb,train
3314,component-7bcd8fdbecf9d8f9,a70384f0a87af21a5fdbd773ef208372,excluded_test_writer
3315,component-715da20ae91a9708,bf414e1bf3a80f40cca0781cdd656fd7,test
3316,component-4a38ef00ee22542e,ac734b5bfcbc1932bc120055ac5eaefe,train
3317,component-27268401b2a0be9c,9dbdddaedf5579a186ca16415244fe0a,excluded_test_writer
3318,component-4e78ccea6eff54be,2e311e3a31517c269925372de3c1a99f,train
3319,component-e40f403944f152f7,b6a29188bfe6d4920991ba77f0a97bcd,test
332,component-21e40cf5f737ac89,35329ebc672688e893691f04f2fb2cde,excluded_test_duplicate
3320,component-d146f0489a920009,ae14713aad43a0e9eae27490de1264db,test
3321,component-eb9cf4c533aed16e,eb24699639abad4587fca7fc383f6788,test
3322,component-c3f577c63a6c6bca,d0748555a6ddd63ce7e3cb9c43821db2,train
3324,component-42748090b27a0f9d,255e9414afca4d8219d1079a138a19d7,excluded_test_writer
3325,component-f025893712b09869,ca523250243fc5d9c72e2e473b4ea24d,test
3326,component-fb87e6cf60af0859,d4f8e2032a277341f06b4ab74583e09d,train
3327,component-21e40cf5f737ac89,35329ebc672688e893691f04f2fb2cde,excluded_test_duplicate
3328,component-880663d7b132b017,af78e4c65e499777d22103159e58380c,test
3329,component-8d7df010318e9073,6770b7b28fb532a9c3927793876e8013,train
3330,component-b36707d23f18461d,2c4c0412800a34a81e2a322ed7cbadd3,excluded_test_writer
3331,component-99bf9ebc1917f991,18d8b25877207b22581f5fbf7fe34219,excluded_test_writer
3333,component-36b2380ff6c0d550,1d1fe85f33ce84be14716ba3ca1d4341,excluded_test_writer
3334,component-1d0f14753ea4b35e,ac451462169e4c6b916c411803d2fd3a,excluded_test_writer
3335,component-7f4d5aaa9cbaf434,1f34dc9886091167ffc17d0482b49675,excluded_test_writer
3336,component-50472ffa0d0b4e94,a7b5b580735e39aaf5e26da6d57dcf0c,train
3337,component-5bb844a8a792a21e,bb9c1ec8de3728923a79e51564869879,train
3338,component-1bcc359a1996d01c,2a29fb3de5f49909667cf9939e9e25e0,test
3339,component-4cf84afda7c7875b,d97dc54a2c25bdf65f63104ec2692954,test
334,component-7569b2da161b6acd,c280579001b6e82d8ab255837720776e,train
3340,component-56aab15df1917647,394e31443e6fc819d6ca555474c4cb5a,train
3341,component-c727a7209d8995c3,2e44d900cc00a651d9192e2fa952322a,excluded_test_writer
3342,component-e193d48045c058e7,14d3088c97e8f11acf5af177d840992b,excluded_test_writer
3343,component-290ebbdd1e416a4c,94122fbc9f7c40882d583faed3fcb6e9,excluded_test_writer
3344,component-1270d3a5752a3def,7b2933330a967478611fd03043a726cf,test
3345,component-4a38ef00ee22542e,ac734b5bfcbc1932bc120055ac5eaefe,train
3346,component-1e454f95d837060f,54267d90c363cc3afacdc966c50594fc,train
3347,component-3380f3fe3a5641b1,3999aacbd21da1c524c3ddd97ad380d0,test
3348,component-33d88765a856314f,3753946c36ebe0221408b7bd1ca31ada,test
335,component-7acc684a848a9b95,3992df97d3669a8ac7cdfc015427944f,train
3350,component-b101598560b38fc5,d2f78a107bf683b7d971bbfe2bb410f5,train
3351,component-957e984230c0adf1,2a2e5a4e98c012007353262def13cfb2,train
3352,component-d0e2d1dfd1c120a1,fedbcae7c8505f38ff4a0a44a74a650f,train
3353,component-e1deda4c9751baf1,bebd16a8eff974e5e3d0373c6e219488,train
3354,component-e1e499eeb19d6d84,52aa8ea70140b465ce5ac8ee9099db71,train
3355,component-a102c4a3c1ec0345,44efa27accbc6bde42b727681e84ab1b,train
3356,component-4504b1a16ce125c1,91bcacffd81fc71a82677fa52b572e77,train
3358,component-21e40cf5f737ac89,35329ebc672688e893691f04f2fb2cde,excluded_test_duplicate
3359,component-67c11e0cf948d6d3,44df00c24df3b61eeb74c17c21608b11,excluded_test_writer
336,component-347ff26ffaaa0d13,8b8f157835767f6c42a7a3f2a66d44c6,train
3360,component-1665ee153693d03e,921813ea6601b06858909c4fe811e281,test
3361,component-0015be06b770cefc,5c25fa05ca9355cd7c5a12b496bf1eba,test
3363,component-1c3657ef82d21c9d,e359348a342d04b3eb4cbf89abb9da69,excluded_test_writer
3364,component-81bad507c087bbdd,35efa2d55964f77f9d40b5e6f173b859,train
3365,component-1097281a89a0e2e9,a040182b12f96c7d659c47c74c6029b6,excluded_test_writer
3366,component-3c6c0d5684ff1501,c2bdfbcff7b28b7dde3d44cc4e7dccca,test
337,component-8ede6b26343305e0,2fea30be11d9af9bc43d5eb313bb1e44,train
3370,component-cd920f7f08eef493,53f0cfb20da565fe22ed2094edb51767,test
3371,component-7257ac9862227f44,df97643bb1284e017dbc9a90d1cf8a87,train
3372,component-74fa19708cd07c44,e1b2c1b21ad212cdb9ae245a10afdb13,excluded_test_writer
3373,component-02d9d2ece22f00f9,2d384f65ce2bffbe4e1d34791d2a901b,test
3374,component-e300509dda44eacd,b666259a9ecad9c35666f1c20d6ff016,train
3376,component-4fdffeaf3a4f0ae7,5a384f5d903d44931e23a4af13556b8a,excluded_test_writer
3377,component-37f1bc7aa4901ec2,70156a26f765ebf26e0089b01b76089c,excluded_test_writer
3378,component-1877fbda982a46b7,593de5599e140fabebbad2fa9d3c2107,test
3379,component-c727a7209d8995c3,2e44d900cc00a651d9192e2fa952322a,excluded_test_writer
3380,component-1e5b0ff5ade87540,84e2f6a26a59966ad3f60bab3f3aeb11,excluded_test_writer
3381,component-a1f14c675f8161bc,2d03878a21a1fdb7d09446ebe1c713a2,train
3382,component-f15ece87307c78b1,d81cc6ecef9b5310bcb5dcd2e149721c,train
3384,component-6eee1c1f521ec97b,09af3e4ee6279fe7e8e3b9b4abd1d8b5,train
3385,component-b0e86544f2b7ecca,ba62d385fbe626ffd3005db07e8b4e94,train
3386,component-b17a49d67fe2a656,68771e3f8138ddd352f0ab32cffce1d8,train
3387,component-21e40cf5f737ac89,35329ebc672688e893691f04f2fb2cde,excluded_test_duplicate
3388,component-cf8f6054963fb200,97a9b9096695cd89f6444982de2c0fbf,excluded_test_writer
3389,component-513b257cbaa94031,d7aacc4c77407217837b6a409d3fe3e8,excluded_test_writer
339,component-fc95ce176603e9e1,b21a8664ffec0aa2548ee5cf50934c4e,train
3391,component-c6c67845a19892eb,5f77695c4fe30b9924f6b66b14814647,train
3392,component-0ba14ec4102e5723,3e27f35ed134674f0a72fe8fa4af3aa4,train
3393,component-3c6c0d5684ff1501,c2bdfbcff7b28b7dde3d44cc4e7dccca,excluded_test_writer
3394,component-ba26db63b9d0905d,3e52cecfb9079ca67b8369f67164b402,excluded_test_writer
3395,component-fcfa49c32bd1c3f5,7ca2ed45d2f59093e250f0e1b00ea394,train
3396,component-e300509dda44eacd,b666259a9ecad9c35666f1c20d6ff016,train
3397,component-81382f2e2c1f0a85,80d0da88b815fa371376a13c56be158b,excluded_test_writer
3398,component-37f1bc7aa4901ec2,70156a26f765ebf26e0089b01b76089c,excluded_test_writer
3399,component-5b3809d0168b73c2,464789c8934478e0442aff6211fcb0f9,test
340,component-99bf9ebc1917f991,18d8b25877207b22581f5fbf7fe34219,test
3400,component-4850a9a4395d3ed9,4e7e619945ee099f56d6eab8a11437fd,train
3401,component-7bcd8fdbecf9d8f9,a70384f0a87af21a5fdbd773ef208372,test
3403,component-8766da4f8ea5594d,1064021823bedabeae9c7a48b1c35f87,train
3404,component-ecb2c5cd363bd77c,7235dec8655da557fef3de3ce9f14446,test
3405,component-27268401b2a0be9c,9dbdddaedf5579a186ca16415244fe0a,excluded_test_writer
3406,component-1eedd3e422fa5903,c694cf29c59e3ac15ba65b5ad092a36e,excluded_test_writer
3407,component-ab58ad627e6b1b11,58b5e98144915d14aa89058e9475441b,train
3408,component-1bcc359a1996d01c,2a29fb3de5f49909667cf9939e9e25e0,excluded_test_writer
3409,component-08951d3e71ad7054,4a6b147330d3ca721a7f4d8459fb38b5,train
341,component-524b2d27a1e7fbc3,2056cedc4cc2834646a37a135c58ebba,train
3410,component-956fb62ae9cc5ac2,3b7039dccf33b1983445a3c3b9ec067c,train
3411,component-9c7be863c0a75745,46a457c81a14eed92f838060f12b5aef,train
3412,component-f23d089e7f2e05f6,a4ff83cb7055e93d4ad0716049d2384a,train
3413,component-440e2fda2f39849e,b5b7e36d9d8228c4614869fa6095be60,train
3414,component-801f8522550bb910,038a95cda68a9de574ae6924e69bf88c,test
3415,component-21e40cf5f737ac89,35329ebc672688e893691f04f2fb2cde,excluded_test_duplicate
3416,component-cf8f6054963fb200,97a9b9096695cd89f6444982de2c0fbf,excluded_test_writer
3417,component-d298c4da8264a57b,9bdd10bc8bd3184d21ffcf0ec1703b37,train
3418,component-513b257cbaa94031,d7aacc4c77407217837b6a409d3fe3e8,excluded_test_writer
3419,component-e300509dda44eacd,b666259a9ecad9c35666f1c20d6ff016,train
342,component-f2234f4ceb530ea5,3bf078ac893453d3294dda602fcc4b4d,excluded_test_writer
3420,component-a6c43d17f811327a,42e509f02fcefa299b037538d75e2df7,train
3421,component-7f4d5aaa9cbaf434,1f34dc9886091167ffc17d0482b49675,excluded_test_writer
3422,component-c07ee4bd30825357,3c5fc7340c6f3d5ea1703a2741cb877f,test
3423,component-e193d48045c058e7,14d3088c97e8f11acf5af177d840992b,test
3424,component-8766da4f8ea5594d,1064021823bedabeae9c7a48b1c35f87,train
3425,component-cdc4cff450d2c46f,1e2f80e12cdd206f52aa283fc82a4d0e,train
3426,component-4c5f863a279220d8,c078dad552281489dddf4177f9a4d42e,test
3427,component-724d2f1a49d590b2,efa02650d90d390afb01485a2071b6ae,test
3429,component-37f1bc7aa4901ec2,70156a26f765ebf26e0089b01b76089c,excluded_test_writer
343,component-3c15285c04fff400,ce2dfc07e1671ff3fda0ec0144fb3f3d,train
3430,component-6c31832091556f7a,6d018a179dbdc45c3fe961bcb87418ce,train
3431,component-06071662e6313f87,cac3c222de539870723d01b1994957da,test
3432,component-a898a8776c1b93c5,2887b3bc49dfdf002e4db3d12982be31,train
3433,component-2adcda788844f02e,61f723ff5880a8ba1e3060d286f37be6,train
3434,component-5f395d07369071a5,a04d93fc8ebfbcf260c9b4af48d29562,train
3435,component-d0e2d1dfd1c120a1,fedbcae7c8505f38ff4a0a44a74a650f,train
3436,component-7f21554aaec5ace0,0801f04c0539a325f08eeafa3cff42eb,test
3437,component-27268401b2a0be9c,9dbdddaedf5579a186ca16415244fe0a,test
3438,component-c3f577c63a6c6bca,d0748555a6ddd63ce7e3cb9c43821db2,train
3439,component-9b99fe8d3230fe1b,1925b8906423e86da9284cba55d0de98,train
344,component-02e6295d8f522840,e86bb57de70bc3c481ee29b989ed2e94,train
3440,component-bd196af375182bfa,21e5c3c6029cf205ceb6f19af9d507be,test
3441,component-6b724a6630ccac9a,eede933ef72ad0dcf12ed1ad1f3be394,train
3442,component-82bd3b63e2f8767c,285bb66b15c6accb61564b375dec9616,test
3443,component-3504a42dccf2276b,979390a9aec1ff760cf604e95d447e10,test
3444,component-2a0400a50c04a5c6,046ea42e655629a3eb835f8e4da6bc6b,train
3446,component-21e40cf5f737ac89,35329ebc672688e893691f04f2fb2cde,excluded_test_duplicate
3448,component-8d7df010318e9073,6770b7b28fb532a9c3927793876e8013,train
3449,component-c8458f99a1b3e6e1,4d40af8f54708f087b458f72b12ecf11,excluded_test_writer
345,component-da70dfa4d9f95ac9,268c2cfb876c70bbc3ed6f4be53944a0,train
3450,component-513b257cbaa94031,d7aacc4c77407217837b6a409d3fe3e8,test
3451,component-bb551a7a1524e2ef,83eeea7979a11469533b005eabf2f0d6,test
3452,component-1d0f14753ea4b35e,ac451462169e4c6b916c411803d2fd3a,excluded_test_writer
3453,component-8a10191e65ccf722,8b3cdb54ab3655282b4d0954e2b48a95,train
3454,component-7f4d5aaa9cbaf434,1f34dc9886091167ffc17d0482b49675,excluded_test_writer
3455,component-50472ffa0d0b4e94,a7b5b580735e39aaf5e26da6d57dcf0c,train
3457,component-b101598560b38fc5,d2f78a107bf683b7d971bbfe2bb410f5,train
3458,component-ee43ec7cc83b9a0f,b7677af13504fafdfc8ff5eceedee011,train
3459,component-4850a9a4395d3ed9,4e7e619945ee099f56d6eab8a11437fd,train
346,component-057c9ddd23740db0,44f2e5ed07d458560fe14bf392aaa678,excluded_test_writer
3460,component-37f1bc7aa4901ec2,70156a26f765ebf26e0089b01b76089c,excluded_test_writer
3462,component-04ad2618a7fe10a3,e0fbdb818424b810b14f6347bd434087,test
3463,component-1270d3a5752a3def,7b2933330a967478611fd03043a726cf,excluded_test_writer
3464,component-4a38ef00ee22542e,ac734b5bfcbc1932bc120055ac5eaefe,train
3465,component-d9b22972eaaeb701,37808809f5a362e532268e1eb8ba65ff,train
3466,component-9f18237f983e6595,de9011087cbe34112d9b3b614637caf0,excluded_test_writer
3467,component-8db4f214b0974db7,7ced2323f1a5d003442e57af94f3c91f,test
3468,component-46b91dcd3c71d7b3,d22fcb54bffd03bedee5db4c13b1ef46,train
3469,component-a80f889d78e1d661,45aa0a5990ec5816238a4e737c619c83,test
347,component-6d96df5bf021ee29,51c39d7ac8d8b75145b10349d2df7d3e,test
3470,component-81e1be313ea16e52,5572c57e904297d061a85c75836d245c,train
3471,component-155eb65154b0e0eb,8e8575cc2727c896d12d98b54b5e91af,train
3472,component-2542a5a582383e06,62b7d439f290de1db0295d6a70262065,excluded_test_writer
3473,component-7f21554aaec5ace0,0801f04c0539a325f08eeafa3cff42eb,excluded_test_writer
3474,component-5d8a509aff5247a5,40ef96a5c8dc99f6085d227673b1d39c,test
3475,component-cf8f6054963fb200,97a9b9096695cd89f6444982de2c0fbf,excluded_test_writer
3476,component-21e40cf5f737ac89,35329ebc672688e893691f04f2fb2cde,excluded_test_duplicate
3477,component-1c3657ef82d21c9d,e359348a342d04b3eb4cbf89abb9da69,excluded_test_writer
3479,component-8d7df010318e9073,6770b7b28fb532a9c3927793876e8013,train
348,component-67c11e0cf948d6d3,44df00c24df3b61eeb74c17c21608b11,test
3480,component-bcdc439c8fca5978,1b4be0d0b6fc2b97d98c171642563ce8,test
3481,component-2240b7ec4c9c09fd,c355d01d74c969a7fea5427a2f604d0b,test
3482,component-c6c67845a19892eb,5f77695c4fe30b9924f6b66b14814647,train
3483,component-1e5b0ff5ade87540,84e2f6a26a59966ad3f60bab3f3aeb11,excluded_test_writer
3484,component-37f1bc7aa4901ec2,70156a26f765ebf26e0089b01b76089c,excluded_test_writer
3485,component-7257ac9862227f44,df97643bb1284e017dbc9a90d1cf8a87,train
3487,component-4a38ef00ee22542e,ac734b5bfcbc1932bc120055ac5eaefe,train
3488,component-2aec3694418f35d8,d857afb9c62b4dd0e9e034c5df8aefe0,train
3489,component-46b91dcd3c71d7b3,d22fcb54bffd03bedee5db4c13b1ef46,train
349,component-ae9ff8bde3d6a681,bb46ac8766b986c34e28e966c52152be,test
3490,component-4850a9a4395d3ed9,4e7e619945ee099f56d6eab8a11437fd,train
3491,component-42748090b27a0f9d,255e9414afca4d8219d1079a138a19d7,excluded_test_writer
3492,component-9652ec3b28f1be86,2f459a8cbd3965567d35533dd81cf790,test
3493,component-24a05f4d1305d667,6d9356466d4ccc111606048aa95c901d,test
3494,component-27268401b2a0be9c,9dbdddaedf5579a186ca16415244fe0a,excluded_test_writer
3495,component-7f4d5aaa9cbaf434,1f34dc9886091167ffc17d0482b49675,excluded_test_writer
3497,component-cbcf6b4a0dccea28,21e4892af78b1a916f14c855a6473d58,train
3498,component-2cde073b39dd6bb1,4842edea737bffbd8e1fae0b82c19cd0,test
3499,component-1eedd3e422fa5903,c694cf29c59e3ac15ba65b5ad092a36e,excluded_test_writer
35,component-240c85c27a34b464,8fd484d6e38a947525158418c3a3271d,train
350,component-2a1a0e9629c0f70b,7db9b98cefdbc843f04c6af91555c8ed,train
3500,component-889e2fc00981675e,e0f90062d0c5648ee949f5138aff7164,train
3501,component-b17a49d67fe2a656,68771e3f8138ddd352f0ab32cffce1d8,train
3502,component-a1aef9f42364b8de,05282735dfa0171dda4d23fc253127c1,test
3503,component-f2a0f718b02f355a,404008a5fc8b4fc30d06da37ae3f18fc,train
3504,component-21e40cf5f737ac89,35329ebc672688e893691f04f2fb2cde,excluded_test_duplicate
3505,component-a72f1b8fe15563da,a3c630d16b28401b856adbbf01228490,excluded_test_writer
3506,component-513b257cbaa94031,d7aacc4c77407217837b6a409d3fe3e8,excluded_test_writer
3507,component-81bad507c087bbdd,35efa2d55964f77f9d40b5e6f173b859,train
3508,component-22c7f088de0b7be3,0d300441f4bccbf79601c44298c8534d,train
3509,component-c8458f99a1b3e6e1,4d40af8f54708f087b458f72b12ecf11,excluded_test_writer
351,component-38a3c600a4510679,a1e66be221dec082bc65977d1c561925,train
3510,component-36b2380ff6c0d550,1d1fe85f33ce84be14716ba3ca1d4341,excluded_test_writer
3511,component-37f1bc7aa4901ec2,70156a26f765ebf26e0089b01b76089c,excluded_test_writer
3512,component-2240b7ec4c9c09fd,c355d01d74c969a7fea5427a2f604d0b,excluded_test_writer
3514,component-1097281a89a0e2e9,a040182b12f96c7d659c47c74c6029b6,test
3515,component-74fa19708cd07c44,e1b2c1b21ad212cdb9ae245a10afdb13,excluded_test_writer
3518,component-491439dded71d7cd,0b1cd984d5019e2e4668dd86cc08882e,excluded_test_writer
3519,component-1d0f14753ea4b35e,ac451462169e4c6b916c411803d2fd3a,test
352,component-9a72c24f2fd76561,70cf4755ba6aba2812416d5f42ecc585,test
3520,component-a6c43d17f811327a,42e509f02fcefa299b037538d75e2df7,train
3521,component-02d9d2ece22f00f9,2d384f65ce2bffbe4e1d34791d2a901b,excluded_test_writer
3522,component-3b37ef6a1be31e06,8dec4402cddf6256cf897e50b2ab54e6,test
3523,component-c727a7209d8995c3,2e44d900cc00a651d9192e2fa952322a,test
3524,component-b0e86544f2b7ecca,ba62d385fbe626ffd3005db07e8b4e94,train
3525,component-236454d73f301818,0637222f7162615aa65daa358e9a53f7,test
3527,component-50472ffa0d0b4e94,a7b5b580735e39aaf5e26da6d57dcf0c,train
3528,component-7f4d5aaa9cbaf434,1f34dc9886091167ffc17d0482b49675,test
3529,component-81382f2e2c1f0a85,80d0da88b815fa371376a13c56be158b,excluded_test_writer
353,component-7f4d5aaa9cbaf434,1f34dc9886091167ffc17d0482b49675,excluded_test_writer
3530,component-6eee1c1f521ec97b,09af3e4ee6279fe7e8e3b9b4abd1d8b5,train
3531,component-f15ece87307c78b1,d81cc6ecef9b5310bcb5dcd2e149721c,train
3532,component-2542a5a582383e06,62b7d439f290de1db0295d6a70262065,excluded_test_writer
3533,component-e1fe15b6ce5ddcc2,71af8bb46ef69de23c41da6247f1044d,test
3535,component-deb2676eeef1cf8f,cc52bef1e831a127823c6ae89f0d6a59,train
3536,component-5a3aa131c5364027,10bbba2a38164cfd6f71a5cd7a4cddb4,test
3537,component-471f6696aa8dc9a8,4cd83c61495521cce50246c680de7775,train
3538,component-112b89e61925b93e,3d587ca262d7f159d20cf9d0fac7ed3e,test
3539,component-9ec3b594ffe9da8e,ef857b9dd36cede3920b83d3395ce65b,train
354,component-b36707d23f18461d,2c4c0412800a34a81e2a322ed7cbadd3,excluded_test_writer
3540,component-b32d8f5bfd086a5c,a36d0c9b13fd522fbfcd8ce8587fd144,train
3541,component-9699eafa4631f54d,1a7a889d7acdeaa79db9f740c3c18028,excluded_test_writer
3542,component-5edd8f8493edeb02,301022441efbf7f564c660620bb45eea,test
3543,component-baf5a131b4753f2b,244e32c4effd21c4bbce38b4a59177bd,train
3544,component-65bba5fb79d7da91,733f980987a4b38b7d2d606d135997f7,train
3545,component-7a1aa32766edc287,d8bee2acb2c21ccac0330b0bef7b721b,excluded_test_duplicate
3546,component-e8743787bbef7d5f,0889f2b63f67fd03b79160416399f7f1,test
3548,component-349105a6e55846bb,bc32782fc94a6596584dc11181b14e1d,excluded_test_writer
3549,component-52d38d8228b6aab3,c9f45c82d83fa4e4e025121b32a9a7dd,train
355,component-22c7f088de0b7be3,0d300441f4bccbf79601c44298c8534d,train
3550,component-af545f4ae604100b,c5c69ee6cc40cca1953b1530958df7ff,train
3552,component-cdc4cff450d2c46f,1e2f80e12cdd206f52aa283fc82a4d0e,train
3553,component-a7f0eabbd0d45b5a,8bdc2d55bec27ffd4d557987a1140d44,excluded_test_writer
3554,component-166878a738f31004,64825b112fdf62868b262d6a118d9ff3,train
3555,component-58ff81fdb177eec8,9dbb324c467b1e56fb91bf929c71633f,train
3556,component-bca810d52efd658a,6c6e11b590bc30c0655d106008bc2cb0,excluded_test_duplicate
3557,component-fb5fe33d6f8d24cb,e16fa97e33ba606da9723572e36e072a,excluded_test_writer
3559,component-baff23a90e039f74,ed7a317055cd989955ef84228664cb44,train
356,component-03a3d955b8799a90,c4b4dad2bb10b1b38223fb6251adeca9,train
3565,component-77f2409b042ce010,cfa706b6c27df5df2b9a4238d8ae1ddc,train
3566,component-7d2371aaf1df1dcb,0012367373b7853995d0e709a8c6d8b3,train
3567,component-181a1063a7b7597a,f3183a181b4339eb0fc6bb0ccf01faf9,excluded_test_duplicate
3569,component-342ec3b3bd5c5a51,2c0dcf6ab7c40921f0150f31ce6f5182,excluded_test_writer
3570,component-7b6d57a3fcb869bb,690ccf58cd7b6fc878debc2136866d3e,train
3571,component-2f619d680b998bca,7b838d4b13eb055f4a8081dc42824f46,train
3572,component-bca810d52efd658a,6c6e11b590bc30c0655d106008bc2cb0,excluded_test_duplicate
3573,component-dc94f49e0cb0532c,8f7e7167f32371004cbf5e3e92bbcb89,train
3575,component-ab6230d33548acf9,6d63c155ea9fb47807fbe70db367d531,excluded_test_writer
3576,component-6cc8a5742b57e886,6adaa43dc3c97c4b9b19b6d7b7788633,test
3577,component-baff23a90e039f74,ed7a317055cd989955ef84228664cb44,train
3578,component-81382f2e2c1f0a85,80d0da88b815fa371376a13c56be158b,excluded_test_writer
3579,component-cc49091e6a3fa59a,0250cd8de92836b9a3d006a53130c935,test
358,component-43013b656f6d3d86,26b48660443a492f76a7f1842d447822,test
3580,component-fb5fe33d6f8d24cb,e16fa97e33ba606da9723572e36e072a,excluded_test_writer
3581,component-5805921783d4f48c,a3a960c0de9adfbf0d7f6604156fb475,train
3582,component-61761f9420088c4a,a7722b7f8213371b3249419c3a245362,excluded_test_writer
3583,component-b17a49d67fe2a656,68771e3f8138ddd352f0ab32cffce1d8,train
3584,component-9955f4a562efd60e,c6b484c6efc767630cb7768d8ede925e,test
3585,component-ddf7607c2a706bd1,9e9fc44150f6cf00e94124c94ebe5151,train
3586,component-8a915123f912f456,a96772645bbe9f00bfd8ee7e5b314f1f,test
3587,component-04ad14d9946a767e,5914280eef69e7aca0430b8463512ecd,test
3588,component-39e04ba0aac65125,e711b9d81794465540c96dd623aaf396,train
3589,component-eed67fb12c02e975,c36cef7dce54a6343a80775f6744f9dc,test
3590,component-a6ca0feab05195ca,df1e4b12aac58b9e805ac2e0d1e2e64f,train
3591,component-36d6ee436477a492,61e938e732787ffc421ec63cc232865e,excluded_test_writer
3592,component-31398568423ea8e2,301c4dc0758718cf8758792414529ab5,excluded_test_writer
3593,component-342ec3b3bd5c5a51,2c0dcf6ab7c40921f0150f31ce6f5182,excluded_test_writer
3595,component-dc94f49e0cb0532c,8f7e7167f32371004cbf5e3e92bbcb89,train
3596,component-b5518d4f3fea8800,fd94fff7f02944901e97b949416bf749,train
3597,component-bca810d52efd658a,6c6e11b590bc30c0655d106008bc2cb0,excluded_test_duplicate
3598,component-61761f9420088c4a,a7722b7f8213371b3249419c3a245362,excluded_test_writer
360,component-838f461c2fa673ce,782276bdbea8dc0f11e862ca0a15a50d,train
3601,component-349105a6e55846bb,bc32782fc94a6596584dc11181b14e1d,test
3602,component-5021b003164daeb6,130ab86aeff8b0e5d9c76d9e4a95ac35,train
3603,component-94de49d59371e3a9,850198ef052440d2c56bfc1d87b47bcf,test
3604,component-1eedd3e422fa5903,c694cf29c59e3ac15ba65b5ad092a36e,test
3605,component-d3c03b39626cf31b,d679319d92bf8321625f3955cc56543d,test
3606,component-cee94ac31aa2c2f2,953a14f5d241b12dc3c0721c05d87026,train
3607,component-d2058f621cd60aad,830b41bac56d8a3be35a985bb8111278,train
3608,component-f46b6280b22cfdd4,b016510441420e64fd873d6a79cbe44e,train
361,component-513b257cbaa94031,d7aacc4c77407217837b6a409d3fe3e8,excluded_test_writer
3610,component-ac74ca8a7cddeb3c,aed2ccc9b91db97e338d626741f40ba5,train
3611,component-8a8f2ac537c779a6,5a2d760f53d03effa261871a992d8882,train
3612,component-704c308726bba772,cfa5edd903d4c6510b79df504dd78a0b,test
3613,component-519ef307cf7b7e30,be38022e94f72c7fbf979c2147df2f69,excluded_test_duplicate
3614,component-bb723943d53cb298,076fd1fc63109a4576903cc4f7719b6c,train
3615,component-120e52d7b556d767,4b38da19ce624989435efbd3775b600f,test
3616,component-10acb87b3040f4e1,291af86fe6a45d8f23d66c7876a1bd64,train
3617,component-2e27bb07e506e982,dbbf7cd90f8dfcb55a854f3c591290d3,train
3618,component-a9081dde63734aac,0cf31c4ef33e3f322fa807936ef22031,test
3619,component-1f62acc0b8d0e8e3,c77d357b388385fd0150481f1703ace8,excluded_test_writer
362,component-21e40cf5f737ac89,35329ebc672688e893691f04f2fb2cde,excluded_test_duplicate
3620,component-c9666ca719574009,beadad75c8c905128d177b93586ca6d3,test
3622,component-4989b0404949f854,f512296b3fe0a8ffb9afaec3e8151e2b,train
3623,component-32aee8b48c223877,907addf9c2b5762a6d67f758a8151122,train
3624,component-d4458781cf4f969f,cefdc05f3ab4f50ff6e38c20ac6ce0d1,train
3625,component-b32d8f5bfd086a5c,a36d0c9b13fd522fbfcd8ce8587fd144,train
3626,component-5a3aa131c5364027,10bbba2a38164cfd6f71a5cd7a4cddb4,excluded_test_writer
3627,component-342ec3b3bd5c5a51,2c0dcf6ab7c40921f0150f31ce6f5182,excluded_test_writer
3628,component-9ec3b594ffe9da8e,ef857b9dd36cede3920b83d3395ce65b,train
3629,component-ae9ff8bde3d6a681,bb46ac8766b986c34e28e966c52152be,excluded_test_writer
363,component-2542a5a582383e06,62b7d439f290de1db0295d6a70262065,test
3630,component-7a1aa32766edc287,d8bee2acb2c21ccac0330b0bef7b721b,excluded_test_duplicate
3631,component-36af6a8145fe16fe,270f3d4ebec20fcc04550a4f3e47e82c,excluded_test_writer
3632,component-471f6696aa8dc9a8,4cd83c61495521cce50246c680de7775,train
3633,component-bca810d52efd658a,6c6e11b590bc30c0655d106008bc2cb0,excluded_test_duplicate
3634,component-dd6103b473273ecd,033b5e417dfecbb5a6dacb7768b4e50f,train
3635,component-166878a738f31004,64825b112fdf62868b262d6a118d9ff3,train
3636,component-6cc8a5742b57e886,6adaa43dc3c97c4b9b19b6d7b7788633,excluded_test_writer
3637,component-40e36c5ed6fd57d4,75120f03a6e9a13e0f9a98684618ca13,excluded_test_writer
3639,component-44a91994cce74ed2,7f079511a0dd0a6503eb3d8090ceb95b,test
364,component-c3e37dfbf3675291,69704ffe29e10b91b2334847b48f2e19,train
3640,component-240c85c27a34b464,8fd484d6e38a947525158418c3a3271d,train
3641,component-cdad299fa0391811,4cf916a427fb4f70f0f2d7297308285a,test
3643,component-592912dff2a1f74f,4b7502650f258fb3605a79c0d0736d90,train
3644,component-487e4a2ed2f8e9b2,76a99dd0d4e7a4e463a3580cbcdedc45,test
3645,component-62fe739825059f30,c75ebfc467708e37479bdf945c1a21d6,test
3646,component-283f3aceea5cb2cb,64e048d6eebf5467ec893b43ea3d96c8,train
3647,component-4cc072816fd7c3b8,be838a93179309be9091e57ba80137db,test
3648,component-e300509dda44eacd,b666259a9ecad9c35666f1c20d6ff016,train
3649,component-ae2f5ece6ee979a5,ec0cc2abe3052fcbf7beef3ce7d002ab,test
365,component-e95eb14d109171ec,21f3f81fbdf331fdc8eef7c975079d3c,excluded_test_writer
3650,component-747e80721ad00db3,b54c99b125f75083765440a9aa38e91e,train
3651,component-91bedd5f86fc852f,fe9a35bb16e51a399f38093c351471cd,test
3653,component-f77a10661490143c,be0d53c5f772afa54eee5e2f33a717cb,train
3654,component-471f6696aa8dc9a8,4cd83c61495521cce50246c680de7775,train
3655,component-a2c2bc574f117170,9b515988930247d9c1672f6aef86a3cd,train
3656,component-342ec3b3bd5c5a51,2c0dcf6ab7c40921f0150f31ce6f5182,excluded_test_writer
3657,component-7a1aa32766edc287,d8bee2acb2c21ccac0330b0bef7b721b,excluded_test_duplicate
3658,component-19bc501fab39d151,22c2c89c2bab9f37328a70e25553b567,train
3659,component-70fd140a7871d7e0,40d45d5266f78d33deb714273d8178c0,train
366,component-347ff26ffaaa0d13,8b8f157835767f6c42a7a3f2a66d44c6,train
3660,component-4c765584f678fee2,2f75935a85adf049bf05a0a65b9d3201,train
3662,component-61761f9420088c4a,a7722b7f8213371b3249419c3a245362,test
3664,component-bca810d52efd658a,6c6e11b590bc30c0655d106008bc2cb0,excluded_test_duplicate
3665,component-fb5fe33d6f8d24cb,e16fa97e33ba606da9723572e36e072a,excluded_test_writer
3666,component-cee94ac31aa2c2f2,953a14f5d241b12dc3c0721c05d87026,train
3667,component-baf5a131b4753f2b,244e32c4effd21c4bbce38b4a59177bd,train
3668,component-83cbe01f5db4a29c,b8739c7574a9b2eb73667690d79c2c67,train
3669,component-349105a6e55846bb,bc32782fc94a6596584dc11181b14e1d,excluded_test_writer
367,component-057c9ddd23740db0,44f2e5ed07d458560fe14bf392aaa678,test
3670,component-519ef307cf7b7e30,be38022e94f72c7fbf979c2147df2f69,excluded_test_duplicate
3671,component-ac2151d8aa26b578,33e40acc0e7ffa90fcbd82140cafbdc1,train
3672,component-38bed887fe286a16,4b4d927b8db69b7c284b8abda631b0fd,test
3673,component-c0db1a8f10c8b6a2,73fbc92e4df1e2fa18942bbba326c17d,train
3676,component-e9627bf1367d542b,11324192e1d691e1fb531092c0d41498,test
3677,component-1f62acc0b8d0e8e3,c77d357b388385fd0150481f1703ace8,excluded_test_writer
3679,component-744c6d31764ae527,21149172feef2cedb44d6ce23f050028,excluded_test_writer
368,component-dc8995beef6d561c,cb4041933ed3941718e72ca24a63d60c,train
3681,component-c9857cd0953bd638,77efc6776f7a210ad01d8785ef96c20f,train
3683,component-02141810795aab0e,1c08be4dd2acea2154c6d98afab287ab,train
3684,component-7a1aa32766edc287,d8bee2acb2c21ccac0330b0bef7b721b,excluded_test_duplicate
3685,component-342ec3b3bd5c5a51,2c0dcf6ab7c40921f0150f31ce6f5182,excluded_test_writer
3686,component-ab6230d33548acf9,6d63c155ea9fb47807fbe70db367d531,test
3687,component-fb5fe33d6f8d24cb,e16fa97e33ba606da9723572e36e072a,test
3688,component-4cc072816fd7c3b8,be838a93179309be9091e57ba80137db,excluded_test_writer
3689,component-cee94ac31aa2c2f2,953a14f5d241b12dc3c0721c05d87026,train
3690,component-bca810d52efd658a,6c6e11b590bc30c0655d106008bc2cb0,excluded_test_duplicate
3691,component-486fcacacb5ac20e,904247cc71ac2a29ccd042fed317051c,train
3694,component-9e6b9fa6eb2743a0,8e8334b3b8232a6feb1cd72f5935cb2c,excluded_test_writer
3695,component-cdad299fa0391811,4cf916a427fb4f70f0f2d7297308285a,excluded_test_writer
3697,component-72abacb094771a0a,a1b0856e7b568c348d3641fec178f7f3,test
3698,component-770c3cbf77615a1d,e5fc029ea05ce6eff1d0feb3f41f802c,train
3699,component-747e80721ad00db3,b54c99b125f75083765440a9aa38e91e,train
37,component-2542a5a582383e06,62b7d439f290de1db0295d6a70262065,excluded_test_writer
3700,component-7a00c776e0af1135,8a84e85e53383084bae1de0835dd4ae0,train
3701,component-21872bbd9f73229a,1f787f0e33f5e4f90bb0146214d09d89,test
3702,component-998c225a0b7bc4a5,95609609e5f88c4be142505806df6683,train
3703,component-8fbd1be8db88aa70,64dc70b1226147d6af171f9040393c1f,train
3704,component-f12c70c1cdb1ce6b,d51550ee0188773e09945240995e0a11,test
3705,component-1c8f3fed73367972,9db630844b3a38b2330fd4a010cbe3fd,excluded_test_writer
3706,component-7af919df0d6f22df,1d1c3f3353981109bc0263dc8455e2bc,test
3707,component-92e83f839fb4f758,77530d0647551171bebad1eee2a6ad5a,train
3708,component-aaf68675c4bea560,c058b823df2d0ba594f6719ce1992542,test
3709,component-ace104f589733dc0,9543238c92e2ea0cd7b304e61800fb6d,test
371,component-2a1a0e9629c0f70b,7db9b98cefdbc843f04c6af91555c8ed,train
3710,component-ec995be98212e07c,990a6823e96f84580f55412ceba84030,test
3711,component-4507c528f7bcb76b,918798c6920d19e67c74c5cd63bb44f8,excluded_test_writer
3712,component-840621f4c19b078d,256f9623142a836ab2375b1c292e4195,test
3713,component-21e40cf5f737ac89,35329ebc672688e893691f04f2fb2cde,excluded_test_duplicate
3714,component-b32d8f5bfd086a5c,a36d0c9b13fd522fbfcd8ce8587fd144,train
3717,component-bca810d52efd658a,6c6e11b590bc30c0655d106008bc2cb0,excluded_test_duplicate
3718,component-fb5fe33d6f8d24cb,e16fa97e33ba606da9723572e36e072a,excluded_test_writer
3719,component-77c8baf597a8e0a2,1f34c66b37837e4ccc038f6245c0c133,train
372,component-d7c697e2a4f55291,ce688c41af9994a1b1e796e2991109d9,train
3720,component-e300509dda44eacd,b666259a9ecad9c35666f1c20d6ff016,train
3722,component-747e80721ad00db3,b54c99b125f75083765440a9aa38e91e,train
3724,component-0c68ea7495e3af75,a23d54e0725738a1105cdd7161e499b1,train
3725,component-96d57cfd0c9b9675,0fd4ac8303bf7f133df00bde32bf7eb6,test
3726,component-66c2d265640dfd6d,5256fa39a161999c15097bc72e35c63b,test
3727,component-0051c4a05b585d74,4d82215ac84dc6962609bce7dde2ab5e,excluded_test_writer
3728,component-f0a45ad3061732ba,31a243dfd89737490e25545aa6240d74,excluded_test_writer
3732,component-1db2269b74d1467a,59b7f95782b58651aff070de96a20167,train
3733,component-d6c29d5bb1162b7b,7069e66063226ff50087982c7607fa2e,test
3734,component-012441a9c3816343,db42613bac99c60e14c337e848846f7e,test
3735,component-348788a90a53a14b,c7644636064f41de40397e04e6e0b4be,excluded_test_writer
3737,component-f021014960c5f61b,a8a9d64618129b6a9b783c312b42b049,test
374,component-88a5dbd42596fe22,d21853a98ab1f510c35880b76d670d35,excluded_test_writer
3740,component-30e2fdaa7748f8af,c2155904a669447cac54421a82a8a5de,train
3741,component-66d0af18b66f5630,75fefb58781389d0e7b04fbcabe122c6,train
3742,component-4ad6f8b9de6e2af0,9c63d643a2337f34ef45e442786aea86,excluded_test_writer
3743,component-c94b98f609241fd9,63e980c4ec3e1fd34c72fb9c410cd350,train
3744,component-b32d8f5bfd086a5c,a36d0c9b13fd522fbfcd8ce8587fd144,train
3745,component-342ec3b3bd5c5a51,2c0dcf6ab7c40921f0150f31ce6f5182,excluded_test_writer
3746,component-2358a16af9f6bd7c,5c7ba4c1049e405c04774d0a8e06774c,train
3748,component-36af6a8145fe16fe,270f3d4ebec20fcc04550a4f3e47e82c,test
3749,component-40e36c5ed6fd57d4,75120f03a6e9a13e0f9a98684618ca13,excluded_test_writer
375,component-7569b2da161b6acd,c280579001b6e82d8ab255837720776e,train
3750,component-7a1aa32766edc287,d8bee2acb2c21ccac0330b0bef7b721b,excluded_test_duplicate
3751,component-ddf7607c2a706bd1,9e9fc44150f6cf00e94124c94ebe5151,train
3752,component-bc20a2aa08022b0a,acbf90525c47a4ff5ff98029e20c38a4,train
3754,component-cee94ac31aa2c2f2,953a14f5d241b12dc3c0721c05d87026,train
3755,component-747e80721ad00db3,b54c99b125f75083765440a9aa38e91e,train
3756,component-38bed887fe286a16,4b4d927b8db69b7c284b8abda631b0fd,excluded_test_writer
3757,component-ae2f5ece6ee979a5,ec0cc2abe3052fcbf7beef3ce7d002ab,excluded_test_writer
3758,component-e300509dda44eacd,b666259a9ecad9c35666f1c20d6ff016,train
376,component-376929b30b3fbe3f,4afd33581c8f9cd45247505e03b2eb2b,train
3760,component-b1615391d1fb101f,ac6a4e91d29b7f329db3f3f2c1d56a01,excluded_test_writer
3761,component-6fea85187c6a8928,e6eb05bff93b643ee4d1a94be7a6c648,excluded_test_writer
3763,component-4e83352499c233bc,9b74e270dbd0155cadaaa19c8b99b44b,train
3764,component-086d7b05f45a7ae7,33d817e01706c19e3f4688597ef020b3,train
3766,component-0c68ea7495e3af75,a23d54e0725738a1105cdd7161e499b1,train
3767,component-6938d183432da8ae,5798f3cbeb2beed81f1426c7fc8dc59c,train
3768,component-5d46b485417106f5,d3913f295c8ffcebdef3e667d5bbbeaf,train
3769,component-37f1bc7aa4901ec2,70156a26f765ebf26e0089b01b76089c,excluded_test_writer
377,component-7f4d5aaa9cbaf434,1f34dc9886091167ffc17d0482b49675,excluded_test_writer
3770,component-c46b6aa724a2ce00,955963907341fb3b98e54785f71c9843,train
3771,component-4504b1a16ce125c1,91bcacffd81fc71a82677fa52b572e77,train
3773,component-3ca74779bdf0f0ba,b33cb65d7be029c7e95444af944ec638,test
3774,component-471f6696aa8dc9a8,4cd83c61495521cce50246c680de7775,train
3775,component-b32d8f5bfd086a5c,a36d0c9b13fd522fbfcd8ce8587fd144,train
3776,component-4c765584f678fee2,2f75935a85adf049bf05a0a65b9d3201,train
3777,component-81382f2e2c1f0a85,80d0da88b815fa371376a13c56be158b,excluded_test_writer
3778,component-61761f9420088c4a,a7722b7f8213371b3249419c3a245362,excluded_test_writer
3779,component-40e36c5ed6fd57d4,75120f03a6e9a13e0f9a98684618ca13,test
378,component-21ef779311a43f0e,dae593682d1bcfeba08fd58a4b2d12be,test
3780,component-39e04ba0aac65125,e711b9d81794465540c96dd623aaf396,train
3781,component-ab6230d33548acf9,6d63c155ea9fb47807fbe70db367d531,excluded_test_writer
3784,component-7a1aa32766edc287,d8bee2acb2c21ccac0330b0bef7b721b,excluded_test_duplicate
3785,component-8d51cdc751a10015,d7a91519f90cf0516f1fb288a4e63730,excluded_test_writer
3786,component-cee94ac31aa2c2f2,953a14f5d241b12dc3c0721c05d87026,train
3787,component-fe56b24f16b58c70,1975d90c273ac606fa95dfdc3f648b1c,train
3788,component-486fcacacb5ac20e,904247cc71ac2a29ccd042fed317051c,train
3789,component-ae2f5ece6ee979a5,ec0cc2abe3052fcbf7beef3ce7d002ab,excluded_test_writer
379,component-64c212df34c66e6f,af7a09de7e737368a28fe0125cd1bb2d,train
3790,component-342ec3b3bd5c5a51,2c0dcf6ab7c40921f0150f31ce6f5182,excluded_test_writer
3791,component-1f62acc0b8d0e8e3,c77d357b388385fd0150481f1703ace8,excluded_test_writer
3792,component-cdad299fa0391811,4cf916a427fb4f70f0f2d7297308285a,excluded_test_writer
3793,component-c9857cd0953bd638,77efc6776f7a210ad01d8785ef96c20f,train
3794,component-fb5fe33d6f8d24cb,e16fa97e33ba606da9723572e36e072a,excluded_test_writer
3795,component-77c8baf597a8e0a2,1f34c66b37837e4ccc038f6245c0c133,train
3796,component-744c6d31764ae527,21149172feef2cedb44d6ce23f050028,excluded_test_writer
3797,component-1c8f3fed73367972,9db630844b3a38b2330fd4a010cbe3fd,test
3799,component-376929b30b3fbe3f,4afd33581c8f9cd45247505e03b2eb2b,train
38,component-cc48054866ccc7e8,d5d9c28e872d69b953b60f1e793d7415,train
380,component-f65b467722f489e4,f05e045c8ed31280a52970d8ae8a0235,excluded_test_writer
3801,component-5d46b485417106f5,d3913f295c8ffcebdef3e667d5bbbeaf,train
3803,component-4ad6f8b9de6e2af0,9c63d643a2337f34ef45e442786aea86,excluded_test_writer
3804,component-c2bebd7cefa36811,3136ac6bff1ab827a48b9323b80c2c44,test
3805,component-7a1aa32766edc287,d8bee2acb2c21ccac0330b0bef7b721b,excluded_test_duplicate
3807,component-8a8f2ac537c779a6,5a2d760f53d03effa261871a992d8882,train
3808,component-bca810d52efd658a,6c6e11b590bc30c0655d106008bc2cb0,excluded_test_duplicate
3809,component-30c5bcf13841c163,475389b642e5532ddaf7f9fa06b72fa3,excluded_test_writer
381,component-36b2380ff6c0d550,1d1fe85f33ce84be14716ba3ca1d4341,test
3810,component-cee94ac31aa2c2f2,953a14f5d241b12dc3c0721c05d87026,train
3811,component-0b3f52674ba574ff,d425d3b4def164c7566dbe9e740ae260,test
3812,component-fb5fe33d6f8d24cb,e16fa97e33ba606da9723572e36e072a,excluded_test_writer
3813,component-96d57cfd0c9b9675,0fd4ac8303bf7f133df00bde32bf7eb6,excluded_test_writer
3814,component-21e40cf5f737ac89,35329ebc672688e893691f04f2fb2cde,excluded_test_duplicate
3815,component-747e80721ad00db3,b54c99b125f75083765440a9aa38e91e,train
3816,component-14cf3f00fb27765f,3e71c1cc7111b653dacc02cfd1cabb47,test
3817,component-c0a301e7c60d7b92,4e2648f22d278ef01a9a682893df7856,train
3818,component-0051c4a05b585d74,4d82215ac84dc6962609bce7dde2ab5e,excluded_test_writer
3819,component-482e17d3810fde18,338fa3ad51627a8783f81e6adbd0e855,test
382,component-f65ccfbfec288565,68419c60622ff630cb626e437b12bab7,test
3820,component-baff23a90e039f74,ed7a317055cd989955ef84228664cb44,train
3821,component-302ae8c8df68912a,12990b90fffe79aed07dd7117d76aba0,train
3822,component-4507c528f7bcb76b,918798c6920d19e67c74c5cd63bb44f8,excluded_test_writer
3823,component-7f4d5aaa9cbaf434,1f34dc9886091167ffc17d0482b49675,excluded_test_writer
3824,component-361a2ba4793a6e15,b6c77befeffc6c2f7473b45789d2f2fc,train
3826,component-348788a90a53a14b,c7644636064f41de40397e04e6e0b4be,excluded_test_writer
3827,component-4a329fc50a3fa497,b1616f572a184173b8f7cd7b6e0583c5,test
3828,component-1f2635a5437efb4f,b41415d7e4bafb48728410265c843acd,train
3829,component-a982aa9a0950c3e5,a9a8c2de70fcfd9981709404bd1b527a,excluded_test_writer
383,component-48b361d46638bfa4,799405a6b6883119f0f27d4a2bda971d,train
3830,component-c096d44ca5d254a4,a3ead00ed6f06cf68ac6a268281ef243,test
3832,component-342ec3b3bd5c5a51,2c0dcf6ab7c40921f0150f31ce6f5182,excluded_test_writer
3833,component-a7f0eabbd0d45b5a,8bdc2d55bec27ffd4d557987a1140d44,test
3834,component-880663d7b132b017,af78e4c65e499777d22103159e58380c,excluded_test_writer
3835,component-cee94ac31aa2c2f2,953a14f5d241b12dc3c0721c05d87026,train
3836,component-b1615391d1fb101f,ac6a4e91d29b7f329db3f3f2c1d56a01,test
3837,component-bca810d52efd658a,6c6e11b590bc30c0655d106008bc2cb0,excluded_test_duplicate
3838,component-30c5bcf13841c163,475389b642e5532ddaf7f9fa06b72fa3,excluded_test_writer
3839,component-747e80721ad00db3,b54c99b125f75083765440a9aa38e91e,train
384,component-37b73510175057c6,05162911284f2d72bac184dd0c9b57e1,train
3840,component-b63f7ef9ceea7133,85c92d61e2a959e80696cb20cc93e434,excluded_test_writer
3841,component-0c68ea7495e3af75,a23d54e0725738a1105cdd7161e499b1,train
3842,component-21e40cf5f737ac89,35329ebc672688e893691f04f2fb2cde,excluded_test_duplicate
3843,component-6c755141eafe7b67,5851f856cc4711d06cdf0215b39f06b8,excluded_test_writer
3844,component-6e6f5157195ccb41,a3c17def286f05ae71c49a47dcf0f146,excluded_test_writer
3845,component-4b923f871476df9f,5f7ec1be3f45f8512e0ecac0295d5b61,train
3846,component-5d46b485417106f5,d3913f295c8ffcebdef3e667d5bbbeaf,train
3847,component-414dc7a015d6bc58,198a791caca607c9c4b5bb7da2bd7f46,train
3848,component-ae6ce4a7288056e4,9cc6531f55e72eb5566573635db5b310,train
3849,component-2e3ed35f801fbf17,f2d92951a76c90c08923ff11738b40de,train
385,component-131b0c35e2d7edef,afdce9dc9492d397610e91cb74d8dca6,train
3850,component-756a6524cdb2d4ea,d4a573ba03d78407fc5815a5355b58b0,test
3852,component-6c80d62adb987e5e,8f3b678bcdf5c11fa518f857bab26613,train
3853,component-c46b6aa724a2ce00,955963907341fb3b98e54785f71c9843,train
3854,component-1a363478b7ca07c8,e8d39af016c644d6b71f2418ad5f9d65,train
3857,component-348788a90a53a14b,c7644636064f41de40397e04e6e0b4be,test
3859,component-2fb3a343d055cb3a,16a19cfb9689e316964d28efe8f9f283,test
386,component-89cb186b8b3c6d21,4b9d4ae7e399fbf203de775cab342135,train
3860,component-b32d8f5bfd086a5c,a36d0c9b13fd522fbfcd8ce8587fd144,train
3862,component-471f6696aa8dc9a8,4cd83c61495521cce50246c680de7775,train
3863,component-9699eafa4631f54d,1a7a889d7acdeaa79db9f740c3c18028,excluded_test_writer
3864,component-3eaeaacc5acf161a,0d69def37fecc0210469aa08d6fc7a89,test
3865,component-342ec3b3bd5c5a51,2c0dcf6ab7c40921f0150f31ce6f5182,excluded_test_writer
3866,component-e41e141d6715f7ad,0fd18794c0d66bee87d07ea076ea77cd,test
3867,component-ae9ff8bde3d6a681,bb46ac8766b986c34e28e966c52152be,excluded_test_writer
3868,component-2a2005a19dd5b0c0,65d198f46cb2987870b3c812b1215f77,test
3869,component-83cbe01f5db4a29c,b8739c7574a9b2eb73667690d79c2c67,train
387,component-25dac95b8f595046,61a5a00396bcf2496532f063af217ba7,test
3870,component-cee94ac31aa2c2f2,953a14f5d241b12dc3c0721c05d87026,train
3871,component-0c68ea7495e3af75,a23d54e0725738a1105cdd7161e499b1,train
3872,component-747e80721ad00db3,b54c99b125f75083765440a9aa38e91e,train
3873,component-dc57c1fc055e30ee,aec41bb370485e144fe2895b079d62d3,test
3874,component-744c6d31764ae527,21149172feef2cedb44d6ce23f050028,excluded_test_writer
3875,component-c31e589ace36ee9c,7ce0499d14d868287e32d12e6677ed10,train
3876,component-4e83352499c233bc,9b74e270dbd0155cadaaa19c8b99b44b,train
3877,component-7f4d5aaa9cbaf434,1f34dc9886091167ffc17d0482b49675,excluded_test_writer
3879,component-cbcf6b4a0dccea28,21e4892af78b1a916f14c855a6473d58,train
388,component-ab5e292db6495899,f1dcee06d6fc380bd837d64263cacf2d,train
3880,component-c73e18520eaa3b4c,5d120e79aa3fe2b611c23008209b0ba2,train
3881,component-91bedd5f86fc852f,fe9a35bb16e51a399f38093c351471cd,excluded_test_writer
3882,component-d9caf069690eef9a,b562dbc1f17ef6d3a38de55e078bfe50,test
3883,component-5d46b485417106f5,d3913f295c8ffcebdef3e667d5bbbeaf,train
3884,component-b023673aa0a8e809,1ccf016c08865d974a5e65100cbda8b2,test
3885,component-8f1d857513c617aa,476983dc33aa1daf61e64a601ec4d3ca,train
3886,component-5bba8f46cdedf6b4,316fa305077c93aabe7b72f05b9ba95b,train
3887,component-2f9fdc64dc673132,5fdad8a083ed83e130ecf4e7f0d2d0f4,test
3888,component-b32d8f5bfd086a5c,a36d0c9b13fd522fbfcd8ce8587fd144,train
3889,component-4c765584f678fee2,2f75935a85adf049bf05a0a65b9d3201,train
389,component-2b872ce5ec01da3e,98421aa7893a4da72895be81b560213d,train
3890,component-81382f2e2c1f0a85,80d0da88b815fa371376a13c56be158b,test
3891,component-39e04ba0aac65125,e711b9d81794465540c96dd623aaf396,train
3892,component-8a8f2ac537c779a6,5a2d760f53d03effa261871a992d8882,train
3893,component-31398568423ea8e2,301c4dc0758718cf8758792414529ab5,test
3895,component-1f62acc0b8d0e8e3,c77d357b388385fd0150481f1703ace8,excluded_test_writer
3896,component-486fcacacb5ac20e,904247cc71ac2a29ccd042fed317051c,train
3897,component-181a1063a7b7597a,f3183a181b4339eb0fc6bb0ccf01faf9,excluded_test_duplicate
3898,component-7f80e6caa06901e1,625608771cee39806f978b650d49be64,train
3899,component-9e6b9fa6eb2743a0,8e8334b3b8232a6feb1cd72f5935cb2c,excluded_test_writer
39,component-519ef307cf7b7e30,27546657bcdd0b4631395177f1b0ed47,test
3900,component-96d57cfd0c9b9675,0fd4ac8303bf7f133df00bde32bf7eb6,excluded_test_writer
3902,component-342ec3b3bd5c5a51,2c0dcf6ab7c40921f0150f31ce6f5182,excluded_test_writer
3903,component-21e40cf5f737ac89,35329ebc672688e893691f04f2fb2cde,excluded_test_duplicate
3904,component-ae2f5ece6ee979a5,ec0cc2abe3052fcbf7beef3ce7d002ab,excluded_test_writer
3905,component-c0a301e7c60d7b92,4e2648f22d278ef01a9a682893df7856,train
3906,component-840621f4c19b078d,256f9623142a836ab2375b1c292e4195,excluded_test_writer
3910,component-5a3aa131c5364027,10bbba2a38164cfd6f71a5cd7a4cddb4,excluded_test_writer
3911,component-fb5fe33d6f8d24cb,e16fa97e33ba606da9723572e36e072a,excluded_test_writer
3912,component-37f1bc7aa4901ec2,70156a26f765ebf26e0089b01b76089c,excluded_test_writer
3913,component-0b3f52674ba574ff,d425d3b4def164c7566dbe9e740ae260,excluded_test_writer
3914,component-7f909f8c361b6b61,86c21ae730b8423031b5286b7dad0c5d,excluded_test_duplicate
3915,component-baff23a90e039f74,ed7a317055cd989955ef84228664cb44,train
3916,component-43013b656f6d3d86,26b48660443a492f76a7f1842d447822,excluded_test_writer
3918,component-342ec3b3bd5c5a51,2c0dcf6ab7c40921f0150f31ce6f5182,excluded_test_writer
3919,component-defaef0cc4def073,e93a3decf6ea38c7f8b332b75503149b,test
392,component-14cafa0d26c929e2,6e8d719f3a5b61b620267a82f9788663,train
3920,component-012441a9c3816343,db42613bac99c60e14c337e848846f7e,excluded_test_writer
3922,component-8d7df010318e9073,6770b7b28fb532a9c3927793876e8013,train
3923,component-861b872eae8f0998,c1b003a4a1886553385fe86cf886d32f,test
3924,component-68d1bf5ebb2ae4c6,f2e08afcdffaee18ea58a879b0242576,train
3925,component-c6c67845a19892eb,5f77695c4fe30b9924f6b66b14814647,train
3926,component-a982aa9a0950c3e5,a9a8c2de70fcfd9981709404bd1b527a,test
3927,component-a09298272ebb68bb,79088521ba0f8893e257d0abcf4f4552,train
3928,component-42fc7cba3524f343,414933879798d98b041c76d0f2a95d7e,train
393,component-e1d6899b8fc84199,02a20905af388a1319c2c8a7a6cad5b8,test
3930,component-414dc7a015d6bc58,198a791caca607c9c4b5bb7da2bd7f46,train
3932,component-c0cee8a63fd1b0d1,18d6da91e10697b3ec732d56bd68fd8d,excluded_test_writer
3933,component-b3119b7d9c76fa0d,e8416a09fa79f9d18b4505eac18279d5,train
3934,component-564fcde015888fdc,efa8b3a5e362640649324da4bcdd7469,test
3935,component-4701e8f8a75d439e,79c042ecd443a4390992a85e9d2c2480,train
3936,component-9cfc3099e52f8b31,698435d43e44a1dea285c502ad191449,test
3937,component-6e6f5157195ccb41,a3c17def286f05ae71c49a47dcf0f146,test
3938,component-a8c14fa52943719a,637104db7200547c43914b47ba7de345,train
3939,component-30c5bcf13841c163,475389b642e5532ddaf7f9fa06b72fa3,excluded_test_writer
394,component-513b257cbaa94031,d7aacc4c77407217837b6a409d3fe3e8,excluded_test_writer
3940,component-eb8d5bc3554e7390,3b2476c0d3a6085eecde12b4e01a53ce,train
3941,component-baff23a90e039f74,ed7a317055cd989955ef84228664cb44,train
3942,component-7c2355534ecc3a59,3a8ebf96bbff5e2c3467e635f6394225,test
3944,component-63d5537f693522a8,12699782791b5b35d015ed67656517c9,test
3945,component-361a2ba4793a6e15,b6c77befeffc6c2f7473b45789d2f2fc,train
3946,component-a2dead73a84cae82,556cbab391837b35e3db80610718df53,train
3947,component-30c5bcf13841c163,475389b642e5532ddaf7f9fa06b72fa3,excluded_test_writer
3948,component-24a47a476d5cbb0d,e58601efb669db0301e97138cc41bb71,test
3949,component-1f2635a5437efb4f,b41415d7e4bafb48728410265c843acd,train
395,component-a3af7b3808c4cf72,a7fd60506db1a5115ff6f103849c58ee,train
3950,component-012441a9c3816343,db42613bac99c60e14c337e848846f7e,excluded_test_writer
3951,component-747e80721ad00db3,b54c99b125f75083765440a9aa38e91e,train
3952,component-bca810d52efd658a,6c6e11b590bc30c0655d106008bc2cb0,excluded_test_duplicate
3953,component-482e17d3810fde18,338fa3ad51627a8783f81e6adbd0e855,excluded_test_writer
3954,component-37f1bc7aa4901ec2,70156a26f765ebf26e0089b01b76089c,excluded_test_writer
3955,component-afe346e269a27f1b,cc22064d0f2e9dc107b71f128d12132f,excluded_test_writer
3956,component-22c7f088de0b7be3,0d300441f4bccbf79601c44298c8534d,train
3957,component-3bd567171df5c1dd,51abdeb1c17521adf150cafc0fb8903a,train
3958,component-30f2ff8fe7ef50a9,1c22eb9ac3587afa26de83acc19b5772,excluded_test_writer
3959,component-21e40cf5f737ac89,35329ebc672688e893691f04f2fb2cde,excluded_test_duplicate
396,component-3c1b7053f0edd447,4ec69d69ba8b502328d569f2f1160848,train
3960,component-5d46b485417106f5,d3913f295c8ffcebdef3e667d5bbbeaf,train
3961,component-927b0acb3abc859b,362250067389e8225afe64e7d829734d,train
3964,component-ac216dbb3b7e01be,7ee2de3076a65bbe1a98a23ad35bb706,test
3965,component-f84cc7ceb2f8ae46,a68fe5dd5491a8e5c563291e0ee30617,train
3966,component-e41bb15d9efcd5aa,a80bd0f77baa316c49b865da5b963922,test
3967,component-4ad6f8b9de6e2af0,9c63d643a2337f34ef45e442786aea86,excluded_test_writer
3968,component-dac455b49f7330b2,1887a80c06f0da250160b8fcffca50ac,train
3969,component-ccc23cd3f865ec9f,6208adbd6814fafd6f90b440a8cc6fb7,test
3970,component-838d45075fa24868,bc1ec245e40632a2789fb09f05f7e608,train
3971,component-a3398cfb17ecf4fb,a18e611983eb5ee66f9d4abfd0f1def5,train
3972,component-0a2b7b91094ef456,c90357d94c1520bc121a94cdbe43dd93,excluded_test_writer
3973,component-979d26d3a739d909,80b01fd16d746b85f2102a15b39d6025,test
3975,component-07c6ed68310c011f,37f80ae3edd7b808761aef4466758daf,test
3976,component-9699eafa4631f54d,1a7a889d7acdeaa79db9f740c3c18028,excluded_test_writer
3977,component-b32d8f5bfd086a5c,a36d0c9b13fd522fbfcd8ce8587fd144,train
3978,component-f46b6280b22cfdd4,b016510441420e64fd873d6a79cbe44e,train
3979,component-342ec3b3bd5c5a51,2c0dcf6ab7c40921f0150f31ce6f5182,excluded_test_writer
398,component-245e004c2c79d56b,7232fdf6568eeae9386dc7e94e097233,train
3980,component-7a1aa32766edc287,d8bee2acb2c21ccac0330b0bef7b721b,excluded_test_duplicate
3981,component-61761f9420088c4a,a7722b7f8213371b3249419c3a245362,excluded_test_writer
3982,component-fe56b24f16b58c70,1975d90c273ac606fa95dfdc3f648b1c,train
3983,component-744c6d31764ae527,21149172feef2cedb44d6ce23f050028,test
3984,component-4507c528f7bcb76b,918798c6920d19e67c74c5cd63bb44f8,excluded_test_writer
3985,component-b4e332c8047ed103,6171768284d5038f8b9c2026f695d43a,train
3986,component-0c68ea7495e3af75,a23d54e0725738a1105cdd7161e499b1,train
3987,component-37f1bc7aa4901ec2,70156a26f765ebf26e0089b01b76089c,excluded_test_writer
3988,component-42748090b27a0f9d,255e9414afca4d8219d1079a138a19d7,excluded_test_writer
399,component-0f78540965a86402,5759d24a9ea77d492f7ea1da175c3f20,test
3991,component-6fea85187c6a8928,e6eb05bff93b643ee4d1a94be7a6c648,test
3992,component-6999a50737c95f67,737684e5c8756849c4caf4dc75bc72d0,excluded_test_writer
3993,component-b1ba03e17d6a0d5b,b8a82be7cead5c96d906e7fb210eb77f,train
3994,component-45527596d2b236dc,96fd862632f180eb9e954699301406fb,train
3995,component-5d46b485417106f5,d3913f295c8ffcebdef3e667d5bbbeaf,train
3997,component-c73e18520eaa3b4c,5d120e79aa3fe2b611c23008209b0ba2,train
3998,component-596072438649e76f,8c39bf80f05dfc165e9963c68813ae77,test
3999,component-4504b1a16ce125c1,91bcacffd81fc71a82677fa52b572e77,train
40,component-8421c658f714183d,0890832440755d905efb15aaf3b4d072,train
41,component-3d914f9348c9cc0f,1a7e35225869c4ecf78380fc758cf1de,train
410,component-612111a352a571cb,dbc18d4796ac193330a9f60b00ab0127,test
41000,component-52c920b3646c43a0,d938c9c41ca3be5e56e29bdfbc9dc29f,train
41001,component-6ca11a1c33928ec0,f4878d85362bd80fed048c0e80b5059f,excluded_test_writer
41003,component-bca810d52efd658a,6c6e11b590bc30c0655d106008bc2cb0,excluded_test_duplicate
41004,component-f1e597d042d45dfe,14ef2feddc450b804262c7c44470f69b,excluded_test_writer
41006,component-b6f535b24402e79e,7a58476569647e0f68445641ace26af2,test
41007,component-43d1c17d2ab607ca,05fd528c954fe19225979a074367085f,test
41008,component-b560cc23e265ac39,996647b621773936eae8185ba98218eb,train
41009,component-17898d8d09b38b0d,824207123b7a0659d765c20454586d83,excluded_test_writer
4101,component-c468e2f4525fe644,aaa4210ea2d03a51e9694e4ebcb8870b,train
41010,component-50ab9313158c8213,004c4f6a6aada43370aa40650db0415a,excluded_test_writer
41012,component-bca810d52efd658a,6c6e11b590bc30c0655d106008bc2cb0,excluded_test_duplicate
41013,component-6ca11a1c33928ec0,f4878d85362bd80fed048c0e80b5059f,test
41015,component-f5fef3202de6e80c,76ddb9a0e1e4f23bb4e9b0e3d5659a54,train
41016,component-e03d10014c7247ff,c39597bb90b407c47e1e83373b16fcbe,train
41017,component-364d92b1ccc9d78d,0c6aa6fdebac70b4ff1cfb362768f790,test
41018,component-552f4faabc0578cd,d0cb3a1f0a5621ba48886bfc3b56de18,test
41019,component-d0e4378fd3fb7b35,9e92c09bad62c5db783ee889d7a685e0,excluded_test_writer
4102,component-b59f9559b571fc49,70a45d14a025014d69c48954f8a50bbf,excluded_test_writer
41020,component-7325c3de81fb56a6,d78125ac7d7100554426602c191efa8b,test
41021,component-584de47e33a1e61a,cd23a4feab2d0a07ff3da24e3b410d08,excluded_test_writer
41022,component-123530e3c1666faf,ed0af8a183acb7f8cc9b80d751c7e581,train
41023,component-17898d8d09b38b0d,824207123b7a0659d765c20454586d83,test
41024,component-62019da2f8393344,499ad61db0363eed4f2511f6963a8f60,excluded_test_writer
41026,component-7966864a1beb8c35,17143c1175d05f038e067e1fca757fa6,train
41028,component-b66cc90a512fa6d1,bfa64fe072514594903697316a60f676,train
41029,component-d162995be539b8db,3fe76f8ee9d1d69a18b3ae8a8f8c7d23,train
41030,component-d1e6fceea63637db,fa7a9d4669871249dfc42fc131857b51,train
41031,component-024c1f7cf4bb7a73,51e0d7c1c250f9d59ee8417cded48c6c,excluded_test_writer
41032,component-6841e4817308e3c7,1992865c4025f049908ecfb90c379f57,excluded_test_writer
41034,component-6af0c47f5c99860e,8e2f5cd15cda37395635b35781a3f07f,excluded_test_writer
41035,component-52c920b3646c43a0,d938c9c41ca3be5e56e29bdfbc9dc29f,train
4104,component-64417d6aaaab2f4b,32b2d89d9cd9c8036e6f530ed07523a2,train
41040,component-0feb1fc475480e44,0b6fcddc956c228f0a35fdce540adcd6,train
41041,component-87ef7a126f950815,ebba7f6fa7c92db18ea3d4bd5186adb9,train
41042,component-3936297a60796ee8,ccc8918fc6f2bc6d2dbe462337d150fa,excluded_test_writer
41044,component-e93101b282ebacf4,ed3a797dc5ca4ffae93cc63a79b07654,train
41045,component-e5d23408ebfb05b1,fa6d3d2f11f5f0c536b2fc0708266458,test
41046,component-dde5c70ecf37c76d,b76fb58f70ca27b99a91791d37ca7aec,train
41047,component-c9126f7ed4845de8,e44f5159a5db69c1e7bede6d27805fe0,train
41048,component-7f9aefbbf6f89e07,5fc01f318e7967cd9ab6add96eae1368,train
41049,component-4a3cf708cb9a35ee,d233dc8f06512ffc4db2c594a600312d,test
4105,component-4cf2706e09bee5f4,c9811aa06db3812a84d9e3892777a52f,train
41050,component-87ba816051d21db2,f48fa82bef34b65c6a697543082ae7fa,train
41051,component-6777772cd815e0a8,ef0a8b92c9ce18ea6282e12620ad5adf,test
41052,component-5603e9983b780c8b,76a9f0f03d16ab7ca003f8e083ea7795,test
41053,component-c6e5a7dad0833b78,a5ff5d998a8665d6971f2641df1ebcea,excluded_test_writer
41054,component-7d8429b386c84c30,a58f95b5afd380c122fcfaf889f2ffda,excluded_test_writer
41055,component-26ab916907af1f7c,155102d7ed2b054b51d8707b93f9a127,excluded_test_writer
41056,component-a3ac7941e2075791,2606bcbe3565f6d0fadfa31ac6ef7d31,excluded_test_writer
41057,component-56f66dd499af02b7,2bb0b2dc21ebcd1255f295143e524967,excluded_test_writer
41058,component-a5db10366553ef58,a4a64918c8d7eed4c1e0ccd1f98e4698,test
41059,component-195b3b3199352b9d,08b6ee3a8bbb21c6032fece716abfd48,excluded_test_writer
4106,component-21ab2aa8881e2121,eb1394dd5d20125ff509519ff7f1bd10,excluded_test_writer
41060,component-8d9b87fab501e426,a94006237e7bae02cebc85f1e9d49c67,excluded_test_writer
41061,component-adbe6a8ea6451186,44610544192cb995098647426930f528,train
41062,component-639553348ad68490,dca29c5e9bb9803a72fe9994608d28b3,excluded_test_writer
41063,component-87ef7a126f950815,ebba7f6fa7c92db18ea3d4bd5186adb9,train
41064,component-49c831988b883c9e,33dd218f1293427dd5035d4fd3c7048c,train
41066,component-f5fef3202de6e80c,76ddb9a0e1e4f23bb4e9b0e3d5659a54,train
41067,component-dafe6eb3fd906a45,36e3604314b3124f4fae5497ee8d5c78,train
41068,component-0bc5bf134d0e391d,463fd765c849f1b4a95ecadd6ea64d27,train
41069,component-8318152ea025755a,7e7dc4499fa555ceafe948193258df31,excluded_test_writer
4107,component-c0ea8310bcf96a71,1c6a8eb893404edeb58981b5f8b084bb,train
41070,component-e28a0000d7ee91f1,91f5f6bb0da457d658faa834814e812b,train
41071,component-ee2e52cd9b46700e,b59a194da64d8f3ee0fd99387f91d120,train
41072,component-5736b9db038d175f,95de5ea3f15ceb8e91765111fe30dba4,train
41073,component-17005581644c446c,96501d9dc125ba2ec54954cd909cac19,excluded_test_writer
41075,component-743d8f18088bc125,68420290d6e5b0f79da491c1d3fd0e30,excluded_test_writer
41076,component-f5fef3202de6e80c,76ddb9a0e1e4f23bb4e9b0e3d5659a54,train
41077,component-195b3b3199352b9d,08b6ee3a8bbb21c6032fece716abfd48,excluded_test_writer
41078,component-639553348ad68490,dca29c5e9bb9803a72fe9994608d28b3,excluded_test_writer
41079,component-25706bada8a27ee6,50c120b263649754501c0d887e0c8ce2,train
41080,component-f3edd7dd77c49b26,acf7bcfd8901c41ebc61560068effc88,train
41081,component-45703ad629daebc4,80fe49796db51055a4632bd9fb511f98,train
41082,component-f1feea9dd4968bfd,be9308aa3fc8794c17b2372c9bd1c48d,test
41083,component-5a6bc085c6d156f3,69b274a6a80ef9e0ab23c244d1c2c22f,train
41084,component-8318152ea025755a,7e7dc4499fa555ceafe948193258df31,excluded_test_writer
41085,component-e03d10014c7247ff,c39597bb90b407c47e1e83373b16fcbe,train
41086,component-5afa5ad0b6f23fc5,0bce03502af3218deeccb9059c550daa,train
41087,component-4d1bed8fa4be4e9f,6cf3bc8000adc283c232147b322cd076,excluded_test_writer
41088,component-90c8ece4f286e3ee,6a5ced3b7a8f40c8fbe0a65328113ee6,train
41089,component-ab6c0355878a6137,31d6c5d16d4cfca70d20db2ee4caa7b8,train
41090,component-99bdf289118341a9,8b8bffee163dd1d0f14749f64a385090,excluded_test_writer
41091,component-679db1eecddda202,4364de54dae7dd36a99f4b231c5f8a6b,train
41093,component-0bb6309f4b0c4897,f7a7ff103eb75f0ef7b4d053a2115aef,train
41094,component-024c1f7cf4bb7a73,51e0d7c1c250f9d59ee8417cded48c6c,excluded_test_writer
41095,component-8ddbba07702320ec,9b2a3a84bdc4c43a8b0078dbbb93d90c,train
41097,component-5eb1d9910d4fd579,85d200070f3c79eb7c81515e6707b3ad,test
41098,component-b560cc23e265ac39,996647b621773936eae8185ba98218eb,train
41099,component-a3ac7941e2075791,2606bcbe3565f6d0fadfa31ac6ef7d31,excluded_test_writer
4110,component-cd63f134867d6101,5324a621b5521ec98a35b770c383461c,excluded_test_writer
41100,component-195b3b3199352b9d,08b6ee3a8bbb21c6032fece716abfd48,excluded_test_writer
41101,component-3492c8caecaacbb7,5a048dd797c1fa19347714cad356a282,excluded_test_writer
41102,component-f41875d8ed4999ae,296c55a7afa8004543fe1b6d2f63ed00,test
41103,component-89d64016e6abc851,8c61655d176dd68bd598e90f0ac533c8,excluded_test_writer
41104,component-f5fef3202de6e80c,76ddb9a0e1e4f23bb4e9b0e3d5659a54,train
41105,component-17531878d1670ced,af4af94a6a5b138660090e177f073f0f,train
41107,component-6637645ab1748312,23ff7e7d8d255b418e966be2590b430c,train
41109,component-431fa2a42f808eac,1736a1e60b2dc54a832b1f7f7f265a89,test
41110,component-940b88c096963190,89571a55c88b97dc64fd6a85a4e60ad1,excluded_test_writer
41111,component-7127cbbd1b08ee3e,3a519dba1a7fb1c2c22292fed7efc767,test
41112,component-e56cd3db435b9987,2312d2d8829be52512e8206ba471aa3e,excluded_test_writer
41113,component-0450238a65c0f828,550c443415c3203dffb8798f9b400ba6,excluded_test_writer
41114,component-0bb6309f4b0c4897,f7a7ff103eb75f0ef7b4d053a2115aef,train
41115,component-147c6ee079588987,f9f5d01311e23769b4cacd22e498bfe8,train
41116,component-76e67a121213e1ac,1ae70ca62bcbcc0ef3d4eb3fc89fd0f0,train
41118,component-564343cd26bbb110,8630ca2b8f0d070072d9230513f47356,excluded_test_writer
41119,component-4a69427a8ce4180a,3ba3408d6bf9164d95311cfb97d25295,train
4112,component-024c1f7cf4bb7a73,51e0d7c1c250f9d59ee8417cded48c6c,excluded_test_writer
41120,component-ecb66097b67a04cb,6f294f7cbd08fc3c5d39858ff2af1fa6,excluded_test_writer
41121,component-992e50de7e616559,d2d3a4fd6baf8b213200270e5486f738,excluded_test_writer
41122,component-77a8eda208b6d787,64f22f46ad6bb37c00e71b74bb0e2b0c,train
41123,component-f46bf8ba66fe18d1,257318ce48008e4c0842b375467274a0,excluded_test_writer
41124,component-b509c8cfd97cd29c,4cb01f3e2c11abb6fdfcddc9cd2ca2d4,train
41125,component-eee4e521c756e10b,f7380cf5408c3330febecedbb32ed2a9,train
41126,component-9ba69e2367277951,ccc752921ca1df4b711524baf5b236b6,excluded_test_writer
41128,component-c940c17704d9c46f,8297d4a776345e142dc6b938bdbc25f2,test
41129,component-5a6bc085c6d156f3,69b274a6a80ef9e0ab23c244d1c2c22f,train
4113,component-71b3af35d9d53d24,3e8a2d29ae8a80d96e7c52b10d1703f2,train
41131,component-f511aa0455ff1f82,ceb6ca22ab78c4ae19b7aaa808d17d7f,train
41133,component-2612775eacdbf729,54aa1da7754327b37e3bb2b27592a54c,train
41136,component-fc1ec5385479c4d7,9cac81c549b8664828f91fd154e73cfa,train
41137,component-b5cff5a765a1bd5f,7208d1c4291aba55b130705eea05bb80,train
41138,component-64417d6aaaab2f4b,32b2d89d9cd9c8036e6f530ed07523a2,train
41139,component-f7114d1a419db356,82ba383f5e5958184b6bf32a3c010cd3,excluded_test_writer
4114,component-52c920b3646c43a0,d938c9c41ca3be5e56e29bdfbc9dc29f,train
41141,component-c0ea8310bcf96a71,1c6a8eb893404edeb58981b5f8b084bb,train
41142,component-a62f5afc49ae82d8,1143e571c7089330eeb4611bb2be8602,test
41143,component-482e17d3810fde18,dc0e2a54f200624f48c2677e59ac19da,excluded_test_duplicate
41144,component-bca810d52efd658a,2ba9c61e159782115ac217c3108bb024,excluded_test_duplicate
41145,component-3686e2f49254099e,055520be61515180d53ea1c91d8083f2,excluded_test_duplicate
41146,component-26fa2f813dbf46fa,9017bc8c4cec34f1aed5aedee2bbc9fa,excluded_test_writer
41147,component-b396a748cf4c4599,9f68596d028811239240237ec4877545,train
4115,component-b5cff5a765a1bd5f,7208d1c4291aba55b130705eea05bb80,train
41152,component-21ab2aa8881e2121,eb1394dd5d20125ff509519ff7f1bd10,excluded_test_writer
41154,component-e64340ffc2469eac,743b53b217ebed6313f3ae13c59bf032,train
41156,component-c0ea8310bcf96a71,1c6a8eb893404edeb58981b5f8b084bb,train
41159,component-26fa2f813dbf46fa,9017bc8c4cec34f1aed5aedee2bbc9fa,excluded_test_writer
4116,component-deab6652843e8518,8cffb0b29bdc89c7190141c2ab939ac4,excluded_test_writer
41160,component-2cc3d1749c6f11d8,1b68161f1d49dd516b0a97e6340032d7,train
41161,component-133a4e66a11d8d8d,388530ce0a122fbed145773701f3fa74,train
41162,component-dbd227389d130cb8,31ae1c8273ef289096924c925774568e,train
41164,component-826a5e3ac9ed7fda,94b948689921d6ec222db646176fb279,excluded_test_writer
41165,component-8cd57a6299a82016,f52966aa53c6de1eea9111b7d0feaffb,excluded_test_writer
41167,component-cebf29097c0d5deb,1cb863e33eeba6a48e66f4a7e1fed59f,test
41168,component-9a3ab25edb6e62f1,1fb3ff142f4159d15909e91a630fc9eb,train
41169,component-8671cb3e7572e5e6,146a12b739415dc6cf24a91311423a3c,train
4117,component-55958b2107c16eb4,aca121986fd49ebc08be2d0b956084f7,test
41171,component-1a46c2409e9a7b10,1ad6cd02705c91ce7db65bea375b7bb0,train
41172,component-f727de7fcceb92d7,15ee2cd0dbf7b0f8a4214b1f8283878e,train
41173,component-b4df0fc2bb5bf25b,112f7a6fc629ad732858c9d80440ee13,excluded_test_writer
41174,component-f8157ec3112accf2,9cfc1d0a0872e510b54595a27cbce94c,train
41176,component-c0ea8310bcf96a71,1c6a8eb893404edeb58981b5f8b084bb,train
41177,component-6e7d941d7d276401,b87b68a1fa8d28b8536a2f2f15bf8039,train
4118,component-0ba896169af5b24d,e01570d140af0ed90c02cb854a21fce1,train
41180,component-bca810d52efd658a,2ba9c61e159782115ac217c3108bb024,excluded_test_duplicate
41182,component-7b9a86d8e8b56a0d,dbdcf55b72c3eeb6828f6717be44d89f,excluded_test_writer
41183,component-6841e4817308e3c7,1992865c4025f049908ecfb90c379f57,excluded_test_writer
41184,component-26fa2f813dbf46fa,9017bc8c4cec34f1aed5aedee2bbc9fa,excluded_test_writer
41185,component-29396a6a231a445b,7482fd676a506a4b6bb13d8893411d09,train
41189,component-292859f16cb68a96,e98897d9d0d4fc6fac1d5fbb26749711,train
4119,component-933820c0cbefb732,661981c06ac7a109734f606f13511282,train
41190,component-92d80bfee713f02d,d6bfb552f0707e92b2892080a1c5a9ca,excluded_test_writer
41191,component-925d6a133b2e0520,e84075154c505a0b0f79d3869176634a,train
41192,component-6c545cdc619bae76,d87555995f7c34047850c1bcac861a22,excluded_test_writer
41193,component-c0ea8310bcf96a71,1c6a8eb893404edeb58981b5f8b084bb,train
41194,component-59d14b9bae7b16e9,0f842b2154a43b7aab0d43f5ae89cb2f,train
41195,component-6e7d941d7d276401,b87b68a1fa8d28b8536a2f2f15bf8039,train
41196,component-bca810d52efd658a,2ba9c61e159782115ac217c3108bb024,excluded_test_duplicate
41198,component-e93101b282ebacf4,ed3a797dc5ca4ffae93cc63a79b07654,train
41199,component-936da06ffdb413e7,4b670627d8f39416a67ce919cae8fc58,train
412,component-181a1063a7b7597a,95f6ba82430a5b44af213101370eadee,excluded_test_writer
4120,component-9b47fbc59a6def07,eb239fbf5143766bc05813edcc4b9954,train
41200,component-01111603a66b3cae,a0285a4f669101d5e1b350a0d2c39a9a,excluded_test_writer
41201,component-bc68d0a3befcda7f,c7972fe87baaad12d1bb739fd0b9bbb2,test
41202,component-e7aab9d57b995c40,5af673219f4e6c0d5c55848c69e658e7,test
41203,component-ad92a04d176ecb5e,e3e1f3bcd5bccfd6f2af74e59008fa05,train
41204,component-a026ef70cfdd8bba,cf1c86514ac52e02db90b4720dc16aa3,train
41205,component-50ab9313158c8213,004c4f6a6aada43370aa40650db0415a,excluded_test_writer
41206,component-8cd57a6299a82016,f52966aa53c6de1eea9111b7d0feaffb,excluded_test_writer
41207,component-5a6bc085c6d156f3,69b274a6a80ef9e0ab23c244d1c2c22f,train
41208,component-8ca05e0988768491,1d28e31999abb23c0ce87baead18bdf4,test
41209,component-123bb1e9ca37efe4,3296c019be701257152e6bb6a846c4f1,test
4121,component-57322003eb76f671,c4e31a13c41c5ebdf722f10fe7687f7a,train
41210,component-69bf59c08157f7b5,f9e5d9d4bd1d838a77bcd266d48d4f65,test
41211,component-572ed6db4d013b13,9952403bd4790329b3ab7b4987260191,excluded_test_writer
41212,component-1a844e9ec2cf30d3,38b63d598afab138fa330ce128922e22,train
41215,component-c0ea8310bcf96a71,1c6a8eb893404edeb58981b5f8b084bb,train
41216,component-6e7d941d7d276401,b87b68a1fa8d28b8536a2f2f15bf8039,train
41217,component-b528091175d0bc7b,fd107bb0f7e0f072d94131023b183e56,train
41218,component-bca810d52efd658a,2ba9c61e159782115ac217c3108bb024,excluded_test_duplicate
41219,component-26fa2f813dbf46fa,9017bc8c4cec34f1aed5aedee2bbc9fa,excluded_test_writer
4122,component-553cff5d20330744,95f093407607f62938734c5ffbc47d5b,train
41220,component-88e28f5076eee109,b61d0beadc70551a1dd6bd1f83f50c70,test
41221,component-2cc3d1749c6f11d8,1b68161f1d49dd516b0a97e6340032d7,train
41222,component-936da06ffdb413e7,4b670627d8f39416a67ce919cae8fc58,train
41223,component-5770a0345926a164,26fcb55cf9a169131b1c3473ef050517,train
41224,component-81944732bb6a2b43,19d3b6eb05db3263eec06842f443cebf,train
41225,component-826a5e3ac9ed7fda,94b948689921d6ec222db646176fb279,test
41226,component-4a7220a1f85f3936,0611e66d605953ba8be6a678735ea284,excluded_test_writer
41227,component-8671cb3e7572e5e6,146a12b739415dc6cf24a91311423a3c,train
41228,component-c6e5a7dad0833b78,a5ff5d998a8665d6971f2641df1ebcea,test
41229,component-5a6bc085c6d156f3,69b274a6a80ef9e0ab23c244d1c2c22f,train
4123,component-51ee8c1c425955ad,d5206cf5032fafa24bb493c7c9898b99,train
41230,component-133a4e66a11d8d8d,388530ce0a122fbed145773701f3fa74,train
41231,component-0a2f822ee6b7c10d,84c6189de6e4b28e1f328b1950ab8e88,train
41232,component-baa5d65deecd4763,d5297113b5514cbd5c4039c94055fe25,train
41233,component-2612775eacdbf729,54aa1da7754327b37e3bb2b27592a54c,train
41235,component-bca810d52efd658a,2ba9c61e159782115ac217c3108bb024,excluded_test_duplicate
41236,component-26fa2f813dbf46fa,9017bc8c4cec34f1aed5aedee2bbc9fa,test
41237,component-2ee0359bbb34ae42,c61520f0f8eaf8309ac3557c8824e6f0,excluded_test_writer
41238,component-a026ef70cfdd8bba,cf1c86514ac52e02db90b4720dc16aa3,train
41239,component-992e50de7e616559,d2d3a4fd6baf8b213200270e5486f738,test
41240,component-eee4e521c756e10b,f7380cf5408c3330febecedbb32ed2a9,train
41241,component-f5fef3202de6e80c,76ddb9a0e1e4f23bb4e9b0e3d5659a54,train
41242,component-f3edd7dd77c49b26,acf7bcfd8901c41ebc61560068effc88,train
41243,component-8ca05e0988768491,1d28e31999abb23c0ce87baead18bdf4,excluded_test_writer
41244,component-5a6bc085c6d156f3,69b274a6a80ef9e0ab23c244d1c2c22f,train
41245,component-06f78a09d7ceb729,6e3157f654b75226e054270c25d3064a,excluded_test_writer
41246,component-17a639c2cd80a72b,8e0aeb1fe708813f46cbb9321895fbb1,train
41247,component-593cebb498296554,88a509be14e3487ec96fa4fd64001cb1,train
41249,component-2a827d6d14f32887,94704f477e76c472e5a90fe547fd1d25,train
4125,component-b59f9559b571fc49,70a45d14a025014d69c48954f8a50bbf,excluded_test_writer
41250,component-f1e597d042d45dfe,14ef2feddc450b804262c7c44470f69b,excluded_test_writer
41251,component-f5db893e039d5624,7eb489bf921726aa2f13abedb9be343f,test
41252,component-1bd8e4aa260a1ea6,19a510b4bdb4dc2bacdb903629b8d1b2,train
41254,component-9ba69e2367277951,ccc752921ca1df4b711524baf5b236b6,excluded_test_writer
41255,component-17005581644c446c,96501d9dc125ba2ec54954cd909cac19,excluded_test_writer
41256,component-f1f130dfa1c07721,872c7bc2029a07f5c883bbed03410f12,excluded_test_writer
41257,component-34ad4c11a252cc6c,8a788527c3b7bc2f55a1cc75308bcff2,train
41258,component-b560cc23e265ac39,996647b621773936eae8185ba98218eb,train
41259,component-8318152ea025755a,7e7dc4499fa555ceafe948193258df31,excluded_test_writer
41260,component-d6b73b483e218448,c165762b5c9fef0e2b3f3b5767680756,test
41261,component-17898d8d09b38b0d,824207123b7a0659d765c20454586d83,excluded_test_writer
41262,component-e486ccee4121cdc7,14c248aa866d099a20e7e8d124f9fef7,test
41263,component-ad92a04d176ecb5e,e3e1f3bcd5bccfd6f2af74e59008fa05,train
41264,component-639553348ad68490,dca29c5e9bb9803a72fe9994608d28b3,excluded_test_writer
41265,component-bca810d52efd658a,6c6e11b590bc30c0655d106008bc2cb0,excluded_test_duplicate
41266,component-f9d0adfbe98dfe1b,ca5e7e8a0640fdf8a40f53cf62176310,excluded_test_writer
41267,component-f5db893e039d5624,7eb489bf921726aa2f13abedb9be343f,excluded_test_writer
41268,component-b027a122fd1fc365,893f73c75d78b0eb0e6521f3d83cff4e,excluded_test_writer
41269,component-eeae814f8c89288b,8c2d944d5232549cd5fe1a3886357421,train
41270,component-89d64016e6abc851,8c61655d176dd68bd598e90f0ac533c8,excluded_test_writer
41271,component-da2da3cb55690725,f1dc7d72f2e87cf64fedf50cb33f5b76,test
41272,component-f727de7fcceb92d7,15ee2cd0dbf7b0f8a4214b1f8283878e,train
41273,component-bef8f63899c05634,dbde34eeb2f1290609ca6bffac1a5180,excluded_test_writer
41276,component-c0ea8310bcf96a71,1c6a8eb893404edeb58981b5f8b084bb,train
41277,component-bca810d52efd658a,2ba9c61e159782115ac217c3108bb024,excluded_test_duplicate
41278,component-7b9a86d8e8b56a0d,dbdcf55b72c3eeb6828f6717be44d89f,test
41279,component-56f66dd499af02b7,2bb0b2dc21ebcd1255f295143e524967,excluded_test_writer
41281,component-26fa2f813dbf46fa,34bb1671de66e0f9ccf3224dc2b7602a,excluded_test_duplicate
41282,component-76e67a121213e1ac,1ae70ca62bcbcc0ef3d4eb3fc89fd0f0,train
41283,component-369a07ace01d35fd,3469e4a61ae08bda93d3fb4a82635fde,train
41284,component-0300cf94afba8f4c,af32fd6b09ee9c483ca592f7b205430d,train
41285,component-b396a748cf4c4599,9f68596d028811239240237ec4877545,train
41286,component-e93101b282ebacf4,ed3a797dc5ca4ffae93cc63a79b07654,train
41287,component-564343cd26bbb110,8630ca2b8f0d070072d9230513f47356,test
41288,component-77a8eda208b6d787,64f22f46ad6bb37c00e71b74bb0e2b0c,train
41289,component-29d50a8cf13a8471,c827680370928a8e4be6db32a810625a,train
4129,component-1a844e9ec2cf30d3,38b63d598afab138fa330ce128922e22,train
41290,component-024c1f7cf4bb7a73,51e0d7c1c250f9d59ee8417cded48c6c,excluded_test_writer
41291,component-0bb6309f4b0c4897,f7a7ff103eb75f0ef7b4d053a2115aef,train
41292,component-f6b46c11a9fcda95,5f02a65b9f324b861ecc9a4f32dea92a,train
41293,component-55958b2107c16eb4,aca121986fd49ebc08be2d0b956084f7,excluded_test_writer
41294,component-2612775eacdbf729,54aa1da7754327b37e3bb2b27592a54c,train
41295,component-29396a6a231a445b,7482fd676a506a4b6bb13d8893411d09,train
41296,component-6841e4817308e3c7,1992865c4025f049908ecfb90c379f57,test
41297,component-3686e2f49254099e,055520be61515180d53ea1c91d8083f2,excluded_test_duplicate
41298,component-4a69427a8ce4180a,3ba3408d6bf9164d95311cfb97d25295,train
41299,component-01111603a66b3cae,a0285a4f669101d5e1b350a0d2c39a9a,test
413,component-1c49f22f6de9bd15,55184300b0500271e7456f26d56e2898,train
4130,component-eeae814f8c89288b,8c2d944d5232549cd5fe1a3886357421,train
41300,component-dbd227389d130cb8,31ae1c8273ef289096924c925774568e,train
41301,component-b652c4aec4e1d940,77803cb1f177437419fb3ab522a818c0,train
41302,component-17898d8d09b38b0d,824207123b7a0659d765c20454586d83,excluded_test_writer
41303,component-9a3ab25edb6e62f1,1fb3ff142f4159d15909e91a630fc9eb,train
41304,component-e9bfa8d9c88a2c1a,e10170f51b9ea21fe36a77b0ecda6583,excluded_test_writer
41305,component-f5fef3202de6e80c,76ddb9a0e1e4f23bb4e9b0e3d5659a54,train
41306,component-7cbe83ca0d4ebde2,b96f9c7134bece931790c19a185d44c2,excluded_test_writer
41307,component-41b5d1d33b186f49,63d8b9fe38e60fda2232513fcbcbdccb,excluded_test_writer
41308,component-195b3b3199352b9d,08b6ee3a8bbb21c6032fece716abfd48,excluded_test_writer
41309,component-5a6bc085c6d156f3,69b274a6a80ef9e0ab23c244d1c2c22f,train
4131,component-a1c99a146b0f7ad7,3818801b722063595137fcb302bc3d5d,train
41310,component-b6c08e5fa3e8cd85,0ccecc007328f70ea60177bfe7273c0c,train
41311,component-64b31115dcd64f0c,a8efbc2fbbad5f14e8e905e7308368af,test
41313,component-f7114d1a419db356,82ba383f5e5958184b6bf32a3c010cd3,excluded_test_writer
41315,component-86803bd4e97aa9b8,a5934a16cf7f623fc7a3ff56151b41f0,excluded_test_writer
41316,component-bfc425ba150f6a69,6c540422a42aaed2f9243f21ebccedae,excluded_test_writer
41317,component-b560cc23e265ac39,996647b621773936eae8185ba98218eb,train
41318,component-195b3b3199352b9d,08b6ee3a8bbb21c6032fece716abfd48,excluded_test_writer
41319,component-768fc3757aca6101,e1b31557aa7f0e809b8e1f75f89f9b18,test
41320,component-1a46c2409e9a7b10,1ad6cd02705c91ce7db65bea375b7bb0,train
41321,component-024c1f7cf4bb7a73,51e0d7c1c250f9d59ee8417cded48c6c,excluded_test_writer
41322,component-743d8f18088bc125,68420290d6e5b0f79da491c1d3fd0e30,excluded_test_writer
41323,component-940b88c096963190,89571a55c88b97dc64fd6a85a4e60ad1,excluded_test_writer
41324,component-89d64016e6abc851,8c61655d176dd68bd598e90f0ac533c8,excluded_test_writer
41325,component-0290808b0c9a9479,427ac9dd9e646db4508665a30fa32990,excluded_test_writer
41326,component-d8039aa33e4823da,3b0678450620230aa1bf68d4f27f6d9e,train
41327,component-d407ae46b8610030,e029eaff698bf2cee7e8739d77adf0b3,excluded_test_writer
41328,component-3fa32559c64517f3,8a280ddc9d1f9863411825b5a484d6c0,train
41329,component-8e9bcaaf7ca86031,df294e885e24a7c38204818e10a9369c,excluded_test_writer
41331,component-26ab916907af1f7c,155102d7ed2b054b51d8707b93f9a127,excluded_test_writer
41332,component-6db295243b4d2786,e1b0dbda578e08cd3ca81bad7e17cffe,train
41333,component-bca810d52efd658a,2ba9c61e159782115ac217c3108bb024,excluded_test_duplicate
41334,component-b396a748cf4c4599,9f68596d028811239240237ec4877545,train
41335,component-ad3895bee6c4e412,5cc393f51b4480ad62cbe5e8e15ea7b1,train
41336,component-6585f6c8f9620394,8bc61cc591257b2a1ec5e9b347021b6d,train
41338,component-0fc21a8d3272659b,da66844d9957e6f39e95d90d6e60f51e,train
41339,component-639553348ad68490,dca29c5e9bb9803a72fe9994608d28b3,excluded_test_writer
4134,component-729fccdc3e9f6770,6040a082f9d1c3f5d1c7d3000f5ceda0,train
41340,component-f3edd7dd77c49b26,acf7bcfd8901c41ebc61560068effc88,train
41343,component-f8bcc9616864f55e,d9fcf60ba537a00a4eda094949c1b77c,test
41344,component-9b2f20aa690ebd88,8c3252e7582b80b87f3ef38657258b6a,excluded_test_writer
41346,component-227219d0848f3af8,9305528551e2becb3e3ea5799ff5ee00,excluded_test_writer
41347,component-f5fef3202de6e80c,76ddb9a0e1e4f23bb4e9b0e3d5659a54,train
41348,component-cc185988b9e109df,5b8fca4a832dc2d3b543282c5b4f82b5,test
41349,component-5d9c363f9190be1f,f49ae8b42bf07268b034272c2a7b5fdd,test
4135,component-30e42d5c4f2769e7,28be031ccabcd19e265a27e44884512f,train
41350,component-17898d8d09b38b0d,824207123b7a0659d765c20454586d83,excluded_test_writer
41352,component-ecb66097b67a04cb,6f294f7cbd08fc3c5d39858ff2af1fa6,test
41353,component-01111603a66b3cae,a0285a4f669101d5e1b350a0d2c39a9a,excluded_test_writer
41354,component-195b3b3199352b9d,08b6ee3a8bbb21c6032fece716abfd48,excluded_test_writer
41356,component-a658b378f97641d6,3aeee8d31c7196e816371d78a4e7411a,train
41357,component-4e0b8f671b43093d,afbce142bf7928146251f7d6f7cb8bbd,excluded_test_writer
41358,component-e6a2077cb3529da1,48a51532383dbc8deec8ba063fa25ce5,train
4136,component-37a12a55b2d08d12,dd27ad062790de89b982e62d308185b7,train
41360,component-cd64027976fb71b8,bb7e8d04e430f461f122252eaeabed20,test
41361,component-e03d10014c7247ff,c39597bb90b407c47e1e83373b16fcbe,train
41362,component-7325c3de81fb56a6,d78125ac7d7100554426602c191efa8b,excluded_test_writer
41363,component-4d1bed8fa4be4e9f,6cf3bc8000adc283c232147b322cd076,test
41364,component-7127cbbd1b08ee3e,3a519dba1a7fb1c2c22292fed7efc767,excluded_test_writer
41365,component-49c831988b883c9e,33dd218f1293427dd5035d4fd3c7048c,train
41366,component-87ef7a126f950815,ebba7f6fa7c92db18ea3d4bd5186adb9,train
41367,component-da2da3cb55690725,f1dc7d72f2e87cf64fedf50cb33f5b76,excluded_test_writer
41368,component-d1e6fceea63637db,fa7a9d4669871249dfc42fc131857b51,train
41369,component-5afa5ad0b6f23fc5,0bce03502af3218deeccb9059c550daa,train
4137,component-8d2efba45f136abd,28b5afa6cef6436220d4a303a3b3e6ef,train
41371,component-7d721a89c24c4e97,a7e29a34331968fd7c375d8f08928150,train
41373,component-26fa2f813dbf46fa,34bb1671de66e0f9ccf3224dc2b7602a,excluded_test_duplicate
41374,component-369a07ace01d35fd,3469e4a61ae08bda93d3fb4a82635fde,train
41375,component-01111603a66b3cae,a0285a4f669101d5e1b350a0d2c39a9a,excluded_test_writer
41377,component-2ee0359bbb34ae42,c61520f0f8eaf8309ac3557c8824e6f0,test
41378,component-1bf0b26770bd3a37,12a21ca381cd05df6086b5b722766773,test
41379,component-8cd57a6299a82016,f52966aa53c6de1eea9111b7d0feaffb,excluded_test_writer
41380,component-81944732bb6a2b43,19d3b6eb05db3263eec06842f443cebf,train
41381,component-9a3ab25edb6e62f1,1fb3ff142f4159d15909e91a630fc9eb,train
41382,component-77a8eda208b6d787,64f22f46ad6bb37c00e71b74bb0e2b0c,train
41383,component-f97af22485c2f18f,14e4c37cc185567cb62a3f706ddaa75d,train
41384,component-8671cb3e7572e5e6,146a12b739415dc6cf24a91311423a3c,train
41385,component-992e50de7e616559,d2d3a4fd6baf8b213200270e5486f738,excluded_test_writer
41386,component-eee4e521c756e10b,f7380cf5408c3330febecedbb32ed2a9,train
41388,component-e486ccee4121cdc7,14c248aa866d099a20e7e8d124f9fef7,excluded_test_writer
4139,component-c0ea8310bcf96a71,1c6a8eb893404edeb58981b5f8b084bb,train
41391,component-b4df0fc2bb5bf25b,112f7a6fc629ad732858c9d80440ee13,excluded_test_writer
41392,component-8cd57a6299a82016,5615fe4cd21d9e641916c61d57bd0235,excluded_test_writer
41393,component-6e7d941d7d276401,b87b68a1fa8d28b8536a2f2f15bf8039,train
41395,component-61761f9420088c4a,cbc314a699457bb6b33270f2d8c06142,excluded_test_writer
41396,component-c6e5a7dad0833b78,a5ff5d998a8665d6971f2641df1ebcea,excluded_test_writer
41397,component-4d67060e393e3d3b,b76e1496f3ac8b0beabfceaf275f35ec,test
41398,component-9ba69e2367277951,ccc752921ca1df4b711524baf5b236b6,excluded_test_writer
41399,component-a3ac7941e2075791,2606bcbe3565f6d0fadfa31ac6ef7d31,excluded_test_writer
414,component-8111eb1556229541,5359ff3b0463e1d20889d86ef17030d8,test
41400,component-66cb176cac5e96e9,a83590a6c24eb7ff26277c55ae3b201e,excluded_test_writer
41401,component-639553348ad68490,dca29c5e9bb9803a72fe9994608d28b3,excluded_test_writer
41402,component-7f909f8c361b6b61,0c65e1cd4ba5121a39a81eeea420806f,test
41403,component-17898d8d09b38b0d,824207123b7a0659d765c20454586d83,excluded_test_writer
41404,component-17a639c2cd80a72b,8e0aeb1fe708813f46cbb9321895fbb1,train
41405,component-50ab9313158c8213,004c4f6a6aada43370aa40650db0415a,excluded_test_writer
41406,component-133a4e66a11d8d8d,388530ce0a122fbed145773701f3fa74,train
41407,component-f9d0adfbe98dfe1b,ca5e7e8a0640fdf8a40f53cf62176310,test
41408,component-227219d0848f3af8,9305528551e2becb3e3ea5799ff5ee00,excluded_test_writer
4141,component-57322003eb76f671,c4e31a13c41c5ebdf722f10fe7687f7a,train
41412,component-b528091175d0bc7b,fd107bb0f7e0f072d94131023b183e56,train
41413,component-92d80bfee713f02d,d6bfb552f0707e92b2892080a1c5a9ca,excluded_test_writer
41414,component-86803bd4e97aa9b8,a5934a16cf7f623fc7a3ff56151b41f0,excluded_test_writer
41415,component-90054efe091d8333,90c3b020bbf4fcbae99fe7a0d21ca057,test
41416,component-b560cc23e265ac39,996647b621773936eae8185ba98218eb,train
41417,component-a8b69680fcbf56bb,fba2177fcf1c169dd45e575b55cad8d1,excluded_test_writer
41418,component-bfc425ba150f6a69,6c540422a42aaed2f9243f21ebccedae,excluded_test_writer
41419,component-639553348ad68490,dca29c5e9bb9803a72fe9994608d28b3,excluded_test_writer
4142,component-b59f9559b571fc49,70a45d14a025014d69c48954f8a50bbf,excluded_test_writer
41420,component-2a827d6d14f32887,94704f477e76c472e5a90fe547fd1d25,train
41421,component-f8bcc9616864f55e,d9fcf60ba537a00a4eda094949c1b77c,excluded_test_writer
41422,component-17898d8d09b38b0d,824207123b7a0659d765c20454586d83,excluded_test_writer
41423,component-89d64016e6abc851,8c61655d176dd68bd598e90f0ac533c8,excluded_test_writer
41424,component-743d8f18088bc125,68420290d6e5b0f79da491c1d3fd0e30,excluded_test_writer
41425,component-e9bfa8d9c88a2c1a,e10170f51b9ea21fe36a77b0ecda6583,test
41426,component-7127cbbd1b08ee3e,3a519dba1a7fb1c2c22292fed7efc767,excluded_test_writer
41427,component-f5fef3202de6e80c,76ddb9a0e1e4f23bb4e9b0e3d5659a54,train
41428,component-ad92a04d176ecb5e,e3e1f3bcd5bccfd6f2af74e59008fa05,train
41429,component-55958b2107c16eb4,aca121986fd49ebc08be2d0b956084f7,excluded_test_writer
4143,component-99ceabae274915b9,cc6c1c3ace14f6c25304bd71597c4f40,train
41430,component-b4df0fc2bb5bf25b,112f7a6fc629ad732858c9d80440ee13,excluded_test_writer
41431,component-2412eb7ee7d4d72a,fe41201a6f4f7fac69671278909b9fc9,excluded_test_writer
41433,component-e56cd3db435b9987,2312d2d8829be52512e8206ba471aa3e,excluded_test_writer
41434,component-65bb99a50450dfa9,24422fabf6223f9ddc670656a3bbf596,train
41436,component-bef8f63899c05634,dbde34eeb2f1290609ca6bffac1a5180,excluded_test_writer
41437,component-4b2bfb21f8203b68,6fb7b17119148198d651b3ed16b1e91e,train
41438,component-e64340ffc2469eac,743b53b217ebed6313f3ae13c59bf032,train
41439,component-6f5270ae368d833b,e1f025a4c6bf710866d8d4496189feb8,excluded_test_writer
41440,component-52c920b3646c43a0,d938c9c41ca3be5e56e29bdfbc9dc29f,train
41441,component-c0ea8310bcf96a71,1c6a8eb893404edeb58981b5f8b084bb,train
41442,component-6e7d941d7d276401,b87b68a1fa8d28b8536a2f2f15bf8039,train
41443,component-b94afc74e3af816c,a7226d1e5a4d68e7453486aed4ad5e18,excluded_test_writer
41444,component-29396a6a231a445b,7482fd676a506a4b6bb13d8893411d09,train
41445,component-6841e4817308e3c7,1992865c4025f049908ecfb90c379f57,excluded_test_writer
41446,component-b396a748cf4c4599,9f68596d028811239240237ec4877545,train
41447,component-7b9a86d8e8b56a0d,dbdcf55b72c3eeb6828f6717be44d89f,excluded_test_writer
41448,component-c53ae488703edf92,145542f73bfcb2c9577d249345d6c60e,test
41449,component-50504630789983b0,473cb889d5251e5d1db3426994eff442,excluded_test_writer
4145,component-59d14b9bae7b16e9,0f842b2154a43b7aab0d43f5ae89cb2f,train
41451,component-782cf9e3ebb44df7,6f0101c3af4979061d05736f54d20612,excluded_test_writer
41453,component-0bb6309f4b0c4897,f7a7ff103eb75f0ef7b4d053a2115aef,train
41456,component-2cc3d1749c6f11d8,1b68161f1d49dd516b0a97e6340032d7,train
41457,component-8511a7fc825b67fb,4347b33ddc2a169a5b19244fb4e3f04e,train
41458,component-e93101b282ebacf4,ed3a797dc5ca4ffae93cc63a79b07654,train
41459,component-3686e2f49254099e,055520be61515180d53ea1c91d8083f2,excluded_test_duplicate
4146,component-cbaa265082e8b534,605cf3a43d414a6e952cf17e69f7fbfa,test
41460,component-76e67a121213e1ac,1ae70ca62bcbcc0ef3d4eb3fc89fd0f0,train
41462,component-0300cf94afba8f4c,af32fd6b09ee9c483ca592f7b205430d,train
41463,component-dbd227389d130cb8,31ae1c8273ef289096924c925774568e,train
41464,component-0b8b31fda0b3d6f1,14366586d6b6f0e68b7804df82efded5,train
41465,component-f5fef3202de6e80c,76ddb9a0e1e4f23bb4e9b0e3d5659a54,train
41466,component-940b88c096963190,89571a55c88b97dc64fd6a85a4e60ad1,excluded_test_writer
41467,component-0a2f822ee6b7c10d,84c6189de6e4b28e1f328b1950ab8e88,train
41469,component-5a6bc085c6d156f3,69b274a6a80ef9e0ab23c244d1c2c22f,train
4147,component-c0ea8310bcf96a71,1c6a8eb893404edeb58981b5f8b084bb,train
41470,component-f727de7fcceb92d7,15ee2cd0dbf7b0f8a4214b1f8283878e,train
41471,component-d9bdf2b6e43dd925,82246ac3998389eb0da5d5e0736ee969,excluded_test_writer
41473,component-69b90fea38361513,43d8d88220fd31e8cec0b53d663fcc6b,excluded_test_writer
41474,component-1c3657ef82d21c9d,5169f7b9ce9906cb54f39bf9777e7a38,excluded_test_writer
41475,component-86996f552010b417,ace55af64374ab4b57bffd1554bff578,train
41476,component-b4df0fc2bb5bf25b,112f7a6fc629ad732858c9d80440ee13,excluded_test_writer
41477,component-61761f9420088c4a,cbc314a699457bb6b33270f2d8c06142,excluded_test_writer
41479,component-7d8429b386c84c30,a58f95b5afd380c122fcfaf889f2ffda,test
4148,component-2a3b858f52f76826,dde45ba7c0134f201da5c50e9807a74f,train
41481,component-c350c74005e798fd,7b127119b469019d03283e38449b2045,test
41482,component-5770a0345926a164,26fcb55cf9a169131b1c3473ef050517,train
41483,component-133a4e66a11d8d8d,388530ce0a122fbed145773701f3fa74,train
41484,component-92d80bfee713f02d,d6bfb552f0707e92b2892080a1c5a9ca,excluded_test_writer
41485,component-a026ef70cfdd8bba,cf1c86514ac52e02db90b4720dc16aa3,train
41486,component-a3ac7941e2075791,2606bcbe3565f6d0fadfa31ac6ef7d31,excluded_test_writer
41487,component-bc68d0a3befcda7f,c7972fe87baaad12d1bb739fd0b9bbb2,excluded_test_writer
41489,component-b652c4aec4e1d940,77803cb1f177437419fb3ab522a818c0,train
4149,component-64417d6aaaab2f4b,32b2d89d9cd9c8036e6f530ed07523a2,train
41490,component-f7114d1a419db356,82ba383f5e5958184b6bf32a3c010cd3,excluded_test_writer
41493,component-52c920b3646c43a0,d938c9c41ca3be5e56e29bdfbc9dc29f,train
41496,component-36e33628a5adb344,6edabf16636897b064bde272cbe9016e,train
41497,component-34ad4c11a252cc6c,8a788527c3b7bc2f55a1cc75308bcff2,train
41499,component-9b2f20aa690ebd88,8c3252e7582b80b87f3ef38657258b6a,excluded_test_writer
4150,component-84bdcd156603935b,07a363578b647beffaa1a4f5701ca0d3,test
41500,component-6af0c47f5c99860e,8e2f5cd15cda37395635b35781a3f07f,excluded_test_writer
41501,component-26ab916907af1f7c,155102d7ed2b054b51d8707b93f9a127,excluded_test_writer
41502,component-195b3b3199352b9d,08b6ee3a8bbb21c6032fece716abfd48,excluded_test_writer
41503,component-7cbe83ca0d4ebde2,b96f9c7134bece931790c19a185d44c2,test
41504,component-e6a2077cb3529da1,48a51532383dbc8deec8ba063fa25ce5,train
41505,component-8318152ea025755a,7e7dc4499fa555ceafe948193258df31,excluded_test_writer
41506,component-3964f8022ba5eab8,48a27f0fe7cc59049eee459745132562,excluded_test_writer
41507,component-ff5c5014adad0371,4faaa8c925c2d98e38b4f1e268c01096,test
41508,component-387953c6118159e8,9d19ff2043925d1e3b2717a9960bf174,train
41509,component-787ce902fc9cedf5,532935130e21353379da1c8139f23643,train
4151,component-a0bdf5ed272909b4,6428be347990d20a948c355a32e2afa8,test
41510,component-30e42d5c4f2769e7,28be031ccabcd19e265a27e44884512f,train
41511,component-6f5270ae368d833b,e1f025a4c6bf710866d8d4496189feb8,excluded_test_writer
41512,component-85221aee9b04b79c,07f5de5b9146f1dfaf3ac3c4f707a11e,train
41514,component-55958b2107c16eb4,aca121986fd49ebc08be2d0b956084f7,excluded_test_writer
41515,component-f1f130dfa1c07721,872c7bc2029a07f5c883bbed03410f12,test
41516,component-50504630789983b0,473cb889d5251e5d1db3426994eff442,excluded_test_writer
41518,component-0290808b0c9a9479,427ac9dd9e646db4508665a30fa32990,excluded_test_writer
41519,component-49c831988b883c9e,33dd218f1293427dd5035d4fd3c7048c,train
4152,component-584de47e33a1e61a,cd23a4feab2d0a07ff3da24e3b410d08,excluded_test_writer
41520,component-cd64027976fb71b8,bb7e8d04e430f461f122252eaeabed20,excluded_test_writer
41521,component-8b13c8cdd0bf516e,e81d5456983a6a2dc6386a4cda98e6e9,excluded_test_duplicate
41522,component-848141620c3a2adf,f8d854179a76300fa6418dc311cf5a08,train
41523,component-1a46c2409e9a7b10,1ad6cd02705c91ce7db65bea375b7bb0,train
41524,component-26ab916907af1f7c,155102d7ed2b054b51d8707b93f9a127,excluded_test_writer
41525,component-a658b378f97641d6,3aeee8d31c7196e816371d78a4e7411a,train
41527,component-4a3cf708cb9a35ee,d233dc8f06512ffc4db2c594a600312d,excluded_test_writer
41528,component-ba1f169d04065893,e4849383b72ff84dab291ea30a300c9f,excluded_test_writer
41529,component-1b696d6a6d5f077c,bcad003995d4e814070301bd7c26fad5,test
4153,component-5a968d8cd10c53dc,29af5d84e5e408935d7f2f7ca8302d60,train
41530,component-f727de7fcceb92d7,15ee2cd0dbf7b0f8a4214b1f8283878e,train
41531,component-b4df0fc2bb5bf25b,112f7a6fc629ad732858c9d80440ee13,excluded_test_writer
41532,component-e56cd3db435b9987,2312d2d8829be52512e8206ba471aa3e,excluded_test_writer
41533,component-c0ea8310bcf96a71,1c6a8eb893404edeb58981b5f8b084bb,train
41534,component-26fa2f813dbf46fa,9017bc8c4cec34f1aed5aedee2bbc9fa,excluded_test_writer
41535,component-940b88c096963190,89571a55c88b97dc64fd6a85a4e60ad1,excluded_test_writer
41536,component-b2bfa91c1522109c,e117b8f53adb2c9e503e00f90d1e0d5a,excluded_test_writer
41538,component-eee4e521c756e10b,f7380cf5408c3330febecedbb32ed2a9,train
41539,component-8318152ea025755a,7e7dc4499fa555ceafe948193258df31,excluded_test_writer
4154,component-88af677d65231202,eba6303c4060d025330ce50fcc9e515f,train
41541,component-a8b69680fcbf56bb,fba2177fcf1c169dd45e575b55cad8d1,excluded_test_writer
41542,component-61b415e51273c26f,63b54d76acbf9ea44275657b4851da16,train
41543,component-6ca11a1c33928ec0,f4878d85362bd80fed048c0e80b5059f,excluded_test_writer
41544,component-743d8f18088bc125,68420290d6e5b0f79da491c1d3fd0e30,excluded_test_writer
41545,component-195b3b3199352b9d,08b6ee3a8bbb21c6032fece716abfd48,excluded_test_writer
41546,component-e56dc8e900b93031,461fc2095480b5a1f942884d5e9ea5bb,train
41547,component-c350c74005e798fd,7b127119b469019d03283e38449b2045,excluded_test_writer
41548,component-bcb5b029308ac74d,6708924e5a5154ab55b9ccbd95e9c641,test
41549,component-52c920b3646c43a0,d938c9c41ca3be5e56e29bdfbc9dc29f,train
4155,component-481ffc6f011fa638,a9283e4106af55a42113f894a1315ac9,test
41551,component-2612775eacdbf729,54aa1da7754327b37e3bb2b27592a54c,train
41552,component-51ee8c1c425955ad,d5206cf5032fafa24bb493c7c9898b99,train
41553,component-76e67a121213e1ac,1ae70ca62bcbcc0ef3d4eb3fc89fd0f0,train
41554,component-c0ea8310bcf96a71,1c6a8eb893404edeb58981b5f8b084bb,train
41555,component-3964f8022ba5eab8,48a27f0fe7cc59049eee459745132562,excluded_test_writer
41556,component-564343cd26bbb110,8630ca2b8f0d070072d9230513f47356,excluded_test_writer
41557,component-c6e5a7dad0833b78,a5ff5d998a8665d6971f2641df1ebcea,excluded_test_writer
41558,component-2cc3d1749c6f11d8,1b68161f1d49dd516b0a97e6340032d7,train
41559,component-992e50de7e616559,d2d3a4fd6baf8b213200270e5486f738,excluded_test_writer
4156,component-2a31dee3cd372662,c36f309fc33302666a08903efe35701d,train
41560,component-d93bf5826279e344,a1c9ee23ee4184f59c2a4cab14c985fc,train
41561,component-4a69427a8ce4180a,3ba3408d6bf9164d95311cfb97d25295,train
41562,component-d60da08e44a01eee,883a63bb5b034eb45e3bb5613762849a,train
41563,component-147c6ee079588987,f9f5d01311e23769b4cacd22e498bfe8,train
41564,component-f46bf8ba66fe18d1,257318ce48008e4c0842b375467274a0,excluded_test_writer
41566,component-0300cf94afba8f4c,af32fd6b09ee9c483ca592f7b205430d,train
41567,component-e56c1e91741ecf02,e8ea2ed954e70f4dc5bf09c124f57ede,train
41568,component-77a8eda208b6d787,64f22f46ad6bb37c00e71b74bb0e2b0c,train
41569,component-deab6652843e8518,8cffb0b29bdc89c7190141c2ab939ac4,excluded_test_writer
4157,component-b57d0618b4bcdc1c,4eeb0926551b19bd796816a1f67f1143,train
41572,component-b6b5bd7570fc16c0,6bfd2605e536e41673a5e5a2e3052c7d,excluded_test_writer
41574,component-7cb6e6caf975f0da,eb7219ef230f68ff0102a9aa66da4ba1,excluded_test_writer
41575,component-7d8429b386c84c30,a58f95b5afd380c122fcfaf889f2ffda,excluded_test_writer
41576,component-9ba69e2367277951,ccc752921ca1df4b711524baf5b236b6,excluded_test_writer
41577,component-9a3ab25edb6e62f1,1fb3ff142f4159d15909e91a630fc9eb,train
41578,component-024c1f7cf4bb7a73,51e0d7c1c250f9d59ee8417cded48c6c,excluded_test_writer
41579,component-17005581644c446c,96501d9dc125ba2ec54954cd909cac19,excluded_test_writer
4158,component-1efa7977ce050b72,f3a3da13b3482fdbedf2e67b8df02a06,excluded_test_writer
41580,component-dbd227389d130cb8,31ae1c8273ef289096924c925774568e,train
41581,component-c4453467948d8d3a,0783aa00dd59fdb5fd9c48f639541d0f,test
41583,component-1a3056c81c49b8e4,77d408038f851b86fdb40a2905d51531,test
41584,component-0c82f207d1b1d784,07668db6e3f93c0296c944b97824de1f,train
41585,component-0290808b0c9a9479,427ac9dd9e646db4508665a30fa32990,excluded_test_writer
41586,component-bfc425ba150f6a69,6c540422a42aaed2f9243f21ebccedae,test
41588,component-1e966106df794730,619a0e0f20d7f49831ace21ad367bc0a,train
41589,component-e5174e01c3eaf72b,3c4ff564fa0d96a7e23fde743f3579a4,test
4159,component-3492c8caecaacbb7,5a048dd797c1fa19347714cad356a282,excluded_test_writer
41590,component-787ce902fc9cedf5,532935130e21353379da1c8139f23643,train
41591,component-d407ae46b8610030,e029eaff698bf2cee7e8739d77adf0b3,excluded_test_writer
41593,component-024c1f7cf4bb7a73,51e0d7c1c250f9d59ee8417cded48c6c,excluded_test_writer
41594,component-3686e2f49254099e,055520be61515180d53ea1c91d8083f2,excluded_test_duplicate
41595,component-c2e0112d206a41c0,3223faee81ddd88de5936b691f7c9915,train
41596,component-0bb6309f4b0c4897,f7a7ff103eb75f0ef7b4d053a2115aef,train
41597,component-6841e4817308e3c7,1992865c4025f049908ecfb90c379f57,excluded_test_writer
41598,component-52c920b3646c43a0,d938c9c41ca3be5e56e29bdfbc9dc29f,train
416,component-67e0bdb7b6c549d4,af8d6d30f48204b98cf4537090e1fb52,train
4160,component-baa5d65deecd4763,d5297113b5514cbd5c4039c94055fe25,train
41600,component-d3fd845cf18b1c1c,2690dbaef50844137318cafb4876dfc0,test
41601,component-9ddaa0891722ee6c,7660097dc5c41f0410e89576e98c2647,train
41602,component-e56dc8e900b93031,461fc2095480b5a1f942884d5e9ea5bb,train
41604,component-671802b4fbe961c8,206ae820aafac88dba4211e39de024c3,train
41605,component-b027a122fd1fc365,893f73c75d78b0eb0e6521f3d83cff4e,excluded_test_writer
41606,component-26598a7db2f6ce80,64b3fe83956c67dfe1a02d828926dde9,test
41607,component-d0e4378fd3fb7b35,9e92c09bad62c5db783ee889d7a685e0,test
41608,component-ad92a04d176ecb5e,e3e1f3bcd5bccfd6f2af74e59008fa05,train
41609,component-acbb7914301b04aa,98fb08d726fa494ff532b30c09f4316e,train
4161,component-b4df0fc2bb5bf25b,112f7a6fc629ad732858c9d80440ee13,excluded_test_writer
41610,component-c47a026761f73aa1,4bb73d8f1fb4865b7218d703893a8a01,excluded_test_writer
41611,component-6af0c47f5c99860e,8e2f5cd15cda37395635b35781a3f07f,excluded_test_writer
41612,component-6e7d941d7d276401,b87b68a1fa8d28b8536a2f2f15bf8039,train
41613,component-ad83e7b0b21b24d2,c69a3bc4a3fabb3b56d7ed96e1478f8e,train
41614,component-8e9bcaaf7ca86031,df294e885e24a7c38204818e10a9369c,excluded_test_writer
41615,component-01111603a66b3cae,a0285a4f669101d5e1b350a0d2c39a9a,excluded_test_writer
41616,component-8ca05e0988768491,1d28e31999abb23c0ce87baead18bdf4,excluded_test_writer
41617,component-17005581644c446c,96501d9dc125ba2ec54954cd909cac19,excluded_test_writer
41618,component-024c1f7cf4bb7a73,51e0d7c1c250f9d59ee8417cded48c6c,excluded_test_writer
41619,component-f8bcc9616864f55e,d9fcf60ba537a00a4eda094949c1b77c,excluded_test_writer
4162,component-7005cf7e19256f10,c49f58fb67f679d6c4a3a648081f5f6f,train
41620,component-50504630789983b0,473cb889d5251e5d1db3426994eff442,excluded_test_writer
41621,component-227219d0848f3af8,9305528551e2becb3e3ea5799ff5ee00,test
41622,component-cd64027976fb71b8,bb7e8d04e430f461f122252eaeabed20,excluded_test_writer
41623,component-10efdcab5ad96996,67f1c02d919522fa38133d1b0d258972,train
41624,component-6ca11a1c33928ec0,f4878d85362bd80fed048c0e80b5059f,excluded_test_writer
41625,component-ad92a04d176ecb5e,e3e1f3bcd5bccfd6f2af74e59008fa05,train
41626,component-d8039aa33e4823da,3b0678450620230aa1bf68d4f27f6d9e,train
41628,component-572ed6db4d013b13,9952403bd4790329b3ab7b4987260191,test
41629,component-db9e85c33e907d9f,f18fae4282d088159a050ba40566dfcf,test
4163,component-782cf9e3ebb44df7,6f0101c3af4979061d05736f54d20612,test
41630,component-7c79679b3b8ebcce,2e5d0d8e8b1d1d27568448747db6f88d,test
41632,component-6f5270ae368d833b,e1f025a4c6bf710866d8d4496189feb8,test
41633,component-76e67a121213e1ac,1ae70ca62bcbcc0ef3d4eb3fc89fd0f0,train
41634,component-4d67060e393e3d3b,b76e1496f3ac8b0beabfceaf275f35ec,excluded_test_writer
41635,component-81944732bb6a2b43,19d3b6eb05db3263eec06842f443cebf,train
41636,component-a026ef70cfdd8bba,cf1c86514ac52e02db90b4720dc16aa3,train
41637,component-639553348ad68490,dca29c5e9bb9803a72fe9994608d28b3,excluded_test_writer
41638,component-86803bd4e97aa9b8,a5934a16cf7f623fc7a3ff56151b41f0,excluded_test_writer
41640,component-17a639c2cd80a72b,8e0aeb1fe708813f46cbb9321895fbb1,train
41641,component-d407ae46b8610030,e029eaff698bf2cee7e8739d77adf0b3,test
41642,component-743d8f18088bc125,68420290d6e5b0f79da491c1d3fd0e30,test
41643,component-7cbe83ca0d4ebde2,b96f9c7134bece931790c19a185d44c2,excluded_test_writer
41644,component-e8e0fa4e0bd7dce9,fc72ac53f622f7d8d5f3047444b0d3e9,train
41645,component-45703ad629daebc4,80fe49796db51055a4632bd9fb511f98,train
41646,component-8d9b87fab501e426,a94006237e7bae02cebc85f1e9d49c67,excluded_test_writer
41647,component-1a46c2409e9a7b10,1ad6cd02705c91ce7db65bea375b7bb0,train
41648,component-60f0a4a20cd20bf3,2c077a7281999a57ae0ae07a48eee490,test
41649,component-7062b063ac51eacf,e492d51e0be59101442c46e87650de68,train
4165,component-bef8f63899c05634,dbde34eeb2f1290609ca6bffac1a5180,test
41650,component-933820c0cbefb732,661981c06ac7a109734f606f13511282,train
41651,component-8895a4611dc1371e,c9337ee638a8300ad7f32457223278b2,test
41652,component-f727de7fcceb92d7,15ee2cd0dbf7b0f8a4214b1f8283878e,train
41653,component-dbd227389d130cb8,31ae1c8273ef289096924c925774568e,train
41654,component-a3ac7941e2075791,2606bcbe3565f6d0fadfa31ac6ef7d31,test
41655,component-f3edd7dd77c49b26,acf7bcfd8901c41ebc61560068effc88,train
41656,component-9a3ab25edb6e62f1,1fb3ff142f4159d15909e91a630fc9eb,train
41657,component-92d80bfee713f02d,d6bfb552f0707e92b2892080a1c5a9ca,excluded_test_writer
41658,component-b027a122fd1fc365,893f73c75d78b0eb0e6521f3d83cff4e,test
41660,component-4e0b8f671b43093d,afbce142bf7928146251f7d6f7cb8bbd,test
41661,component-ba1f169d04065893,e4849383b72ff84dab291ea30a300c9f,test
41663,component-ee2e52cd9b46700e,b59a194da64d8f3ee0fd99387f91d120,train
41664,component-3b47cce4925a6d25,b26dc264f0336d533fe6d45dbfb6676d,test
41665,component-2b15abb9bb1d4c19,ded15943d65442314339bb0e96e576e3,excluded_test_writer
41666,component-87ef7a126f950815,ebba7f6fa7c92db18ea3d4bd5186adb9,train
41667,component-da2da3cb55690725,f1dc7d72f2e87cf64fedf50cb33f5b76,excluded_test_writer
41669,component-17531878d1670ced,af4af94a6a5b138660090e177f073f0f,train
4167,component-59d14b9bae7b16e9,0f842b2154a43b7aab0d43f5ae89cb2f,train
41670,component-133a4e66a11d8d8d,388530ce0a122fbed145773701f3fa74,train
41671,component-f4d663daacabae8d,935710ca0bb32adab0c0f9c500539351,test
41672,component-1c3657ef82d21c9d,5169f7b9ce9906cb54f39bf9777e7a38,excluded_test_writer
41673,component-0450238a65c0f828,550c443415c3203dffb8798f9b400ba6,excluded_test_writer
41674,component-eaa795442ebb77a4,f3bc391df942e0dc8ee81d2d04eeaba7,test
41675,component-ecb66097b67a04cb,6f294f7cbd08fc3c5d39858ff2af1fa6,excluded_test_writer
41676,component-21ce2da58ca130d2,ee70eab1be1096a82622cd9afdebf741,train
41677,component-56f66dd499af02b7,2bb0b2dc21ebcd1255f295143e524967,excluded_test_writer
41678,component-eee4e521c756e10b,f7380cf5408c3330febecedbb32ed2a9,train
41679,component-4a7220a1f85f3936,0611e66d605953ba8be6a678735ea284,excluded_test_writer
4168,component-6c545cdc619bae76,d87555995f7c34047850c1bcac861a22,excluded_test_writer
41680,component-e56a2445faf2a41d,1e945d6d30a31e8ae30b7a50d2a829f6,excluded_test_writer
41681,component-1d0b2e53c7e2835c,3418dadf04fd49f7b23700e792f12fcb,test
41682,component-50ab9313158c8213,004c4f6a6aada43370aa40650db0415a,excluded_test_writer
41683,component-8b13c8cdd0bf516e,e81d5456983a6a2dc6386a4cda98e6e9,excluded_test_duplicate
41684,component-1164db0fe8e9e081,bf11e0a50ff271f60bcb5a958bce728d,train
41686,component-5a6bc085c6d156f3,69b274a6a80ef9e0ab23c244d1c2c22f,train
41687,component-0a2f822ee6b7c10d,84c6189de6e4b28e1f328b1950ab8e88,train
41688,component-89d64016e6abc851,8c61655d176dd68bd598e90f0ac533c8,test
41689,component-fe475008a31203a7,0a5a930530debc0e862dda4251b13da9,train
4169,component-5a968d8cd10c53dc,29af5d84e5e408935d7f2f7ca8302d60,train
41690,component-8d5d1b2fc751e24d,d53973899c60d47767e0ded7f9945f75,train
41691,component-0290808b0c9a9479,427ac9dd9e646db4508665a30fa32990,excluded_test_writer
41692,component-51ee8c1c425955ad,d5206cf5032fafa24bb493c7c9898b99,train
41693,component-6c545cdc619bae76,d87555995f7c34047850c1bcac861a22,test
41694,component-69b90fea38361513,43d8d88220fd31e8cec0b53d663fcc6b,excluded_test_writer
41695,component-f1e301cc23f02622,439da70f91392dbb5be743be4fce150e,train
41696,component-e56cd3db435b9987,2312d2d8829be52512e8206ba471aa3e,excluded_test_writer
41697,component-000580eb995f2a45,60fa63d2a233e052c96d755a0da0378b,train
417,component-afcf8bc077e68eb9,98f58d2c5d6850fdb180a5623b8bfb9d,test
4170,component-e56cd3db435b9987,2312d2d8829be52512e8206ba471aa3e,test
41700,component-2612775eacdbf729,54aa1da7754327b37e3bb2b27592a54c,train
41701,component-6841e4817308e3c7,1992865c4025f049908ecfb90c379f57,excluded_test_writer
41702,component-b396a748cf4c4599,9f68596d028811239240237ec4877545,train
41703,component-564343cd26bbb110,8630ca2b8f0d070072d9230513f47356,excluded_test_writer
41704,component-26ab916907af1f7c,155102d7ed2b054b51d8707b93f9a127,excluded_test_writer
41706,component-7d8429b386c84c30,a58f95b5afd380c122fcfaf889f2ffda,excluded_test_writer
41707,component-292859f16cb68a96,e98897d9d0d4fc6fac1d5fbb26749711,train
41708,component-bca810d52efd658a,2ba9c61e159782115ac217c3108bb024,excluded_test_duplicate
41709,component-0300cf94afba8f4c,af32fd6b09ee9c483ca592f7b205430d,train
41710,component-deab6652843e8518,8cffb0b29bdc89c7190141c2ab939ac4,excluded_test_writer
41711,component-d13d114d242bf9c7,c8044bbfa502fb17156cf7790696af59,excluded_test_writer
41712,component-62d5471123c81914,6cabea2d9e88635934fa98a0513c2133,train
41713,component-782cf9e3ebb44df7,6f0101c3af4979061d05736f54d20612,excluded_test_writer
41714,component-59d14b9bae7b16e9,0f842b2154a43b7aab0d43f5ae89cb2f,train
41715,component-2412eb7ee7d4d72a,fe41201a6f4f7fac69671278909b9fc9,excluded_test_writer
41716,component-bef8f63899c05634,dbde34eeb2f1290609ca6bffac1a5180,excluded_test_writer
41717,component-2cc3d1749c6f11d8,1b68161f1d49dd516b0a97e6340032d7,train
41718,component-71e9111df246909f,a23520ce04159cc8edb89e770a849da9,train
41719,component-3686e2f49254099e,055520be61515180d53ea1c91d8083f2,excluded_test_duplicate
4172,component-64417d6aaaab2f4b,32b2d89d9cd9c8036e6f530ed07523a2,train
41721,component-5a9004fcf603dba4,eb4eaaae3af26ea0db9796bf1601aa44,train
41722,component-ae23091a656dafcf,b84391b003d389c33182f636e2426533,test
41723,component-8cd57a6299a82016,f52966aa53c6de1eea9111b7d0feaffb,excluded_test_writer
41724,component-195b3b3199352b9d,08b6ee3a8bbb21c6032fece716abfd48,excluded_test_writer
41725,component-1bf0b26770bd3a37,12a21ca381cd05df6086b5b722766773,excluded_test_writer
41726,component-5a6bc085c6d156f3,69b274a6a80ef9e0ab23c244d1c2c22f,train
41727,component-46038a8d0e9dc21a,037ca42d7fa4c58225339a44e9ff1bf5,train
41728,component-c2e0112d206a41c0,3223faee81ddd88de5936b691f7c9915,train
41730,component-0fc21a8d3272659b,da66844d9957e6f39e95d90d6e60f51e,train
41731,component-7325c3de81fb56a6,d78125ac7d7100554426602c191efa8b,excluded_test_writer
41732,component-5cfba37248864be7,7d8c0c52258d937a43a93ce685cc45bf,train
41733,component-59d14b9bae7b16e9,0f842b2154a43b7aab0d43f5ae89cb2f,train
41735,component-52c920b3646c43a0,d938c9c41ca3be5e56e29bdfbc9dc29f,train
41736,component-c6e5a7dad0833b78,a5ff5d998a8665d6971f2641df1ebcea,excluded_test_writer
41737,component-85221aee9b04b79c,07f5de5b9146f1dfaf3ac3c4f707a11e,train
41738,component-77a8eda208b6d787,64f22f46ad6bb37c00e71b74bb0e2b0c,train
41739,component-195b3b3199352b9d,08b6ee3a8bbb21c6032fece716abfd48,excluded_test_writer
4174,component-cd63f134867d6101,5324a621b5521ec98a35b770c383461c,test
41740,component-17898d8d09b38b0d,824207123b7a0659d765c20454586d83,excluded_test_writer
41741,component-e56a2445faf2a41d,1e945d6d30a31e8ae30b7a50d2a829f6,excluded_test_writer
41742,component-c940c17704d9c46f,8297d4a776345e142dc6b938bdbc25f2,excluded_test_writer
41743,component-f5fef3202de6e80c,76ddb9a0e1e4f23bb4e9b0e3d5659a54,train
41744,component-9b2f20aa690ebd88,8c3252e7582b80b87f3ef38657258b6a,test
41745,component-f3edd7dd77c49b26,acf7bcfd8901c41ebc61560068effc88,train
41746,component-89d64016e6abc851,8c61655d176dd68bd598e90f0ac533c8,excluded_test_writer
41747,component-7cbe83ca0d4ebde2,b96f9c7134bece931790c19a185d44c2,excluded_test_writer
41748,component-c350c74005e798fd,7b127119b469019d03283e38449b2045,excluded_test_writer
41749,component-572ed6db4d013b13,9952403bd4790329b3ab7b4987260191,excluded_test_writer
4175,component-88af677d65231202,eba6303c4060d025330ce50fcc9e515f,train
41750,component-55958b2107c16eb4,aca121986fd49ebc08be2d0b956084f7,excluded_test_writer
41751,component-a658b378f97641d6,3aeee8d31c7196e816371d78a4e7411a,train
41752,component-f6b46c11a9fcda95,5f02a65b9f324b861ecc9a4f32dea92a,train
41753,component-f7114d1a419db356,82ba383f5e5958184b6bf32a3c010cd3,excluded_test_writer
41754,component-b528091175d0bc7b,fd107bb0f7e0f072d94131023b183e56,train
41755,component-ad3895bee6c4e412,5cc393f51b4480ad62cbe5e8e15ea7b1,train
41756,component-024c1f7cf4bb7a73,51e0d7c1c250f9d59ee8417cded48c6c,excluded_test_writer
41757,component-f3edd7dd77c49b26,acf7bcfd8901c41ebc61560068effc88,train
41758,component-9ddaa0891722ee6c,7660097dc5c41f0410e89576e98c2647,train
41759,component-b2bfa91c1522109c,e117b8f53adb2c9e503e00f90d1e0d5a,test
41760,component-6b690fa3cc58bad7,acc198604dee0f812b5922c35449a39f,test
41761,component-671802b4fbe961c8,206ae820aafac88dba4211e39de024c3,train
41762,component-f9d0adfbe98dfe1b,ca5e7e8a0640fdf8a40f53cf62176310,excluded_test_writer
41763,component-3936297a60796ee8,ccc8918fc6f2bc6d2dbe462337d150fa,test
41764,component-940b88c096963190,89571a55c88b97dc64fd6a85a4e60ad1,excluded_test_writer
41765,component-f8bcc9616864f55e,d9fcf60ba537a00a4eda094949c1b77c,excluded_test_writer
41767,component-cc185988b9e109df,5b8fca4a832dc2d3b543282c5b4f82b5,excluded_test_writer
41768,component-123530e3c1666faf,ed0af8a183acb7f8cc9b80d751c7e581,train
41769,component-2b15abb9bb1d4c19,ded15943d65442314339bb0e96e576e3,test
4177,component-bd8e4f57472d07d3,478cd81e67a5208ca52ff5a84aa15f77,excluded_test_writer
41770,component-b563b4a2ac423100,16679696e765cdc0be203504db443aee,train
41771,component-f1e597d042d45dfe,14ef2feddc450b804262c7c44470f69b,excluded_test_writer
41772,component-51ee8c1c425955ad,d5206cf5032fafa24bb493c7c9898b99,train
41773,component-65bb99a50450dfa9,24422fabf6223f9ddc670656a3bbf596,train
41774,component-f7114d1a419db356,82ba383f5e5958184b6bf32a3c010cd3,excluded_test_writer
41775,component-d830e0739f0e3bb7,78e1b0984d553d96234c80e3262cd0dc,train
41776,component-4a69427a8ce4180a,3ba3408d6bf9164d95311cfb97d25295,train
41777,component-f3edd7dd77c49b26,acf7bcfd8901c41ebc61560068effc88,train
41778,component-6af0c47f5c99860e,8e2f5cd15cda37395635b35781a3f07f,test
41779,component-07593f249ce4008d,751486584cb569ff1d66a76c74b5aee4,test
4178,component-fadb90c1c496f050,ca3434ef28394210100cd52f56dbc855,train
41780,component-639553348ad68490,dca29c5e9bb9803a72fe9994608d28b3,test
41781,component-e56a2445faf2a41d,1e945d6d30a31e8ae30b7a50d2a829f6,excluded_test_writer
41782,component-17898d8d09b38b0d,824207123b7a0659d765c20454586d83,excluded_test_writer
41783,component-123530e3c1666faf,ed0af8a183acb7f8cc9b80d751c7e581,train
41784,component-f5fef3202de6e80c,76ddb9a0e1e4f23bb4e9b0e3d5659a54,train
41785,component-e8e0fa4e0bd7dce9,fc72ac53f622f7d8d5f3047444b0d3e9,train
41786,component-5a6bc085c6d156f3,69b274a6a80ef9e0ab23c244d1c2c22f,train
41787,component-17005581644c446c,96501d9dc125ba2ec54954cd909cac19,excluded_test_writer
41788,component-89d64016e6abc851,8c61655d176dd68bd598e90f0ac533c8,excluded_test_writer
41789,component-1d1fdf2c039458c6,619e94fca794036846e70938b329cc61,test
4179,component-deab6652843e8518,8cffb0b29bdc89c7190141c2ab939ac4,excluded_test_writer
41791,component-62019da2f8393344,499ad61db0363eed4f2511f6963a8f60,test
41794,component-1c3657ef82d21c9d,5169f7b9ce9906cb54f39bf9777e7a38,test
41795,component-024c1f7cf4bb7a73,51e0d7c1c250f9d59ee8417cded48c6c,test
41796,component-b528091175d0bc7b,fd107bb0f7e0f072d94131023b183e56,train
41797,component-b396a748cf4c4599,9f68596d028811239240237ec4877545,train
41798,component-01111603a66b3cae,a0285a4f669101d5e1b350a0d2c39a9a,excluded_test_writer
41799,component-2ee0359bbb34ae42,c61520f0f8eaf8309ac3557c8824e6f0,excluded_test_writer
418,component-7d721a89c24c4e97,a7e29a34331968fd7c375d8f08928150,train
41800,component-ff37ce395278a1df,c86412e2b2d69e0f0ce091949bdd7b0a,train
41801,component-61a385ece3681b86,14c8230f19a3e3f5ac2ea47b82781f11,test
41802,component-c6e5a7dad0833b78,a5ff5d998a8665d6971f2641df1ebcea,excluded_test_writer
41804,component-b560cc23e265ac39,996647b621773936eae8185ba98218eb,train
41805,component-57c13a1eed05c4e1,1f52d5ecf9e4833c175c7e798cd0f70c,train
41806,component-5a6bc085c6d156f3,69b274a6a80ef9e0ab23c244d1c2c22f,train
41807,component-508940c69169b06f,14fb2754892ec2a13e850cdfdb76039c,train
41808,component-aa444851f6b475d0,3edaa1f54c1726e4e17874448b20ed83,excluded_test_writer
41809,component-34ad4c11a252cc6c,8a788527c3b7bc2f55a1cc75308bcff2,train
41810,component-17a639c2cd80a72b,8e0aeb1fe708813f46cbb9321895fbb1,train
41811,component-50ab9313158c8213,004c4f6a6aada43370aa40650db0415a,excluded_test_writer
41812,component-99ceabae274915b9,cc6c1c3ace14f6c25304bd71597c4f40,train
41813,component-8b4370582d352c9a,4e0675dce7f333f3c938eecd8b6e7305,train
41814,component-d53d170a0d38b2c7,369cabd109be78fce2770dd20d6b47bb,test
41815,component-61761f9420088c4a,cbc314a699457bb6b33270f2d8c06142,excluded_test_writer
41816,component-0300cf94afba8f4c,af32fd6b09ee9c483ca592f7b205430d,train
41817,component-edc3313952243228,3751e0914a532e0da1922f0688d882af,train
41818,component-6173c4c7f31ef718,bdcfc520048489f68332d114bc6d0e3d,train
41819,component-ecb66097b67a04cb,6f294f7cbd08fc3c5d39858ff2af1fa6,excluded_test_writer
4182,component-c468e2f4525fe644,aaa4210ea2d03a51e9694e4ebcb8870b,train
41821,component-ad3895bee6c4e412,5cc393f51b4480ad62cbe5e8e15ea7b1,train
41822,component-21ce2da58ca130d2,ee70eab1be1096a82622cd9afdebf741,train
41823,component-564343cd26bbb110,8630ca2b8f0d070072d9230513f47356,excluded_test_writer
41824,component-81944732bb6a2b43,19d3b6eb05db3263eec06842f443cebf,train
41825,component-a3ac7941e2075791,2606bcbe3565f6d0fadfa31ac6ef7d31,excluded_test_writer
41826,component-51f326e6d02dd21a,f1d21497cae22f9fd783ba6f266cc2fe,test
41828,component-133a4e66a11d8d8d,388530ce0a122fbed145773701f3fa74,train
41829,component-f3f6dd5dcf5fd55d,bda649179464ea65221af277ba25f773,train
4183,component-024c1f7cf4bb7a73,51e0d7c1c250f9d59ee8417cded48c6c,excluded_test_writer
41830,component-5120be82d141723d,593cee189afbf9a433a24c80b6dc1a04,test
41831,component-5a6bc085c6d156f3,69b274a6a80ef9e0ab23c244d1c2c22f,train
41832,component-0300cf94afba8f4c,af32fd6b09ee9c483ca592f7b205430d,train
41833,component-3686e2f49254099e,055520be61515180d53ea1c91d8083f2,excluded_test_duplicate
41834,component-133a4e66a11d8d8d,388530ce0a122fbed145773701f3fa74,train
41835,component-e0d6cbbecacc89f3,a7a1d21b8f90bb88bf8886b0f5e14f8f,test
41836,component-4d67060e393e3d3b,b76e1496f3ac8b0beabfceaf275f35ec,excluded_test_writer
41837,component-85221aee9b04b79c,07f5de5b9146f1dfaf3ac3c4f707a11e,train
41838,component-b94afc74e3af816c,a7226d1e5a4d68e7453486aed4ad5e18,excluded_test_writer
41839,component-77a8eda208b6d787,64f22f46ad6bb37c00e71b74bb0e2b0c,train
4184,component-b5cff5a765a1bd5f,7208d1c4291aba55b130705eea05bb80,train
41840,component-66cb176cac5e96e9,a83590a6c24eb7ff26277c55ae3b201e,test
41841,component-17a639c2cd80a72b,8e0aeb1fe708813f46cbb9321895fbb1,train
41843,component-eee4e521c756e10b,f7380cf5408c3330febecedbb32ed2a9,train
41844,component-06f78a09d7ceb729,6e3157f654b75226e054270c25d3064a,test
41845,component-5a6bc085c6d156f3,69b274a6a80ef9e0ab23c244d1c2c22f,train
41846,component-9ba69e2367277951,ccc752921ca1df4b711524baf5b236b6,excluded_test_writer
41847,component-e56a2445faf2a41d,1e945d6d30a31e8ae30b7a50d2a829f6,test
41849,component-195b3b3199352b9d,08b6ee3a8bbb21c6032fece716abfd48,excluded_test_writer
4185,component-c0ea8310bcf96a71,1c6a8eb893404edeb58981b5f8b084bb,train
41850,component-671802b4fbe961c8,206ae820aafac88dba4211e39de024c3,train
41851,component-508940c69169b06f,14fb2754892ec2a13e850cdfdb76039c,train
41852,component-f727de7fcceb92d7,15ee2cd0dbf7b0f8a4214b1f8283878e,train
41853,component-27af77fa76b7a3a5,3b90c7493d3c82d0403dc08152c7d880,train
41854,component-e466becfb59bfb42,335b5bc1f29201c26581928470873f71,train
41857,component-b4df0fc2bb5bf25b,112f7a6fc629ad732858c9d80440ee13,test
41858,component-a52514bcd3af788a,8a3387f6f3a597c304f2da796921833d,train
41859,component-69bca3d0db131f42,194092901ae126620a3dd26706ab2e7f,train
4186,component-992e50de7e616559,d2d3a4fd6baf8b213200270e5486f738,excluded_test_writer
41860,component-553cff5d20330744,95f093407607f62938734c5ffbc47d5b,train
41862,component-8cd57a6299a82016,f52966aa53c6de1eea9111b7d0feaffb,test
41863,component-8cd57a6299a82016,5615fe4cd21d9e641916c61d57bd0235,excluded_test_writer
41864,component-07d42e93558e8c85,478f25e184221ff23426594154c27fc8,train
41865,component-7d721a89c24c4e97,a7e29a34331968fd7c375d8f08928150,train
41866,component-69b90fea38361513,43d8d88220fd31e8cec0b53d663fcc6b,excluded_test_writer
41867,component-52c920b3646c43a0,d938c9c41ca3be5e56e29bdfbc9dc29f,train
41868,component-59d14b9bae7b16e9,0f842b2154a43b7aab0d43f5ae89cb2f,train
41869,component-cd63f134867d6101,5324a621b5521ec98a35b770c383461c,excluded_test_writer
4187,component-59d14b9bae7b16e9,0f842b2154a43b7aab0d43f5ae89cb2f,train
41871,component-21ab2aa8881e2121,eb1394dd5d20125ff509519ff7f1bd10,test
41872,component-afc0251364629f6e,9fd46b787a01e63b5ccf4bfb1c0a90d5,test
41873,component-6c545cdc619bae76,d87555995f7c34047850c1bcac861a22,excluded_test_writer
41874,component-64417d6aaaab2f4b,32b2d89d9cd9c8036e6f530ed07523a2,train
41875,component-7005cf7e19256f10,c49f58fb67f679d6c4a3a648081f5f6f,train
41877,component-729fccdc3e9f6770,6040a082f9d1c3f5d1c7d3000f5ceda0,train
41878,component-d9712e4c107f759f,63911ee65b038c5b9d998673619ff799,train
4188,component-1c3657ef82d21c9d,5169f7b9ce9906cb54f39bf9777e7a38,excluded_test_writer
41880,component-e64340ffc2469eac,743b53b217ebed6313f3ae13c59bf032,train
41881,component-59d14b9bae7b16e9,0f842b2154a43b7aab0d43f5ae89cb2f,train
41882,component-fa4e9bfbd3b6b368,1d47a86db38d4a419e4def3fea55d0d4,test
41883,component-3492c8caecaacbb7,5a048dd797c1fa19347714cad356a282,excluded_test_writer
41884,component-30e42d5c4f2769e7,28be031ccabcd19e265a27e44884512f,train
41885,component-76e67a121213e1ac,1ae70ca62bcbcc0ef3d4eb3fc89fd0f0,train
41886,component-481ffc6f011fa638,a9283e4106af55a42113f894a1315ac9,excluded_test_writer
41887,component-bef8f63899c05634,dbde34eeb2f1290609ca6bffac1a5180,excluded_test_writer
4189,component-61761f9420088c4a,cbc314a699457bb6b33270f2d8c06142,excluded_test_writer
41891,component-c0ea8310bcf96a71,1c6a8eb893404edeb58981b5f8b084bb,train
41892,component-7b9a86d8e8b56a0d,dbdcf55b72c3eeb6828f6717be44d89f,excluded_test_writer
41893,component-f6b46c11a9fcda95,5f02a65b9f324b861ecc9a4f32dea92a,train
41894,component-03568d0f84e73357,8ca04c9558c57635a4ee1e628b384e4e,train
41895,component-2412eb7ee7d4d72a,fe41201a6f4f7fac69671278909b9fc9,test
41896,component-b5cff5a765a1bd5f,7208d1c4291aba55b130705eea05bb80,train
41897,component-26ab916907af1f7c,155102d7ed2b054b51d8707b93f9a127,excluded_test_writer
41898,component-61761f9420088c4a,cbc314a699457bb6b33270f2d8c06142,excluded_test_writer
41899,component-64417d6aaaab2f4b,32b2d89d9cd9c8036e6f530ed07523a2,train
419,component-f1e301cc23f02622,439da70f91392dbb5be743be4fce150e,train
4190,component-3f5f0df2ce10414c,0c6c289ed8b1fe62941f791617f26ee3,train
41900,component-0300cf94afba8f4c,af32fd6b09ee9c483ca592f7b205430d,train
41903,component-292859f16cb68a96,e98897d9d0d4fc6fac1d5fbb26749711,train
41904,component-5952ad07401a1070,2fc8a2681a2ed038015abe42ce9904a2,excluded_test_writer
41906,component-e93101b282ebacf4,ed3a797dc5ca4ffae93cc63a79b07654,train
41907,component-a3ac7941e2075791,2606bcbe3565f6d0fadfa31ac6ef7d31,excluded_test_writer
41908,component-dbd227389d130cb8,31ae1c8273ef289096924c925774568e,train
41909,component-e56c1e91741ecf02,e8ea2ed954e70f4dc5bf09c124f57ede,train
41910,component-992e50de7e616559,d2d3a4fd6baf8b213200270e5486f738,excluded_test_writer
41911,component-d6f7a35b65f0935e,d72044a3d9c527f250a500a42a43d7f7,train
41912,component-1f646d92d4a92898,457c50b77ea38d6238f6d7185a380418,test
41917,component-64417d6aaaab2f4b,32b2d89d9cd9c8036e6f530ed07523a2,train
41919,component-71e9111df246909f,a23520ce04159cc8edb89e770a849da9,train
41920,component-6e7d941d7d276401,b87b68a1fa8d28b8536a2f2f15bf8039,train
41921,component-6841e4817308e3c7,1992865c4025f049908ecfb90c379f57,excluded_test_writer
41923,component-024c1f7cf4bb7a73,51e0d7c1c250f9d59ee8417cded48c6c,excluded_test_writer
41925,component-7d8429b386c84c30,a58f95b5afd380c122fcfaf889f2ffda,excluded_test_writer
41926,component-c53ae488703edf92,145542f73bfcb2c9577d249345d6c60e,excluded_test_writer
41927,component-292859f16cb68a96,e98897d9d0d4fc6fac1d5fbb26749711,train
41928,component-0300cf94afba8f4c,af32fd6b09ee9c483ca592f7b205430d,train
41929,component-bca810d52efd658a,2ba9c61e159782115ac217c3108bb024,excluded_test_duplicate
4193,component-fa4e9bfbd3b6b368,1d47a86db38d4a419e4def3fea55d0d4,excluded_test_writer
41930,component-369a07ace01d35fd,3469e4a61ae08bda93d3fb4a82635fde,train
41932,component-440f3ac675bed17a,359e2da8f7a48d5152723cc9eaa1bf55,train
4197,component-6f5270ae368d833b,e1f025a4c6bf710866d8d4496189feb8,excluded_test_writer
4198,component-958a192391e152ff,70c56f62341d9cb08109f562381a35d3,train
420,component-8421c658f714183d,0890832440755d905efb15aaf3b4d072,train
4200,component-f6b46c11a9fcda95,5f02a65b9f324b861ecc9a4f32dea92a,train
4202,component-64417d6aaaab2f4b,32b2d89d9cd9c8036e6f530ed07523a2,train
4203,component-52c920b3646c43a0,d938c9c41ca3be5e56e29bdfbc9dc29f,train
4204,component-481ffc6f011fa638,a9283e4106af55a42113f894a1315ac9,excluded_test_writer
4205,component-181a1063a7b7597a,95f6ba82430a5b44af213101370eadee,excluded_test_writer
4206,component-717bbb726e3a40bd,5787615bf16967511eb9e48dff781d64,excluded_test_writer
4207,component-c0ea8310bcf96a71,1c6a8eb893404edeb58981b5f8b084bb,train
4209,component-625a9c770505e881,13041dd189789ecd0a0aa1e252633558,train
421,component-71f6e1301ef2c7e2,fd5173cc96b187b865bcfb84d627020d,excluded_test_writer
4211,component-e64340ffc2469eac,743b53b217ebed6313f3ae13c59bf032,train
4212,component-992e50de7e616559,d2d3a4fd6baf8b213200270e5486f738,excluded_test_writer
4213,component-28789a01958becdb,8f8e58fa7f8a23a1f1b6d763369fc2a2,test
4215,component-1efa7977ce050b72,f3a3da13b3482fdbedf2e67b8df02a06,test
4216,component-deab6652843e8518,8cffb0b29bdc89c7190141c2ab939ac4,excluded_test_writer
4217,component-7ec7bbd3677bee60,1ef1a576e3fe5ac4610bc28be4446946,test
4218,component-89c1baf80810ed35,daff0f022df58c856d97bbf0dedd3e04,train
4219,component-6a0a323dee59cd41,93f90fa1e7890f22e7b32843d7b0afba,train
422,component-5658b88806a236b6,8c0d94058c19bef1f06871528866c042,train
4220,component-9b47fbc59a6def07,eb239fbf5143766bc05813edcc4b9954,train
4221,component-442166b38b3918e9,4c3d89b963095abf887d67075c4e31ee,train
4222,component-f727de7fcceb92d7,15ee2cd0dbf7b0f8a4214b1f8283878e,train
4223,component-baa5d65deecd4763,d5297113b5514cbd5c4039c94055fe25,train
4224,component-d9bdf2b6e43dd925,82246ac3998389eb0da5d5e0736ee969,excluded_test_writer
4225,component-a52514bcd3af788a,8a3387f6f3a597c304f2da796921833d,train
4226,component-51ee8c1c425955ad,d5206cf5032fafa24bb493c7c9898b99,train
4227,component-62915850e3222aa1,5e61c4631083c5af606ae125dc55aeb6,excluded_test_writer
4228,component-57322003eb76f671,c4e31a13c41c5ebdf722f10fe7687f7a,train
4229,component-2612775eacdbf729,54aa1da7754327b37e3bb2b27592a54c,train
423,component-e466becfb59bfb42,335b5bc1f29201c26581928470873f71,train
4230,component-7d721a89c24c4e97,a7e29a34331968fd7c375d8f08928150,train
4231,component-65bb99a50450dfa9,24422fabf6223f9ddc670656a3bbf596,train
4233,component-1a844e9ec2cf30d3,38b63d598afab138fa330ce128922e22,train
4237,component-fdb1df97b5d9502e,b7c50f1b16cb63234a0e1616a26f30db,excluded_test_writer
4239,component-f8157ec3112accf2,9cfc1d0a0872e510b54595a27cbce94c,train
424,component-51ee8c1c425955ad,d5206cf5032fafa24bb493c7c9898b99,train
4240,component-9d61083100505a6d,a63e7313178d263eb8f01c34376d0768,train
4241,component-69b90fea38361513,43d8d88220fd31e8cec0b53d663fcc6b,excluded_test_writer
4243,component-0bb6309f4b0c4897,f7a7ff103eb75f0ef7b4d053a2115aef,train
4245,component-c0ea8310bcf96a71,1c6a8eb893404edeb58981b5f8b084bb,train
4246,component-bca810d52efd658a,2ba9c61e159782115ac217c3108bb024,excluded_test_duplicate
4247,component-481ffc6f011fa638,a9283e4106af55a42113f894a1315ac9,excluded_test_writer
4248,component-292859f16cb68a96,e98897d9d0d4fc6fac1d5fbb26749711,train
425,component-baa5d65deecd4763,d5297113b5514cbd5c4039c94055fe25,train
4250,component-3bc098c10285bf1e,b5a6b4f8e4faf7931fee9b9c3a321a8f,train
4251,component-71e9111df246909f,a23520ce04159cc8edb89e770a849da9,train
4253,component-bfe9c3c5714f2f37,5e367e38c951d86c1ca05679f5bf5149,train
4254,component-357c08aaae039838,62d0fec7bc5789b32d4dadc7ff3d60bb,test
4255,component-d4644f9bb0a96cd2,9c588d4c8b55c7651af247af90a2205f,train
4257,component-86996f552010b417,ace55af64374ab4b57bffd1554bff578,train
4258,component-5ad0732245eb48b7,7b1e77b2ecb36bd61b5a45dbb454ce15,train
4259,component-56f66dd499af02b7,2bb0b2dc21ebcd1255f295143e524967,excluded_test_writer
426,component-a1c99a146b0f7ad7,3818801b722063595137fcb302bc3d5d,train
4260,component-c0ea8310bcf96a71,1c6a8eb893404edeb58981b5f8b084bb,train
4261,component-64417d6aaaab2f4b,32b2d89d9cd9c8036e6f530ed07523a2,train
4263,component-bca810d52efd658a,2ba9c61e159782115ac217c3108bb024,excluded_test_duplicate
4266,component-6e7d941d7d276401,b87b68a1fa8d28b8536a2f2f15bf8039,train
4267,component-955df2149dbc156b,f3bb1f8c71e7611b4bcee1473cc638f5,excluded_test_writer
4268,component-52c920b3646c43a0,d938c9c41ca3be5e56e29bdfbc9dc29f,train
4269,component-0450238a65c0f828,550c443415c3203dffb8798f9b400ba6,test
4270,component-bef8f63899c05634,dbde34eeb2f1290609ca6bffac1a5180,excluded_test_writer
4271,component-6943da448d7fe003,1bd1328ea73e5cb11cc70fad9444ee6c,train
4274,component-3686e2f49254099e,055520be61515180d53ea1c91d8083f2,excluded_test_duplicate
4275,component-deab6652843e8518,8cffb0b29bdc89c7190141c2ab939ac4,excluded_test_writer
4276,component-b528091175d0bc7b,fd107bb0f7e0f072d94131023b183e56,train
4277,component-d4644f9bb0a96cd2,9c588d4c8b55c7651af247af90a2205f,train
4278,component-958a192391e152ff,70c56f62341d9cb08109f562381a35d3,train
4279,component-b45048bf83d0e17f,38645a50baf4a081323aa8ad215d0a18,train
428,component-cbf2f7864f1c9883,c8663b26d1bcefd687a81550c24c2820,test
4280,component-7b9a86d8e8b56a0d,dbdcf55b72c3eeb6828f6717be44d89f,excluded_test_writer
4281,component-878993918fc2c416,0047e5ea491e69bb2e33e71102c45656,test
4282,component-64417d6aaaab2f4b,32b2d89d9cd9c8036e6f530ed07523a2,train
4283,component-c0ea8310bcf96a71,1c6a8eb893404edeb58981b5f8b084bb,train
4284,component-481ffc6f011fa638,a9283e4106af55a42113f894a1315ac9,excluded_test_writer
4285,component-292859f16cb68a96,e98897d9d0d4fc6fac1d5fbb26749711,train
4286,component-ee7f28fec27a3a90,bbe0915fa223e2dd0d33b4cf0d2e2fec,train
4288,component-907cfead4ffffecf,4c066d72d2e5a596629fe5d3c236dedd,test
4289,component-bca810d52efd658a,2ba9c61e159782115ac217c3108bb024,excluded_test_duplicate
429,component-2d1007980f492153,a6984cd37cac6ef3b6dbaee53d5ffb9c,test
4290,component-cc28d893176b8cd8,417b95fc4fd547ef5aa58aed9511be0d,test
4291,component-e56cd3db435b9987,2312d2d8829be52512e8206ba471aa3e,excluded_test_writer
4292,component-26ab916907af1f7c,155102d7ed2b054b51d8707b93f9a127,excluded_test_writer
4293,component-f12e915e8907cebc,ca646b14225dc8625db9076e7fa27dc4,train
4294,component-7ef4694c838dc3db,2dd350bd09226138040c3e1752c859ef,train
4297,component-deab6652843e8518,8cffb0b29bdc89c7190141c2ab939ac4,excluded_test_writer
4299,component-940b88c096963190,89571a55c88b97dc64fd6a85a4e60ad1,excluded_test_writer
43,component-8cd57a6299a82016,f52966aa53c6de1eea9111b7d0feaffb,excluded_test_writer
430,component-2612775eacdbf729,54aa1da7754327b37e3bb2b27592a54c,train
4301,component-0bb6309f4b0c4897,f7a7ff103eb75f0ef7b4d053a2115aef,train
4303,component-02858890babfa9bd,856a1033afaf0864f4850f61427f293a,train
4304,component-f7114d1a419db356,82ba383f5e5958184b6bf32a3c010cd3,test
4306,component-181a1063a7b7597a,95f6ba82430a5b44af213101370eadee,test
4307,component-481ffc6f011fa638,a9283e4106af55a42113f894a1315ac9,excluded_test_writer
4308,component-64417d6aaaab2f4b,32b2d89d9cd9c8036e6f530ed07523a2,train
4309,component-717bbb726e3a40bd,5787615bf16967511eb9e48dff781d64,excluded_test_writer
431,component-57322003eb76f671,c4e31a13c41c5ebdf722f10fe7687f7a,train
4310,component-292859f16cb68a96,e98897d9d0d4fc6fac1d5fbb26749711,train
4311,component-024c1f7cf4bb7a73,51e0d7c1c250f9d59ee8417cded48c6c,excluded_test_writer
4312,component-52c920b3646c43a0,d938c9c41ca3be5e56e29bdfbc9dc29f,train
4313,component-3c4dcf6dfc899bd6,dbbe94c60002a5007e4d14955b260ca7,train
4314,component-ad83e7b0b21b24d2,c69a3bc4a3fabb3b56d7ed96e1478f8e,train
4315,component-c2e0112d206a41c0,3223faee81ddd88de5936b691f7c9915,train
4317,component-49a57aab5a13e055,15162cb7943674d2049c2839f4785675,test
4318,component-deab6652843e8518,8cffb0b29bdc89c7190141c2ab939ac4,excluded_test_writer
432,component-98f1f17f9a73ccfe,ede38493505000e6579456e08a6e2206,train
4321,component-3964f8022ba5eab8,48a27f0fe7cc59049eee459745132562,excluded_test_writer
4323,component-3686e2f49254099e,055520be61515180d53ea1c91d8083f2,excluded_test_duplicate
4324,component-29d50a8cf13a8471,c827680370928a8e4be6db32a810625a,train
4325,component-292859f16cb68a96,e98897d9d0d4fc6fac1d5fbb26749711,train
4326,component-5a968d8cd10c53dc,29af5d84e5e408935d7f2f7ca8302d60,train
4327,component-8cd57a6299a82016,5615fe4cd21d9e641916c61d57bd0235,test
4328,component-024c1f7cf4bb7a73,51e0d7c1c250f9d59ee8417cded48c6c,excluded_test_writer
433,component-aaf01d71b55e51b1,7fb68ba99e8d3343628dcbeb1d3b6561,train
4331,component-a0bdf5ed272909b4,6428be347990d20a948c355a32e2afa8,excluded_test_writer
4332,component-992e50de7e616559,d2d3a4fd6baf8b213200270e5486f738,excluded_test_writer
4335,component-c468e2f4525fe644,aaa4210ea2d03a51e9694e4ebcb8870b,train
4336,component-c6e5a7dad0833b78,a5ff5d998a8665d6971f2641df1ebcea,excluded_test_writer
4337,component-2657482116a56061,be6e26bbb8a266e12fa6f34aba549f68,test
4338,component-711b63d5516e336e,3d3a27b011274af014f7ed4839a3f986,train
4339,component-e56dc8e900b93031,461fc2095480b5a1f942884d5e9ea5bb,train
434,component-782cf9e3ebb44df7,6f0101c3af4979061d05736f54d20612,excluded_test_writer
4343,component-26ab916907af1f7c,155102d7ed2b054b51d8707b93f9a127,test
4344,component-52c920b3646c43a0,d938c9c41ca3be5e56e29bdfbc9dc29f,train
4345,component-958a192391e152ff,70c56f62341d9cb08109f562381a35d3,train
4347,component-a0bdf5ed272909b4,6428be347990d20a948c355a32e2afa8,excluded_test_writer
4348,component-955df2149dbc156b,f3bb1f8c71e7611b4bcee1473cc638f5,test
4349,component-c468e2f4525fe644,aaa4210ea2d03a51e9694e4ebcb8870b,train
435,component-9d61083100505a6d,a63e7313178d263eb8f01c34376d0768,train
4351,component-5736b9db038d175f,95de5ea3f15ceb8e91765111fe30dba4,train
4352,component-deab6652843e8518,8cffb0b29bdc89c7190141c2ab939ac4,excluded_test_writer
4353,component-f8feb05f30d18136,073f23c3686178193a2da4ccc9e97858,train
4354,component-024c1f7cf4bb7a73,51e0d7c1c250f9d59ee8417cded48c6c,excluded_test_writer
4356,component-8107b392cd1c8093,86de1eb167e42379cd087bbe8bbecdc7,train
4357,component-e56dc8e900b93031,461fc2095480b5a1f942884d5e9ea5bb,train
4358,component-7842ecd208229f64,a3dd5279bca73c6006a6a72b7cc52ddc,train
4360,component-3964f8022ba5eab8,48a27f0fe7cc59049eee459745132562,excluded_test_writer
4363,component-292859f16cb68a96,e98897d9d0d4fc6fac1d5fbb26749711,train
4364,component-b6b5bd7570fc16c0,6bfd2605e536e41673a5e5a2e3052c7d,test
4365,component-d13d114d242bf9c7,c8044bbfa502fb17156cf7790696af59,excluded_test_writer
4366,component-cdec1354bf8de7ea,83cb38a6995db9d06cfa0482383bf5e8,excluded_test_writer
4367,component-86996f552010b417,ace55af64374ab4b57bffd1554bff578,train
4368,component-c468e2f4525fe644,aaa4210ea2d03a51e9694e4ebcb8870b,train
4369,component-deab6652843e8518,8cffb0b29bdc89c7190141c2ab939ac4,excluded_test_writer
437,component-62915850e3222aa1,5e61c4631083c5af606ae125dc55aeb6,test
4370,component-e56dc8e900b93031,461fc2095480b5a1f942884d5e9ea5bb,train
4371,component-8cd57a6299a82016,f52966aa53c6de1eea9111b7d0feaffb,excluded_test_writer
4374,component-2e301cae336d2b7a,7688a6f3f761cfabbc85909c3f028756,train
4375,component-7ac6a6c967846a7a,b52412ca7d1f28f185906ecdfce0c288,train
4376,component-6554715d594037f7,7be095ba75fee799c89c2906c5ecafc9,train
4377,component-f46bf8ba66fe18d1,257318ce48008e4c0842b375467274a0,excluded_test_writer
4379,component-c2e0112d206a41c0,3223faee81ddd88de5936b691f7c9915,train
438,component-b59f9559b571fc49,70a45d14a025014d69c48954f8a50bbf,test
4381,component-f727de7fcceb92d7,15ee2cd0dbf7b0f8a4214b1f8283878e,train
4382,component-f6b46c11a9fcda95,5f02a65b9f324b861ecc9a4f32dea92a,train
4383,component-b4df0fc2bb5bf25b,112f7a6fc629ad732858c9d80440ee13,excluded_test_writer
4384,component-51ee8c1c425955ad,d5206cf5032fafa24bb493c7c9898b99,train
4386,component-782cf9e3ebb44df7,6f0101c3af4979061d05736f54d20612,excluded_test_writer
4387,component-d9bdf2b6e43dd925,82246ac3998389eb0da5d5e0736ee969,test
4388,component-bef8f63899c05634,dbde34eeb2f1290609ca6bffac1a5180,excluded_test_writer
4389,component-69b90fea38361513,43d8d88220fd31e8cec0b53d663fcc6b,excluded_test_writer
439,component-050a010ce24d0896,a7dfe4e998476a35844f9bc9c7b35bc3,test
4390,component-1a844e9ec2cf30d3,38b63d598afab138fa330ce128922e22,train
4391,component-30e42d5c4f2769e7,28be031ccabcd19e265a27e44884512f,train
4392,component-f7114d1a419db356,82ba383f5e5958184b6bf32a3c010cd3,excluded_test_writer
4393,component-1c3657ef82d21c9d,5169f7b9ce9906cb54f39bf9777e7a38,excluded_test_writer
4394,component-59d14b9bae7b16e9,0f842b2154a43b7aab0d43f5ae89cb2f,train
4395,component-024c1f7cf4bb7a73,51e0d7c1c250f9d59ee8417cded48c6c,excluded_test_writer
4396,component-76e67a121213e1ac,1ae70ca62bcbcc0ef3d4eb3fc89fd0f0,train
4397,component-2cc3d1749c6f11d8,1b68161f1d49dd516b0a97e6340032d7,train
4398,component-0450238a65c0f828,550c443415c3203dffb8798f9b400ba6,excluded_test_writer
4399,component-0bb6309f4b0c4897,f7a7ff103eb75f0ef7b4d053a2115aef,train
44,component-442166b38b3918e9,4c3d89b963095abf887d67075c4e31ee,train
440,component-e3f6959781c353c2,a5c47b7bcf9deee687c8725158ed8b8b,train
4400,component-bd8e4f57472d07d3,478cd81e67a5208ca52ff5a84aa15f77,test
4401,component-c0ea8310bcf96a71,1c6a8eb893404edeb58981b5f8b084bb,train
4402,component-50504630789983b0,473cb889d5251e5d1db3426994eff442,excluded_test_writer
4403,component-564343cd26bbb110,8630ca2b8f0d070072d9230513f47356,excluded_test_writer
4404,component-52c920b3646c43a0,d938c9c41ca3be5e56e29bdfbc9dc29f,train
4405,component-86803bd4e97aa9b8,a5934a16cf7f623fc7a3ff56151b41f0,excluded_test_writer
4407,component-e56dc8e900b93031,461fc2095480b5a1f942884d5e9ea5bb,train
4408,component-b94afc74e3af816c,a7226d1e5a4d68e7453486aed4ad5e18,test
4409,component-50218bc6f1b10d98,5ea8c124cbe263175a016940365b9ccb,excluded_test_writer
441,component-2dfe70c43208f52b,1a866d1ca818b066fc8f8d9d7997606b,test
4410,component-17005581644c446c,96501d9dc125ba2ec54954cd909cac19,test
4411,component-eb907d820b48c0f8,ac30cdca18b6df197eb1ea421d22852e,train
4412,component-deab6652843e8518,8cffb0b29bdc89c7190141c2ab939ac4,excluded_test_writer
4413,component-c468e2f4525fe644,aaa4210ea2d03a51e9694e4ebcb8870b,train
4414,component-6b7a8e06a9833d61,f954e0453ab73867837d608461f49ad3,train
4415,component-6ca11a1c33928ec0,f4878d85362bd80fed048c0e80b5059f,excluded_test_writer
4418,component-d0e4378fd3fb7b35,9e92c09bad62c5db783ee889d7a685e0,excluded_test_writer
4419,component-b6b5bd7570fc16c0,6bfd2605e536e41673a5e5a2e3052c7d,excluded_test_writer
442,component-8cd57a6299a82016,5615fe4cd21d9e641916c61d57bd0235,excluded_test_writer
4420,component-c0ea8310bcf96a71,1c6a8eb893404edeb58981b5f8b084bb,train
4421,component-e56dc8e900b93031,461fc2095480b5a1f942884d5e9ea5bb,train
4422,component-d6c26e9300a3779b,fdaa9bfdaf387bdc7eba1cd886a0ea12,excluded_test_writer
4424,component-0300cf94afba8f4c,af32fd6b09ee9c483ca592f7b205430d,train
4425,component-5120be82d141723d,593cee189afbf9a433a24c80b6dc1a04,excluded_test_writer
4427,component-e49e72095ac9721b,0b6c7670477e39678e370c03ffd76492,train
4428,component-5a9004fcf603dba4,eb4eaaae3af26ea0db9796bf1601aa44,train
4429,component-4b6fd530c8dced5e,7a2adaf93f8f0b58b59067df60e12e0d,excluded_test_writer
443,component-51ee8c1c425955ad,d5206cf5032fafa24bb493c7c9898b99,train
4430,component-6af0c47f5c99860e,8e2f5cd15cda37395635b35781a3f07f,excluded_test_writer
4431,component-8818fd6d967f8810,33b622e0e1d315c54fad94ed3e893d68,test
4432,component-c848d8b966371b67,3dd47c179a402c22636dcdc6ecc442eb,train
4433,component-8c059aad9e8b1f53,ff1ae88153aa7c2b3f3c856eae8e1304,train
4434,component-9ba69e2367277951,ccc752921ca1df4b711524baf5b236b6,excluded_test_writer
4435,component-deab6652843e8518,8cffb0b29bdc89c7190141c2ab939ac4,excluded_test_writer
4436,component-eb907d820b48c0f8,ac30cdca18b6df197eb1ea421d22852e,train
4437,component-c350c74005e798fd,7b127119b469019d03283e38449b2045,excluded_test_writer
4438,component-e56c1e91741ecf02,e8ea2ed954e70f4dc5bf09c124f57ede,train
4439,component-fd28e91e53afe488,6acaffd3bbd5414c182b2fc91b0294a6,train
444,component-e466becfb59bfb42,335b5bc1f29201c26581928470873f71,train
4440,component-76e67a121213e1ac,1ae70ca62bcbcc0ef3d4eb3fc89fd0f0,train
4441,component-b6b5bd7570fc16c0,6bfd2605e536e41673a5e5a2e3052c7d,excluded_test_writer
4442,component-292859f16cb68a96,e98897d9d0d4fc6fac1d5fbb26749711,train
4444,component-c468e2f4525fe644,aaa4210ea2d03a51e9694e4ebcb8870b,train
4445,component-7cb6e6caf975f0da,eb7219ef230f68ff0102a9aa66da4ba1,excluded_test_writer
4447,component-c0ea8310bcf96a71,1c6a8eb893404edeb58981b5f8b084bb,train
4448,component-deab6652843e8518,8cffb0b29bdc89c7190141c2ab939ac4,excluded_test_writer
4449,component-56f66dd499af02b7,2bb0b2dc21ebcd1255f295143e524967,excluded_test_writer
445,component-0e12831a7047f759,185852ad8a4bd2b317b4efc3f10f9e0f,train
4450,component-7b9a86d8e8b56a0d,dbdcf55b72c3eeb6828f6717be44d89f,excluded_test_writer
4451,component-e56dc8e900b93031,461fc2095480b5a1f942884d5e9ea5bb,train
4452,component-b94afc74e3af816c,a7226d1e5a4d68e7453486aed4ad5e18,excluded_test_writer
4454,component-4fef435542047269,b22dfa8a0ee80d248313d8f49507ee19,test
4455,component-dec1ab2f6d6e994c,90c32469db2302b4eaa356a72d917955,train
4458,component-195b3b3199352b9d,08b6ee3a8bbb21c6032fece716abfd48,excluded_test_writer
4459,component-6ca11a1c33928ec0,f4878d85362bd80fed048c0e80b5059f,excluded_test_writer
446,component-65bb99a50450dfa9,24422fabf6223f9ddc670656a3bbf596,train
4461,component-fe36bba93dc4e44b,702986e4c5392b786c01ae8da985a79b,test
4462,component-61761f9420088c4a,cbc314a699457bb6b33270f2d8c06142,excluded_test_writer
4463,component-b6b5bd7570fc16c0,6bfd2605e536e41673a5e5a2e3052c7d,excluded_test_writer
4464,component-292859f16cb68a96,e98897d9d0d4fc6fac1d5fbb26749711,train
4465,component-c0ea8310bcf96a71,1c6a8eb893404edeb58981b5f8b084bb,train
4466,component-e56dc8e900b93031,461fc2095480b5a1f942884d5e9ea5bb,train
4467,component-4cf2706e09bee5f4,c9811aa06db3812a84d9e3892777a52f,train
4468,component-8cd57a6299a82016,f52966aa53c6de1eea9111b7d0feaffb,excluded_test_writer
4469,component-deab6652843e8518,8cffb0b29bdc89c7190141c2ab939ac4,excluded_test_writer
447,component-62d5471123c81914,6cabea2d9e88635934fa98a0513c2133,train
4470,component-26fa2f813dbf46fa,9017bc8c4cec34f1aed5aedee2bbc9fa,excluded_test_writer
4471,component-7d8429b386c84c30,a58f95b5afd380c122fcfaf889f2ffda,excluded_test_writer
4472,component-77a8eda208b6d787,64f22f46ad6bb37c00e71b74bb0e2b0c,train
4473,component-5a9004fcf603dba4,eb4eaaae3af26ea0db9796bf1601aa44,train
4474,component-85221aee9b04b79c,07f5de5b9146f1dfaf3ac3c4f707a11e,train
4475,component-1b95c8a0dad14118,b476c476c533bda26750d938499a924a,test
4477,component-eee4e521c756e10b,f7380cf5408c3330febecedbb32ed2a9,train
4478,component-0b8b31fda0b3d6f1,14366586d6b6f0e68b7804df82efded5,train
4480,component-0c82f207d1b1d784,07668db6e3f93c0296c944b97824de1f,train
4481,component-717bbb726e3a40bd,5787615bf16967511eb9e48dff781d64,excluded_test_writer
4482,component-76e67a121213e1ac,1ae70ca62bcbcc0ef3d4eb3fc89fd0f0,train
4484,component-c0ea8310bcf96a71,1c6a8eb893404edeb58981b5f8b084bb,train
4486,component-ff82f8369bf72d2b,78e6d67d1c7755b2499b4dcdea01b09b,train
4487,component-c468e2f4525fe644,aaa4210ea2d03a51e9694e4ebcb8870b,train
4489,component-1bf0b26770bd3a37,12a21ca381cd05df6086b5b722766773,excluded_test_writer
449,component-4a30a219a9d7663f,64e908bbd6c6203abfe37df7e671acf9,test
4490,component-44489ca1033a2925,fa75a7a38a23f63886ac214a8839e501,test
4491,component-52c920b3646c43a0,d938c9c41ca3be5e56e29bdfbc9dc29f,train
4492,component-147c6ee079588987,f9f5d01311e23769b4cacd22e498bfe8,train
4494,component-6554715d594037f7,7be095ba75fee799c89c2906c5ecafc9,train
4495,component-f46bf8ba66fe18d1,257318ce48008e4c0842b375467274a0,excluded_test_writer
4496,component-5952ad07401a1070,2fc8a2681a2ed038015abe42ce9904a2,test
4497,component-deab6652843e8518,8cffb0b29bdc89c7190141c2ab939ac4,test
4498,component-92d80bfee713f02d,d6bfb552f0707e92b2892080a1c5a9ca,excluded_test_writer
4499,component-50504630789983b0,473cb889d5251e5d1db3426994eff442,excluded_test_writer
45,component-27af77fa76b7a3a5,3b90c7493d3c82d0403dc08152c7d880,train
450,component-febe6e7bdda399a3,ce6901eefc2e8986be8f63830a64b351,train
4500,component-8cd57a6299a82016,5615fe4cd21d9e641916c61d57bd0235,excluded_test_writer
4501,component-52c920b3646c43a0,d938c9c41ca3be5e56e29bdfbc9dc29f,train
4502,component-c0ea8310bcf96a71,1c6a8eb893404edeb58981b5f8b084bb,train
4504,component-61761f9420088c4a,cbc314a699457bb6b33270f2d8c06142,test
4505,component-6f5270ae368d833b,e1f025a4c6bf710866d8d4496189feb8,excluded_test_writer
4506,component-7b9a86d8e8b56a0d,dbdcf55b72c3eeb6828f6717be44d89f,excluded_test_writer
4507,component-c350c74005e798fd,7b127119b469019d03283e38449b2045,excluded_test_writer
4508,component-77a8eda208b6d787,64f22f46ad6bb37c00e71b74bb0e2b0c,train
4509,component-0300cf94afba8f4c,af32fd6b09ee9c483ca592f7b205430d,train
4510,component-d6c26e9300a3779b,fdaa9bfdaf387bdc7eba1cd886a0ea12,test
4513,component-4cf2706e09bee5f4,c9811aa06db3812a84d9e3892777a52f,train
4514,component-8cd57a6299a82016,f52966aa53c6de1eea9111b7d0feaffb,excluded_test_writer
4515,component-deab6652843e8518,8cffb0b29bdc89c7190141c2ab939ac4,excluded_test_writer
4517,component-9ba69e2367277951,ccc752921ca1df4b711524baf5b236b6,test
4519,component-f36e412aea00d7c6,6be6bcc85667d1a83ff0624211afaca2,test
452,component-a1c99a146b0f7ad7,3818801b722063595137fcb302bc3d5d,train
4520,component-181a1063a7b7597a,95f6ba82430a5b44af213101370eadee,excluded_test_writer
4521,component-b1ded99722cf8de8,4f4dd88d52cd627c548e68f79074d659,train
4522,component-7842ecd208229f64,a3dd5279bca73c6006a6a72b7cc52ddc,train
4523,component-c0ea8310bcf96a71,1c6a8eb893404edeb58981b5f8b084bb,train
4524,component-c468e2f4525fe644,aaa4210ea2d03a51e9694e4ebcb8870b,train
4525,component-7d8429b386c84c30,a58f95b5afd380c122fcfaf889f2ffda,excluded_test_writer
4526,component-61761f9420088c4a,cbc314a699457bb6b33270f2d8c06142,excluded_test_writer
4527,component-a8b69680fcbf56bb,fba2177fcf1c169dd45e575b55cad8d1,excluded_test_writer
4529,component-5a9004fcf603dba4,eb4eaaae3af26ea0db9796bf1601aa44,train
4530,component-0b8b31fda0b3d6f1,14366586d6b6f0e68b7804df82efded5,train
4531,component-60eff0df5c104753,1f2418794a56e5b8673694072380deb7,train
4532,component-e56c1e91741ecf02,e8ea2ed954e70f4dc5bf09c124f57ede,train
4533,component-50504630789983b0,473cb889d5251e5d1db3426994eff442,excluded_test_writer
4534,component-0300cf94afba8f4c,af32fd6b09ee9c483ca592f7b205430d,train
4535,component-92d80bfee713f02d,d6bfb552f0707e92b2892080a1c5a9ca,excluded_test_writer
4537,component-e56dc8e900b93031,461fc2095480b5a1f942884d5e9ea5bb,train
4538,component-4b6fd530c8dced5e,7a2adaf93f8f0b58b59067df60e12e0d,test
4539,component-012b946b1029081b,88de000c4daa6aa84250f96f0ae76dac,test
454,component-fdb1df97b5d9502e,b7c50f1b16cb63234a0e1616a26f30db,test
4541,component-f727de7fcceb92d7,15ee2cd0dbf7b0f8a4214b1f8283878e,train
4542,component-2612775eacdbf729,54aa1da7754327b37e3bb2b27592a54c,train
4543,component-30e42d5c4f2769e7,28be031ccabcd19e265a27e44884512f,train
4544,component-3964f8022ba5eab8,48a27f0fe7cc59049eee459745132562,excluded_test_writer
4545,component-0bb6309f4b0c4897,f7a7ff103eb75f0ef7b4d053a2115aef,train
4546,component-59d14b9bae7b16e9,0f842b2154a43b7aab0d43f5ae89cb2f,train
4547,component-3686e2f49254099e,055520be61515180d53ea1c91d8083f2,excluded_test_duplicate
4548,component-5a968d8cd10c53dc,29af5d84e5e408935d7f2f7ca8302d60,train
4549,component-deab6652843e8518,8cffb0b29bdc89c7190141c2ab939ac4,excluded_test_writer
4550,component-55958b2107c16eb4,aca121986fd49ebc08be2d0b956084f7,excluded_test_writer
4553,component-3da8c7b2f0cdecf7,71d594ed2d6a870379affae62110f983,train
4554,component-c6e5a7dad0833b78,a5ff5d998a8665d6971f2641df1ebcea,excluded_test_writer
4555,component-52a55057b498b3ae,bf1556d461b13b88890ed78eb8db84ff,train
4556,component-b6b5bd7570fc16c0,6bfd2605e536e41673a5e5a2e3052c7d,excluded_test_writer
4557,component-7ae72d7f3243ae25,c340c448618fd5f241ff289b6234985c,train
4558,component-7cb6e6caf975f0da,eb7219ef230f68ff0102a9aa66da4ba1,excluded_test_writer
4559,component-940b88c096963190,89571a55c88b97dc64fd6a85a4e60ad1,excluded_test_writer
456,component-3f5f0df2ce10414c,0c6c289ed8b1fe62941f791617f26ee3,train
4561,component-61761f9420088c4a,cbc314a699457bb6b33270f2d8c06142,excluded_test_writer
4562,component-26fa2f813dbf46fa,9017bc8c4cec34f1aed5aedee2bbc9fa,excluded_test_writer
4563,component-d6c26e9300a3779b,fdaa9bfdaf387bdc7eba1cd886a0ea12,excluded_test_writer
4565,component-195b3b3199352b9d,08b6ee3a8bbb21c6032fece716abfd48,excluded_test_writer
4566,component-671802b4fbe961c8,206ae820aafac88dba4211e39de024c3,train
4567,component-0c50be96eeb9a8ad,c6076ebc30f26bee41761b0744f94dff,train
4568,component-7d91b762b534b3e2,7d2a20c293a795903c7d5e0f5647964c,train
4569,component-53e76ea748c7b405,a235894ad5ada0ee502ee6e42a8da59d,train
457,component-d9712e4c107f759f,63911ee65b038c5b9d998673619ff799,train
4570,component-dbd227389d130cb8,31ae1c8273ef289096924c925774568e,train
4571,component-50504630789983b0,473cb889d5251e5d1db3426994eff442,test
4572,component-b94afc74e3af816c,a7226d1e5a4d68e7453486aed4ad5e18,excluded_test_writer
4573,component-f3a6399711da0b03,9348bc10ae64a08fe3268c8707a6a41f,test
4574,component-bfc425ba150f6a69,6c540422a42aaed2f9243f21ebccedae,excluded_test_writer
4575,component-c4453467948d8d3a,0783aa00dd59fdb5fd9c48f639541d0f,excluded_test_writer
4576,component-26ab916907af1f7c,155102d7ed2b054b51d8707b93f9a127,excluded_test_writer
4577,component-ad92a04d176ecb5e,e3e1f3bcd5bccfd6f2af74e59008fa05,train
4578,component-133a4e66a11d8d8d,388530ce0a122fbed145773701f3fa74,train
4579,component-50ab9313158c8213,004c4f6a6aada43370aa40650db0415a,test
458,component-ad21a2b810af49a8,6326c487961afdde9349c4cda0e7792e,test
4580,component-564343cd26bbb110,8630ca2b8f0d070072d9230513f47356,excluded_test_writer
4581,component-2e301cae336d2b7a,7688a6f3f761cfabbc85909c3f028756,train
4582,component-56f66dd499af02b7,2bb0b2dc21ebcd1255f295143e524967,test
4583,component-eb7539924cf4b8b6,5ddcf78fc19d8b21a9f75120d15f45ed,test
4584,component-c468e2f4525fe644,aaa4210ea2d03a51e9694e4ebcb8870b,train
4585,component-61b415e51273c26f,63b54d76acbf9ea44275657b4851da16,train
4587,component-a8b69680fcbf56bb,fba2177fcf1c169dd45e575b55cad8d1,excluded_test_writer
4588,component-6ca11a1c33928ec0,f4878d85362bd80fed048c0e80b5059f,excluded_test_writer
4589,component-53e76ea748c7b405,a235894ad5ada0ee502ee6e42a8da59d,train
459,component-8cd57a6299a82016,f52966aa53c6de1eea9111b7d0feaffb,excluded_test_writer
4590,component-6b7a8e06a9833d61,f954e0453ab73867837d608461f49ad3,train
4591,component-e7aab9d57b995c40,5af673219f4e6c0d5c55848c69e658e7,excluded_test_writer
4592,component-8318152ea025755a,7e7dc4499fa555ceafe948193258df31,test
4593,component-8c285e204e44251d,03baa909368372edf81130d4b7c5466c,train
4594,component-d96e16834162dac2,4eee79944e097965f493b3e01b4379d6,test
4596,component-2bde19bfd8f894f5,60a8a9f89ac4d9c112a6a5c290183a41,train
4597,component-8d9b87fab501e426,a94006237e7bae02cebc85f1e9d49c67,excluded_test_writer
4598,component-3936297a60796ee8,ccc8918fc6f2bc6d2dbe462337d150fa,excluded_test_writer
4599,component-fd28e91e53afe488,6acaffd3bbd5414c182b2fc91b0294a6,train
46,component-f6b46c11a9fcda95,5f02a65b9f324b861ecc9a4f32dea92a,train
460,component-841a05fd378a2c06,712ed87251461d242cc3f7d91a43b25b,train
4600,component-584de47e33a1e61a,cd23a4feab2d0a07ff3da24e3b410d08,test
4601,component-992e50de7e616559,d2d3a4fd6baf8b213200270e5486f738,excluded_test_writer
4602,component-024c1f7cf4bb7a73,51e0d7c1c250f9d59ee8417cded48c6c,excluded_test_writer
4603,component-26ab916907af1f7c,155102d7ed2b054b51d8707b93f9a127,excluded_test_writer
4606,component-2cc3d1749c6f11d8,1b68161f1d49dd516b0a97e6340032d7,train
4607,component-a8b69680fcbf56bb,fba2177fcf1c169dd45e575b55cad8d1,excluded_test_writer
4608,component-e56dc8e900b93031,461fc2095480b5a1f942884d5e9ea5bb,train
4609,component-195b3b3199352b9d,08b6ee3a8bbb21c6032fece716abfd48,test
461,component-de482c7ed5ca67ae,2cf0bad3f5952cf6cfb871e33509a4f6,train
4611,component-50218bc6f1b10d98,5ea8c124cbe263175a016940365b9ccb,excluded_test_writer
4612,component-eb907d820b48c0f8,ac30cdca18b6df197eb1ea421d22852e,train
4613,component-deab6652843e8518,8cffb0b29bdc89c7190141c2ab939ac4,excluded_test_writer
4614,component-8cd57a6299a82016,f52966aa53c6de1eea9111b7d0feaffb,excluded_test_writer
4616,component-b94afc74e3af816c,a7226d1e5a4d68e7453486aed4ad5e18,excluded_test_writer
4618,component-8318152ea025755a,7e7dc4499fa555ceafe948193258df31,excluded_test_writer
4619,component-743d8f18088bc125,68420290d6e5b0f79da491c1d3fd0e30,excluded_test_writer
462,component-f727de7fcceb92d7,15ee2cd0dbf7b0f8a4214b1f8283878e,train
4620,component-d7ccad3f6bbcb9a9,08a9bfb5b1336cb74ff3e2e356fcd500,train
4622,component-ad83e7b0b21b24d2,c69a3bc4a3fabb3b56d7ed96e1478f8e,train
4623,component-d13d114d242bf9c7,c8044bbfa502fb17156cf7790696af59,excluded_test_writer
4624,component-8cd57a6299a82016,f52966aa53c6de1eea9111b7d0feaffb,excluded_test_writer
4625,component-6173c4c7f31ef718,bdcfc520048489f68332d114bc6d0e3d,train
4626,component-c468e2f4525fe644,aaa4210ea2d03a51e9694e4ebcb8870b,train
4628,component-e56dc8e900b93031,461fc2095480b5a1f942884d5e9ea5bb,train
4629,component-b509c8cfd97cd29c,4cb01f3e2c11abb6fdfcddc9cd2ca2d4,train
4630,component-6b7a8e06a9833d61,f954e0453ab73867837d608461f49ad3,train
4631,component-6ca11a1c33928ec0,f4878d85362bd80fed048c0e80b5059f,excluded_test_writer
4633,component-50218bc6f1b10d98,5ea8c124cbe263175a016940365b9ccb,test
4634,component-26ab916907af1f7c,155102d7ed2b054b51d8707b93f9a127,excluded_test_writer
4635,component-0c82f207d1b1d784,07668db6e3f93c0296c944b97824de1f,train
4636,component-9daa98ce3a24c226,0cf3b383874589b5f7c7da880cac90c8,test
4637,component-f97af22485c2f18f,14e4c37cc185567cb62a3f706ddaa75d,train
4639,component-fd7d77de225b3254,c31a325614977f833856e51a136918a0,test
464,component-88b54564b232405a,6986fa1bb237bb20e6b46d7a3f49e17f,train
4641,component-26598a7db2f6ce80,64b3fe83956c67dfe1a02d828926dde9,excluded_test_writer
4642,component-2affc8179a2c734d,03e4dea183ca1705b598fea855e7fb7e,train
4643,component-30e42d5c4f2769e7,28be031ccabcd19e265a27e44884512f,train
4644,component-61761f9420088c4a,cbc314a699457bb6b33270f2d8c06142,excluded_test_writer
4645,component-f727de7fcceb92d7,15ee2cd0dbf7b0f8a4214b1f8283878e,train
4646,component-3686e2f49254099e,055520be61515180d53ea1c91d8083f2,excluded_test_duplicate
4647,component-7cb6e6caf975f0da,eb7219ef230f68ff0102a9aa66da4ba1,excluded_test_writer
4648,component-2cc3d1749c6f11d8,1b68161f1d49dd516b0a97e6340032d7,train
4649,component-a8b69680fcbf56bb,fba2177fcf1c169dd45e575b55cad8d1,test
465,component-ad3b83575249b68a,37e88f5414c68583f4d2de2c6e49f726,train
4651,component-60eff0df5c104753,1f2418794a56e5b8673694072380deb7,train
4652,component-eee4e521c756e10b,f7380cf5408c3330febecedbb32ed2a9,train
4653,component-9ba69e2367277951,ccc752921ca1df4b711524baf5b236b6,excluded_test_writer
4654,component-9a3ab25edb6e62f1,1fb3ff142f4159d15909e91a630fc9eb,train
4655,component-4014e91c398f3fe2,6d15beea63a99a3c9b9b0b6512c2be4b,test
4656,component-b509c8cfd97cd29c,4cb01f3e2c11abb6fdfcddc9cd2ca2d4,train
4657,component-c350c74005e798fd,7b127119b469019d03283e38449b2045,excluded_test_writer
4658,component-e56dc8e900b93031,461fc2095480b5a1f942884d5e9ea5bb,train
4659,component-aa444851f6b475d0,3edaa1f54c1726e4e17874448b20ed83,test
466,component-71f6e1301ef2c7e2,fd5173cc96b187b865bcfb84d627020d,test
4660,component-bfc425ba150f6a69,6c540422a42aaed2f9243f21ebccedae,excluded_test_writer
4662,component-59d14b9bae7b16e9,0f842b2154a43b7aab0d43f5ae89cb2f,train
4663,component-0bb6309f4b0c4897,f7a7ff103eb75f0ef7b4d053a2115aef,train
4664,component-3964f8022ba5eab8,48a27f0fe7cc59049eee459745132562,excluded_test_writer
4666,component-d13d114d242bf9c7,c8044bbfa502fb17156cf7790696af59,test
4667,component-c6e5a7dad0833b78,a5ff5d998a8665d6971f2641df1ebcea,excluded_test_writer
4668,component-26ab916907af1f7c,155102d7ed2b054b51d8707b93f9a127,excluded_test_writer
4669,component-992e50de7e616559,d2d3a4fd6baf8b213200270e5486f738,excluded_test_writer
467,component-442166b38b3918e9,4c3d89b963095abf887d67075c4e31ee,train
4670,component-564343cd26bbb110,8630ca2b8f0d070072d9230513f47356,excluded_test_writer
4671,component-940b88c096963190,89571a55c88b97dc64fd6a85a4e60ad1,test
4672,component-1bf0b26770bd3a37,12a21ca381cd05df6086b5b722766773,excluded_test_writer
4673,component-147c6ee079588987,f9f5d01311e23769b4cacd22e498bfe8,train
4674,component-77a8eda208b6d787,64f22f46ad6bb37c00e71b74bb0e2b0c,train
4676,component-0300cf94afba8f4c,af32fd6b09ee9c483ca592f7b205430d,train
4677,component-7ac6a6c967846a7a,b52412ca7d1f28f185906ecdfce0c288,train
4678,component-2e301cae336d2b7a,7688a6f3f761cfabbc85909c3f028756,train
4679,component-6554715d594037f7,7be095ba75fee799c89c2906c5ecafc9,train
468,component-1e5ee5e58c8f490a,58283fe5f4646af3cdfa4f0337ab6aba,test
4680,component-a8b69680fcbf56bb,fba2177fcf1c169dd45e575b55cad8d1,excluded_test_writer
4682,component-61761f9420088c4a,cbc314a699457bb6b33270f2d8c06142,excluded_test_writer
4683,component-76e67a121213e1ac,1ae70ca62bcbcc0ef3d4eb3fc89fd0f0,train
4684,component-0300cf94afba8f4c,af32fd6b09ee9c483ca592f7b205430d,train
4686,component-b2bfa91c1522109c,e117b8f53adb2c9e503e00f90d1e0d5a,excluded_test_writer
4687,component-8cd57a6299a82016,f52966aa53c6de1eea9111b7d0feaffb,excluded_test_writer
4690,component-85221aee9b04b79c,07f5de5b9146f1dfaf3ac3c4f707a11e,train
4691,component-17005581644c446c,96501d9dc125ba2ec54954cd909cac19,excluded_test_writer
4692,component-a883209b00f5f926,b618459f1d9e71eb8adeb1fd73da9e23,test
4694,component-a8b69680fcbf56bb,fba2177fcf1c169dd45e575b55cad8d1,excluded_test_writer
4696,component-213caf5cf5560415,8525327d2c40b584a7e49cac65c641f9,train
4697,component-dbd227389d130cb8,31ae1c8273ef289096924c925774568e,train
4698,component-671802b4fbe961c8,206ae820aafac88dba4211e39de024c3,train
4699,component-1e966106df794730,619a0e0f20d7f49831ace21ad367bc0a,train
47,component-31489056e0916d59,e3f32cc147a77ba2bda4602890833651,test
470,component-27af77fa76b7a3a5,3b90c7493d3c82d0403dc08152c7d880,train
4700,component-d0e4378fd3fb7b35,9e92c09bad62c5db783ee889d7a685e0,excluded_test_writer
4702,component-b95276d8df1821c5,7d9947e83e91a28aed9c56c7776a4a10,train
4703,component-2612775eacdbf729,54aa1da7754327b37e3bb2b27592a54c,train
4704,component-fc1ec5385479c4d7,9cac81c549b8664828f91fd154e73cfa,train
4705,component-51ee8c1c425955ad,d5206cf5032fafa24bb493c7c9898b99,train
4706,component-f46bf8ba66fe18d1,257318ce48008e4c0842b375467274a0,test
4707,component-6f5270ae368d833b,e1f025a4c6bf710866d8d4496189feb8,excluded_test_writer
4708,component-92d80bfee713f02d,d6bfb552f0707e92b2892080a1c5a9ca,excluded_test_writer
4709,component-743d8f18088bc125,68420290d6e5b0f79da491c1d3fd0e30,excluded_test_writer
471,component-a52514bcd3af788a,8a3387f6f3a597c304f2da796921833d,train
4710,component-0c50be96eeb9a8ad,c6076ebc30f26bee41761b0744f94dff,train
4711,component-52c920b3646c43a0,d938c9c41ca3be5e56e29bdfbc9dc29f,train
4712,component-e56dc8e900b93031,461fc2095480b5a1f942884d5e9ea5bb,train
4713,component-50218bc6f1b10d98,5ea8c124cbe263175a016940365b9ccb,excluded_test_writer
4714,component-b94afc74e3af816c,a7226d1e5a4d68e7453486aed4ad5e18,excluded_test_writer
4715,component-4e5e92a7f8336f19,291842223a531086dce5d15ac294018b,train
4716,component-8d9b87fab501e426,a94006237e7bae02cebc85f1e9d49c67,excluded_test_writer
4717,component-ad92a04d176ecb5e,e3e1f3bcd5bccfd6f2af74e59008fa05,train
4718,component-133a4e66a11d8d8d,388530ce0a122fbed145773701f3fa74,train
4719,component-a3ac7941e2075791,2606bcbe3565f6d0fadfa31ac6ef7d31,excluded_test_writer
472,component-d9bdf2b6e43dd925,82246ac3998389eb0da5d5e0736ee969,excluded_test_writer
4720,component-ddb88218c6a01a60,d22b4ec91e4e7b1b27ba7d81e1477e36,train
4722,component-fc1ec5385479c4d7,9cac81c549b8664828f91fd154e73cfa,train
4724,component-59d14b9bae7b16e9,0f842b2154a43b7aab0d43f5ae89cb2f,train
4725,component-f727de7fcceb92d7,15ee2cd0dbf7b0f8a4214b1f8283878e,train
4727,component-e56cd3db435b9987,2312d2d8829be52512e8206ba471aa3e,excluded_test_writer
4728,component-76e67a121213e1ac,1ae70ca62bcbcc0ef3d4eb3fc89fd0f0,train
4729,component-717bbb726e3a40bd,5787615bf16967511eb9e48dff781d64,excluded_test_writer
4732,component-52c920b3646c43a0,d938c9c41ca3be5e56e29bdfbc9dc29f,train
4733,component-30e42d5c4f2769e7,28be031ccabcd19e265a27e44884512f,train
4734,component-64417d6aaaab2f4b,32b2d89d9cd9c8036e6f530ed07523a2,train
4735,component-0bb6309f4b0c4897,f7a7ff103eb75f0ef7b4d053a2115aef,train
4737,component-deab6652843e8518,8cffb0b29bdc89c7190141c2ab939ac4,excluded_test_writer
4738,component-c0ea8310bcf96a71,1c6a8eb893404edeb58981b5f8b084bb,train
4739,component-2cc3d1749c6f11d8,1b68161f1d49dd516b0a97e6340032d7,train
474,component-98144d79af444072,521f4cd6c04e159f76ccfe02730ddb4d,train
4740,component-c2e0112d206a41c0,3223faee81ddd88de5936b691f7c9915,train
4741,component-f46bf8ba66fe18d1,257318ce48008e4c0842b375467274a0,excluded_test_writer
4742,component-181a1063a7b7597a,95f6ba82430a5b44af213101370eadee,excluded_test_writer
4743,component-b444aa2fe427a388,85fb2f012e9b6e5713e52da7d1394bad,train
4744,component-564343cd26bbb110,8630ca2b8f0d070072d9230513f47356,excluded_test_writer
4745,component-4a7220a1f85f3936,0611e66d605953ba8be6a678735ea284,test
4746,component-7ac6a6c967846a7a,b52412ca7d1f28f185906ecdfce0c288,train
4747,component-a8b69680fcbf56bb,fba2177fcf1c169dd45e575b55cad8d1,excluded_test_writer
4748,component-147c6ee079588987,f9f5d01311e23769b4cacd22e498bfe8,train
4749,component-0c50be96eeb9a8ad,c6076ebc30f26bee41761b0744f94dff,train
475,component-b1585fdb272b3140,7a91df0a4394feec5cebedd592ae6f48,train
4750,component-0b8b31fda0b3d6f1,14366586d6b6f0e68b7804df82efded5,train
4753,component-dbd227389d130cb8,31ae1c8273ef289096924c925774568e,train
4754,component-eee4e521c756e10b,f7380cf5408c3330febecedbb32ed2a9,train
4755,component-2affc8179a2c734d,03e4dea183ca1705b598fea855e7fb7e,train
4756,component-133a4e66a11d8d8d,388530ce0a122fbed145773701f3fa74,train
4758,component-52c920b3646c43a0,d938c9c41ca3be5e56e29bdfbc9dc29f,train
4759,component-3964f8022ba5eab8,48a27f0fe7cc59049eee459745132562,test
476,component-e73cb135243c08ab,e0d67b3e88881b6a2e648c1a5fde6037,test
4760,component-eb907d820b48c0f8,ac30cdca18b6df197eb1ea421d22852e,train
4761,component-c350c74005e798fd,7b127119b469019d03283e38449b2045,excluded_test_writer
4762,component-61761f9420088c4a,cbc314a699457bb6b33270f2d8c06142,excluded_test_writer
4763,component-6e73a9ee394de721,d7eedb3b7795cbc2451f6aa28a929547,test
4764,component-a8b69680fcbf56bb,fba2177fcf1c169dd45e575b55cad8d1,excluded_test_writer
4765,component-195b3b3199352b9d,08b6ee3a8bbb21c6032fece716abfd48,excluded_test_writer
4767,component-17005581644c446c,96501d9dc125ba2ec54954cd909cac19,excluded_test_writer
4768,component-86803bd4e97aa9b8,a5934a16cf7f623fc7a3ff56151b41f0,test
4769,component-50ab9313158c8213,004c4f6a6aada43370aa40650db0415a,excluded_test_writer
4770,component-024c1f7cf4bb7a73,51e0d7c1c250f9d59ee8417cded48c6c,excluded_test_writer
4771,component-8318152ea025755a,7e7dc4499fa555ceafe948193258df31,excluded_test_writer
4772,component-da2da3cb55690725,f1dc7d72f2e87cf64fedf50cb33f5b76,excluded_test_writer
4773,component-8d9b87fab501e426,a94006237e7bae02cebc85f1e9d49c67,test
4775,component-c940c17704d9c46f,8297d4a776345e142dc6b938bdbc25f2,excluded_test_writer
4776,component-ddb88218c6a01a60,d22b4ec91e4e7b1b27ba7d81e1477e36,train
4778,component-449cac0b61bf9dbf,95d601432aa69808b0d7e38e18bc54e6,test
4779,component-1164db0fe8e9e081,bf11e0a50ff271f60bcb5a958bce728d,train
478,component-69bca3d0db131f42,194092901ae126620a3dd26706ab2e7f,train
4780,component-f1e597d042d45dfe,14ef2feddc450b804262c7c44470f69b,test
4781,component-52c920b3646c43a0,d938c9c41ca3be5e56e29bdfbc9dc29f,train
4782,component-4a3cf708cb9a35ee,d233dc8f06512ffc4db2c594a600312d,excluded_test_writer
4783,component-59d14b9bae7b16e9,0f842b2154a43b7aab0d43f5ae89cb2f,train
4784,component-fc1ec5385479c4d7,9cac81c549b8664828f91fd154e73cfa,train
4785,component-8cd57a6299a82016,5615fe4cd21d9e641916c61d57bd0235,excluded_test_writer
4787,component-61761f9420088c4a,cbc314a699457bb6b33270f2d8c06142,excluded_test_writer
4788,component-b94afc74e3af816c,a7226d1e5a4d68e7453486aed4ad5e18,excluded_test_writer
479,component-69b90fea38361513,43d8d88220fd31e8cec0b53d663fcc6b,test
4790,component-c6e5a7dad0833b78,a5ff5d998a8665d6971f2641df1ebcea,excluded_test_writer
4793,component-26ab916907af1f7c,155102d7ed2b054b51d8707b93f9a127,excluded_test_writer
4794,component-86803bd4e97aa9b8,a5934a16cf7f623fc7a3ff56151b41f0,excluded_test_writer
4795,component-52c920b3646c43a0,d938c9c41ca3be5e56e29bdfbc9dc29f,train
4796,component-940b88c096963190,89571a55c88b97dc64fd6a85a4e60ad1,excluded_test_writer
4797,component-4a7220a1f85f3936,0611e66d605953ba8be6a678735ea284,excluded_test_writer
4798,component-77a8eda208b6d787,64f22f46ad6bb37c00e71b74bb0e2b0c,train
48,component-a52514bcd3af788a,8a3387f6f3a597c304f2da796921833d,train
4800,component-dea1ae8613ee2a5e,4fa0418c1b314538ac46488652196415,train
4801,component-9a3ab25edb6e62f1,1fb3ff142f4159d15909e91a630fc9eb,train
4802,component-d19828eb64fa5dea,27b0e4e07532d4b27b2dd70e37c757a6,test
4803,component-3686e2f49254099e,055520be61515180d53ea1c91d8083f2,excluded_test_duplicate
4804,component-dcbff8f66de95d7c,b536f5ff163a5a385715bb26d42cce50,test
4805,component-6f5270ae368d833b,e1f025a4c6bf710866d8d4496189feb8,excluded_test_writer
4806,component-a8b69680fcbf56bb,fba2177fcf1c169dd45e575b55cad8d1,excluded_test_writer
4807,component-7325c3de81fb56a6,d78125ac7d7100554426602c191efa8b,excluded_test_writer
4808,component-0c82f207d1b1d784,07668db6e3f93c0296c944b97824de1f,train
481,component-51d089cdaf0c968c,e8fb240e17ceaa713857f960ec937286,test
4810,component-8ca05e0988768491,1d28e31999abb23c0ce87baead18bdf4,excluded_test_writer
4811,component-195b3b3199352b9d,08b6ee3a8bbb21c6032fece716abfd48,excluded_test_writer
4812,component-26ab916907af1f7c,155102d7ed2b054b51d8707b93f9a127,excluded_test_writer
4814,component-c47a026761f73aa1,4bb73d8f1fb4865b7218d703893a8a01,test
4816,component-e56dc8e900b93031,461fc2095480b5a1f942884d5e9ea5bb,train
4817,component-1112c695b7e5eab3,0841b6fb321a4994b4da4acecfb8a903,test
4818,component-acbb7914301b04aa,98fb08d726fa494ff532b30c09f4316e,train
4819,component-a3ac7941e2075791,2606bcbe3565f6d0fadfa31ac6ef7d31,excluded_test_writer
482,component-e56cd3db435b9987,2312d2d8829be52512e8206ba471aa3e,excluded_test_writer
4820,component-5a02ef00b4ef9b91,66a0bad22e40a304c75ef3b65e24fa25,train
4821,component-8e9bcaaf7ca86031,df294e885e24a7c38204818e10a9369c,test
4822,component-d95936051b112558,9f12fd6669341c36d54d7ee41ccb8ce9,train
4823,component-364d92b1ccc9d78d,0c6aa6fdebac70b4ff1cfb362768f790,excluded_test_writer
4824,component-e486ccee4121cdc7,14c248aa866d099a20e7e8d124f9fef7,excluded_test_writer
4825,component-56f66dd499af02b7,2bb0b2dc21ebcd1255f295143e524967,excluded_test_writer
4826,component-a8b69680fcbf56bb,fba2177fcf1c169dd45e575b55cad8d1,excluded_test_writer
4828,component-bc68d0a3befcda7f,c7972fe87baaad12d1bb739fd0b9bbb2,excluded_test_writer
4829,component-e56c1e91741ecf02,e8ea2ed954e70f4dc5bf09c124f57ede,train
483,component-2412eb7ee7d4d72a,fe41201a6f4f7fac69671278909b9fc9,excluded_test_writer
4830,component-a3ac7941e2075791,2606bcbe3565f6d0fadfa31ac6ef7d31,excluded_test_writer
4832,component-34ad4c11a252cc6c,8a788527c3b7bc2f55a1cc75308bcff2,train
4834,component-0290808b0c9a9479,427ac9dd9e646db4508665a30fa32990,excluded_test_writer
4835,component-49c831988b883c9e,33dd218f1293427dd5035d4fd3c7048c,train
4836,component-1a46c2409e9a7b10,1ad6cd02705c91ce7db65bea375b7bb0,train
4837,component-5a6bc085c6d156f3,69b274a6a80ef9e0ab23c244d1c2c22f,train
4839,component-8318152ea025755a,7e7dc4499fa555ceafe948193258df31,excluded_test_writer
484,component-b59f9559b571fc49,70a45d14a025014d69c48954f8a50bbf,excluded_test_writer
4840,component-e6a2077cb3529da1,48a51532383dbc8deec8ba063fa25ce5,train
4841,component-7ae72d7f3243ae25,c340c448618fd5f241ff289b6234985c,train
4842,component-d9a0a87140e95aec,08be7a93714c5f118a8f2dd828d09cc9,test
4844,component-17a639c2cd80a72b,8e0aeb1fe708813f46cbb9321895fbb1,train
4845,component-74f8d4b5c1276fad,539be6d94d9fd5f9d96c282049cde0d3,train
4847,component-992e50de7e616559,d2d3a4fd6baf8b213200270e5486f738,excluded_test_writer
4848,component-64417d6aaaab2f4b,32b2d89d9cd9c8036e6f530ed07523a2,train
4849,component-b6e3ae7742d8a778,db4ccce11bcdb52100541820faf6d916,train
485,component-64417d6aaaab2f4b,32b2d89d9cd9c8036e6f530ed07523a2,train
4851,component-4a69427a8ce4180a,3ba3408d6bf9164d95311cfb97d25295,train
4852,component-b528091175d0bc7b,fd107bb0f7e0f072d94131023b183e56,train
4853,component-c350c74005e798fd,7b127119b469019d03283e38449b2045,excluded_test_writer
4854,component-26ab916907af1f7c,155102d7ed2b054b51d8707b93f9a127,excluded_test_writer
4855,component-61761f9420088c4a,cbc314a699457bb6b33270f2d8c06142,excluded_test_writer
4856,component-0bb6309f4b0c4897,f7a7ff103eb75f0ef7b4d053a2115aef,train
4857,component-50504630789983b0,473cb889d5251e5d1db3426994eff442,excluded_test_writer
4858,component-a8b69680fcbf56bb,fba2177fcf1c169dd45e575b55cad8d1,excluded_test_writer
4859,component-8cd57a6299a82016,f52966aa53c6de1eea9111b7d0feaffb,excluded_test_writer
486,component-03568d0f84e73357,8ca04c9558c57635a4ee1e628b384e4e,train
4860,component-cea90c1d2627a9e0,6af5f4035dcd0e561b4805fe5b136702,train
4861,component-6ca11a1c33928ec0,f4878d85362bd80fed048c0e80b5059f,excluded_test_writer
4862,component-0a2f822ee6b7c10d,84c6189de6e4b28e1f328b1950ab8e88,train
4863,component-2a827d6d14f32887,94704f477e76c472e5a90fe547fd1d25,train
4864,component-49c831988b883c9e,33dd218f1293427dd5035d4fd3c7048c,train
4868,component-7cb6e6caf975f0da,eb7219ef230f68ff0102a9aa66da4ba1,test
4869,component-1bf0b26770bd3a37,12a21ca381cd05df6086b5b722766773,excluded_test_writer
487,component-59d14b9bae7b16e9,0f842b2154a43b7aab0d43f5ae89cb2f,train
4870,component-8ddbba07702320ec,9b2a3a84bdc4c43a8b0078dbbb93d90c,train
4872,component-ad92a04d176ecb5e,e3e1f3bcd5bccfd6f2af74e59008fa05,train
4873,component-743d8f18088bc125,68420290d6e5b0f79da491c1d3fd0e30,excluded_test_writer
4874,component-a4324d88baf52d56,26574ba9d5340f075cb4874fd937ce56,test
4877,component-26ab916907af1f7c,155102d7ed2b054b51d8707b93f9a127,excluded_test_writer
4878,component-6ca11a1c33928ec0,f4878d85362bd80fed048c0e80b5059f,excluded_test_writer
4879,component-f1f130dfa1c07721,872c7bc2029a07f5c883bbed03410f12,excluded_test_writer
488,component-c468e2f4525fe644,aaa4210ea2d03a51e9694e4ebcb8870b,train
4880,component-8318152ea025755a,7e7dc4499fa555ceafe948193258df31,excluded_test_writer
4881,component-eeae814f8c89288b,8c2d944d5232549cd5fe1a3886357421,train
4882,component-1e966106df794730,619a0e0f20d7f49831ace21ad367bc0a,train
4883,component-5a6bc085c6d156f3,69b274a6a80ef9e0ab23c244d1c2c22f,train
4885,component-b94afc74e3af816c,a7226d1e5a4d68e7453486aed4ad5e18,excluded_test_writer
4887,component-dafe6eb3fd906a45,36e3604314b3124f4fae5497ee8d5c78,train
4888,component-61761f9420088c4a,cbc314a699457bb6b33270f2d8c06142,excluded_test_writer
489,component-f7114d1a419db356,82ba383f5e5958184b6bf32a3c010cd3,excluded_test_writer
4890,component-26fa2f813dbf46fa,9017bc8c4cec34f1aed5aedee2bbc9fa,excluded_test_writer
4891,component-d6c26e9300a3779b,fdaa9bfdaf387bdc7eba1cd886a0ea12,excluded_test_writer
4892,component-5a9004fcf603dba4,eb4eaaae3af26ea0db9796bf1601aa44,train
4893,component-85221aee9b04b79c,07f5de5b9146f1dfaf3ac3c4f707a11e,train
4894,component-a8b69680fcbf56bb,fba2177fcf1c169dd45e575b55cad8d1,excluded_test_writer
4896,component-940b88c096963190,89571a55c88b97dc64fd6a85a4e60ad1,excluded_test_writer
4897,component-0c50be96eeb9a8ad,c6076ebc30f26bee41761b0744f94dff,train
4899,component-a3ac7941e2075791,2606bcbe3565f6d0fadfa31ac6ef7d31,excluded_test_writer
49,component-b95276d8df1821c5,7d9947e83e91a28aed9c56c7776a4a10,train
490,component-cbd02d97b0731d88,e59c62ef5148f8fce4d5f61e8892779d,train
4900,component-da2da3cb55690725,f1dc7d72f2e87cf64fedf50cb33f5b76,excluded_test_writer
4901,component-a5db10366553ef58,a4a64918c8d7eed4c1e0ccd1f98e4698,excluded_test_writer
4902,component-eeae814f8c89288b,8c2d944d5232549cd5fe1a3886357421,train
4903,component-17005581644c446c,96501d9dc125ba2ec54954cd909cac19,excluded_test_writer
4904,component-0290808b0c9a9479,427ac9dd9e646db4508665a30fa32990,test
4905,component-18d470e5e7b8a3ca,9356ae292e553cab00312ffd3112309e,train
4906,component-133a4e66a11d8d8d,388530ce0a122fbed145773701f3fa74,train
4907,component-45703ad629daebc4,80fe49796db51055a4632bd9fb511f98,train
4908,component-572ed6db4d013b13,9952403bd4790329b3ab7b4987260191,excluded_test_writer
4909,component-024c1f7cf4bb7a73,51e0d7c1c250f9d59ee8417cded48c6c,excluded_test_writer
491,component-481ffc6f011fa638,a9283e4106af55a42113f894a1315ac9,excluded_test_writer
4912,component-7ac6a6c967846a7a,b52412ca7d1f28f185906ecdfce0c288,train
4913,component-eee4e521c756e10b,f7380cf5408c3330febecedbb32ed2a9,train
4914,component-9ba69e2367277951,ccc752921ca1df4b711524baf5b236b6,excluded_test_writer
4915,component-4e5e92a7f8336f19,291842223a531086dce5d15ac294018b,train
4916,component-6ca11a1c33928ec0,f4878d85362bd80fed048c0e80b5059f,excluded_test_writer
4917,component-f511aa0455ff1f82,ceb6ca22ab78c4ae19b7aaa808d17d7f,train
492,component-c0ea8310bcf96a71,1c6a8eb893404edeb58981b5f8b084bb,train
4920,component-26598a7db2f6ce80,64b3fe83956c67dfe1a02d828926dde9,excluded_test_writer
4921,component-f1feea9dd4968bfd,be9308aa3fc8794c17b2372c9bd1c48d,excluded_test_writer
4922,component-4d1bed8fa4be4e9f,6cf3bc8000adc283c232147b322cd076,excluded_test_writer
4923,component-b94afc74e3af816c,a7226d1e5a4d68e7453486aed4ad5e18,excluded_test_writer
4925,component-f4fc1ac61a9e62b9,51d331e3e2722a42bfd75146c57262d8,test
4926,component-bcb5b029308ac74d,6708924e5a5154ab55b9ccbd95e9c641,excluded_test_writer
4928,component-99bdf289118341a9,8b8bffee163dd1d0f14749f64a385090,test
4929,component-d0f0593601de6483,3d5ee1fec67399d85f5c089b8b3e4483,test
493,component-61761f9420088c4a,cbc314a699457bb6b33270f2d8c06142,excluded_test_writer
4930,component-3492c8caecaacbb7,5a048dd797c1fa19347714cad356a282,test
4931,component-3686e2f49254099e,055520be61515180d53ea1c91d8083f2,excluded_test_duplicate
4932,component-024c1f7cf4bb7a73,51e0d7c1c250f9d59ee8417cded48c6c,excluded_test_writer
4933,component-743d8f18088bc125,68420290d6e5b0f79da491c1d3fd0e30,excluded_test_writer
4934,component-6ca11a1c33928ec0,f4878d85362bd80fed048c0e80b5059f,excluded_test_writer
4935,component-b027a122fd1fc365,893f73c75d78b0eb0e6521f3d83cff4e,excluded_test_writer
4936,component-e56dc8e900b93031,461fc2095480b5a1f942884d5e9ea5bb,train
4938,component-c350c74005e798fd,7b127119b469019d03283e38449b2045,excluded_test_writer
4939,component-8318152ea025755a,7e7dc4499fa555ceafe948193258df31,excluded_test_writer
494,component-717bbb726e3a40bd,5787615bf16967511eb9e48dff781d64,test
4940,component-41b5d1d33b186f49,63d8b9fe38e60fda2232513fcbcbdccb,test
4941,component-25706bada8a27ee6,50c120b263649754501c0d887e0c8ce2,train
4942,component-3936297a60796ee8,ccc8918fc6f2bc6d2dbe462337d150fa,excluded_test_writer
4943,component-603153b43d01f9f0,df44f94367f6644e1f8700d422cdfdbe,test
4944,component-fd28e91e53afe488,6acaffd3bbd5414c182b2fc91b0294a6,train
4945,component-b94afc74e3af816c,a7226d1e5a4d68e7453486aed4ad5e18,excluded_test_writer
4946,component-e44d7d26737f6e54,946037d9e20e41e4192c833cda457ac5,train
4947,component-90c8ece4f286e3ee,6a5ced3b7a8f40c8fbe0a65328113ee6,train
4948,component-b563b4a2ac423100,16679696e765cdc0be203504db443aee,train
4949,component-30ca4f2a75646c34,346e9d8d8b88a5719b31d150fc081a90,train
495,component-ac1270c5058af650,7ff59110a5fd1ee6949b5dfc80994317,test
4951,component-fc1ec5385479c4d7,9cac81c549b8664828f91fd154e73cfa,train
4952,component-1a844e9ec2cf30d3,38b63d598afab138fa330ce128922e22,train
4954,component-f727de7fcceb92d7,15ee2cd0dbf7b0f8a4214b1f8283878e,train
4955,component-30e42d5c4f2769e7,28be031ccabcd19e265a27e44884512f,train
4956,component-76e67a121213e1ac,1ae70ca62bcbcc0ef3d4eb3fc89fd0f0,train
4958,component-0300cf94afba8f4c,af32fd6b09ee9c483ca592f7b205430d,train
4959,component-c6e5a7dad0833b78,a5ff5d998a8665d6971f2641df1ebcea,excluded_test_writer
496,component-0bb6309f4b0c4897,f7a7ff103eb75f0ef7b4d053a2115aef,train
4960,component-7ae72d7f3243ae25,c340c448618fd5f241ff289b6234985c,train
4961,component-b94afc74e3af816c,a7226d1e5a4d68e7453486aed4ad5e18,excluded_test_writer
4962,component-936da06ffdb413e7,4b670627d8f39416a67ce919cae8fc58,train
4963,component-6173c4c7f31ef718,bdcfc520048489f68332d114bc6d0e3d,train
4964,component-2ee0359bbb34ae42,c61520f0f8eaf8309ac3557c8824e6f0,excluded_test_writer
4965,component-e56c1e91741ecf02,e8ea2ed954e70f4dc5bf09c124f57ede,train
4966,component-f46bf8ba66fe18d1,257318ce48008e4c0842b375467274a0,excluded_test_writer
4967,component-77a8eda208b6d787,64f22f46ad6bb37c00e71b74bb0e2b0c,train
4969,component-88e1a9ff81d0254e,a19b7bc24f0953934f32b4039568343c,train
497,component-dcb5d6e69e4ded78,77938ed1e356df38bb710becd7f3090b,train
4970,component-b4df0fc2bb5bf25b,112f7a6fc629ad732858c9d80440ee13,excluded_test_writer
4971,component-2612775eacdbf729,54aa1da7754327b37e3bb2b27592a54c,train
4973,component-64417d6aaaab2f4b,32b2d89d9cd9c8036e6f530ed07523a2,train
4974,component-51ee8c1c425955ad,d5206cf5032fafa24bb493c7c9898b99,train
4976,component-92d80bfee713f02d,d6bfb552f0707e92b2892080a1c5a9ca,test
4977,component-7b9a86d8e8b56a0d,dbdcf55b72c3eeb6828f6717be44d89f,excluded_test_writer
4978,component-59d14b9bae7b16e9,0f842b2154a43b7aab0d43f5ae89cb2f,train
4979,component-01111603a66b3cae,a0285a4f669101d5e1b350a0d2c39a9a,excluded_test_writer
498,component-4b2bfb21f8203b68,6fb7b17119148198d651b3ed16b1e91e,train
4980,component-bfc425ba150f6a69,6c540422a42aaed2f9243f21ebccedae,excluded_test_writer
4981,component-5050ad1713516785,97e9078feb357c2a6862c277d98e0bb6,test
4982,component-a8b69680fcbf56bb,fba2177fcf1c169dd45e575b55cad8d1,excluded_test_writer
4984,component-6ca11a1c33928ec0,f4878d85362bd80fed048c0e80b5059f,excluded_test_writer
4985,component-f5fef3202de6e80c,76ddb9a0e1e4f23bb4e9b0e3d5659a54,train
4986,component-5a6bc085c6d156f3,69b274a6a80ef9e0ab23c244d1c2c22f,train
4987,component-23ed5d9b3c1e3abd,da638e19e2384b58c5b02a570072198e,test
4988,component-2b15abb9bb1d4c19,ded15943d65442314339bb0e96e576e3,excluded_test_writer
4989,component-679db1eecddda202,4364de54dae7dd36a99f4b231c5f8a6b,train
499,component-57322003eb76f671,c4e31a13c41c5ebdf722f10fe7687f7a,train
4991,component-6e7d941d7d276401,b87b68a1fa8d28b8536a2f2f15bf8039,train
4993,component-b528091175d0bc7b,fd107bb0f7e0f072d94131023b183e56,train
4994,component-7cb6e6caf975f0da,eb7219ef230f68ff0102a9aa66da4ba1,excluded_test_writer
4995,component-f0571d121bc4aafe,c31a0b11cef462791b027b6f3b70f7ad,train
4996,component-50504630789983b0,473cb889d5251e5d1db3426994eff442,excluded_test_writer
4997,component-7d8429b386c84c30,a58f95b5afd380c122fcfaf889f2ffda,excluded_test_writer
4998,component-a026ef70cfdd8bba,cf1c86514ac52e02db90b4720dc16aa3,train
4999,component-f5fef3202de6e80c,76ddb9a0e1e4f23bb4e9b0e3d5659a54,train
51,component-031b4af5197ec30a,7a230cca28ca7ebf132213e26b3034ac,train
510,component-5e5c743a015ff8d8,1cbfad3ee7a96a6c0307561930158daa,test
5100,component-1299c06d517825c0,2b41c2efdabc6369f21c5e925efc2e40,train
51000,component-469a3e9c8dd91f11,dc60f2e045fa06d98420f5b5dcf53e86,train
51001,component-926335ae37efdebd,b4892c3eef632d22ae412f18481f2dd5,excluded_test_writer
51002,component-3759ea224bc5328c,170d579b41922cd1d8b49fdca1167dea,train
51003,component-53aa3f8271195e32,43c20c56d1fecd261b292d746a084f68,train
51004,component-df4a90921b923329,46c596890064a76532f602936494eaf2,train
51005,component-57b5fc88eee630a6,0ccfa19dc196884957c05ae3fd9d284d,test
51006,component-0aef6efee530802b,360870c658edc4c82b96bf6bb132cc56,train
51007,component-b2d2c921b957d0f3,6e5c7426a1469f75710ccf046dda7de9,train
51008,component-bb51dde5170a8e8b,4afe7a89d3a52957efdcc75e1388f297,excluded_test_writer
5101,component-eb16acba2df2d213,1559827f72c5d34bbcc7c8f8174376c1,train
51010,component-61761f9420088c4a,e044a588a9ea08a45e2f014e9fd74d7a,excluded_test_writer
51011,component-482e17d3810fde18,566e6d9fa0b6225c29df8a4e9e7413a7,excluded_test_writer
51012,component-4e924cb7cd3046cf,7f501143c209868e51b449fb0a6dac73,excluded_test_writer
51013,component-386454048000c123,18675a3d836669a516f36227a97d50f8,train
51014,component-8f9260cc6c62dc78,1ed362afa825e8f5aa5b03e7ebdb6a03,test
51015,component-8f4153a3229c0d16,88d830317c58cdd39b396de3b98f90db,train
51016,component-8ba51420454f1dca,3b1dea8eee6423c91e28bf292620825a,train
51017,component-4a4ad5bd78d1bb02,df087a56d8f0f7e54f6daae909dce389,test
51018,component-562ac3843e42d368,12b34e75dddea2fd4bf74e8f1461738d,excluded_test_writer
51019,component-0ff7c26930cf0af5,90de0b368761f9c4fe9a9d255892e6f9,train
5102,component-92414e34ded3540b,76eb91bc8753fe69f8eeece32efb2260,train
51020,component-3bbcf953401d94f1,4007fcdf13a7a376b2c6e0f1d6f5a27f,train
51021,component-22d18bdd8e09162b,41cb550aa28641bec0875c123183810a,train
51022,component-f8711df5a3b25c4e,5bcb64c57791e00e876fe2eb0d511a48,train
51023,component-520c91c892395a91,78fb403756b87a8972f67b7bd96050a4,test
51024,component-2a51407e38dd394a,4ce481ce4841b318f5ea1f5f450b4af9,train
51025,component-efdd6af6b763d125,6f51820069200f49fe32a3e9f1acbd36,train
51026,component-bca810d52efd658a,cc0228170d03303a554681871faebe1a,excluded_test_writer
51027,component-84521f4c4a7fb15f,c2059b052e196663ab0ef8ab3de71b33,excluded_test_writer
51028,component-8d48221aa85a00ed,923406087831b56238ce55ccbb5c8621,excluded_test_writer
51029,component-26a7c22af29c07f3,848f7ecb2dc1258d21f60e458849986c,excluded_test_writer
5103,component-fb7fb643eff7a6fe,d4ce16a5f5457f0aba6e883df33977d2,test
51030,component-2d50a4f257a604dc,3f9c5b1326a1113ce3851a86e627b0ab,train
51031,component-b6448810b7bc0b20,69a851dfbba74a6e2e76d491ff4b6932,excluded_test_writer
51032,component-ada0262720c0e400,d65bd577ef5cc282cecffabff41e298d,train
51033,component-2542a5a582383e06,62b7d439f290de1db0295d6a70262065,excluded_test_writer
51035,component-d579dc0e7ec45533,7da61b14ac2d58703528b02bcee2e042,excluded_test_writer
51036,component-b85a253b83621016,635d3ca3f3f6e743f534a0b1de4a1054,train
51037,component-795e254ab9c8ddd4,88ceb9e561527a229d0bd40d844dbd6e,excluded_test_writer
51038,component-f522b41c5f8d7e79,04e5d9c6391ffd168ae955c68b92cba9,excluded_test_writer
5104,component-99b057c8e3461b97,e0c652127c649753f1c789f2045bc018,train
51040,component-f0c4e62c04357d54,be7480b116c7bb75ca98c746f0e71824,excluded_test_writer
51041,component-9199f12bde992d3b,23b0b01a0b3e028f8172c1549655e418,test
51043,component-8842972df45a5c58,fdee710106cc4f014532c02b9b49b79a,train
51044,component-e3160750b90a174f,734ffd22b298c21763dd1a63c7f52173,excluded_test_writer
51045,component-3686e2f49254099e,e92880e5e49eceddbdf8afd15c49ca07,excluded_test_writer
51047,component-f3fc94674de6a726,4dc37ade30b85ae0e90a3ed9f25cd43f,test
51048,component-be63f17e4bceac26,1f9313bc146fa7f519722689a736b36a,train
5105,component-418bb79d193599e9,eef4d848d7f616ed2295e4a70aa5c5b2,test
51050,component-1f64a0fe2e17d079,30531ed055c4789b8de4674ce43dca51,train
51051,component-9450c7cfdba1ab42,c4a8e743b16e855676cd8cef60f7e156,test
51053,component-573bdf99980c0419,365dc3086db91499b050dfb15f86c4ab,test
51054,component-193f5aea0da333ba,06c2724938be0a581d9b762756346ec3,test
51055,component-7d436edb8a68a5ed,9ed209ecf7de1e62b379f395199d39b7,train
51056,component-4542be124b3fd189,75ff2441794c680313a00fc96c8aa1fa,excluded_test_writer
51057,component-500ea60d1e88579a,5a769e299fee249e6980907a358cdada,excluded_test_writer
51058,component-c913d468a812b00a,2c0b5e8ea5f249e08a19a0883a176390,train
51059,component-bc5b1ecb7f76068b,dc85efaf017210bdc2c926b481e4653f,train
5106,component-49a48c483a4603ce,81342feb970f15997f7fb38ea8329fa0,train
51060,component-dab9143462fb1322,33dc5e2395d3e1151e84aea285e62c0c,excluded_test_writer
51061,component-510eabd21c3e3d58,9cdf093b9aa9b71367f7dafdc5c807c3,test
51064,component-a77bf6fa0c2cfe23,36bb7162e6f595ee230f499524a9d843,excluded_test_writer
51065,component-3cf60179eedf3a20,103c8fc7fb71a40a9894e87651351a56,test
51066,component-8842972df45a5c58,fdee710106cc4f014532c02b9b49b79a,train
51067,component-d3360ea199338ce1,92561b3e4c36067e38bef20773dc3b92,test
51068,component-3cac5dc5407e7ac9,149bae629b8d8388d7c2a575a2e104ce,excluded_test_writer
51069,component-9699eafa4631f54d,1a7a889d7acdeaa79db9f740c3c18028,excluded_test_writer
5107,component-35f5885eea291f85,3ade2a45f840c4abf914e03f446f9e2c,train
51070,component-d71871956804a866,9737faef2240ccf6d5873b0b2a991f8c,train
51071,component-b4da5ac1c8bef115,5c523efcc82be996cbbc65b994e64819,train
51072,component-2bf40373f1da918d,9151c98cf3e0e41fe1c385fe4ac4e17a,excluded_test_writer
51073,component-bd434fea570a2c05,bd28f7945476511eae2715b3bd657cf6,excluded_test_writer
51074,component-ba250b77419c932a,4e0608008080cee193b03c90bdf72d33,train
51075,component-a0ba26635494e3c6,0cd5e8abdaec32157c32a069cd5eb70b,train
51076,component-c336e3386a4929c4,e56ed71b15ae07d83bd51ed26becfe94,excluded_test_writer
51077,component-27a6c99fe2fc86a4,7bb1c1bc5599b43a9d2d27bcf98cf022,train
51078,component-cdec1354bf8de7ea,83cb38a6995db9d06cfa0482383bf5e8,excluded_test_writer
51079,component-5fd6e67d74c235f6,ef2b12aaeebe121afd9cc3c7f63aace8,train
5108,component-bf2893ac5a2f8a1a,73c6ddaf0851b39253d07600754fc5df,excluded_test_writer
51080,component-2e02c19aa132868c,f8d851dc1b50407310d0587f1b360760,train
51081,component-a505e6091b11b1a7,bcbc3f1d0122c1d67fd0eee990fcd40e,test
51082,component-7c548489455533b1,0a80613635966262fa1b26286f47cf6f,test
51083,component-7a6643fd688398e4,e4cdf9178388f6da8505de64f66a2cf8,train
51084,component-3274f94809103d85,8c1b33155d1f6f7103ec3987ac348669,train
51085,component-2afd10071a787a71,37f0a89361e1d1bd70ea9f207699a812,test
51087,component-8ce0ee48539d58dc,bf317ff061957293b615bf57c815ce99,train
51088,component-c7fe96bb85c3604a,c7a03efca57f3c58ebee744da9abe533,train
51089,component-b82c69d5bfbf2317,3a9d991d1d9ec6f1a0edca04e2d5f65a,excluded_test_writer
5109,component-894a8d014804accb,ac4076a240c48e99510d6f6e64460b40,test
51090,component-469a3e9c8dd91f11,dc60f2e045fa06d98420f5b5dcf53e86,train
51091,component-57b5fc88eee630a6,0ccfa19dc196884957c05ae3fd9d284d,excluded_test_writer
51092,component-bca810d52efd658a,cc0228170d03303a554681871faebe1a,test
51093,component-8f4153a3229c0d16,88d830317c58cdd39b396de3b98f90db,train
51094,component-625dd0ca576402c0,8dde6ecd5ac53bdf3a77db0ac14f4adc,excluded_test_writer
51095,component-9a4946dd5aac17ab,bf99086af1160c0e4b9574c5287d6a42,train
51096,component-ad51f96ec3b62b43,02f999be521c967cde6ffb5e6e52deb7,test
51097,component-cefbfc315be58294,e3b3c6bb07aaf362b31b7f9aba40fc35,excluded_test_writer
51098,component-2f716277b07a0668,21bd5d3108dbc506388fa9696ea29534,train
51099,component-0aef6efee530802b,360870c658edc4c82b96bf6bb132cc56,train
511,component-89a1d317b68e7139,15e5d686d1d9e529e25098f1e5cc6f2d,excluded_test_writer
5110,component-e28ccaa8e211ca16,e09dc01fc4a12f3cb21d76fb6cf26d6d,train
51100,component-22d18bdd8e09162b,41cb550aa28641bec0875c123183810a,train
51101,component-c34b31361b3cbbf5,533c0a2343f9c80fbee115d283c32f82,excluded_test_writer
51103,component-4675cfa565f74ec5,5431c4b341e28a6904db271e5004259d,train
51104,component-3bf9b45d02a86b0d,88901e5345854244e540f777f5716507,train
51105,component-1b157d77275658a9,0a5eaf1d00672ba115ed5106b6335686,train
51108,component-dab9143462fb1322,33dc5e2395d3e1151e84aea285e62c0c,excluded_test_writer
51109,component-266dec576eaddc43,13d3e3bce2361d2aebd9b4d3bfeca172,train
5111,component-9b934e3e71010795,0168dab83ad682c2f3b492f93eb2d7cb,train
51110,component-3686e2f49254099e,e92880e5e49eceddbdf8afd15c49ca07,excluded_test_writer
51111,component-be25d11b665bb504,b58717abbb0d2c9e8776f2c75a86df01,test
51112,component-0fbeb65cfe2f0474,94438aa07c864f3458a8869da8ccb3fa,train
51113,component-ad6443ecfbbc4420,dab09d366040e74bc84b76a9ae99b7d8,excluded_test_writer
51114,component-500ea60d1e88579a,5a769e299fee249e6980907a358cdada,excluded_test_writer
51115,component-bcd1632eb2009420,45c43eb5849ee5613944d55099ae9f80,train
51116,component-2131b036acc61edd,9c1d1a1708fd110cdf4e64dbada079c9,excluded_test_writer
51117,component-49a48c483a4603ce,81342feb970f15997f7fb38ea8329fa0,train
51118,component-8ce0ee48539d58dc,bf317ff061957293b615bf57c815ce99,train
51119,component-9e5f2063e81fd4f3,5b46e67226801757e032d03abcb81a88,train
5112,component-c1b8a8262b80498e,545a61f98f7603b702c1b4e6cdcb02fa,train
51120,component-657b5fb4e2b0a733,d9e62e61cc151eab3cd5b2bedc08b381,train
51121,component-4ed0449f1eb1a707,c9bdc3e4fd7466dd06239985efa99c08,excluded_test_writer
51122,component-f8711df5a3b25c4e,5bcb64c57791e00e876fe2eb0d511a48,train
51123,component-fea0098bb743c930,0001f9db4fb3039363cdef36e02508de,train
51124,component-879a906210ebc708,034bb12696eb7f4e7b155459c1d5fd57,excluded_test_writer
51125,component-e5cd4fae1bb8ea32,b739cc2959780ff2bb0b126997e7592b,train
51126,component-13467d9a5a546e46,9dc726ebb7c8085dda42cdc8df20a500,excluded_test_writer
51127,component-2554da3fd36cab4d,197f480c553553ae2c69cb8168d86698,train
51129,component-cefbfc315be58294,e3b3c6bb07aaf362b31b7f9aba40fc35,excluded_test_writer
51130,component-92c8627d3cd08328,ff00e507e97ae58148e5c48ef5f45fc7,train
51131,component-8debc43d3b61cb66,7da96ec9d055e0768fb28f1d2d3a9555,test
51132,component-a3b1989a041d8b4c,4100cda57dcd76fd39661b22e288d427,train
51133,component-731818cc2fcb5f09,fbdb23888a1972479aa185040f62a93b,excluded_test_writer
51134,component-0cada882697414e5,a5721664008addc54b44fa16c66cfbc8,excluded_test_writer
51135,component-2f716277b07a0668,21bd5d3108dbc506388fa9696ea29534,train
51136,component-58244a5165821cca,9254bacfd5861de4731f71cc8edbe7d3,test
51137,component-bb5a420c243f6bca,c19e5358b4d473a7077f0f23b4e8a2a9,train
51138,component-1907aefc76e67b7b,05772477b053ac778ef01f75a5fca2ab,excluded_test_writer
51139,component-f522b41c5f8d7e79,04e5d9c6391ffd168ae955c68b92cba9,test
5114,component-f83bfef5cb1f426e,afb63d6512ef2c54af089316d287c3f3,excluded_test_writer
51140,component-d922160b737b39f2,7bf636672236402583d5cb804a954174,excluded_test_writer
51141,component-093fdfa64bc6bb65,2d12bf93e814c94161e87146a14bcbb5,train
51143,component-31531096ad857db6,7288d7ec8a01d53165be949cedd92baf,train
51144,component-6315cc0c48739c85,d0466678169e0252d59df46e611e4a96,train
51145,component-b37b8c45f282c101,02a0135e22dc5c6aece75fb1b2a75a81,test
51147,component-a53f8fb88e8d9097,10e70e6925cdf1207137b2fcb50d9e73,train
51148,component-d676f65b2f249196,1bb737d061a40a301b22b4ff2dc12d58,excluded_test_writer
51149,component-8ce0ee48539d58dc,bf317ff061957293b615bf57c815ce99,train
5115,component-cd8e31840f6a29f4,f7aebda1f779cb4230ab0db893b3f13a,train
51150,component-74fa19708cd07c44,e28940fc02522c9e872d1cd60a08a529,excluded_test_duplicate
51151,component-469a3e9c8dd91f11,dc60f2e045fa06d98420f5b5dcf53e86,train
51152,component-693b147892fbf5bc,105cf7b2741fe509169ac80ecf20c0e8,excluded_test_writer
51153,component-f2ad9fb953cba5b3,daaf1dbf1796e8f0e410092f93d312e5,test
51154,component-ffbdda7c44c52ffe,18578f5982df6ba4c56c9b1ce0702d9d,excluded_test_writer
51155,component-0d2e61493232df5c,0c6efa8e1b069f5e636e7b6131744827,train
51156,component-4542be124b3fd189,75ff2441794c680313a00fc96c8aa1fa,excluded_test_writer
51157,component-a920e3528fd78b20,bcc45358fe28eec328647feea4f36615,train
51158,component-22d18bdd8e09162b,41cb550aa28641bec0875c123183810a,train
51159,component-245e004c2c79d56b,7232fdf6568eeae9386dc7e94e097233,train
5116,component-f2895201481709ff,f6e71f410c6f7312a3d766e5046f4873,train
51160,component-13467d9a5a546e46,9dc726ebb7c8085dda42cdc8df20a500,excluded_test_writer
51161,component-403caf331ac911a8,9cda62b1542d957e5ae1fecf5344e2a3,excluded_test_writer
51162,component-da9327405efd1ee7,bd7b582e2dcfcb472fc671c4c2b01389,excluded_test_writer
51163,component-cefbfc315be58294,e3b3c6bb07aaf362b31b7f9aba40fc35,excluded_test_writer
51164,component-a3b1989a041d8b4c,4100cda57dcd76fd39661b22e288d427,train
51165,component-c35d404a45efbc54,d0fcbbbf26567769723f5fe75b10ad2b,excluded_test_writer
51166,component-d7e489a564fe8372,305e9c38370f6298b67f84eda13cd83d,excluded_test_writer
51167,component-fab7b19826b871a4,b07d02ba5ecef323eaa1012c1e6cd900,excluded_test_writer
51168,component-880663d7b132b017,20b9c3112786d4dcff4257d5346b9e42,excluded_test_duplicate
51169,component-b37d3175c4e69f2c,673113a2c1da86a83e36b22430810af6,train
51171,component-dac0a8e4848066c5,4a557012d8927eb84ca0e3be9d2d5883,excluded_test_writer
51172,component-4ad3684ffe7d0e7c,9d251b2f9e07275d1a8fe0853573b603,train
51173,component-b2d69dfd0b46e1d1,a579784a1d81222bec680d9c0b8d8d6b,excluded_test_writer
51174,component-7a1aa32766edc287,bf99938f99d43bb8398245e53cf4e99b,excluded_test_writer
51175,component-9f3dbaacd94ec0ed,c5d8f5185d75898bf8382c0713f1f770,train
51176,component-c100388c9328b30b,61310d503e6ffcb1d260c8630ee2fae0,test
51177,component-8ceac4b5444933d0,08209767fdce856ba08640f200c46dc0,train
51178,component-94c7660d05a7f46f,bfa2edce4489561275f2f9487c2488b7,test
51179,component-cdc4cff450d2c46f,5ef572df9b4b7b5e890c3f594abcf111,train
5118,component-555850e8f7f153d3,af5e9e3170938678f24566ba7f6c9877,train
51180,component-a5db10366553ef58,b637519ab9e8b101089be3cc36ea50dd,excluded_test_writer
51181,component-89a1d317b68e7139,15e5d686d1d9e529e25098f1e5cc6f2d,excluded_test_writer
51182,component-74fa19708cd07c44,e28940fc02522c9e872d1cd60a08a529,excluded_test_duplicate
51184,component-40b8b931b6309755,974541a47fd0817eb8957057b6a6cf9f,test
51185,component-d676f65b2f249196,1bb737d061a40a301b22b4ff2dc12d58,test
51186,component-a869c7850aebfc94,5d16291b4fe546a4989a430140bce28a,train
51187,component-bf2893ac5a2f8a1a,73c6ddaf0851b39253d07600754fc5df,excluded_test_writer
51188,component-3759ea224bc5328c,170d579b41922cd1d8b49fdca1167dea,train
51189,component-4cb7e8bd1bdef6a1,a8d10476ad85d025e0cbd0b9f55b0a04,excluded_test_writer
51190,component-61761f9420088c4a,e044a588a9ea08a45e2f014e9fd74d7a,excluded_test_writer
51191,component-482e17d3810fde18,566e6d9fa0b6225c29df8a4e9e7413a7,excluded_test_writer
51192,component-1f30ac8e1976978b,017afc3f499e9011829789273fc95713,train
51193,component-05f2e4d87064d559,9a1c3fb2440455cc740c726ab35bd7a7,train
51194,component-bdec91207e23a2ed,4ac0d3b12a2e47b3dea0c235ccdd67a3,excluded_test_writer
51195,component-22d18bdd8e09162b,41cb550aa28641bec0875c123183810a,train
51196,component-0aef6efee530802b,360870c658edc4c82b96bf6bb132cc56,train
51197,component-b2d2c921b957d0f3,6e5c7426a1469f75710ccf046dda7de9,train
51198,component-bb51dde5170a8e8b,4afe7a89d3a52957efdcc75e1388f297,excluded_test_writer
51199,component-879a906210ebc708,034bb12696eb7f4e7b155459c1d5fd57,excluded_test_writer
512,component-9cb0d698e6f87500,e7c02ca341153ac6a24e26cf0b1c67c8,excluded_test_writer
51200,component-4e924cb7cd3046cf,7f501143c209868e51b449fb0a6dac73,excluded_test_writer
51201,component-4b705c6c010d42c7,336295c4bd5cc5bda4b5acf254846882,train
51203,component-21ff599d09cceede,3029ac515afd566c3ed285e1e2b46455,train
51204,component-e512656bd9371d84,9d107151e0695369bdd3f9dcc26369c4,excluded_test_writer
51205,component-f5fde7721b61d495,480c4bf9349d65b64880ff349dafbec2,excluded_test_writer
51206,component-8796e3d1c762514a,cae6613fb32f812e9922d092fa29d58a,train
51207,component-4936b6e6f9f84b3e,edce390643cc1e73785b5aa6c9db70c9,excluded_test_writer
51208,component-fa33e3528e343c41,ff8cde5c9f7beeef773904edeb2fa523,test
51209,component-5e385f5a35f453c9,da97457de08705fbb071a80f4fc9a1e2,excluded_test_writer
5121,component-4542be124b3fd189,75ff2441794c680313a00fc96c8aa1fa,excluded_test_writer
51210,component-8842972df45a5c58,fdee710106cc4f014532c02b9b49b79a,train
51212,component-db72824481a7e127,81b6cb037570c383c7c98c21019632b5,train
51214,component-9d39e042c016c544,3d69acd8f4d32fb77c3e3bd9a15aca70,train
51215,component-a8c68dca16e21758,894362420635769ec91ff94f3e0d9a49,train
51216,component-cdec1354bf8de7ea,83cb38a6995db9d06cfa0482383bf5e8,excluded_test_writer
51217,component-15ac2fc668b92a01,366270f81fbfc77cb8ad9ae4a1ed0966,excluded_test_writer
51218,component-737e06f48862a8ee,a04998a1d11145e3e9d7d55998d7e177,excluded_test_writer
51219,component-d4fea947a53312fb,cb55d51adc2ebfd13d5a2447a26e62c1,train
5122,component-500ea60d1e88579a,5a769e299fee249e6980907a358cdada,excluded_test_writer
51222,component-1ca83f49e35f64bc,57594c2ef2127edc4087108f34b9e866,excluded_test_writer
51225,component-c5376ca6619aded4,063acb5e2296b5bc5be28ac6ff21f35c,train
51227,component-76f899d8bd3d9d22,cb793f3c5307a9f5545f7f560e0bfff7,test
51228,component-8b0b0763885b9c9a,a55336959f961fb1658b7a8a82edde28,train
51229,component-dd6499288e8200fb,fab4951fbd8a3d1de608bc0ebaade4f7,train
5123,component-4936b6e6f9f84b3e,edce390643cc1e73785b5aa6c9db70c9,test
51231,component-63b1a404f621b892,73ffbf08fbbabcf4a11338cb3e3209a6,test
51232,component-07b743ea80266489,42c55fe4acbf1fe8e6866d999f57e439,train
51233,component-521ee816d4503ef1,d5d3735667337d94623f4420b71090ff,train
51234,component-afeb39598aa2d065,bf0191cddcbf55737d5bb967926f983d,train
51235,component-e91de800f40471d2,6264bc280463e31170081f078cb2afc1,train
51236,component-c915987362b5a4d6,ff4090f41a5f24883f23e2ef3ba30499,test
51237,component-53aa3f8271195e32,43c20c56d1fecd261b292d746a084f68,train
5124,component-2a51407e38dd394a,4ce481ce4841b318f5ea1f5f450b4af9,train
51240,component-ec4c27eacdeec618,014c88c28182d81219a1115c4616225c,test
51241,component-33e39891650db288,05041c6e41f42a9fb76ab92736205314,test
51242,component-8842972df45a5c58,fdee710106cc4f014532c02b9b49b79a,train
51244,component-9c487c65441c3242,cc90e968a14ad70a16218c6facfc863e,excluded_test_writer
51245,component-cdec1354bf8de7ea,83cb38a6995db9d06cfa0482383bf5e8,excluded_test_writer
51246,component-15ac2fc668b92a01,366270f81fbfc77cb8ad9ae4a1ed0966,excluded_test_writer
51249,component-b483f060aa4b25fb,a74c7e03b36527253f259d8be5b35944,test
5125,component-8f4153a3229c0d16,88d830317c58cdd39b396de3b98f90db,train
51250,component-564aedfe18c4f189,b47a322d3201ad17b978bd1034da08ef,train
51251,component-737e06f48862a8ee,a04998a1d11145e3e9d7d55998d7e177,excluded_test_writer
51253,component-3d1c7876a20be0ab,3603af9fa8353689fb6b79deb7bf945e,train
51254,component-f4efc7c21b166592,a367a8dc05a002140c24c16f9a998afc,excluded_test_writer
51257,component-be698415d2c9570c,5185cc64edafa329784d54e755d63b8a,train
51258,component-193b3cd627b5ea84,8bdb7968a04f811310d098919c612443,test
51259,component-ce7c040081069cc6,7e11c4b6902eccead104e3fdfc212ec8,test
5126,component-dab9143462fb1322,33dc5e2395d3e1151e84aea285e62c0c,excluded_test_writer
51260,component-6edca4a3c2981443,ed7b6552ec49a5af6c6f2fe781c98ba5,train
51261,component-e1d6899b8fc84199,02a20905af388a1319c2c8a7a6cad5b8,excluded_test_writer
51262,component-ff3e3dcd5449e302,6db51f6e98cc692a23c3eba2110349f0,train
51263,component-eb35acfd346379e2,57998c1f7889f8e43e82597b7616701f,test
51264,component-c9b80ed13b9cc0f0,e72261fa5fa5ee7ee90ca309780d119b,train
51265,component-a284f1ce491d0523,cd4ead05514425968b5c2e2a5e573073,train
51266,component-dc3708e931a69a15,b13cfa90a89e2bbd33c737d750b40f15,excluded_test_writer
51267,component-6e15807ba991fac3,b1fa70f5755a4712b89f8db36b626997,excluded_test_writer
51268,component-0566c03c82e2944e,50a4538ceb5a1726538b3a03e6556560,test
51269,component-ce2ba50e81fb84f5,83f7cd02745c476fd70f2d7b1193ae8a,train
5127,component-847de1dfdc384ab8,ad23e427fe3d4dc775c564f4ab83a4e9,excluded_test_writer
51271,component-e3160750b90a174f,734ffd22b298c21763dd1a63c7f52173,excluded_test_writer
51272,component-2b804950e2fc15cb,0b13e7e863fb098020f26095425c2aea,excluded_test_writer
51273,component-28b7432034a98745,8b4eb1b6e2d88a09130eef410efcc05c,train
51274,component-f6abe5804e1ee3b1,ed9dcdbcf8ec80433c892c3e477e7bcc,excluded_test_writer
51275,component-00acafc4d0de05d5,a7a195a617f784985ee4396a124c04fb,test
51276,component-f959ca35a9d5f619,cc74321cbe7fdd43288d25acf2ca92a6,test
51277,component-ce0b0bef2fa5030b,5fc0c26993d403f1166b860378a9ad0c,train
51278,component-f5b40cea7b85f0ce,83ef20d7fa8bcbc1da80e73c88d5b74b,test
5128,component-21e40cf5f737ac89,4a7672a8b0351496bc599077e7afbdb9,excluded_test_writer
51281,component-054176d194dfbc7d,6a917a955f59c176220497261f41cc21,test
51282,component-58ba946c0208b8ad,5b93580b3d3c6bff95ff397baefc978b,train
51283,component-34ce2a257babb237,e9b32d000befdeff9f3c92ac969c88ef,train
51285,component-aeb6187c9611e593,f6a35865ce01413df4d2bfec528995d8,test
51287,component-c88199903a99c166,a8cab2382addbc6f01291b09cb5121fa,test
51288,component-ac78110bbab401e5,5060a37e9983f132836dd6581fb196da,train
51289,component-e0d071816e6e9ece,69390987d9c38ba7ffda4a559cbde645,test
5129,component-c34b31361b3cbbf5,58d118802a4d0b67307fd97ed327d6db,excluded_test_duplicate
51292,component-9c487c65441c3242,cc90e968a14ad70a16218c6facfc863e,test
51293,component-737e06f48862a8ee,a04998a1d11145e3e9d7d55998d7e177,excluded_test_writer
51294,component-70c91480aa80ea7c,2e34c0711e92fa35e723d76601fd34ac,test
51296,component-5dedce7371f4bedd,bb8bca622cd917376a429edb0981cfe0,train
51297,component-15ac2fc668b92a01,366270f81fbfc77cb8ad9ae4a1ed0966,excluded_test_writer
51299,component-28b7432034a98745,8b4eb1b6e2d88a09130eef410efcc05c,train
513,component-926335ae37efdebd,b4892c3eef632d22ae412f18481f2dd5,excluded_test_writer
5130,component-ec34d6f17350fb4b,539add386cef76bdd95c1bbe1e88a9b9,test
51300,component-f88a751202f8f87c,b0196ea5d7b122e3345b808c6a23139c,test
51302,component-ca8ae4c850221976,6ccf914138419c76b5917da5f5356479,test
51304,component-33e39891650db288,05041c6e41f42a9fb76ab92736205314,excluded_test_writer
51307,component-5fd6e67d74c235f6,ef2b12aaeebe121afd9cc3c7f63aace8,train
51308,component-e4e58c5f153cae8d,08bcb81bacc0e948657558bd02ca5fb4,train
51309,component-2131b036acc61edd,9c1d1a1708fd110cdf4e64dbada079c9,excluded_test_writer
5131,component-ad6443ecfbbc4420,dab09d366040e74bc84b76a9ae99b7d8,excluded_test_writer
51312,component-db72824481a7e127,81b6cb037570c383c7c98c21019632b5,train
51313,component-8842972df45a5c58,fdee710106cc4f014532c02b9b49b79a,train
51316,component-79edb6ee4337c65e,433dd8a6bb6c5576e095c64e602e701c,train
51317,component-9d39e042c016c544,3d69acd8f4d32fb77c3e3bd9a15aca70,train
51318,component-cdec1354bf8de7ea,83cb38a6995db9d06cfa0482383bf5e8,excluded_test_writer
51319,component-40217bfeb4d111f0,6dacafc7b38c6c45d4a2b29ea64b2f8e,train
5132,component-4f9a47ef36db1ccf,c5023e014863b13bf87e14fa86db34af,excluded_test_writer
51320,component-9232b4836f7909fb,add0f5e6e3cb1bfc19d413064dd770dc,train
51321,component-58bcf0ce133fa226,fd203947a6f88d0186e913b224af50b5,train
51323,component-da116a1410326702,ad8a32c7beb2992c82b63a033c98551b,train
51324,component-3b7a9c3239d19544,ab43180791ec24f87acb53a6570c3a93,test
51326,component-ba88b8bcf62cde52,c32b6e746af9fef06910773e3197b1bc,train
51327,component-0cdb07812db83841,3f1c40fdb05758328f0cd02ffff4fcd5,excluded_test_writer
51328,component-3db5c0e22a57ee8f,2857a21ad0f2540d4433991560e11b0f,test
51329,component-1e7df5084672220f,420977b16095f1c0d60eb22827089ff3,test
5133,component-13467d9a5a546e46,9dc726ebb7c8085dda42cdc8df20a500,excluded_test_writer
51332,component-0c4ec74f0b8604ea,07210d2331f9b6bfda48de8961046928,excluded_test_writer
51333,component-d6a9a70a373747ba,eae4a33312cb2126261c641f9e6e5eac,excluded_test_writer
51334,component-ad51f96ec3b62b43,02f999be521c967cde6ffb5e6e52deb7,excluded_test_writer
51336,component-f8711df5a3b25c4e,5bcb64c57791e00e876fe2eb0d511a48,train
51337,component-21e40cf5f737ac89,4a7672a8b0351496bc599077e7afbdb9,excluded_test_writer
51338,component-1b157d77275658a9,0a5eaf1d00672ba115ed5106b6335686,train
51339,component-dab9143462fb1322,33dc5e2395d3e1151e84aea285e62c0c,excluded_test_writer
5134,component-db9ad06e2b12b5bd,652b039c6d7416eee602861b8037bc25,train
51340,component-2f716277b07a0668,21bd5d3108dbc506388fa9696ea29534,train
51341,component-fbb7af43a9cd2cf3,8ffadaf301e26b2a2b8f4006fdf33627,train
51343,component-879a906210ebc708,034bb12696eb7f4e7b155459c1d5fd57,excluded_test_writer
51344,component-3686e2f49254099e,e92880e5e49eceddbdf8afd15c49ca07,excluded_test_writer
51346,component-c0e2270c21bbfc22,10a5b9e4d9d08330b05d764e27efc1bf,test
51347,component-84521f4c4a7fb15f,c2059b052e196663ab0ef8ab3de71b33,excluded_test_writer
51348,component-5888ad689b3dc7a6,a3c092b9ee02d1ce0d368c18fd3ec508,excluded_test_writer
51349,component-a5a9502b2d2c4df7,2295758ff3bfee289243af36fd00e7f7,train
5135,component-07ffd552b7f9e803,f20da0bdcba5f881a113f78685409535,excluded_test_writer
51350,component-0b6701945e99ca1c,7b44d9ccf5d640c0bb62b97963ad2eab,train
51351,component-a3b1989a041d8b4c,4100cda57dcd76fd39661b22e288d427,train
51352,component-731818cc2fcb5f09,fbdb23888a1972479aa185040f62a93b,excluded_test_writer
51353,component-2f65026a0c934c6d,2a50b27a34de0c45ebd8075716e9f8b5,test
51354,component-bcd1632eb2009420,45c43eb5849ee5613944d55099ae9f80,train
51355,component-500ea60d1e88579a,5a769e299fee249e6980907a358cdada,test
51356,component-6ec46c026c26bdea,10193abf0c99850c2bcf8906c6039b94,train
51357,component-4936b6e6f9f84b3e,edce390643cc1e73785b5aa6c9db70c9,excluded_test_writer
51358,component-6315cc0c48739c85,d0466678169e0252d59df46e611e4a96,train
51359,component-7df8697ad6e2d880,ba2b5f805f17b674e96120b9dd61eea9,excluded_test_writer
5136,component-0ff7c26930cf0af5,90de0b368761f9c4fe9a9d255892e6f9,train
51360,component-bf2893ac5a2f8a1a,73c6ddaf0851b39253d07600754fc5df,excluded_test_writer
51361,component-21ff599d09cceede,3029ac515afd566c3ed285e1e2b46455,train
51362,component-566eaa374be503ec,4b8fdfcea400d6cf59d7560bc8eed62a,excluded_test_writer
51363,component-8796e3d1c762514a,cae6613fb32f812e9922d092fa29d58a,train
51364,component-4542be124b3fd189,75ff2441794c680313a00fc96c8aa1fa,excluded_test_writer
51365,component-52f3c372a09da1fb,2838c52c904a8b6a622a6c812af81213,train
51367,component-13467d9a5a546e46,9dc726ebb7c8085dda42cdc8df20a500,excluded_test_writer
51369,component-1563b34cf28d185a,3c090e7882ba871b75fc330f9ca76fac,excluded_test_writer
5137,component-571f9a913d673f9f,486ce66e9d9a920b1c03d5eb1203462a,excluded_test_writer
51370,component-b37d3175c4e69f2c,673113a2c1da86a83e36b22430810af6,train
51371,component-be25d11b665bb504,b58717abbb0d2c9e8776f2c75a86df01,excluded_test_writer
51372,component-4ed0449f1eb1a707,c9bdc3e4fd7466dd06239985efa99c08,excluded_test_writer
51374,component-880663d7b132b017,20b9c3112786d4dcff4257d5346b9e42,excluded_test_duplicate
51375,component-4e9be8f6190bfe71,a15995e3af1e0fa95fec46e96d00e75b,train
51376,component-9e408c7c5c75b1c8,964d0a6959e678067717625ecf91c94c,excluded_test_writer
51378,component-15e3d537d4366466,a903403bf3558f1b891cf60db9fe83e8,train
51379,component-8e097ba294c2c043,6eaa8dd5104e4d806c966d33edcd38aa,excluded_test_writer
5138,component-987b4618c05e0dc1,4fac5f9fe78f2c561bf11719669aa940,excluded_test_writer
51380,component-a64492bf87a2f7ee,bd51e78d6760a3d4298f17c5dbbf2f96,train
51381,component-9f3dbaacd94ec0ed,c5d8f5185d75898bf8382c0713f1f770,train
51382,component-3bf9b45d02a86b0d,88901e5345854244e540f777f5716507,train
51383,component-715753b2a2dceb9e,e11b32d2887a77ad4b6db41b44dd8394,train
51384,component-1a892ef7d9b76c4a,3ffdc17458a6d717ba8444354fa223a3,excluded_test_writer
51385,component-31531096ad857db6,7288d7ec8a01d53165be949cedd92baf,train
51386,component-b6448810b7bc0b20,69a851dfbba74a6e2e76d491ff4b6932,excluded_test_writer
51387,component-37a553d88bc9e0f0,488addb9c67d8d0d3dce536ffa69f694,train
51388,component-1907aefc76e67b7b,05772477b053ac778ef01f75a5fca2ab,excluded_test_writer
51389,component-344d218378d662e7,822c0a1605a3b83e42f4dfe91f08f744,train
5139,component-61761f9420088c4a,c014283810a2966fbee95a45aaf8cfdb,excluded_test_writer
51390,component-225b8ed56c311723,c5c97ea38bba2778931e44e8f5ed80e3,test
51392,component-fb3304097df8b2a0,add1c4bd0a37a9e3d44872e44985131d,train
51393,component-05f2e4d87064d559,9a1c3fb2440455cc740c726ab35bd7a7,train
51394,component-f1eaeb8715121d08,a0e368f3b72bfd3c29b623e22c1a5097,test
51395,component-c69c8f30d1fe6b7e,c408372ac6aadc63e988eedb7dd1e3ab,test
51396,component-925383e5b1a4dabe,326dfa186762ff3e752145255d98a29a,train
51397,component-13467d9a5a546e46,9dc726ebb7c8085dda42cdc8df20a500,excluded_test_writer
51398,component-482e17d3810fde18,566e6d9fa0b6225c29df8a4e9e7413a7,excluded_test_writer
51399,component-a982aa9a0950c3e5,5407470fbfd9e5caa2539745160f6607,excluded_test_duplicate
514,component-c1b8a8262b80498e,545a61f98f7603b702c1b4e6cdcb02fa,train
5140,component-352328cb26009797,4b260767dc441653e40e95ef77019d27,excluded_test_writer
51400,component-2554da3fd36cab4d,197f480c553553ae2c69cb8168d86698,train
51402,component-6237c32d30631c3e,cfb1ca053ebad9396c531f8d3e1e7f87,train
51404,component-a64492bf87a2f7ee,bd51e78d6760a3d4298f17c5dbbf2f96,train
51405,component-b2d69dfd0b46e1d1,a579784a1d81222bec680d9c0b8d8d6b,excluded_test_writer
51406,component-9e655b0f4d45d0d1,02073d5eda68ccf97b7aa9e30598a555,train
51407,component-880663d7b132b017,20b9c3112786d4dcff4257d5346b9e42,excluded_test_duplicate
51408,component-715753b2a2dceb9e,e11b32d2887a77ad4b6db41b44dd8394,train
51409,component-afa319464ce77c4c,80235b5d7f502ec06cc2bf26040e4094,train
51410,component-d6b14764dd5bde83,0633991271d70f09da9fb54dcdecb06e,excluded_test_writer
51411,component-7484d03a1bfa862e,e7acf407810c01f1fac96c75e228626d,train
51412,component-500ea60d1e88579a,5a769e299fee249e6980907a358cdada,excluded_test_writer
51413,component-4936b6e6f9f84b3e,edce390643cc1e73785b5aa6c9db70c9,excluded_test_writer
51414,component-b33b2c2165197959,a34cd7579ca6766458246c6b3df49e4b,test
51415,component-3686e2f49254099e,09ad8f49e450c52020bc8a029d98dc70,test
51416,component-b12d9481b4ef60e9,b08b63dfe26bbf4fb56e0a874e6077c9,test
51417,component-d71871956804a866,9737faef2240ccf6d5873b0b2a991f8c,train
51418,component-4f9a47ef36db1ccf,c5023e014863b13bf87e14fa86db34af,excluded_test_writer
51419,component-afcfd302b4801a4e,137fa9a1310d92cd07a2fa49a5fd3bce,train
5142,component-49d3cbd1fb66e247,b6d14ee6a9500b2909cf1adfd5783734,train
51420,component-cdc4cff450d2c46f,5ef572df9b4b7b5e890c3f594abcf111,train
51421,component-5489ea17e8c8e04d,f378c6cffa5b086ecb013c968695c6f8,excluded_test_writer
51422,component-c7fe96bb85c3604a,c7a03efca57f3c58ebee744da9abe533,train
51423,component-b82c69d5bfbf2317,3a9d991d1d9ec6f1a0edca04e2d5f65a,excluded_test_writer
51424,component-2a51407e38dd394a,4ce481ce4841b318f5ea1f5f450b4af9,train
51425,component-469a3e9c8dd91f11,dc60f2e045fa06d98420f5b5dcf53e86,train
51426,component-3759ea224bc5328c,170d579b41922cd1d8b49fdca1167dea,train
51427,component-bb51dde5170a8e8b,4afe7a89d3a52957efdcc75e1388f297,excluded_test_writer
51428,component-4e924cb7cd3046cf,7f501143c209868e51b449fb0a6dac73,excluded_test_writer
5143,component-0761b3bfc3263dc1,ee9f6a1d1d55ed0383207b7fc8e4ef9d,excluded_test_writer
51430,component-4b705c6c010d42c7,336295c4bd5cc5bda4b5acf254846882,train
51431,component-657b5fb4e2b0a733,d9e62e61cc151eab3cd5b2bedc08b381,train
51432,component-e4b7df9efc65b899,0d3418bf3065f3b360cea09cb2c3ac79,excluded_test_writer
51433,component-20163e7ba5ec5d6e,3c88e367f42e666466087bbba9933da8,train
51434,component-fea0098bb743c930,0001f9db4fb3039363cdef36e02508de,train
51435,component-f5fde7721b61d495,480c4bf9349d65b64880ff349dafbec2,test
51436,component-c35d404a45efbc54,d0fcbbbf26567769723f5fe75b10ad2b,test
51437,component-2926bd5db6b058d7,7f7f7627dae980988674c66094b36560,train
51438,component-72254c4062e4c8f1,274434a08e6f4761ac2828569de13e6a,train
5144,component-53432f5c6b704cff,e7072031bb25f783a77a93888374a95e,excluded_test_writer
51441,component-879a906210ebc708,034bb12696eb7f4e7b155459c1d5fd57,test
51442,component-1563b34cf28d185a,3c090e7882ba871b75fc330f9ca76fac,test
51443,component-6943da448d7fe003,1bd1328ea73e5cb11cc70fad9444ee6c,train
51444,component-92b1e6cbdba03723,95fa09a9f5d4a592d7917545a8cc8c56,train
51445,component-bf5fe018f15322c1,786b693d7e912096d544c9b0872c34fd,test
51446,component-e512656bd9371d84,9d107151e0695369bdd3f9dcc26369c4,excluded_test_writer
51447,component-af60e2a73013472f,8bfcb3518d072d5d6997a31e8092557e,train
51448,component-1f4570eb8d47ee8f,783589608610addbdc2ff3e037be0597,train
51449,component-d3204debaba6a4bc,2c9076f1040e200a7d104d48c35454e5,train
5145,component-766af62a6275002e,5958951f8006fc540194ebfa16c3754e,test
51450,component-33e39891650db288,05041c6e41f42a9fb76ab92736205314,excluded_test_writer
51451,component-fdea2f03cb755610,7ccc925617b524fb0ba6a60b1ad243ad,excluded_test_writer
51452,component-cdec1354bf8de7ea,83cb38a6995db9d06cfa0482383bf5e8,excluded_test_writer
51454,component-6e5f85db749cb3dc,1285fd0163576e1e1c0d5bc4883b6864,test
51455,component-eac592bddb3f7fe8,5c9e8a761a2c982965a42067cb07272c,train
51456,component-482e17d3810fde18,566e6d9fa0b6225c29df8a4e9e7413a7,excluded_test_writer
51457,component-3bf9b45d02a86b0d,88901e5345854244e540f777f5716507,train
51458,component-d93ca0bd09735cfe,20b24d7ee85796761e18812e59eae3b1,test
51459,component-ce47862a93f4bfc6,30a7e32e8d75e2369bb0f71767be37dd,train
51462,component-db72824481a7e127,81b6cb037570c383c7c98c21019632b5,train
51463,component-b84437875bf63681,5ad6e242ba916665f879afd6af1f3f91,train
51464,component-1ca83f49e35f64bc,7c27c7899c168f0b8961031dcfd24430,excluded_test_writer
51465,component-11cc7417f3cd1149,38f85958ae9fd3e9d90217d234e8a148,test
51466,component-1e5727a9f243278e,8f9191aef78add2d2c18bc7486de6caf,train
51467,component-938ca257025e0490,0e6ee65ba85d2db3cbafcae4285f3a2c,train
51468,component-f786bfa708120fbc,272ceae9d29d3632985a372de222eabb,train
51469,component-b661aa1fdf63c242,b69cfc266e7449dce2f533abcbdad4d1,excluded_test_writer
51470,component-8f3ab1507eea2b85,7276da9517cbe741ffea6734bc460895,train
51471,component-39ba72ca55f34a89,fcdb7a34c45d7698c162e9085182c1ac,train
51472,component-03b5c1838a9a157c,fbd0605103c20676fa89c0f672191504,test
51473,component-53aa3f8271195e32,43c20c56d1fecd261b292d746a084f68,train
51474,component-2937e285ebe58f54,7e89fe7fe0a9d65a9fec941805b62c92,test
51476,component-4a4ad5bd78d1bb02,df087a56d8f0f7e54f6daae909dce389,excluded_test_writer
51477,component-305ac2551d179593,104014b2a1c71c2eda44f482309ec0f3,excluded_test_writer
51478,component-9bd3c3e142618fdc,9590d3522e529b1e2e4fbd0ecf0056f7,excluded_test_writer
51479,component-12dcaa39bcc841d1,63693797c949fdf4980b6ca5c615d7f5,test
5148,component-2d517e68e168b2aa,8394f30558c27e446e67861d6b919020,train
51480,component-5fd6e67d74c235f6,ef2b12aaeebe121afd9cc3c7f63aace8,train
51481,component-33e39891650db288,05041c6e41f42a9fb76ab92736205314,excluded_test_writer
51482,component-15ac2fc668b92a01,366270f81fbfc77cb8ad9ae4a1ed0966,excluded_test_writer
51483,component-cdec1354bf8de7ea,83cb38a6995db9d06cfa0482383bf5e8,excluded_test_writer
51484,component-2a9de50e2a9e9347,c2f16ad76423078944945e1d4f2fe2c8,test
51486,component-1e5727a9f243278e,8f9191aef78add2d2c18bc7486de6caf,train
51487,component-ba45c0b343fa8458,4c7493023ddb562af710949053136216,test
51488,component-caca4d6ef3f4b9a7,8c6f6b7d3388f242ef2fcaa8206ff7f0,train
51489,component-469a3e9c8dd91f11,dc60f2e045fa06d98420f5b5dcf53e86,train
5149,component-6a96ab0bd63cade3,b0458f57958f8a8db93c72072ce90b3e,test
51490,component-c2153dac1309a1d4,a6b43c256ca8aef14ea14b9eb7d54ac3,train
51491,component-6e15807ba991fac3,b1fa70f5755a4712b89f8db36b626997,excluded_test_writer
51492,component-c6a8121be01dadde,737b430aca8fc1267b6ecc60d24c7116,train
51493,component-8bf6c10394a94d28,0c0cafca46bcb0d1ed38625672ee89f2,train
51494,component-fd0def911a911366,6b5b32a05a05260eb21f169a923ddfd8,excluded_test_writer
51495,component-6e5f85db749cb3dc,1285fd0163576e1e1c0d5bc4883b6864,excluded_test_writer
51496,component-248566a8181606d4,7b9ac2353c1878717494c451937c86fa,train
51497,component-1ca83f49e35f64bc,7c27c7899c168f0b8961031dcfd24430,excluded_test_writer
51499,component-aca06f60fb4451af,16b6e781f508aca5a72df3b525e0d70b,train
515,component-386454048000c123,18675a3d836669a516f36227a97d50f8,train
5150,component-566eaa374be503ec,4b8fdfcea400d6cf59d7560bc8eed62a,excluded_test_writer
51500,component-8b0a723563d92495,d9892d37ecb15f18660b00b25240af95,excluded_test_writer
51501,component-5401eaad2d960e79,9f5f75a4bef3ff4c9341991cf172d8fe,train
51502,component-9d39e042c016c544,3d69acd8f4d32fb77c3e3bd9a15aca70,train
51503,component-5d44dc75edad78ee,6eae0d25b81a090a11bec6910c5c7b29,test
51504,component-0ae5055abbd740f3,e262b9f79527e999569cf23809fd3191,excluded_test_writer
51505,component-6edca4a3c2981443,ed7b6552ec49a5af6c6f2fe781c98ba5,train
51506,component-0c26f5be1f481468,5a66831678e39731d1ed8e54182656a9,excluded_test_writer
51507,component-c5bf942db670e6de,a4f5252d143fcce3d5dcfbed81ec71de,train
51508,component-6bdc7939a97d44c2,0910cbdabc7f6b7fe11eb2feb6bdeeca,train
51509,component-caf5e962522e11f7,054396fe94d5f6f915eea3119464ccd9,excluded_test_writer
5151,component-f5fde7721b61d495,480c4bf9349d65b64880ff349dafbec2,excluded_test_writer
51511,component-ce0b0bef2fa5030b,5fc0c26993d403f1166b860378a9ad0c,train
51512,component-dd3a8c0e0b1001db,7a727abcb9224f1ac0ab85a14cbac70c,excluded_test_writer
51513,component-33e39891650db288,05041c6e41f42a9fb76ab92736205314,excluded_test_writer
51514,component-8842972df45a5c58,fdee710106cc4f014532c02b9b49b79a,train
51515,component-14b26930fcde96ce,e5a486d1c82b3c6d83d5f49279623bcc,test
51516,component-61761f9420088c4a,6763930a378155c7dd52f6d39b1700c9,excluded_test_writer
51517,component-b483f060aa4b25fb,a74c7e03b36527253f259d8be5b35944,excluded_test_writer
51518,component-193b3cd627b5ea84,8bdb7968a04f811310d098919c612443,excluded_test_writer
51519,component-469a3e9c8dd91f11,dc60f2e045fa06d98420f5b5dcf53e86,train
5152,component-c34b31361b3cbbf5,533c0a2343f9c80fbee115d283c32f82,excluded_test_writer
51520,component-3db5c0e22a57ee8f,2857a21ad0f2540d4433991560e11b0f,excluded_test_writer
51522,component-4d1aa10ffc5b9275,33aba783cd9f3fdbf70b7bb2aca53498,train
51524,component-0cdb07812db83841,3f1c40fdb05758328f0cd02ffff4fcd5,test
51525,component-4542be124b3fd189,75ff2441794c680313a00fc96c8aa1fa,excluded_test_writer
51526,component-0ae5055abbd740f3,e262b9f79527e999569cf23809fd3191,excluded_test_writer
51527,component-53aa3f8271195e32,43c20c56d1fecd261b292d746a084f68,train
51528,component-97e5c7a66436ad50,e5a63b1ab148093e143f374cf8223c45,train
51530,component-6246f64cb321b729,e6bf2ba42a6ee80705aa0c44eda512dc,test
51531,component-fd55cd82908a60dd,01167ad269fcb9de47bfe7ddedb2bfb5,test
51533,component-5855fb2426bf7e33,89dbeb1e59f29e5b0cb2ced8c5ad809d,excluded_test_writer
51534,component-4c44b76e3fb67f62,d47f0b0d85700dfb5a967d685e90edb8,test
51535,component-39ba72ca55f34a89,fcdb7a34c45d7698c162e9085182c1ac,train
51536,component-b6448810b7bc0b20,69a851dfbba74a6e2e76d491ff4b6932,excluded_test_writer
51538,component-94f95a307e0bc869,2048431d13e370e98a414cabd25bd32c,excluded_test_writer
51539,component-e5575f7a7acfb0ba,14d56eb119951dacb6df3e3b2398637f,test
5154,component-61761f9420088c4a,6763930a378155c7dd52f6d39b1700c9,excluded_test_writer
51540,component-f5b40cea7b85f0ce,83ef20d7fa8bcbc1da80e73c88d5b74b,excluded_test_writer
51541,component-158c5ca8bebb7e69,e417ef90a9f19d723ad871bda207fe16,test
51543,component-d4fea947a53312fb,cb55d51adc2ebfd13d5a2447a26e62c1,train
51545,component-f6abe5804e1ee3b1,ed9dcdbcf8ec80433c892c3e477e7bcc,excluded_test_writer
51546,component-15ac2fc668b92a01,366270f81fbfc77cb8ad9ae4a1ed0966,excluded_test_writer
51547,component-3d1c7876a20be0ab,3603af9fa8353689fb6b79deb7bf945e,train
51548,component-cdec1354bf8de7ea,83cb38a6995db9d06cfa0482383bf5e8,excluded_test_writer
5155,component-1f62acc0b8d0e8e3,c77d357b388385fd0150481f1703ace8,excluded_test_writer
51550,component-b2d2c921b957d0f3,6e5c7426a1469f75710ccf046dda7de9,train
51551,component-9d39e042c016c544,3d69acd8f4d32fb77c3e3bd9a15aca70,train
51552,component-20163e7ba5ec5d6e,3c88e367f42e666466087bbba9933da8,train
51554,component-1e5727a9f243278e,8f9191aef78add2d2c18bc7486de6caf,train
51555,component-8a47545a97074ec4,f4e577491a3e6a390231687500bf89b6,excluded_test_writer
51556,component-4aaf3b4161f4fd6e,86d1336e3cc4f30ed8a0a422b29f72a8,test
51557,component-96c7345b3ef8140d,4cdfade4fdc81ce5f171f8fbe0b0dbf6,excluded_test_duplicate
51558,component-5f85ea0791d89063,da8d1d07d74650f0ceb479ab5bd94c33,train
51559,component-737e06f48862a8ee,a04998a1d11145e3e9d7d55998d7e177,excluded_test_writer
5156,component-6943da448d7fe003,1bd1328ea73e5cb11cc70fad9444ee6c,train
51560,component-469a3e9c8dd91f11,dc60f2e045fa06d98420f5b5dcf53e86,train
51561,component-e0d071816e6e9ece,69390987d9c38ba7ffda4a559cbde645,excluded_test_writer
51562,component-22a63080e482e2fa,d252bc6b60d575ecb06d8957b5d7a270,test
51563,component-d74419f997431b42,3ace017f1e11563f5cdfa5d4ffc49a29,train
51565,component-c51ac92e820f4ed2,56f4a298ec64b692fad8983da9cea466,train
51566,component-1ca83f49e35f64bc,7c27c7899c168f0b8961031dcfd24430,excluded_test_writer
51567,component-07b743ea80266489,42c55fe4acbf1fe8e6866d999f57e439,train
51568,component-3f8858176719fbee,6f590e3da93b16b9d59e56971896b3b7,train
51569,component-0c4ec74f0b8604ea,07210d2331f9b6bfda48de8961046928,excluded_test_writer
5157,component-2953e94c78cd4d27,a012b6a80431050f9667cc66aa1cf066,excluded_test_writer
51570,component-fb3304097df8b2a0,add1c4bd0a37a9e3d44872e44985131d,train
51571,component-4e924cb7cd3046cf,7f501143c209868e51b449fb0a6dac73,excluded_test_writer
51572,component-05f2e4d87064d559,9a1c3fb2440455cc740c726ab35bd7a7,train
51573,component-4542be124b3fd189,75ff2441794c680313a00fc96c8aa1fa,excluded_test_writer
51574,component-3686e2f49254099e,e92880e5e49eceddbdf8afd15c49ca07,excluded_test_writer
51575,component-fab7b19826b871a4,b07d02ba5ecef323eaa1012c1e6cd900,test
51576,component-22d18bdd8e09162b,41cb550aa28641bec0875c123183810a,train
51577,component-3b60ff6f131dd354,1e2ad1bb6355854c8a949ccf11eb063b,test
51578,component-5888ad689b3dc7a6,a3c092b9ee02d1ce0d368c18fd3ec508,excluded_test_writer
51579,component-cefbfc315be58294,e3b3c6bb07aaf362b31b7f9aba40fc35,excluded_test_writer
5158,component-e3160750b90a174f,734ffd22b298c21763dd1a63c7f52173,test
51580,component-ad6443ecfbbc4420,dab09d366040e74bc84b76a9ae99b7d8,excluded_test_writer
51581,component-8f4153a3229c0d16,88d830317c58cdd39b396de3b98f90db,train
51582,component-a3b1989a041d8b4c,4100cda57dcd76fd39661b22e288d427,train
51583,component-879a906210ebc708,034bb12696eb7f4e7b155459c1d5fd57,excluded_test_writer
51584,component-469a3e9c8dd91f11,dc60f2e045fa06d98420f5b5dcf53e86,train
51585,component-403caf331ac911a8,9cda62b1542d957e5ae1fecf5344e2a3,excluded_test_writer
51586,component-bcd1632eb2009420,45c43eb5849ee5613944d55099ae9f80,train
51587,component-a7a809a54f4f76b0,49f2992b8d33eb0dd3f1714f2f9ab668,train
51588,component-9f3dbaacd94ec0ed,c5d8f5185d75898bf8382c0713f1f770,train
51589,component-4ad3684ffe7d0e7c,9d251b2f9e07275d1a8fe0853573b603,train
5159,component-bc195607041805e6,e52e94dd2279794ae34b27ffb2af09a4,train
51590,component-6315cc0c48739c85,d0466678169e0252d59df46e611e4a96,train
51591,component-813e11dbe788f69a,88d14545329230d0cf62c98d6e95f2e7,test
51592,component-b348774d46d3e234,008fadaf5d61324565edabfb84fa1c91,test
51593,component-c9794d87911cca98,fa792fc5b648b0bea65b9b016b96a38c,test
51594,component-64a8a8998a261423,450ab661c5e8bec2032acc998992012f,train
51595,component-dd605a6821e1c9f2,24cf38b7d06e5381628e735e9ec9e6fb,test
51596,component-07ffd552b7f9e803,f20da0bdcba5f881a113f78685409535,excluded_test_writer
51597,component-37e07da0d124c7bc,00034184710b94e6586d0f9faab491d2,test
51598,component-c68b1c018d4c163c,8d29255aa97ff08aa24ccd25a3564131,test
516,component-4771bef2c04a34b5,50c6c665fe5d8dd9ee27f2da769d60d9,train
5160,component-ad6443ecfbbc4420,dab09d366040e74bc84b76a9ae99b7d8,excluded_test_writer
51600,component-4cb7e8bd1bdef6a1,a8d10476ad85d025e0cbd0b9f55b0a04,excluded_test_writer
51601,component-84521f4c4a7fb15f,c2059b052e196663ab0ef8ab3de71b33,excluded_test_writer
51602,component-4ed0449f1eb1a707,c9bdc3e4fd7466dd06239985efa99c08,excluded_test_writer
51603,component-be25d11b665bb504,b58717abbb0d2c9e8776f2c75a86df01,excluded_test_writer
51604,component-afa319464ce77c4c,80235b5d7f502ec06cc2bf26040e4094,train
51605,component-c876e39ec3d65528,eb9ed8441facc5e057834515c8d50c7f,train
51606,component-8cd57a6299a82016,a29d4665a6fc4108780634bd7d4cdeb6,excluded_test_duplicate
51607,component-482e17d3810fde18,015eae8795c5cdba83dbc96a9d5baa17,test
51608,component-d922160b737b39f2,7bf636672236402583d5cb804a954174,excluded_test_writer
5161,component-dab9143462fb1322,33dc5e2395d3e1151e84aea285e62c0c,excluded_test_writer
51610,component-31531096ad857db6,7288d7ec8a01d53165be949cedd92baf,train
51611,component-21e40cf5f737ac89,4a7672a8b0351496bc599077e7afbdb9,test
51612,component-e54b589d0ffe6321,1bc35034ae72189cc54976048fe1d878,train
51613,component-2131b036acc61edd,9c1d1a1708fd110cdf4e64dbada079c9,test
51614,component-1a892ef7d9b76c4a,3ffdc17458a6d717ba8444354fa223a3,excluded_test_writer
51615,component-d3204debaba6a4bc,2c9076f1040e200a7d104d48c35454e5,train
51616,component-715753b2a2dceb9e,e11b32d2887a77ad4b6db41b44dd8394,train
51617,component-db0180845e4b3773,50157fd24223733e15dfed5f6336cf16,excluded_test_writer
51618,component-880663d7b132b017,20b9c3112786d4dcff4257d5346b9e42,excluded_test_duplicate
51619,component-37a553d88bc9e0f0,488addb9c67d8d0d3dce536ffa69f694,train
5162,component-b2d69dfd0b46e1d1,a579784a1d81222bec680d9c0b8d8d6b,excluded_test_writer
51620,component-6956eb333f4453e9,cbff640ddbc7b1c43cfcdd91749275c6,train
51621,component-20163e7ba5ec5d6e,3c88e367f42e666466087bbba9933da8,train
51624,component-84645ab696f158a7,1afc511610765efcad51b6b635d77771,test
51625,component-e2a1e6b1388202b7,cfe2bd2f16bc82256699fcb6ef11f284,excluded_test_writer
51626,component-e7e4f9888e9721e5,8ea15b11ebbafbdc516588f0398f2ea1,test
51628,component-5ab38367bcd01563,b8587dfb948d902cec44e52f1f4889d5,train
51629,component-52f3c372a09da1fb,2838c52c904a8b6a622a6c812af81213,train
5163,component-715753b2a2dceb9e,e11b32d2887a77ad4b6db41b44dd8394,train
51630,component-1ca83f49e35f64bc,57594c2ef2127edc4087108f34b9e866,excluded_test_writer
51631,component-bb51dde5170a8e8b,4afe7a89d3a52957efdcc75e1388f297,excluded_test_writer
51632,component-0c4ec74f0b8604ea,07210d2331f9b6bfda48de8961046928,test
51633,component-657b5fb4e2b0a733,d9e62e61cc151eab3cd5b2bedc08b381,train
51634,component-da9327405efd1ee7,bd7b582e2dcfcb472fc671c4c2b01389,excluded_test_writer
51635,component-d7e489a564fe8372,305e9c38370f6298b67f84eda13cd83d,test
51636,component-aef4842d9ffeac20,a9c2d057461545cf9d65cb8d0f757b2c,excluded_test_writer
51637,component-dab9143462fb1322,33dc5e2395d3e1151e84aea285e62c0c,excluded_test_writer
51639,component-9e408c7c5c75b1c8,964d0a6959e678067717625ecf91c94c,test
5164,component-6956eb333f4453e9,cbff640ddbc7b1c43cfcdd91749275c6,train
51640,component-13467d9a5a546e46,9dc726ebb7c8085dda42cdc8df20a500,excluded_test_writer
51641,component-bf837ac6ee9ee3ce,cc1aa01e0a2de4df051aa7a8376510df,train
51642,component-a982aa9a0950c3e5,5407470fbfd9e5caa2539745160f6607,excluded_test_duplicate
51643,component-7ea8f6a32990306e,15d559c815e27d6e62725340ba894fcc,excluded_test_writer
51644,component-a64492bf87a2f7ee,bd51e78d6760a3d4298f17c5dbbf2f96,train
51645,component-1b157d77275658a9,0a5eaf1d00672ba115ed5106b6335686,train
51646,component-b2d69dfd0b46e1d1,a579784a1d81222bec680d9c0b8d8d6b,excluded_test_writer
51647,component-406f1bea88ac86d9,f284247960d4d5342415dfd1a1f11cc3,excluded_test_writer
51648,component-3686e2f49254099e,e92880e5e49eceddbdf8afd15c49ca07,excluded_test_writer
51649,component-e512656bd9371d84,9d107151e0695369bdd3f9dcc26369c4,excluded_test_writer
5165,component-44898b43f6d5ea1c,ae2632b5171c66f99d43f37937e60058,train
51650,component-5fda6e08e9667a4f,4b01c8083c2f5c79ff96deacbe1e06ae,train
51651,component-7e737475f08780b0,e0e1980ad8b33487c53c48e57954ec79,train
51652,component-f128a31d01052e0b,0b48163ae76b12c0f1a905e652046b25,test
51653,component-b4a06456d54ad866,14c5fcf878f9200e09fb7ecbb6786220,test
51654,component-e84ce9a45e4569d9,dc27b4d37f2857ea0acff098cc1e7794,excluded_test_writer
51655,component-72254c4062e4c8f1,274434a08e6f4761ac2828569de13e6a,train
51656,component-4133e16cb7e48bd0,428c9abe941cd4caef02b420b596b551,train
51658,component-9f77f0680116176f,34e2c4539312b61e3c5520f800f248f7,excluded_test_writer
51659,component-9bcb4c71c878d678,58265214319874b4b15aed6d8726338e,train
5166,component-806e8f1b55b75343,f93ffe53dd51e7a915c1f96f707bc423,test
51660,component-b82c69d5bfbf2317,3a9d991d1d9ec6f1a0edca04e2d5f65a,excluded_test_writer
51661,component-9cb0d698e6f87500,e7c02ca341153ac6a24e26cf0b1c67c8,excluded_test_writer
51662,component-a5db10366553ef58,b637519ab9e8b101089be3cc36ea50dd,excluded_test_writer
51663,component-8ce0ee48539d58dc,bf317ff061957293b615bf57c815ce99,train
51664,component-74fa19708cd07c44,e28940fc02522c9e872d1cd60a08a529,excluded_test_duplicate
51665,component-3759ea224bc5328c,170d579b41922cd1d8b49fdca1167dea,train
51666,component-bf2893ac5a2f8a1a,73c6ddaf0851b39253d07600754fc5df,excluded_test_writer
51667,component-469a3e9c8dd91f11,dc60f2e045fa06d98420f5b5dcf53e86,train
51668,component-e512656bd9371d84,9d107151e0695369bdd3f9dcc26369c4,excluded_test_writer
51669,component-4b705c6c010d42c7,336295c4bd5cc5bda4b5acf254846882,train
5167,component-1aa50ec3391c5505,e2997dc6717330c1f2f656f514c2c26a,excluded_test_writer
51670,component-84521f4c4a7fb15f,c2059b052e196663ab0ef8ab3de71b33,test
51671,component-caca4d6ef3f4b9a7,8c6f6b7d3388f242ef2fcaa8206ff7f0,train
51672,component-21e40cf5f737ac89,4a7672a8b0351496bc599077e7afbdb9,excluded_test_writer
51673,component-625dd0ca576402c0,8dde6ecd5ac53bdf3a77db0ac14f4adc,excluded_test_writer
51674,component-482e17d3810fde18,566e6d9fa0b6225c29df8a4e9e7413a7,test
51675,component-8debc43d3b61cb66,7da96ec9d055e0768fb28f1d2d3a9555,excluded_test_writer
51676,component-9a4946dd5aac17ab,bf99086af1160c0e4b9574c5287d6a42,train
51677,component-4675cfa565f74ec5,5431c4b341e28a6904db271e5004259d,train
51678,component-2554da3fd36cab4d,197f480c553553ae2c69cb8168d86698,train
5168,component-90112f7f2ad89d67,a4f863ec514077c6b6364eaa47d4522d,train
51680,component-9e655b0f4d45d0d1,02073d5eda68ccf97b7aa9e30598a555,train
51681,component-58244a5165821cca,9254bacfd5861de4731f71cc8edbe7d3,excluded_test_writer
51682,component-22d18bdd8e09162b,41cb550aa28641bec0875c123183810a,train
51683,component-3bf9b45d02a86b0d,88901e5345854244e540f777f5716507,train
51684,component-c4962e7b14c1cc1e,44c05eb42a769f607123e1f418b52d67,excluded_test_writer
51685,component-ac66f57dd8f13138,56cc68f390d6e738dec5b0c06e77ddab,train
51686,component-ea5132b05b6a6e00,08f3a80eeda28e4b166735a0244de4a7,train
51687,component-caf5e962522e11f7,054396fe94d5f6f915eea3119464ccd9,test
51688,component-c60ef315fd3f8d85,1103ecac4be8cfaf0e71990e6bca9d9d,test
5169,component-83f2c170a2df21e4,2078c0fa5fe27342abf3513939bdac96,train
51690,component-33e39891650db288,05041c6e41f42a9fb76ab92736205314,excluded_test_writer
51693,component-96c7345b3ef8140d,4cdfade4fdc81ce5f171f8fbe0b0dbf6,excluded_test_duplicate
51694,component-3f05848854150344,cda3eec34e2d9b2bcade1c5e6f4fb516,test
51695,component-d579dc0e7ec45533,7da61b14ac2d58703528b02bcee2e042,excluded_test_writer
51697,component-a4a88b5a12eec864,4810c79a6afc1136f49cbd19e5f2217f,train
51698,component-dc3708e931a69a15,b13cfa90a89e2bbd33c737d750b40f15,excluded_test_writer
51699,component-bfc0bcf030d72c7d,de9b21e9807f404bbc081334e24375c5,train
517,component-5088c1bc42f5cc6a,1dc19b61acf079dba18b671c6933e4cc,test
5170,component-8df93a86bb739d44,d662b6daab117ca13569cbf2440f50e3,train
51702,component-ab78951914afbe50,762541e8b6229a53415950bdb02aaac1,train
51705,component-41c0528aaa5cb4bd,b3b22203dd5e49b84d772220896c4c0e,test
51706,component-ce47862a93f4bfc6,30a7e32e8d75e2369bb0f71767be37dd,train
51707,component-57fc8cde141d45e3,d30a272a6f2c0e337381498d405e8aac,train
51708,component-e59964448e9f5fa2,2a378d799841ffbeb904de044c53659a,test
51709,component-c65602ea934cb0c6,5669cdf6d2a2e5b91384a97a1831605f,train
5171,component-6ba0f9458cd8715b,aa8980cf91c087c41830a1d56ef8e6f8,excluded_test_writer
51710,component-007632531494616a,49f47a8501eb291cfbe4dd9431cefc58,test
51711,component-305ac2551d179593,104014b2a1c71c2eda44f482309ec0f3,excluded_test_writer
51712,component-9f05b4d56a474778,ee554d498ef6561b45fc3ab12c1c1a42,train
51713,component-8397851f8152a6e9,1d57bbd24d25d9c122d7e278358b9daf,test
51714,component-3354db94e7a0c83d,89ff341bd600c6c98fb9801e1f510ede,excluded_test_writer
51715,component-33a325a08b2312c0,0b0c36da050395f12f64a121aca14d53,train
51716,component-8fe8defe29b0e67f,f4726703bc4997755da225011423f22f,train
51718,component-3b3740a22307495a,e7948f08b7177eab3ac845b0cf8732a4,train
51719,component-b3ddb20c40f6c2fc,29fd2b0f12024c68f50dacdb6c495b51,train
5172,component-cc3345a15fe4708c,57ad3adf0a8fed0671c15d150ad67a1b,excluded_test_writer
51720,component-90860dbb62604976,137d0ec16217b426a5e1e5df55453ff9,test
51721,component-33e39891650db288,05041c6e41f42a9fb76ab92736205314,excluded_test_writer
51722,component-f969be199bec3a43,ffac822e48a43f96379cd31ca1a804e8,train
51723,component-564aedfe18c4f189,b47a322d3201ad17b978bd1034da08ef,train
51725,component-521ee816d4503ef1,d5d3735667337d94623f4420b71090ff,train
51726,component-469a3e9c8dd91f11,dc60f2e045fa06d98420f5b5dcf53e86,train
51727,component-6943da448d7fe003,1bd1328ea73e5cb11cc70fad9444ee6c,train
51729,component-3f8858176719fbee,6f590e3da93b16b9d59e56971896b3b7,train
5173,component-9199d9e5b275563c,73c325c3ee4adc039b5dfd2ee2759260,train
51730,component-5da5688889dfb4ca,e0c24280b61594e75bf070a0f6bea820,test
51731,component-c5bf942db670e6de,a4f5252d143fcce3d5dcfbed81ec71de,train
51732,component-3d9cb864289d105d,b2ef3bb8eed55622f8e59a8c0c626755,test
51733,component-53aa3f8271195e32,43c20c56d1fecd261b292d746a084f68,train
51734,component-f402cbfccfe2a59c,38b0e123da0e42cd5144299108be2149,train
51735,component-fd0def911a911366,6b5b32a05a05260eb21f169a923ddfd8,excluded_test_writer
51736,component-4306fcc29999a776,bc02bf044dcc6528b4cb3115290fa5af,excluded_test_writer
51738,component-e85b7c375459aaa2,a2de2008d09f3e9c4a3c6bd711d3c08b,test
51739,component-ca0060962598779e,2c7298623e10c324ce2bf2f38baab5f4,train
5174,component-3686e2f49254099e,e92880e5e49eceddbdf8afd15c49ca07,excluded_test_writer
51740,component-54007cb468db2d1e,c5c9daf1d4de5f29c034723e7e0edc1b,train
51741,component-9bd3c3e142618fdc,9590d3522e529b1e2e4fbd0ecf0056f7,excluded_test_writer
51745,component-8397851f8152a6e9,1d57bbd24d25d9c122d7e278358b9daf,excluded_test_writer
51747,component-25c8933d1bad8abe,4a9e9510fedfe845a8b2e0afc735d341,train
51748,component-d01461dc8b114af6,4f1d1bb68b81deb7dbdaec2d291a4af7,excluded_test_writer
51749,component-f6abe5804e1ee3b1,ed9dcdbcf8ec80433c892c3e477e7bcc,excluded_test_writer
5175,component-a2800be5a55f8b53,5e3961162b0adaec6174af7dd8a9dc34,train
51750,component-e3160750b90a174f,734ffd22b298c21763dd1a63c7f52173,excluded_test_writer
51751,component-5e385f5a35f453c9,da97457de08705fbb071a80f4fc9a1e2,test
51752,component-5fd6e67d74c235f6,ef2b12aaeebe121afd9cc3c7f63aace8,train
51753,component-33e39891650db288,05041c6e41f42a9fb76ab92736205314,excluded_test_writer
51755,component-737e06f48862a8ee,a04998a1d11145e3e9d7d55998d7e177,excluded_test_writer
51757,component-8842972df45a5c58,fdee710106cc4f014532c02b9b49b79a,train
51758,component-f4efc7c21b166592,a367a8dc05a002140c24c16f9a998afc,test
5176,component-62ef88b54ca86283,2705203c8211c645b7222005d291cd4a,train
51760,component-de9b56c2d24d4392,3f266c8ae80f227d219f5f9e21bb3f53,excluded_test_writer
51761,component-c7fe96bb85c3604a,c7a03efca57f3c58ebee744da9abe533,train
51762,component-1e5727a9f243278e,8f9191aef78add2d2c18bc7486de6caf,train
51763,component-71e6f5c88bbfa93a,4c2833e356ff0132a7a11a855e6dd0d6,train
51765,component-469a3e9c8dd91f11,dc60f2e045fa06d98420f5b5dcf53e86,train
51767,component-07b743ea80266489,42c55fe4acbf1fe8e6866d999f57e439,train
51768,component-8c08d9676d4501a4,87062dc25b8bb51df5b78117e95ee4f7,test
51769,component-b84437875bf63681,5ad6e242ba916665f879afd6af1f3f91,train
5177,component-8470e27de1197a48,541e823c967e9ab61df1e6736be4f3b4,train
51770,component-6246f64cb321b729,e6bf2ba42a6ee80705aa0c44eda512dc,excluded_test_writer
51771,component-75fefe60a773bdaa,992b75644c7657d7fb33cefd2ddb0e6f,train
51772,component-fd0def911a911366,6b5b32a05a05260eb21f169a923ddfd8,excluded_test_writer
51773,component-ba45c0b343fa8458,4c7493023ddb562af710949053136216,excluded_test_writer
51774,component-b22cb2291342d0fe,0eec71e8d4a2bcfb7dad9a584f4277f0,test
51775,component-fdea2f03cb755610,7ccc925617b524fb0ba6a60b1ad243ad,test
51776,component-6e15807ba991fac3,b1fa70f5755a4712b89f8db36b626997,excluded_test_writer
51777,component-8ba51420454f1dca,3b1dea8eee6423c91e28bf292620825a,train
51778,component-7435b5700b89d0e5,b2e7b9c8a5b1fa399edc3637f60716c4,train
51779,component-ce0b0bef2fa5030b,5fc0c26993d403f1166b860378a9ad0c,train
51780,component-33e39891650db288,05041c6e41f42a9fb76ab92736205314,excluded_test_writer
51781,component-8796e3d1c762514a,cae6613fb32f812e9922d092fa29d58a,train
51782,component-61761f9420088c4a,6763930a378155c7dd52f6d39b1700c9,excluded_test_writer
51784,component-418bb79d193599e9,eef4d848d7f616ed2295e4a70aa5c5b2,excluded_test_writer
51785,component-4aaf3b4161f4fd6e,86d1336e3cc4f30ed8a0a422b29f72a8,excluded_test_writer
51786,component-5855fb2426bf7e33,89dbeb1e59f29e5b0cb2ced8c5ad809d,excluded_test_writer
51787,component-aca06f60fb4451af,16b6e781f508aca5a72df3b525e0d70b,train
51788,component-4c2d2e5304715e97,6c3f15243eaa72098f5d11929c06765b,train
51789,component-9d39e042c016c544,3d69acd8f4d32fb77c3e3bd9a15aca70,train
5179,component-fa33e3528e343c41,ff8cde5c9f7beeef773904edeb2fa523,excluded_test_writer
51790,component-469a3e9c8dd91f11,dc60f2e045fa06d98420f5b5dcf53e86,train
51791,component-482e17d3810fde18,566e6d9fa0b6225c29df8a4e9e7413a7,excluded_test_writer
51792,component-63d63dda992999b1,1a9c5e3dbfa60bb7b90e80f7fa114cdb,test
51793,component-0ae5055abbd740f3,e262b9f79527e999569cf23809fd3191,excluded_test_writer
51795,component-8fcdeb24d42d8c30,d615170c34d7342ebb05f9416089610f,test
51796,component-1594fe5c44a604b8,1feba7f796ebda5f838fc76c06b5418c,train
51797,component-db72824481a7e127,81b6cb037570c383c7c98c21019632b5,train
51798,component-8d99329e394cf46c,ba6904abd2e15c1907e5d9ac22afbfb3,train
51799,component-fd0def911a911366,6b5b32a05a05260eb21f169a923ddfd8,test
518,component-6943da448d7fe003,1bd1328ea73e5cb11cc70fad9444ee6c,train
5180,component-258f31fc369c1710,325f9f61282197b08de264710c3481cb,train
51801,component-9c02c5afcd64fef0,d9964b222a7a2cd21874e0cdd5e39706,test
51802,component-f786bfa708120fbc,272ceae9d29d3632985a372de222eabb,train
51803,component-a98bac655b530ace,47b6ba526136a4a496029fe52d9672ec,train
51804,component-87986a2976f15a19,777c6681923ef7cfa751dfbda81b2c69,test
51805,component-1ca83f49e35f64bc,7c27c7899c168f0b8961031dcfd24430,test
51806,component-f85f650d496733f4,91d29611594a71d8b8f8765be719d9dc,train
51807,component-d889b6df09ed453a,0021b1c889de4f4e2db3e4e24d8f32c8,test
51808,component-0c26f5be1f481468,5a66831678e39731d1ed8e54182656a9,test
51809,component-a5db10366553ef58,b637519ab9e8b101089be3cc36ea50dd,excluded_test_writer
5181,component-22d18bdd8e09162b,41cb550aa28641bec0875c123183810a,train
51810,component-74fa19708cd07c44,e28940fc02522c9e872d1cd60a08a529,excluded_test_duplicate
51811,component-bf2893ac5a2f8a1a,73c6ddaf0851b39253d07600754fc5df,excluded_test_writer
51812,component-469a3e9c8dd91f11,dc60f2e045fa06d98420f5b5dcf53e86,train
51813,component-4542be124b3fd189,75ff2441794c680313a00fc96c8aa1fa,excluded_test_writer
51814,component-2554da3fd36cab4d,197f480c553553ae2c69cb8168d86698,train
51815,component-a982aa9a0950c3e5,5407470fbfd9e5caa2539745160f6607,excluded_test_duplicate
51816,component-9a4946dd5aac17ab,bf99086af1160c0e4b9574c5287d6a42,train
51817,component-3686e2f49254099e,e92880e5e49eceddbdf8afd15c49ca07,excluded_test_writer
51818,component-8f4153a3229c0d16,88d830317c58cdd39b396de3b98f90db,train
51819,component-b7609da7e6f650a6,23330bf5f63422925bff51d4ff647acd,train
5182,component-21e40cf5f737ac89,4a7672a8b0351496bc599077e7afbdb9,excluded_test_writer
51820,component-bcd1632eb2009420,45c43eb5849ee5613944d55099ae9f80,train
51821,component-5888ad689b3dc7a6,a3c092b9ee02d1ce0d368c18fd3ec508,test
51822,component-a64492bf87a2f7ee,bd51e78d6760a3d4298f17c5dbbf2f96,train
51823,component-406f1bea88ac86d9,f284247960d4d5342415dfd1a1f11cc3,excluded_test_writer
51824,component-6caca9d6bb02270e,d6264ffd7ee0e0947f162a1871ef98be,train
51825,component-8cd57a6299a82016,a29d4665a6fc4108780634bd7d4cdeb6,excluded_test_duplicate
51826,component-b2d69dfd0b46e1d1,a579784a1d81222bec680d9c0b8d8d6b,test
51827,component-21e40cf5f737ac89,4a7672a8b0351496bc599077e7afbdb9,excluded_test_writer
51828,component-e84ce9a45e4569d9,dc27b4d37f2857ea0acff098cc1e7794,excluded_test_writer
51829,component-6315cc0c48739c85,d0466678169e0252d59df46e611e4a96,train
5183,component-7e737475f08780b0,e0e1980ad8b33487c53c48e57954ec79,train
51830,component-715753b2a2dceb9e,e11b32d2887a77ad4b6db41b44dd8394,train
51831,component-8fcdeb24d42d8c30,d615170c34d7342ebb05f9416089610f,excluded_test_writer
51832,component-d6b14764dd5bde83,0633991271d70f09da9fb54dcdecb06e,excluded_test_writer
51834,component-c9794d87911cca98,fa792fc5b648b0bea65b9b016b96a38c,excluded_test_writer
51835,component-f0c4e62c04357d54,be7480b116c7bb75ca98c746f0e71824,test
51837,component-208ef87679937e6d,5a89825629aa98328f2e028b3b6be8a9,test
51838,component-3bf9b45d02a86b0d,88901e5345854244e540f777f5716507,train
51839,component-ab64c843fb59c0e1,b2c138edf2f0389c58151161bf6c3c81,excluded_test_writer
5184,component-e512656bd9371d84,9d107151e0695369bdd3f9dcc26369c4,excluded_test_writer
51840,component-517a3a173131000f,a9db07913633e328845f33c4ae668104,train
51841,component-482e17d3810fde18,566e6d9fa0b6225c29df8a4e9e7413a7,excluded_test_writer
51842,component-caca4d6ef3f4b9a7,8c6f6b7d3388f242ef2fcaa8206ff7f0,train
51843,component-4b705c6c010d42c7,336295c4bd5cc5bda4b5acf254846882,train
51844,component-8cd57a6299a82016,a29d4665a6fc4108780634bd7d4cdeb6,excluded_test_duplicate
51845,component-13467d9a5a546e46,9dc726ebb7c8085dda42cdc8df20a500,excluded_test_writer
51846,component-9e655b0f4d45d0d1,02073d5eda68ccf97b7aa9e30598a555,train
51847,component-d922160b737b39f2,7bf636672236402583d5cb804a954174,excluded_test_writer
51848,component-b6448810b7bc0b20,69a851dfbba74a6e2e76d491ff4b6932,excluded_test_writer
51849,component-10ea1e541f751c41,3dd2b01bf1348a7595d08b07c54a47a1,test
5185,component-625dd0ca576402c0,8dde6ecd5ac53bdf3a77db0ac14f4adc,excluded_test_writer
51851,component-dab77b0c316ca63a,2bb2aab01c4ea9cc9b3783e6ce4bc7ce,excluded_test_writer
51852,component-3686e2f49254099e,e92880e5e49eceddbdf8afd15c49ca07,excluded_test_writer
51853,component-31531096ad857db6,7288d7ec8a01d53165be949cedd92baf,train
51854,component-3cf60179eedf3a20,103c8fc7fb71a40a9894e87651351a56,excluded_test_writer
51855,component-880663d7b132b017,20b9c3112786d4dcff4257d5346b9e42,excluded_test_duplicate
51856,component-d5140db19be1dca5,eb52d852f303cd803cf73241da475902,excluded_test_writer
51857,component-ea7812cfeb7b019a,aeee29237995449ad45d5b9a3634dd52,test
51858,component-8b96fbb7370c2a8e,102ebcdb14383e94e72f2ccf78ebd898,excluded_test_writer
51859,component-1aa50ec3391c5505,e2997dc6717330c1f2f656f514c2c26a,excluded_test_writer
5186,component-fbb7af43a9cd2cf3,8ffadaf301e26b2a2b8f4006fdf33627,train
51860,component-b348774d46d3e234,008fadaf5d61324565edabfb84fa1c91,excluded_test_writer
51862,component-d3204debaba6a4bc,2c9076f1040e200a7d104d48c35454e5,train
51863,component-83f2c170a2df21e4,2078c0fa5fe27342abf3513939bdac96,train
51864,component-428abfa27577b59e,1d5cdcb6377fc9b0bac05ed5d7d4f44a,excluded_test_writer
51865,component-418bb79d193599e9,eef4d848d7f616ed2295e4a70aa5c5b2,excluded_test_writer
51866,component-2c6418c47e2a0b79,8ea2e9c86e17208ce0b35f15ae78330f,test
51867,component-6956eb333f4453e9,cbff640ddbc7b1c43cfcdd91749275c6,train
51868,component-aab7baa732237c18,d18f71cd038d2a2282d4981fb81264e0,train
51869,component-9bcb4c71c878d678,58265214319874b4b15aed6d8726338e,train
5187,component-05f2e4d87064d559,9a1c3fb2440455cc740c726ab35bd7a7,train
51870,component-8e097ba294c2c043,6eaa8dd5104e4d806c966d33edcd38aa,excluded_test_writer
51871,component-de9b56c2d24d4392,3f266c8ae80f227d219f5f9e21bb3f53,excluded_test_writer
51872,component-8ce0ee48539d58dc,bf317ff061957293b615bf57c815ce99,train
51873,component-657b5fb4e2b0a733,d9e62e61cc151eab3cd5b2bedc08b381,train
51874,component-fb3304097df8b2a0,add1c4bd0a37a9e3d44872e44985131d,train
51875,component-625dd0ca576402c0,8dde6ecd5ac53bdf3a77db0ac14f4adc,excluded_test_writer
51876,component-fab7b19826b871a4,b07d02ba5ecef323eaa1012c1e6cd900,excluded_test_writer
51877,component-4675cfa565f74ec5,5431c4b341e28a6904db271e5004259d,train
51878,component-987b4618c05e0dc1,4fac5f9fe78f2c561bf11719669aa940,excluded_test_writer
5188,component-469a3e9c8dd91f11,dc60f2e045fa06d98420f5b5dcf53e86,train
51880,component-a64492bf87a2f7ee,bd51e78d6760a3d4298f17c5dbbf2f96,train
51881,component-406f1bea88ac86d9,f284247960d4d5342415dfd1a1f11cc3,test
51882,component-db006cc7e0aff0d8,c5b2c9fe31d03165b538088560a34cb2,test
51883,component-e84ce9a45e4569d9,dc27b4d37f2857ea0acff098cc1e7794,test
51884,component-0761b3bfc3263dc1,ee9f6a1d1d55ed0383207b7fc8e4ef9d,excluded_test_writer
51886,component-577b60d81972d76d,27c33e67198b69da8b1fe91febbd925d,excluded_test_writer
51888,component-e2a1e6b1388202b7,cfe2bd2f16bc82256699fcb6ef11f284,excluded_test_writer
51889,component-115fbfdf0179e57d,ae25de8a9e637786071340b89e59d189,test
5189,component-ab64c843fb59c0e1,b2c138edf2f0389c58151161bf6c3c81,test
51891,component-34d8400caea89518,a0a3c46df770074612b9c7fbcd5fef8a,train
51892,component-c139c104e92d79d5,dc79e02ffe7f240fd79b0d48b95062e3,train
51893,component-0e86feab1511d828,cc28c409666cb84a4d9ff710b7a72317,excluded_test_writer
51894,component-715753b2a2dceb9e,e11b32d2887a77ad4b6db41b44dd8394,train
51895,component-c3ae9e3269e9cd24,57fabe5b6d434c674f5a9a84ddda31af,train
51896,component-629ac2a3ac9f3e5d,4373f9abbce0d45299f8d69c507f80af,test
51897,component-8f027e77a83d7544,5629873239b168908db225abbf88fc7d,test
51898,component-f1ffcaaacfe9cacd,c9bbf9567b8c244bf6b9d3c21a0f7307,train
51899,component-806e8f1b55b75343,f93ffe53dd51e7a915c1f96f707bc423,excluded_test_writer
519,component-5489ea17e8c8e04d,f378c6cffa5b086ecb013c968695c6f8,excluded_test_writer
5190,component-4b705c6c010d42c7,336295c4bd5cc5bda4b5acf254846882,train
51900,component-3835a90fb87a5678,0a0ff5489ca8718bd56048b8fabd3ea4,train
51901,component-79d0042d8ad90291,4fe083101fde9456971f6c2e1325dfe0,test
51902,component-b82c69d5bfbf2317,3a9d991d1d9ec6f1a0edca04e2d5f65a,excluded_test_writer
51903,component-c1b8a8262b80498e,545a61f98f7603b702c1b4e6cdcb02fa,train
51904,component-3759ea224bc5328c,170d579b41922cd1d8b49fdca1167dea,train
51905,component-2a51407e38dd394a,4ce481ce4841b318f5ea1f5f450b4af9,train
51906,component-bb51dde5170a8e8b,4afe7a89d3a52957efdcc75e1388f297,excluded_test_writer
51907,component-4e924cb7cd3046cf,7f501143c209868e51b449fb0a6dac73,excluded_test_writer
51908,component-e512656bd9371d84,9d107151e0695369bdd3f9dcc26369c4,excluded_test_writer
51909,component-05f2e4d87064d559,9a1c3fb2440455cc740c726ab35bd7a7,train
5191,component-9e655b0f4d45d0d1,02073d5eda68ccf97b7aa9e30598a555,train
51910,component-da9327405efd1ee7,bd7b582e2dcfcb472fc671c4c2b01389,excluded_test_writer
51911,component-8debc43d3b61cb66,7da96ec9d055e0768fb28f1d2d3a9555,excluded_test_writer
51912,component-79f3f678b3376967,219621f541dd4fd9d6ee9d59d33f64db,train
51913,component-1b157d77275658a9,0a5eaf1d00672ba115ed5106b6335686,train
51914,component-21e40cf5f737ac89,4a7672a8b0351496bc599077e7afbdb9,excluded_test_writer
51915,component-1907aefc76e67b7b,05772477b053ac778ef01f75a5fca2ab,test
51916,component-58244a5165821cca,9254bacfd5861de4731f71cc8edbe7d3,excluded_test_writer
51917,component-9b7e8ce8dd8ef654,5849b6e92163d5ba0685cace8848f8fb,train
51918,component-eadbbebc6aa4c595,ef9b6a7f4e596b154807030cc620a3fb,test
51919,component-4ed0449f1eb1a707,c9bdc3e4fd7466dd06239985efa99c08,test
5192,component-7a1aa32766edc287,bf99938f99d43bb8398245e53cf4e99b,excluded_test_writer
51920,component-b2d69dfd0b46e1d1,a579784a1d81222bec680d9c0b8d8d6b,excluded_test_writer
51921,component-c4962e7b14c1cc1e,44c05eb42a769f607123e1f418b52d67,excluded_test_writer
51922,component-7a1aa32766edc287,bf99938f99d43bb8398245e53cf4e99b,test
51923,component-a3b1989a041d8b4c,4100cda57dcd76fd39661b22e288d427,train
51924,component-cefbfc315be58294,e3b3c6bb07aaf362b31b7f9aba40fc35,excluded_test_writer
51925,component-ad6443ecfbbc4420,dab09d366040e74bc84b76a9ae99b7d8,excluded_test_writer
51926,component-dac0a8e4848066c5,4a557012d8927eb84ca0e3be9d2d5883,test
51927,component-0cada882697414e5,a5721664008addc54b44fa16c66cfbc8,excluded_test_writer
51928,component-2b804950e2fc15cb,0b13e7e863fb098020f26095425c2aea,excluded_test_writer
51929,component-7e6fb043e91029f2,4acfb76f0090f1c24ce488a98f7bc309,test
51930,component-db972e7351cc12d7,7939e5b600a696f6bddbee26ad74f3e3,test
51931,component-75fefe60a773bdaa,992b75644c7657d7fb33cefd2ddb0e6f,train
51934,component-469a3e9c8dd91f11,dc60f2e045fa06d98420f5b5dcf53e86,train
51935,component-3f8858176719fbee,6f590e3da93b16b9d59e56971896b3b7,train
51936,component-96c7345b3ef8140d,4cdfade4fdc81ce5f171f8fbe0b0dbf6,excluded_test_duplicate
51937,component-b84437875bf63681,5ad6e242ba916665f879afd6af1f3f91,train
51938,component-9f77f0680116176f,34e2c4539312b61e3c5520f800f248f7,excluded_test_writer
51939,component-444bcc250df89ecd,cc6f93e26305d3aec61b2ff0a9ebbe2f,train
5194,component-b2d69dfd0b46e1d1,a579784a1d81222bec680d9c0b8d8d6b,excluded_test_writer
51940,component-84521f4c4a7fb15f,c2059b052e196663ab0ef8ab3de71b33,excluded_test_writer
51942,component-ce47862a93f4bfc6,30a7e32e8d75e2369bb0f71767be37dd,train
51943,component-b85a253b83621016,635d3ca3f3f6e743f534a0b1de4a1054,train
51945,component-3354db94e7a0c83d,89ff341bd600c6c98fb9801e1f510ede,test
51946,component-d772ddaa7fde23cc,58c9501662f4e2597c759c99e9e443dc,test
51947,component-db72824481a7e127,81b6cb037570c383c7c98c21019632b5,train
51948,component-febe6e7bdda399a3,ce6901eefc2e8986be8f63830a64b351,train
51949,component-8fdae7c19756a599,721837f7b642e356e959ae0159969662,test
5195,component-be25d11b665bb504,b58717abbb0d2c9e8776f2c75a86df01,excluded_test_writer
51951,component-2b872ce5ec01da3e,98421aa7893a4da72895be81b560213d,train
51952,component-8a47545a97074ec4,f4e577491a3e6a390231687500bf89b6,excluded_test_writer
51953,component-7e5e4d8d580260a1,b623a96085d29a480b4fdcec515bce1f,test
51955,component-eaa393e8949c085c,4ebacd93be427228c3fa39edff24b378,train
51956,component-3d3de3c277a64953,cdb2a7ac3da71d8620e4b4b8862b81f5,train
51957,component-c758f58b02894ca7,25e76848631aa5425f9360c7cc04c5cb,test
51958,component-0c26f5be1f481468,5a66831678e39731d1ed8e54182656a9,excluded_test_writer
51959,component-f6abe5804e1ee3b1,ed9dcdbcf8ec80433c892c3e477e7bcc,excluded_test_writer
5196,component-fab7b19826b871a4,b07d02ba5ecef323eaa1012c1e6cd900,excluded_test_writer
51960,component-8842972df45a5c58,fdee710106cc4f014532c02b9b49b79a,train
51961,component-8a47545a97074ec4,f4e577491a3e6a390231687500bf89b6,excluded_test_writer
51962,component-1b8c795088d76588,fbc298868241bd8816321b462c9b746c,test
51963,component-9d39e042c016c544,3d69acd8f4d32fb77c3e3bd9a15aca70,train
51964,component-6e15807ba991fac3,b1fa70f5755a4712b89f8db36b626997,excluded_test_writer
51965,component-dc3708e931a69a15,b13cfa90a89e2bbd33c737d750b40f15,excluded_test_writer
51966,component-a4a88b5a12eec864,4810c79a6afc1136f49cbd19e5f2217f,train
51968,component-6caf6b538dd21eba,49a4b9005b68ba73b9010b0e62a6a5ae,train
51969,component-9bd3c3e142618fdc,9590d3522e529b1e2e4fbd0ecf0056f7,excluded_test_writer
5197,component-b85a253b83621016,635d3ca3f3f6e743f534a0b1de4a1054,train
51970,component-33e39891650db288,05041c6e41f42a9fb76ab92736205314,excluded_test_writer
51971,component-ca0060962598779e,2c7298623e10c324ce2bf2f38baab5f4,train
51972,component-44fe0a682facf708,798bedcf1edf8cd2fc9893c591e4f046,train
51973,component-ab78951914afbe50,762541e8b6229a53415950bdb02aaac1,train
51974,component-ce47862a93f4bfc6,30a7e32e8d75e2369bb0f71767be37dd,train
51975,component-57fc8cde141d45e3,d30a272a6f2c0e337381498d405e8aac,train
51976,component-5855fb2426bf7e33,89dbeb1e59f29e5b0cb2ced8c5ad809d,excluded_test_writer
51977,component-62d369f43ccb415d,b40c0bf5a76d050ea2b687b90a3a21a4,train
51978,component-2b872ce5ec01da3e,98421aa7893a4da72895be81b560213d,train
51979,component-8293da2408a7c5b1,d67bda86cadf53519482583b00f80d5d,excluded_test_writer
5198,component-406f1bea88ac86d9,f284247960d4d5342415dfd1a1f11cc3,excluded_test_writer
51980,component-94f95a307e0bc869,2048431d13e370e98a414cabd25bd32c,excluded_test_writer
51981,component-edf266febc60ad7f,40fbf9132a2451748823ede94f9ebf2f,train
51982,component-adf0110a4b26a30e,91256ace12190bf656bfb70d18620098,test
51983,component-515c5ae1b141c2eb,5e7d49dbe86b301bfc98dd421ed6392c,excluded_test_writer
51984,component-b992ea88d5ef53ac,fa2951acdf47d6b65ecce0079856832e,train
51985,component-3dfb14718655f9f4,0fff769efb723849e7fd45afb7c372fa,excluded_test_writer
51986,component-0eaf6dd0415eece2,124164bf3ba2aa05ea48ab77bf655aa3,train
51987,component-1be4bbd648430a8d,d9f72aefd5a556f40c5bc9c4ecfb8e5c,train
51988,component-e3160750b90a174f,734ffd22b298c21763dd1a63c7f52173,excluded_test_writer
51989,component-ce0b0bef2fa5030b,5fc0c26993d403f1166b860378a9ad0c,train
5199,component-ea5132b05b6a6e00,08f3a80eeda28e4b166735a0244de4a7,train
51990,component-737e06f48862a8ee,a04998a1d11145e3e9d7d55998d7e177,excluded_test_writer
51991,component-5fd6e67d74c235f6,ef2b12aaeebe121afd9cc3c7f63aace8,train
51992,component-dd3a8c0e0b1001db,7a727abcb9224f1ac0ab85a14cbac70c,test
51993,component-ce147889c647c0ac,87ab3b090e71ac42cf56d936674bb048,train
51994,component-cdec1354bf8de7ea,83cb38a6995db9d06cfa0482383bf5e8,excluded_test_writer
51995,component-33e39891650db288,05041c6e41f42a9fb76ab92736205314,excluded_test_writer
51996,component-049339fbfce445b5,9c77b3dc36e45013a24eb786e72e7705,test
51997,component-c2153dac1309a1d4,a6b43c256ca8aef14ea14b9eb7d54ac3,train
51998,component-564aedfe18c4f189,b47a322d3201ad17b978bd1034da08ef,train
51999,component-8842972df45a5c58,fdee710106cc4f014532c02b9b49b79a,train
52,component-41cfc0d1f2d127b0,4ba79ee4081a5ea01076f26021296ae7,train
520,component-ce0b0bef2fa5030b,5fc0c26993d403f1166b860378a9ad0c,train
5200,component-dab9143462fb1322,33dc5e2395d3e1151e84aea285e62c0c,excluded_test_writer
52000,component-5736c0df44097547,a9ef258796dc0e172c1c484175ba51f7,train
52002,component-3b7a9c3239d19544,ab43180791ec24f87acb53a6570c3a93,excluded_test_writer
52003,component-fd0def911a911366,6b5b32a05a05260eb21f169a923ddfd8,excluded_test_writer
52004,component-e35f32c8d1a144e4,5bbb42d2ee563f9943a77911642c9665,test
52005,component-4aaf3b4161f4fd6e,86d1336e3cc4f30ed8a0a422b29f72a8,excluded_test_writer
52007,component-4306fcc29999a776,bc02bf044dcc6528b4cb3115290fa5af,excluded_test_writer
52009,component-07b743ea80266489,42c55fe4acbf1fe8e6866d999f57e439,train
5201,component-3784c6b8d1538123,e530bc78ba7c186c1810cfe62714540b,train
52010,component-469a3e9c8dd91f11,dc60f2e045fa06d98420f5b5dcf53e86,train
52011,component-4542be124b3fd189,75ff2441794c680313a00fc96c8aa1fa,excluded_test_writer
52012,component-5855fb2426bf7e33,89dbeb1e59f29e5b0cb2ced8c5ad809d,test
52013,component-94f95a307e0bc869,2048431d13e370e98a414cabd25bd32c,excluded_test_writer
52014,component-8b0a723563d92495,d9892d37ecb15f18660b00b25240af95,excluded_test_writer
52015,component-e621062d08db34a2,4b4fc1118a86ed8a7faa30b830a2b4b4,test
52016,component-6246f64cb321b729,e6bf2ba42a6ee80705aa0c44eda512dc,excluded_test_writer
52018,component-15eab93f1acf69e2,2438cd643c51de6d6fc6aa4931503b81,test
52019,component-33e39891650db288,05041c6e41f42a9fb76ab92736205314,excluded_test_writer
5202,component-3686e2f49254099e,e92880e5e49eceddbdf8afd15c49ca07,excluded_test_writer
52020,component-737e06f48862a8ee,a04998a1d11145e3e9d7d55998d7e177,test
52022,component-1e5727a9f243278e,8f9191aef78add2d2c18bc7486de6caf,train
52023,component-76f899d8bd3d9d22,cb793f3c5307a9f5545f7f560e0bfff7,excluded_test_writer
52025,component-6e15807ba991fac3,b1fa70f5755a4712b89f8db36b626997,excluded_test_writer
52026,component-ce47862a93f4bfc6,30a7e32e8d75e2369bb0f71767be37dd,train
52028,component-b84437875bf63681,5ad6e242ba916665f879afd6af1f3f91,train
52029,component-863c6a819c3fe909,33c084a89f9efe0b48b8a549a41e4533,test
5203,component-70ca96b1943a275b,775c77e695323d272464bad404a065ed,excluded_test_writer
52030,component-db72824481a7e127,81b6cb037570c383c7c98c21019632b5,train
52031,component-53aa3f8271195e32,43c20c56d1fecd261b292d746a084f68,train
52035,component-44fe0a682facf708,798bedcf1edf8cd2fc9893c591e4f046,train
52036,component-0cc8ab82255e36f2,4dba89cfeea8217128d6c04a9a6393ed,test
52037,component-4299e0004602dea3,93a1a5e4ec5bc1e8c39e798513ccd31e,train
52038,component-de3cbfe9c65e0f3e,a388831c6399a009f6718d9acc08ca62,train
52039,component-7901dc376b0cd70a,49d498b5f467ba84b073f8950ac02005,train
5204,component-20163e7ba5ec5d6e,3c88e367f42e666466087bbba9933da8,train
52041,component-5b3c7e5d8691b875,27b2639324a15d7ba4f093c816cad336,train
52042,component-bfc0bcf030d72c7d,de9b21e9807f404bbc081334e24375c5,train
52044,component-b035f89eaa414ab5,d2ca0f029b2c65f4ca0e4573dcc136f0,excluded_test_writer
52045,component-317f75c80fdcb0e0,d10a450a90b2457c13c5147e3428ed0e,test
52046,component-6eb441f67fd166aa,b1ddad87bc314f5bcad26c8c64961e70,test
52047,component-e134a14184b69cb9,ee3f412cf31e4c2b2511c8f3395237ed,train
52048,component-22d18bdd8e09162b,41cb550aa28641bec0875c123183810a,train
52049,component-bdee2cbd748e12ba,33365294913704799442239f3e6229f3,test
5205,component-4d1aa10ffc5b9275,33aba783cd9f3fdbf70b7bb2aca53498,train
52050,component-4cb7e8bd1bdef6a1,a8d10476ad85d025e0cbd0b9f55b0a04,test
52051,component-c34b31361b3cbbf5,533c0a2343f9c80fbee115d283c32f82,test
52052,component-bb5a420c243f6bca,c19e5358b4d473a7077f0f23b4e8a2a9,train
52053,component-31531096ad857db6,7288d7ec8a01d53165be949cedd92baf,train
52054,component-d922160b737b39f2,7bf636672236402583d5cb804a954174,excluded_test_writer
52055,component-5888ad689b3dc7a6,a3c092b9ee02d1ce0d368c18fd3ec508,excluded_test_writer
52056,component-6caca9d6bb02270e,d6264ffd7ee0e0947f162a1871ef98be,train
52057,component-fbb7af43a9cd2cf3,8ffadaf301e26b2a2b8f4006fdf33627,train
52059,component-a3b1989a041d8b4c,4100cda57dcd76fd39661b22e288d427,train
5206,component-4541a289057b2f3e,33d0a083fe008da4dc5d2aebdeb6004a,test
52060,component-c34b31361b3cbbf5,58d118802a4d0b67307fd97ed327d6db,excluded_test_duplicate
52061,component-6315cc0c48739c85,d0466678169e0252d59df46e611e4a96,train
52062,component-0cada882697414e5,a5721664008addc54b44fa16c66cfbc8,excluded_test_writer
52063,component-3686e2f49254099e,e92880e5e49eceddbdf8afd15c49ca07,excluded_test_writer
52064,component-ad6443ecfbbc4420,dab09d366040e74bc84b76a9ae99b7d8,test
52065,component-bcd1632eb2009420,45c43eb5849ee5613944d55099ae9f80,train
52066,component-406f1bea88ac86d9,f284247960d4d5342415dfd1a1f11cc3,excluded_test_writer
52067,component-bdec91207e23a2ed,4ac0d3b12a2e47b3dea0c235ccdd67a3,excluded_test_writer
52068,component-a64492bf87a2f7ee,bd51e78d6760a3d4298f17c5dbbf2f96,train
52069,component-7ea8f6a32990306e,15d559c815e27d6e62725340ba894fcc,excluded_test_writer
5207,component-ed6905393720bfe5,e8156d41578a3218aefbb588e6663046,excluded_test_writer
52070,component-8cd57a6299a82016,a29d4665a6fc4108780634bd7d4cdeb6,excluded_test_duplicate
52071,component-b2d69dfd0b46e1d1,a579784a1d81222bec680d9c0b8d8d6b,excluded_test_writer
52072,component-7d436edb8a68a5ed,9ed209ecf7de1e62b379f395199d39b7,train
52073,component-3686e2f49254099e,09ad8f49e450c52020bc8a029d98dc70,excluded_test_writer
52074,component-07ffd552b7f9e803,f20da0bdcba5f881a113f78685409535,excluded_test_writer
52075,component-5dc8dd3780289933,84627f70691a0e709615d4d7cd61bc82,train
52076,component-f1d1275e41309cd5,d290fe2c936fd63e1ad5bf4a111f0ea4,train
52077,component-4496f74e0f5afaa7,9dfc27158dad785f5ea382bef5bf5561,test
52078,component-bf2893ac5a2f8a1a,73c6ddaf0851b39253d07600754fc5df,excluded_test_writer
52079,component-bb51dde5170a8e8b,4afe7a89d3a52957efdcc75e1388f297,test
5208,component-b343addd7aa6b85a,4a0e546ca9df7b3982a81e3004d6adbf,test
52080,component-2a51407e38dd394a,4ce481ce4841b318f5ea1f5f450b4af9,train
52081,component-3686e2f49254099e,e92880e5e49eceddbdf8afd15c49ca07,excluded_test_writer
52082,component-fb3304097df8b2a0,add1c4bd0a37a9e3d44872e44985131d,train
52084,component-f13fb1d553ef3c92,43e9c0527fd5f76935814c27fb30c82e,excluded_test_writer
52085,component-db0180845e4b3773,50157fd24223733e15dfed5f6336cf16,excluded_test_writer
52086,component-a7a809a54f4f76b0,49f2992b8d33eb0dd3f1714f2f9ab668,train
52087,component-b6448810b7bc0b20,69a851dfbba74a6e2e76d491ff4b6932,test
52088,component-8b96fbb7370c2a8e,102ebcdb14383e94e72f2ccf78ebd898,test
52089,component-37e07da0d124c7bc,00034184710b94e6586d0f9faab491d2,excluded_test_writer
5209,component-0b3fe555ae8bd943,4012d270b165a399254c516dd423e377,train
52090,component-880663d7b132b017,20b9c3112786d4dcff4257d5346b9e42,excluded_test_duplicate
52091,component-4f9a47ef36db1ccf,c5023e014863b13bf87e14fa86db34af,excluded_test_writer
52092,component-9f3dbaacd94ec0ed,c5d8f5185d75898bf8382c0713f1f770,train
52094,component-1907aefc76e67b7b,05772477b053ac778ef01f75a5fca2ab,excluded_test_writer
52096,component-07ffd552b7f9e803,f20da0bdcba5f881a113f78685409535,excluded_test_writer
52097,component-874d7f7eb7b65fb0,d99341c34da32e19e1103c9cfd5a737c,train
52098,component-83f2c170a2df21e4,2078c0fa5fe27342abf3513939bdac96,train
52099,component-7a6643fd688398e4,e4cdf9178388f6da8505de64f66a2cf8,train
521,component-16be92d6e7a7227b,2f737a841c713dcb56b4bdebf7e67ef1,test
5210,component-847de1dfdc384ab8,ad23e427fe3d4dc775c564f4ab83a4e9,test
52100,component-c9794d87911cca98,fa792fc5b648b0bea65b9b016b96a38c,excluded_test_writer
52101,component-13382871067572d1,7b4220010b9512b30159d09752277f96,train
52102,component-b272e47bbfbd211d,950665777b108dc27e9ceb3796a13211,test
52108,component-f8613b024ebd786d,07798b7b590a6ff669d3b8abbf57feff,train
52109,component-89a1d317b68e7139,15e5d686d1d9e529e25098f1e5cc6f2d,excluded_test_writer
5211,component-a3b1989a041d8b4c,4100cda57dcd76fd39661b22e288d427,train
52110,component-5191d8e7fe09681b,8a0a2873c87e3902399d46574599c996,excluded_test_writer
52111,component-2e278724785ff355,94b6652f0c5cc1327be9c45b274ee764,train
52112,component-2a51407e38dd394a,4ce481ce4841b318f5ea1f5f450b4af9,train
52113,component-d922160b737b39f2,7bf636672236402583d5cb804a954174,excluded_test_writer
52114,component-c35d404a45efbc54,d0fcbbbf26567769723f5fe75b10ad2b,excluded_test_writer
52115,component-1b157d77275658a9,0a5eaf1d00672ba115ed5106b6335686,train
52116,component-aaf2c035e69034e5,ee6fb93c3d264d87f75114aaf57f4fc8,test
52117,component-a920e3528fd78b20,bcc45358fe28eec328647feea4f36615,train
52118,component-7ee635a1d99b6aca,d0d29d60abd5ff57581df56a03d0ea53,test
52119,component-dab9143462fb1322,33dc5e2395d3e1151e84aea285e62c0c,excluded_test_writer
5212,component-987b4618c05e0dc1,4fac5f9fe78f2c561bf11719669aa940,excluded_test_writer
52120,component-b7609da7e6f650a6,23330bf5f63422925bff51d4ff647acd,train
52121,component-13467d9a5a546e46,9dc726ebb7c8085dda42cdc8df20a500,excluded_test_writer
52122,component-8c5197817bb38ce0,1e9957a383d7fc0017f5271c504ed0da,train
52123,component-21e40cf5f737ac89,4a7672a8b0351496bc599077e7afbdb9,excluded_test_writer
52124,component-be25d11b665bb504,b58717abbb0d2c9e8776f2c75a86df01,excluded_test_writer
52125,component-b85a253b83621016,635d3ca3f3f6e743f534a0b1de4a1054,train
52126,component-406f1bea88ac86d9,f284247960d4d5342415dfd1a1f11cc3,excluded_test_writer
52127,component-4675cfa565f74ec5,5431c4b341e28a6904db271e5004259d,train
52129,component-d6b14764dd5bde83,0633991271d70f09da9fb54dcdecb06e,excluded_test_writer
52130,component-59c6cefaf409a0c2,80c8434d215a6a3bf61a3501da26bfd9,train
52131,component-e3160750b90a174f,734ffd22b298c21763dd1a63c7f52173,excluded_test_writer
52132,component-ed6905393720bfe5,e8156d41578a3218aefbb588e6663046,test
52133,component-24cc0991f97574ec,f148ad9727c230884d90f5ce9656b78f,excluded_test_writer
52134,component-d74419f997431b42,3ace017f1e11563f5cdfa5d4ffc49a29,train
52135,component-72254c4062e4c8f1,274434a08e6f4761ac2828569de13e6a,train
52136,component-2953e94c78cd4d27,a012b6a80431050f9667cc66aa1cf066,excluded_test_writer
52137,component-880c83bffde53255,61f99ad60f9d2e512b616546400ff950,train
52138,component-cee090934a55fdaa,b8d249cf51de034248b510f2b0a04aeb,test
52139,component-8ce0ee48539d58dc,bf317ff061957293b615bf57c815ce99,train
5214,component-428abfa27577b59e,1d5cdcb6377fc9b0bac05ed5d7d4f44a,excluded_test_writer
52140,component-3835a90fb87a5678,0a0ff5489ca8718bd56048b8fabd3ea4,train
52141,component-a5db10366553ef58,b637519ab9e8b101089be3cc36ea50dd,excluded_test_writer
52142,component-b82c69d5bfbf2317,3a9d991d1d9ec6f1a0edca04e2d5f65a,excluded_test_writer
52143,component-74fa19708cd07c44,e28940fc02522c9e872d1cd60a08a529,excluded_test_duplicate
52144,component-2a51407e38dd394a,4ce481ce4841b318f5ea1f5f450b4af9,train
52145,component-3759ea224bc5328c,170d579b41922cd1d8b49fdca1167dea,train
52146,component-469a3e9c8dd91f11,dc60f2e045fa06d98420f5b5dcf53e86,train
52147,component-482e17d3810fde18,566e6d9fa0b6225c29df8a4e9e7413a7,excluded_test_writer
52148,component-4ed0449f1eb1a707,c9bdc3e4fd7466dd06239985efa99c08,excluded_test_writer
52149,component-4e924cb7cd3046cf,7f501143c209868e51b449fb0a6dac73,test
5215,component-510eabd21c3e3d58,9cdf093b9aa9b71367f7dafdc5c807c3,excluded_test_writer
52150,component-e512656bd9371d84,9d107151e0695369bdd3f9dcc26369c4,excluded_test_writer
52152,component-625dd0ca576402c0,8dde6ecd5ac53bdf3a77db0ac14f4adc,excluded_test_writer
52153,component-4b705c6c010d42c7,336295c4bd5cc5bda4b5acf254846882,train
52154,component-1ca83f49e35f64bc,6050086dfef3dd80ce1923cb92aea523,excluded_test_writer
52155,component-21e40cf5f737ac89,4a7672a8b0351496bc599077e7afbdb9,excluded_test_writer
52156,component-4542be124b3fd189,75ff2441794c680313a00fc96c8aa1fa,excluded_test_writer
52157,component-e477af30478acc98,d25dfce505bdd1f8c8f790c1a88e049b,test
52158,component-afa319464ce77c4c,80235b5d7f502ec06cc2bf26040e4094,train
52159,component-d7e489a564fe8372,305e9c38370f6298b67f84eda13cd83d,excluded_test_writer
5216,component-ad6443ecfbbc4420,dab09d366040e74bc84b76a9ae99b7d8,excluded_test_writer
52161,component-9a4946dd5aac17ab,bf99086af1160c0e4b9574c5287d6a42,train
52162,component-f522b41c5f8d7e79,04e5d9c6391ffd168ae955c68b92cba9,excluded_test_writer
52163,component-fbb7af43a9cd2cf3,8ffadaf301e26b2a2b8f4006fdf33627,train
52164,component-b2d69dfd0b46e1d1,a579784a1d81222bec680d9c0b8d8d6b,excluded_test_writer
52165,component-da9327405efd1ee7,bd7b582e2dcfcb472fc671c4c2b01389,excluded_test_writer
52166,component-7a1aa32766edc287,bf99938f99d43bb8398245e53cf4e99b,excluded_test_writer
52167,component-9e655b0f4d45d0d1,02073d5eda68ccf97b7aa9e30598a555,train
52168,component-72254c4062e4c8f1,274434a08e6f4761ac2828569de13e6a,train
5217,component-3784c6b8d1538123,e530bc78ba7c186c1810cfe62714540b,train
52170,component-61761f9420088c4a,6763930a378155c7dd52f6d39b1700c9,excluded_test_writer
52172,component-8842972df45a5c58,fdee710106cc4f014532c02b9b49b79a,train
52173,component-3f8858176719fbee,6f590e3da93b16b9d59e56971896b3b7,train
52174,component-6246f64cb321b729,e6bf2ba42a6ee80705aa0c44eda512dc,excluded_test_writer
52176,component-9bd3c3e142618fdc,9590d3522e529b1e2e4fbd0ecf0056f7,test
52177,component-6e15807ba991fac3,b1fa70f5755a4712b89f8db36b626997,excluded_test_writer
52178,component-ce47862a93f4bfc6,30a7e32e8d75e2369bb0f71767be37dd,train
52181,component-515c5ae1b141c2eb,5e7d49dbe86b301bfc98dd421ed6392c,excluded_test_writer
52184,component-248ec0c20e656dbc,1c3069f705c22dc71f0f214adcca3e7a,test
52185,component-a4a88b5a12eec864,4810c79a6afc1136f49cbd19e5f2217f,train
52187,component-f6abe5804e1ee3b1,ed9dcdbcf8ec80433c892c3e477e7bcc,excluded_test_writer
52189,component-838acfbdc8d602d3,372b8f5b870de2017d840d90b345b316,excluded_test_writer
5219,component-6caca9d6bb02270e,d6264ffd7ee0e0947f162a1871ef98be,train
52190,component-87e1d48cbc5e82f0,66f2608be0dcf739b74edb23bba26def,train
52191,component-20163e7ba5ec5d6e,3c88e367f42e666466087bbba9933da8,train
52192,component-fc9cbd7f51480d1b,d125f2cf3d4a15fd8868e57d903e22a2,train
52194,component-96722127a1d8440d,b08d2a0b0e4b675f8693d9fa5a24a81c,train
52195,component-33a325a08b2312c0,0b0c36da050395f12f64a121aca14d53,train
52196,component-4642f49ddd85a916,fbe6b49ed7894303821b20bac35a48c7,test
52197,component-bb18ae0615fceb2a,a8f047e20738cee032632eab83447099,test
52198,component-d01461dc8b114af6,4f1d1bb68b81deb7dbdaec2d291a4af7,test
522,component-2a51407e38dd394a,4ce481ce4841b318f5ea1f5f450b4af9,train
5220,component-9f3dbaacd94ec0ed,c5d8f5185d75898bf8382c0713f1f770,train
52200,component-58c397bc121fbe6a,9966b1003278f8783c7270628ae1bb62,train
52201,component-c51ac92e820f4ed2,56f4a298ec64b692fad8983da9cea466,train
52202,component-3a67656b1643216c,a217925a6c26fdd9c592af72db5ad4e0,test
52203,component-8842972df45a5c58,fdee710106cc4f014532c02b9b49b79a,train
52204,component-dc3708e931a69a15,b13cfa90a89e2bbd33c737d750b40f15,excluded_test_writer
52205,component-b84437875bf63681,5ad6e242ba916665f879afd6af1f3f91,train
52206,component-469a3e9c8dd91f11,dc60f2e045fa06d98420f5b5dcf53e86,train
52207,component-8b0a723563d92495,d9892d37ecb15f18660b00b25240af95,excluded_test_writer
52209,component-44fe0a682facf708,798bedcf1edf8cd2fc9893c591e4f046,train
5221,component-3686e2f49254099e,e92880e5e49eceddbdf8afd15c49ca07,excluded_test_writer
52210,component-5b3c7e5d8691b875,27b2639324a15d7ba4f093c816cad336,train
52212,component-9bd3c3e142618fdc,9590d3522e529b1e2e4fbd0ecf0056f7,excluded_test_writer
52213,component-9f77f0680116176f,34e2c4539312b61e3c5520f800f248f7,excluded_test_writer
52214,component-ab78951914afbe50,762541e8b6229a53415950bdb02aaac1,train
52217,component-8293da2408a7c5b1,d67bda86cadf53519482583b00f80d5d,test
5222,component-7a6643fd688398e4,e4cdf9178388f6da8505de64f66a2cf8,train
52221,component-5855fb2426bf7e33,89dbeb1e59f29e5b0cb2ced8c5ad809d,excluded_test_writer
52222,component-b85a253b83621016,635d3ca3f3f6e743f534a0b1de4a1054,train
52223,component-562ac3843e42d368,12b34e75dddea2fd4bf74e8f1461738d,excluded_test_writer
52224,component-c0e8cab07963caeb,ee3caa301e6934b6d94dee7e0342da08,excluded_test_writer
52225,component-8dc0bd2d3ec689d8,ff5291b1e302c75f9a45a36b65489a03,test
52227,component-0b79150a1ed3fa2b,8bbae9193e6e765c96deb4f859dbdc55,excluded_test_writer
5223,component-e9c81a67c738e039,4de5823dfb977d5b7f248b9a45c68c1c,train
52230,component-f6abe5804e1ee3b1,ed9dcdbcf8ec80433c892c3e477e7bcc,excluded_test_writer
52233,component-5fd6e67d74c235f6,ef2b12aaeebe121afd9cc3c7f63aace8,train
52234,component-564aedfe18c4f189,b47a322d3201ad17b978bd1034da08ef,train
52236,component-8842972df45a5c58,fdee710106cc4f014532c02b9b49b79a,train
52238,component-75fefe60a773bdaa,992b75644c7657d7fb33cefd2ddb0e6f,train
5224,component-7603e9afb5dca0f8,b3220333d1e199607e9992420ea87f36,train
52241,component-db72824481a7e127,81b6cb037570c383c7c98c21019632b5,train
52243,component-6e15807ba991fac3,b1fa70f5755a4712b89f8db36b626997,excluded_test_writer
52246,component-338617c08e85ecf6,a1294f0793f28edc6641cb5f90374ec7,train
52248,component-7435b5700b89d0e5,b2e7b9c8a5b1fa399edc3637f60716c4,train
5225,component-416d00e06d1ae2c7,619d09ff04c1ed3f51a6196768111b4c,test
52250,component-b035f89eaa414ab5,d2ca0f029b2c65f4ca0e4573dcc136f0,excluded_test_writer
52251,component-8a47545a97074ec4,f4e577491a3e6a390231687500bf89b6,test
52252,component-8b0a723563d92495,d9892d37ecb15f18660b00b25240af95,test
52253,component-94f95a307e0bc869,2048431d13e370e98a414cabd25bd32c,excluded_test_writer
52255,component-7cd85f8573037c77,a27b9ac08f95b729677863f84319fcf1,train
52256,component-46aa7ef6f51843c7,03d2291b7d7b57ee50200048d8795d7b,test
52257,component-060f63c8be29d9e5,3ac6c72e4f374220c80ee58b9c83afa9,train
52258,component-f25bc871c2e474d9,ce508916a723b1124815cb93c74413bb,train
52262,component-3bf9b45d02a86b0d,88901e5345854244e540f777f5716507,train
52263,component-5736c0df44097547,a9ef258796dc0e172c1c484175ba51f7,train
52264,component-737e06f48862a8ee,a04998a1d11145e3e9d7d55998d7e177,excluded_test_writer
52267,component-c9fc9e7213cb0fda,615e7bb8e2f767b526fa7e3e5ccb2cef,train
52268,component-8842972df45a5c58,fdee710106cc4f014532c02b9b49b79a,train
5227,component-fcfa49c32bd1c3f5,7ca2ed45d2f59093e250f0e1b00ea394,train
52270,component-0cc8ab82255e36f2,4dba89cfeea8217128d6c04a9a6393ed,excluded_test_writer
52271,component-ce47862a93f4bfc6,30a7e32e8d75e2369bb0f71767be37dd,train
52272,component-5da5688889dfb4ca,e0c24280b61594e75bf070a0f6bea820,excluded_test_writer
52273,component-469a3e9c8dd91f11,dc60f2e045fa06d98420f5b5dcf53e86,train
52274,component-07b743ea80266489,42c55fe4acbf1fe8e6866d999f57e439,train
52275,component-9c02c5afcd64fef0,d9964b222a7a2cd21874e0cdd5e39706,excluded_test_writer
52279,component-b035f89eaa414ab5,d2ca0f029b2c65f4ca0e4573dcc136f0,excluded_test_writer
5228,component-b4349e0dcd4a59ec,445977fbf572dbb1a2a66da13a620e8c,train
52280,component-444bcc250df89ecd,cc6f93e26305d3aec61b2ff0a9ebbe2f,train
52281,component-a4a88b5a12eec864,4810c79a6afc1136f49cbd19e5f2217f,train
52282,component-e985109a75b135b5,9338b01fa496553a2d89a6fcb579697b,test
52283,component-6e15807ba991fac3,b1fa70f5755a4712b89f8db36b626997,excluded_test_writer
52284,component-562ac3843e42d368,17b1ede16396cd9f8085575ae82c0b77,test
52285,component-6caf6b538dd21eba,49a4b9005b68ba73b9010b0e62a6a5ae,train
52287,component-d772ddaa7fde23cc,58c9501662f4e2597c759c99e9e443dc,excluded_test_writer
52289,component-02eb922615d8157b,8f8996df09cbd9ddf04e5c6b503d770d,test
5229,component-59d13371beb55f2b,3b1bdf3c53fb76bbcabbc8bce6978460,excluded_test_writer
52290,component-f059dac24d299354,c2dbfce6341966116a5fcfc947e09a70,test
52291,component-cdc4cff450d2c46f,5ef572df9b4b7b5e890c3f594abcf111,train
52292,component-469a3e9c8dd91f11,dc60f2e045fa06d98420f5b5dcf53e86,train
52293,component-cd40f2235216d89b,e06d04b6af3822fcbedc0b3a3b33dbc7,train
52294,component-bb51dde5170a8e8b,4afe7a89d3a52957efdcc75e1388f297,excluded_test_writer
52295,component-bf2893ac5a2f8a1a,73c6ddaf0851b39253d07600754fc5df,excluded_test_writer
52296,component-4cb7e8bd1bdef6a1,a8d10476ad85d025e0cbd0b9f55b0a04,excluded_test_writer
52297,component-0aef6efee530802b,360870c658edc4c82b96bf6bb132cc56,train
52298,component-4e924cb7cd3046cf,7f501143c209868e51b449fb0a6dac73,excluded_test_writer
52299,component-f5fde7721b61d495,480c4bf9349d65b64880ff349dafbec2,excluded_test_writer
5230,component-8796e3d1c762514a,cae6613fb32f812e9922d092fa29d58a,train
52300,component-05f2e4d87064d559,9a1c3fb2440455cc740c726ab35bd7a7,train
52301,component-4542be124b3fd189,75ff2441794c680313a00fc96c8aa1fa,excluded_test_writer
52302,component-0d2e61493232df5c,0c6efa8e1b069f5e636e7b6131744827,train
52303,component-3784c6b8d1538123,e530bc78ba7c186c1810cfe62714540b,train
52304,component-4a4ad5bd78d1bb02,df087a56d8f0f7e54f6daae909dce389,excluded_test_writer
52305,component-625dd0ca576402c0,8dde6ecd5ac53bdf3a77db0ac14f4adc,test
52306,component-13467d9a5a546e46,9dc726ebb7c8085dda42cdc8df20a500,excluded_test_writer
52307,component-9a4946dd5aac17ab,bf99086af1160c0e4b9574c5287d6a42,train
52308,component-dcd615f2aa426e3e,1466818227f99bb65e7f7ad51b4c0b20,train
5231,component-f522b41c5f8d7e79,04e5d9c6391ffd168ae955c68b92cba9,excluded_test_writer
52310,component-7ea8f6a32990306e,15d559c815e27d6e62725340ba894fcc,excluded_test_writer
52312,component-403caf331ac911a8,9cda62b1542d957e5ae1fecf5344e2a3,test
52313,component-3cac5dc5407e7ac9,149bae629b8d8388d7c2a575a2e104ce,excluded_test_writer
52314,component-e53d1066d7b244f7,582314a144b050561dc547dd42daba27,excluded_test_writer
52315,component-a3b1989a041d8b4c,4100cda57dcd76fd39661b22e288d427,train
52316,component-e4b7df9efc65b899,0d3418bf3065f3b360cea09cb2c3ac79,test
52317,component-fab7b19826b871a4,b07d02ba5ecef323eaa1012c1e6cd900,excluded_test_writer
52318,component-ad35239f45b9feba,953f56458258bdc8d74735c7a62ff5a3,train
5232,component-0ff7c26930cf0af5,90de0b368761f9c4fe9a9d255892e6f9,train
52320,component-880663d7b132b017,20b9c3112786d4dcff4257d5346b9e42,excluded_test_duplicate
52321,component-a982aa9a0950c3e5,5407470fbfd9e5caa2539745160f6607,excluded_test_duplicate
52322,component-cdc4cff450d2c46f,5ef572df9b4b7b5e890c3f594abcf111,train
52323,component-b82c69d5bfbf2317,3a9d991d1d9ec6f1a0edca04e2d5f65a,test
52324,component-a5db10366553ef58,b637519ab9e8b101089be3cc36ea50dd,excluded_test_writer
52325,component-725e56a769e19df0,c61be2829dd1dabc630b1daa0365dbe4,train
52326,component-3759ea224bc5328c,170d579b41922cd1d8b49fdca1167dea,train
52327,component-36bc356450624c7d,aa0a1450b6486e827cbb38ace6fa0b51,test
52328,component-53aa3f8271195e32,43c20c56d1fecd261b292d746a084f68,train
52329,component-566eaa374be503ec,4b8fdfcea400d6cf59d7560bc8eed62a,excluded_test_writer
5233,component-806e8f1b55b75343,f93ffe53dd51e7a915c1f96f707bc423,excluded_test_writer
52330,component-61761f9420088c4a,e044a588a9ea08a45e2f014e9fd74d7a,test
52331,component-0aef6efee530802b,360870c658edc4c82b96bf6bb132cc56,train
52332,component-b2d2c921b957d0f3,6e5c7426a1469f75710ccf046dda7de9,train
52333,component-cefbfc315be58294,e3b3c6bb07aaf362b31b7f9aba40fc35,excluded_test_writer
52335,component-79d0042d8ad90291,4fe083101fde9456971f6c2e1325dfe0,excluded_test_writer
52336,component-879a906210ebc708,034bb12696eb7f4e7b155459c1d5fd57,excluded_test_writer
52337,component-4704a6c14733d8dc,5a7c3cfa88020a446f88743e51738b79,test
52338,component-dca34748cb3d1e22,50558e8110441f643f2d71df797e358b,test
52339,component-3cac5dc5407e7ac9,149bae629b8d8388d7c2a575a2e104ce,test
5234,component-010fe501377e4422,4b19b06b778ecf8e5fa86fe26c907423,train
52340,component-9f59252aa685b585,d3c10f068bc2f9c8d53574e842c10b42,train
52341,component-731818cc2fcb5f09,fbdb23888a1972479aa185040f62a93b,test
52342,component-56480461ad5b0f73,7972efb7fbbf2db6202c8c930780bad6,train
52343,component-881827ebf12f03f5,f583e7bedaa3e242c30009ca3380e20a,test
52344,component-18dd29b867435ad0,7f7fc18f2bde9535665135fab2864778,train
52345,component-0cada882697414e5,a5721664008addc54b44fa16c66cfbc8,excluded_test_writer
52346,component-9e655b0f4d45d0d1,02073d5eda68ccf97b7aa9e30598a555,train
52347,component-d2557d18de87f85f,3c16dcf15474cff351d0e9fb41ee8478,test
52348,component-4936b6e6f9f84b3e,edce390643cc1e73785b5aa6c9db70c9,excluded_test_writer
52349,component-5888ad689b3dc7a6,a3c092b9ee02d1ce0d368c18fd3ec508,excluded_test_writer
5235,component-8d48221aa85a00ed,923406087831b56238ce55ccbb5c8621,excluded_test_writer
52350,component-8f4153a3229c0d16,88d830317c58cdd39b396de3b98f90db,train
52351,component-715753b2a2dceb9e,e11b32d2887a77ad4b6db41b44dd8394,train
52352,component-8ce0ee48539d58dc,bf317ff061957293b615bf57c815ce99,train
52353,component-da9327405efd1ee7,bd7b582e2dcfcb472fc671c4c2b01389,excluded_test_writer
52354,component-ae8acc4d6a2291d9,ea2b725e2ab5b4fb54fcc35c115642ee,train
52355,component-8b96fbb7370c2a8e,102ebcdb14383e94e72f2ccf78ebd898,excluded_test_writer
52356,component-0761b3bfc3263dc1,ee9f6a1d1d55ed0383207b7fc8e4ef9d,test
52358,component-b6448810b7bc0b20,69a851dfbba74a6e2e76d491ff4b6932,excluded_test_writer
52359,component-4ab7082a8abd3dfd,20a3078bb09a4384e0bbd2d18f25f494,excluded_test_writer
5236,component-be63f17e4bceac26,1f9313bc146fa7f519722689a736b36a,train
52360,component-8842972df45a5c58,fdee710106cc4f014532c02b9b49b79a,train
52361,component-e3160750b90a174f,734ffd22b298c21763dd1a63c7f52173,excluded_test_writer
52362,component-fcfa49c32bd1c3f5,7ca2ed45d2f59093e250f0e1b00ea394,train
52363,component-1aa50ec3391c5505,e2997dc6717330c1f2f656f514c2c26a,excluded_test_writer
52364,component-74fa19708cd07c44,e28940fc02522c9e872d1cd60a08a529,excluded_test_duplicate
52365,component-dab9143462fb1322,33dc5e2395d3e1151e84aea285e62c0c,test
52366,component-fb3304097df8b2a0,add1c4bd0a37a9e3d44872e44985131d,train
52367,component-7d436edb8a68a5ed,9ed209ecf7de1e62b379f395199d39b7,train
52368,component-94f95a307e0bc869,2048431d13e370e98a414cabd25bd32c,test
52369,component-a77bf6fa0c2cfe23,36bb7162e6f595ee230f499524a9d843,test
5237,component-6471ccb71ea72e26,7b84c0b62dc53ece586b04f88a886ee6,excluded_test_writer
52370,component-b2d69dfd0b46e1d1,a579784a1d81222bec680d9c0b8d8d6b,excluded_test_writer
52371,component-7cf9499eac9bc8ed,253933341d6fcde74b166662b044d320,test
52372,component-4542be124b3fd189,75ff2441794c680313a00fc96c8aa1fa,excluded_test_writer
52373,component-14f0b65e974e355e,80c1c591dce0c5b9b2702ee148dc1be7,test
52374,component-07ffd552b7f9e803,f20da0bdcba5f881a113f78685409535,test
52375,component-39573c2ecbe22a60,7503042e3718d2c74d7a22c7cae245bf,train
52376,component-469a3e9c8dd91f11,dc60f2e045fa06d98420f5b5dcf53e86,train
52377,component-b85a253b83621016,635d3ca3f3f6e743f534a0b1de4a1054,train
52378,component-95c87684f7d7e40c,3e994a38d0cd49385716f715df5639d8,test
52379,component-9c04011fe266faaa,56090ce66d6463b70a7f604ee670596e,train
5238,component-af04a024c082b778,346b6455e4b23dbcd9784ab58faa6536,test
52380,component-3686e2f49254099e,e92880e5e49eceddbdf8afd15c49ca07,excluded_test_writer
52381,component-37a553d88bc9e0f0,488addb9c67d8d0d3dce536ffa69f694,train
52382,component-efdd6af6b763d125,6f51820069200f49fe32a3e9f1acbd36,train
52384,component-61761f9420088c4a,6763930a378155c7dd52f6d39b1700c9,excluded_test_writer
52385,component-c913d468a812b00a,2c0b5e8ea5f249e08a19a0883a176390,train
52387,component-925383e5b1a4dabe,326dfa186762ff3e752145255d98a29a,train
52389,component-fea0098bb743c930,0001f9db4fb3039363cdef36e02508de,train
5239,component-b11fca347f8eabb8,40dfe4e48671d81e504cf39811131bd0,train
52390,component-8842972df45a5c58,fdee710106cc4f014532c02b9b49b79a,train
52391,component-4ab7082a8abd3dfd,20a3078bb09a4384e0bbd2d18f25f494,excluded_test_writer
52393,component-00d3997fd3b13405,572151767d57b81f026dac64da18a412,excluded_test_writer
52394,component-f0c4e62c04357d54,be7480b116c7bb75ca98c746f0e71824,excluded_test_writer
52395,component-db9ad06e2b12b5bd,652b039c6d7416eee602861b8037bc25,train
52396,component-c336e3386a4929c4,e56ed71b15ae07d83bd51ed26becfe94,test
52397,component-b85a253b83621016,635d3ca3f3f6e743f534a0b1de4a1054,train
52398,component-53432f5c6b704cff,e7072031bb25f783a77a93888374a95e,test
52399,component-20163e7ba5ec5d6e,3c88e367f42e666466087bbba9933da8,train
524,component-d676f65b2f249196,1bb737d061a40a301b22b4ff2dc12d58,excluded_test_writer
5240,component-f83bfef5cb1f426e,afb63d6512ef2c54af089316d287c3f3,test
52400,component-94f95a307e0bc869,2048431d13e370e98a414cabd25bd32c,excluded_test_writer
52401,component-510eabd21c3e3d58,9cdf093b9aa9b71367f7dafdc5c807c3,excluded_test_writer
52402,component-1e9b0519f91f21ca,a731852174a5c1bb078192041f158d2e,train
52403,component-d2b03754f5a45c57,59dc99ce97f69f2a74576467b47bb55f,excluded_test_writer
52404,component-b2d69dfd0b46e1d1,a579784a1d81222bec680d9c0b8d8d6b,excluded_test_writer
52405,component-3686e2f49254099e,e92880e5e49eceddbdf8afd15c49ca07,excluded_test_writer
52406,component-e5181b4de29b4da7,b8e2d07a00d587c889e5b6d789682c6b,train
52407,component-ca0060962598779e,2c7298623e10c324ce2bf2f38baab5f4,train
52408,component-386454048000c123,18675a3d836669a516f36227a97d50f8,train
52409,component-3b3740a22307495a,e7948f08b7177eab3ac845b0cf8732a4,train
5241,component-3759ea224bc5328c,170d579b41922cd1d8b49fdca1167dea,train
52410,component-352328cb26009797,4b260767dc441653e40e95ef77019d27,excluded_test_writer
52412,component-1b157d77275658a9,0a5eaf1d00672ba115ed5106b6335686,train
52413,component-4542be124b3fd189,75ff2441794c680313a00fc96c8aa1fa,excluded_test_writer
52415,component-fab7b19826b871a4,b07d02ba5ecef323eaa1012c1e6cd900,excluded_test_writer
52416,component-a3b1989a041d8b4c,4100cda57dcd76fd39661b22e288d427,train
52417,component-d922160b737b39f2,7bf636672236402583d5cb804a954174,excluded_test_writer
52418,component-6315cc0c48739c85,d0466678169e0252d59df46e611e4a96,train
52419,component-a7a809a54f4f76b0,49f2992b8d33eb0dd3f1714f2f9ab668,train
5242,component-926335ae37efdebd,b4892c3eef632d22ae412f18481f2dd5,excluded_test_writer
52420,component-577b60d81972d76d,27c33e67198b69da8b1fe91febbd925d,test
52421,component-1e9b0519f91f21ca,a731852174a5c1bb078192041f158d2e,train
52422,component-880663d7b132b017,20b9c3112786d4dcff4257d5346b9e42,excluded_test_duplicate
52423,component-482e17d3810fde18,566e6d9fa0b6225c29df8a4e9e7413a7,excluded_test_writer
52424,component-e2a1e6b1388202b7,cfe2bd2f16bc82256699fcb6ef11f284,excluded_test_writer
52426,component-406f1bea88ac86d9,f284247960d4d5342415dfd1a1f11cc3,excluded_test_writer
52427,component-9f3dbaacd94ec0ed,c5d8f5185d75898bf8382c0713f1f770,train
52428,component-db0180845e4b3773,50157fd24223733e15dfed5f6336cf16,test
52429,component-3686e2f49254099e,e92880e5e49eceddbdf8afd15c49ca07,excluded_test_writer
5243,component-bf2893ac5a2f8a1a,73c6ddaf0851b39253d07600754fc5df,test
52430,component-b2d69dfd0b46e1d1,a579784a1d81222bec680d9c0b8d8d6b,excluded_test_writer
52431,component-20163e7ba5ec5d6e,3c88e367f42e666466087bbba9933da8,train
52432,component-874d7f7eb7b65fb0,d99341c34da32e19e1103c9cfd5a737c,train
52433,component-40f67bddec4a783d,bac912309df7167c7e9f14a2fa09130a,excluded_test_writer
52434,component-d6b14764dd5bde83,0633991271d70f09da9fb54dcdecb06e,test
52435,component-be63f17e4bceac26,1f9313bc146fa7f519722689a736b36a,train
52436,component-6d480eddbe6e8dbd,3a1795b08304889cd4872e92366c03c7,train
52437,component-c35e6a2e83153c76,7bd7938d143801488f3e97c5fd42302f,train
52439,component-ad9acece73d876fc,6699a2c8852686148c127d554201d62b,train
5244,component-a869c7850aebfc94,5d16291b4fe546a4989a430140bce28a,train
52440,component-3a083404e9108f56,0fd0b67e319e2b2633c735758edf0d4f,train
52441,component-7df8697ad6e2d880,ba2b5f805f17b674e96120b9dd61eea9,test
52442,component-4e924cb7cd3046cf,7f501143c209868e51b449fb0a6dac73,excluded_test_writer
52443,component-da9327405efd1ee7,bd7b582e2dcfcb472fc671c4c2b01389,excluded_test_writer
52444,component-1a892ef7d9b76c4a,3ffdc17458a6d717ba8444354fa223a3,test
52445,component-be25d11b665bb504,b58717abbb0d2c9e8776f2c75a86df01,excluded_test_writer
52446,component-7603e9afb5dca0f8,b3220333d1e199607e9992420ea87f36,train
52447,component-ea5132b05b6a6e00,08f3a80eeda28e4b166735a0244de4a7,train
52448,component-dab77b0c316ca63a,2bb2aab01c4ea9cc9b3783e6ce4bc7ce,test
52449,component-0761b3bfc3263dc1,ee9f6a1d1d55ed0383207b7fc8e4ef9d,excluded_test_writer
5245,component-b497ffb2daeb39ed,6592be8f54599819419d3768f5f3b6c6,excluded_test_writer
52450,component-ae8acc4d6a2291d9,ea2b725e2ab5b4fb54fcc35c115642ee,train
52451,component-4f9a47ef36db1ccf,c5023e014863b13bf87e14fa86db34af,test
52452,component-59d13371beb55f2b,3b1bdf3c53fb76bbcabbc8bce6978460,test
52453,component-8d48221aa85a00ed,923406087831b56238ce55ccbb5c8621,excluded_test_writer
52454,component-83f2c170a2df21e4,2078c0fa5fe27342abf3513939bdac96,train
52455,component-6e72304e3d901d03,f394c150bbee3ee111fb225a76a78a01,train
52456,component-715753b2a2dceb9e,e11b32d2887a77ad4b6db41b44dd8394,train
52457,component-07ffd552b7f9e803,f20da0bdcba5f881a113f78685409535,excluded_test_writer
52458,component-d77fc5e98667c5ef,30575af44e3890048707aebf0f9f75b1,test
52459,component-c139c104e92d79d5,dc79e02ffe7f240fd79b0d48b95062e3,train
5246,component-51b2fe666731a196,cdb20b2c8f34b75a5d3cfa5ed5a96c4a,train
52460,component-b2d69dfd0b46e1d1,a579784a1d81222bec680d9c0b8d8d6b,excluded_test_writer
52461,component-db9ad06e2b12b5bd,652b039c6d7416eee602861b8037bc25,train
52462,component-f0c4e62c04357d54,be7480b116c7bb75ca98c746f0e71824,excluded_test_writer
52463,component-7a6643fd688398e4,e4cdf9178388f6da8505de64f66a2cf8,train
52464,component-b4349e0dcd4a59ec,445977fbf572dbb1a2a66da13a620e8c,train
52466,component-e3160750b90a174f,734ffd22b298c21763dd1a63c7f52173,excluded_test_writer
52467,component-6ad49d4f48d4b8cb,a63710d89d2df0dd40f0449d8b58f01b,test
52468,component-352328cb26009797,4b260767dc441653e40e95ef77019d27,excluded_test_writer
52469,component-192a0237464ef59d,440387e45f8639753d312829e432998b,train
5247,component-9a3306c8f1360320,e9b4eedc521bdd525f4beb51fa54ed79,test
52470,component-2131b036acc61edd,9c1d1a1708fd110cdf4e64dbada079c9,excluded_test_writer
52472,component-7ea8a871696f361d,4825ce3c3b578dfc6e69fbe62f2d04ab,test
52473,component-469a3e9c8dd91f11,dc60f2e045fa06d98420f5b5dcf53e86,train
52474,component-05f2e4d87064d559,9a1c3fb2440455cc740c726ab35bd7a7,train
52475,component-dab9143462fb1322,33dc5e2395d3e1151e84aea285e62c0c,excluded_test_writer
52476,component-a920e3528fd78b20,bcc45358fe28eec328647feea4f36615,train
52477,component-2f716277b07a0668,21bd5d3108dbc506388fa9696ea29534,train
52478,component-d922160b737b39f2,7bf636672236402583d5cb804a954174,excluded_test_writer
52479,component-8796e3d1c762514a,cae6613fb32f812e9922d092fa29d58a,train
5248,component-53aa3f8271195e32,43c20c56d1fecd261b292d746a084f68,train
52480,component-3686e2f49254099e,09ad8f49e450c52020bc8a029d98dc70,excluded_test_writer
52481,component-84521f4c4a7fb15f,c2059b052e196663ab0ef8ab3de71b33,excluded_test_writer
52482,component-406f1bea88ac86d9,f284247960d4d5342415dfd1a1f11cc3,excluded_test_writer
52483,component-3bf9b45d02a86b0d,88901e5345854244e540f777f5716507,train
52484,component-970ee809fa402a7c,e127e02236fc96fa07e1489da3d096b6,excluded_test_writer
52485,component-500ea60d1e88579a,5a769e299fee249e6980907a358cdada,excluded_test_writer
52486,component-bc5b1ecb7f76068b,dc85efaf017210bdc2c926b481e4653f,train
52487,component-571f9a913d673f9f,486ce66e9d9a920b1c03d5eb1203462a,test
52488,component-40f67bddec4a783d,bac912309df7167c7e9f14a2fa09130a,test
52489,component-61761f9420088c4a,c014283810a2966fbee95a45aaf8cfdb,excluded_test_writer
5249,component-3bc8772453c082ed,856ee76ae5b1f05850d66561240208fc,train
52490,component-2953e94c78cd4d27,a012b6a80431050f9667cc66aa1cf066,excluded_test_writer
52491,component-795e254ab9c8ddd4,88ceb9e561527a229d0bd40d844dbd6e,excluded_test_writer
52492,component-4ab7082a8abd3dfd,20a3078bb09a4384e0bbd2d18f25f494,excluded_test_writer
52494,component-55cf33f921d03357,21104c6202bc1bf2e181e71ab3aec8bb,train
52495,component-629ac2a3ac9f3e5d,4373f9abbce0d45299f8d69c507f80af,excluded_test_writer
52496,component-85cfcb059e0c3d73,66fd631cbbcda23138a8ae26f6571988,train
52497,component-6ba0f9458cd8715b,aa8980cf91c087c41830a1d56ef8e6f8,excluded_test_writer
52498,component-1e9b0519f91f21ca,a731852174a5c1bb078192041f158d2e,train
52499,component-9199f12bde992d3b,23b0b01a0b3e028f8172c1549655e418,excluded_test_writer
525,component-c32ffef1ae0cabc0,a795c084e13746a4490803f5aabfda11,test
5250,component-df4a90921b923329,46c596890064a76532f602936494eaf2,train
52500,component-955905943cf850ad,ae949abbc2b0e8f80624bc0dad838b1b,train
52501,component-0ca75f98c68f5903,c19bd3fa53fcb1d52058a87504786798,test
52502,component-322bffaaa9f8e1d8,91f6da72fd12a378d637a42606a6c0e1,test
52503,component-b82c69d5bfbf2317,3a9d991d1d9ec6f1a0edca04e2d5f65a,excluded_test_writer
52504,component-a5db10366553ef58,b637519ab9e8b101089be3cc36ea50dd,excluded_test_writer
52505,component-3759ea224bc5328c,170d579b41922cd1d8b49fdca1167dea,train
52506,component-657b5fb4e2b0a733,d9e62e61cc151eab3cd5b2bedc08b381,train
52507,component-bb51dde5170a8e8b,4afe7a89d3a52957efdcc75e1388f297,excluded_test_writer
52508,component-fb3304097df8b2a0,add1c4bd0a37a9e3d44872e44985131d,train
52509,component-482e17d3810fde18,566e6d9fa0b6225c29df8a4e9e7413a7,excluded_test_writer
52510,component-6ec46c026c26bdea,10193abf0c99850c2bcf8906c6039b94,train
52511,component-625dd0ca576402c0,8dde6ecd5ac53bdf3a77db0ac14f4adc,excluded_test_writer
52512,component-1ca83f49e35f64bc,6050086dfef3dd80ce1923cb92aea523,excluded_test_writer
52513,component-21e40cf5f737ac89,4a7672a8b0351496bc599077e7afbdb9,excluded_test_writer
52514,component-52f3c372a09da1fb,2838c52c904a8b6a622a6c812af81213,train
52515,component-4675cfa565f74ec5,5431c4b341e28a6904db271e5004259d,train
52516,component-6caca9d6bb02270e,d6264ffd7ee0e0947f162a1871ef98be,train
52517,component-7a1aa32766edc287,bf99938f99d43bb8398245e53cf4e99b,excluded_test_writer
52518,component-406f1bea88ac86d9,f284247960d4d5342415dfd1a1f11cc3,excluded_test_writer
52519,component-ad6443ecfbbc4420,dab09d366040e74bc84b76a9ae99b7d8,excluded_test_writer
5252,component-731818cc2fcb5f09,fbdb23888a1972479aa185040f62a93b,excluded_test_writer
52520,component-bdec91207e23a2ed,4ac0d3b12a2e47b3dea0c235ccdd67a3,test
52521,component-0cada882697414e5,a5721664008addc54b44fa16c66cfbc8,test
52522,component-3686e2f49254099e,e92880e5e49eceddbdf8afd15c49ca07,excluded_test_writer
52523,component-13467d9a5a546e46,9dc726ebb7c8085dda42cdc8df20a500,excluded_test_writer
52524,component-64a8a8998a261423,450ab661c5e8bec2032acc998992012f,train
52525,component-ed6905393720bfe5,e8156d41578a3218aefbb588e6663046,excluded_test_writer
52526,component-987b4618c05e0dc1,4fac5f9fe78f2c561bf11719669aa940,excluded_test_writer
52527,component-19d1a9c159408d43,41a4e667e51e6ce01289790242df7cf6,train
52528,component-bcd1632eb2009420,45c43eb5849ee5613944d55099ae9f80,train
52529,component-b2d69dfd0b46e1d1,a579784a1d81222bec680d9c0b8d8d6b,excluded_test_writer
5253,component-1f9da180278b271c,23dfe429c56c4d7de31af4138a557add,excluded_test_writer
52530,component-26a7c22af29c07f3,848f7ecb2dc1258d21f60e458849986c,test
52531,component-37a553d88bc9e0f0,488addb9c67d8d0d3dce536ffa69f694,train
52532,component-1f62acc0b8d0e8e3,c77d357b388385fd0150481f1703ace8,excluded_test_writer
52533,component-f6abe5804e1ee3b1,ed9dcdbcf8ec80433c892c3e477e7bcc,test
52534,component-cdec1354bf8de7ea,83cb38a6995db9d06cfa0482383bf5e8,test
52535,component-8842972df45a5c58,fdee710106cc4f014532c02b9b49b79a,train
52536,component-a4a88b5a12eec864,4810c79a6afc1136f49cbd19e5f2217f,train
52537,component-444bcc250df89ecd,cc6f93e26305d3aec61b2ff0a9ebbe2f,train
52538,component-edf266febc60ad7f,40fbf9132a2451748823ede94f9ebf2f,train
52539,component-4542be124b3fd189,75ff2441794c680313a00fc96c8aa1fa,excluded_test_writer
5254,component-562ac3843e42d368,12b34e75dddea2fd4bf74e8f1461738d,test
52540,component-b035f89eaa414ab5,d2ca0f029b2c65f4ca0e4573dcc136f0,excluded_test_writer
52541,component-5d0f26b3d22aacdf,011fccd64ae65f5df97b33b31d5b1df8,test
52542,component-ce47862a93f4bfc6,30a7e32e8d75e2369bb0f71767be37dd,train
52543,component-838acfbdc8d602d3,372b8f5b870de2017d840d90b345b316,excluded_test_writer
52544,component-92c8627d3cd08328,ff00e507e97ae58148e5c48ef5f45fc7,train
52545,component-c46facd350d8b56e,8fc88aa45e7acaf545d4ea54c1c4d25f,train
52546,component-7e5e4d8d580260a1,b623a96085d29a480b4fdcec515bce1f,excluded_test_writer
52548,component-5855fb2426bf7e33,89dbeb1e59f29e5b0cb2ced8c5ad809d,excluded_test_writer
52549,component-44fe0a682facf708,798bedcf1edf8cd2fc9893c591e4f046,train
5255,component-482e17d3810fde18,566e6d9fa0b6225c29df8a4e9e7413a7,excluded_test_writer
52550,component-15ac2fc668b92a01,366270f81fbfc77cb8ad9ae4a1ed0966,test
52551,component-7bacceb61ad8b278,45524034ba7ff92d3d49217ffa1ffd2e,test
52552,component-4642f49ddd85a916,fbe6b49ed7894303821b20bac35a48c7,excluded_test_writer
52555,component-47982622ccc48a7d,a83edf417bb628db86e4fdba69ba1bb2,excluded_test_writer
52556,component-57fc8cde141d45e3,d30a272a6f2c0e337381498d405e8aac,train
52557,component-c46facd350d8b56e,7962caeb96101ea9be0b04d0cebeb160,train
52558,component-19e9c9746c9b14ed,dce6436825a4785e9776e0b716a900a4,test
52559,component-b85a253b83621016,635d3ca3f3f6e743f534a0b1de4a1054,train
5256,component-75980ffc4fe2c5f9,ef775b4b68f7af404034d998d09cfc38,train
52560,component-6e15807ba991fac3,b1fa70f5755a4712b89f8db36b626997,excluded_test_writer
52561,component-87a471e5f49ff9c0,1a683c4def2886b4fdef3cde7e5f11d3,train
52562,component-4748c5c3ccafd84c,b9ec3607074e61ccfb64f853c9035394,test
52563,component-b5153611574070d3,5e1a2e23b4e387fb5cc7e82ae023d7cb,train
52564,component-b4b18fc776a3d429,e84c4b70141000aee37655df33718be0,train
52565,component-dc3708e931a69a15,b13cfa90a89e2bbd33c737d750b40f15,excluded_test_writer
52566,component-8842972df45a5c58,fdee710106cc4f014532c02b9b49b79a,train
52567,component-33e39891650db288,05041c6e41f42a9fb76ab92736205314,excluded_test_writer
52568,component-0cc8ab82255e36f2,4dba89cfeea8217128d6c04a9a6393ed,excluded_test_writer
52569,component-48be77e1f3af493e,a288c41d75239af1f20c21bf9bd0a2ff,train
5257,component-5191d8e7fe09681b,8a0a2873c87e3902399d46574599c996,test
52570,component-6421d7142899ec77,464f5f8e55def712621adf1fe373009e,excluded_test_writer
52571,component-409547fa19730c41,aac35a682097b80a1258d3f2e50a6f77,test
52573,component-4a4ad5bd78d1bb02,df087a56d8f0f7e54f6daae909dce389,excluded_test_writer
52574,component-ce47862a93f4bfc6,30a7e32e8d75e2369bb0f71767be37dd,train
52576,component-7901dc376b0cd70a,49d498b5f467ba84b073f8950ac02005,train
52577,component-ab78951914afbe50,762541e8b6229a53415950bdb02aaac1,train
52578,component-0b79150a1ed3fa2b,8bbae9193e6e765c96deb4f859dbdc55,test
52579,component-195cf30c2ca64d61,04774222dc51e387c1f852c98baaac52,test
5258,component-b4da5ac1c8bef115,5c523efcc82be996cbbc65b994e64819,train
52580,component-9a4946dd5aac17ab,bf99086af1160c0e4b9574c5287d6a42,train
52581,component-c0e8cab07963caeb,ee3caa301e6934b6d94dee7e0342da08,excluded_test_writer
52582,component-fc9cbd7f51480d1b,d125f2cf3d4a15fd8868e57d903e22a2,train
52583,component-3354db94e7a0c83d,89ff341bd600c6c98fb9801e1f510ede,excluded_test_writer
52584,component-515c5ae1b141c2eb,5e7d49dbe86b301bfc98dd421ed6392c,test
52585,component-a4a88b5a12eec864,4810c79a6afc1136f49cbd19e5f2217f,train
52586,component-db72824481a7e127,81b6cb037570c383c7c98c21019632b5,train
52587,component-7cd85f8573037c77,a27b9ac08f95b729677863f84319fcf1,train
52588,component-c93d014b4c067efd,0149424243aa5008d8d75c6bd11e1ee5,train
52589,component-1ca83f49e35f64bc,7c27c7899c168f0b8961031dcfd24430,excluded_test_writer
5259,component-386454048000c123,18675a3d836669a516f36227a97d50f8,train
52590,component-6e15807ba991fac3,b1fa70f5755a4712b89f8db36b626997,excluded_test_writer
52591,component-3dfb14718655f9f4,0fff769efb723849e7fd45afb7c372fa,test
52593,component-1814921c99a58e86,66b549960d864d33d5bb039390a2e766,test
52594,component-0e2f61fb0eeb4940,e204bd6f80191846b5db5b0b94b46dc1,test
52595,component-c2153dac1309a1d4,a6b43c256ca8aef14ea14b9eb7d54ac3,train
52596,component-516546b099341758,d489de81c97caa99cbc2c3816219de01,test
52597,component-1e5727a9f243278e,8f9191aef78add2d2c18bc7486de6caf,train
52598,component-efa22b4a645d1a1a,d7c3fc6b12a8d6de98768a7794ac13e6,test
52599,component-8842972df45a5c58,fdee710106cc4f014532c02b9b49b79a,train
5260,component-caca4d6ef3f4b9a7,8c6f6b7d3388f242ef2fcaa8206ff7f0,train
52600,component-33e39891650db288,05041c6e41f42a9fb76ab92736205314,excluded_test_writer
52601,component-3f8858176719fbee,6f590e3da93b16b9d59e56971896b3b7,train
52603,component-db72824481a7e127,81b6cb037570c383c7c98c21019632b5,train
52604,component-87986a2976f15a19,777c6681923ef7cfa751dfbda81b2c69,excluded_test_writer
52605,component-5855fb2426bf7e33,89dbeb1e59f29e5b0cb2ced8c5ad809d,excluded_test_writer
52606,component-07b743ea80266489,42c55fe4acbf1fe8e6866d999f57e439,train
52607,component-44fe0a682facf708,798bedcf1edf8cd2fc9893c591e4f046,train
52608,component-4d1aa10ffc5b9275,33aba783cd9f3fdbf70b7bb2aca53498,train
52609,component-a4a88b5a12eec864,4810c79a6afc1136f49cbd19e5f2217f,train
52610,component-482e17d3810fde18,dc0e2a54f200624f48c2677e59ac19da,excluded_test_duplicate
52611,component-7901dc376b0cd70a,49d498b5f467ba84b073f8950ac02005,train
52613,component-9bd3c3e142618fdc,9590d3522e529b1e2e4fbd0ecf0056f7,excluded_test_writer
52614,component-33797588bc0aec6a,ce8e65f525d3875fa1d7622291299836,test
52615,component-ce47862a93f4bfc6,30a7e32e8d75e2369bb0f71767be37dd,train
52616,component-b85a253b83621016,635d3ca3f3f6e743f534a0b1de4a1054,train
52617,component-2b872ce5ec01da3e,98421aa7893a4da72895be81b560213d,train
52618,component-3c08b1d6af952c63,78f3c5112d988398c7528a55c2b9cdcd,train
52619,component-8a47545a97074ec4,f4e577491a3e6a390231687500bf89b6,excluded_test_writer
5262,component-92c8627d3cd08328,ff00e507e97ae58148e5c48ef5f45fc7,train
52620,component-ffbdda7c44c52ffe,18578f5982df6ba4c56c9b1ce0702d9d,excluded_test_writer
52621,component-562ac3843e42d368,12b34e75dddea2fd4bf74e8f1461738d,excluded_test_writer
52622,component-7df8697ad6e2d880,ba2b5f805f17b674e96120b9dd61eea9,excluded_test_writer
52623,component-c93d014b4c067efd,0149424243aa5008d8d75c6bd11e1ee5,train
52625,component-bad63b0e6e0e93ff,217b33ca99ba66e60722285703f575ae,test
52626,component-3f9e41385792567d,f9c2bbe4c9df95deb85d296431768914,test
52627,component-d08a1480321ec095,4fffbf4739093e036ce890bc474ad2db,test
52628,component-5ae6cb42c927e193,0fbe4a9ba8635831fe1e5551a7ee9865,test
52629,component-15451dabf957bbc9,0fc8e4ebcdfeb3a66d67f3493b5671a8,train
5263,component-125cc8fa41714df3,1609562bf063649c69fb5220d60fd7d4,test
52630,component-0778a4760722fc92,b1ebe5be59300fb6a84625bb2f02547c,train
52631,component-155c9d43a672d580,733794462e7f98f897bceeb0960bf597,train
52632,component-d1645e1718252881,dfdc8335dd2e5adcaf8d4d457e82f1ce,train
52633,component-50d520664d6df3fb,4569562a4de36571d2b5fd0e9a0ebafe,test
52635,component-8b984f2a80148daf,1efa65b6dfe2fa46e283416ac3b969b3,test
52636,component-ae78695f476c9bac,d600864158a0bd360ec2183169ec6135,train
52637,component-a753c54f38d09bbb,1d4091767b13dafd3fd436bcdbf9f589,test
52638,component-c7c31e1d6cfb149f,a27124c2cd4ea9562f8a544d4125b69e,train
5264,component-bdee2cbd748e12ba,33365294913704799442239f3e6229f3,excluded_test_writer
52640,component-2a5eae114cd761e0,060bd21cb3da17d6c550acc5edf146dd,train
52641,component-abf2a65cfcab0df0,d22c9a2200911a3807a62bda320c8467,train
52642,component-cdd8d2472780b91c,07363c6e02e8df0dbe7a8a6dd95d72ce,train
52643,component-a5c4875cd45e4ba9,57a017f5881a5075e5663a242834cbfe,train
52644,component-0e5d544cfa46c3ef,21df1a677f40e42dd40f0b8614817235,train
52645,component-d487c1eadfea0ad4,384d1faa260fb289fe627c3e18c0658e,test
52646,component-96c7345b3ef8140d,4cdfade4fdc81ce5f171f8fbe0b0dbf6,excluded_test_duplicate
52648,component-119d8b26f733d3ea,a07bdcb40e5105ef16550928306ff4f7,test
52649,component-8842972df45a5c58,fdee710106cc4f014532c02b9b49b79a,train
5265,component-8c5197817bb38ce0,1e9957a383d7fc0017f5271c504ed0da,train
52650,component-ce47862a93f4bfc6,30a7e32e8d75e2369bb0f71767be37dd,train
52651,component-cd8313ee05aafec0,2099977d2f9bd501f78eaa975d4e5996,train
52652,component-8a47545a97074ec4,f4e577491a3e6a390231687500bf89b6,excluded_test_writer
52653,component-94f95a307e0bc869,2048431d13e370e98a414cabd25bd32c,excluded_test_writer
52654,component-84521f4c4a7fb15f,c2059b052e196663ab0ef8ab3de71b33,excluded_test_writer
52655,component-05f2e4d87064d559,9a1c3fb2440455cc740c726ab35bd7a7,train
52656,component-847de1dfdc384ab8,ad23e427fe3d4dc775c564f4ab83a4e9,excluded_test_writer
52657,component-cefbfc315be58294,e3b3c6bb07aaf362b31b7f9aba40fc35,excluded_test_writer
52658,component-d922160b737b39f2,7bf636672236402583d5cb804a954174,test
52659,component-6315cc0c48739c85,d0466678169e0252d59df46e611e4a96,train
5266,component-6db546079ff87bed,1b2025bf7c9a4a7e132f9c74cd42ec5f,train
52660,component-db0180845e4b3773,50157fd24223733e15dfed5f6336cf16,excluded_test_writer
52661,component-21e40cf5f737ac89,4a7672a8b0351496bc599077e7afbdb9,excluded_test_writer
52663,component-7a6643fd688398e4,e4cdf9178388f6da8505de64f66a2cf8,train
52665,component-83f2c170a2df21e4,2078c0fa5fe27342abf3513939bdac96,train
52666,component-fcfa49c32bd1c3f5,7ca2ed45d2f59093e250f0e1b00ea394,train
52667,component-d579dc0e7ec45533,7da61b14ac2d58703528b02bcee2e042,test
52668,component-5775c4fe6e3b8b19,81565a61151bc3589b9eaa1664acda81,train
52669,component-4d1aa10ffc5b9275,33aba783cd9f3fdbf70b7bb2aca53498,train
5267,component-4e924cb7cd3046cf,7f501143c209868e51b449fb0a6dac73,excluded_test_writer
52670,component-cacfba01a42e47be,a71d5fb6dc86deda2656f6d002957b3b,train
52671,component-b2d69dfd0b46e1d1,a579784a1d81222bec680d9c0b8d8d6b,excluded_test_writer
52672,component-b4349e0dcd4a59ec,445977fbf572dbb1a2a66da13a620e8c,train
52673,component-6943da448d7fe003,1bd1328ea73e5cb11cc70fad9444ee6c,train
52674,component-880663d7b132b017,20b9c3112786d4dcff4257d5346b9e42,excluded_test_duplicate
52675,component-010fe501377e4422,4b19b06b778ecf8e5fa86fe26c907423,train
52676,component-ad9acece73d876fc,6699a2c8852686148c127d554201d62b,train
52679,component-ee8962ef31c7aa78,f2d4271ba5fbed6dafa42439169bfd82,test
5268,component-4b705c6c010d42c7,336295c4bd5cc5bda4b5acf254846882,train
52680,component-2d50a4f257a604dc,3f9c5b1326a1113ce3851a86e627b0ab,train
52681,component-c35e6a2e83153c76,7bd7938d143801488f3e97c5fd42302f,train
52682,component-9e878027fd8cef91,a46d744cb86cf54ee07da4f9d8bff3df,train
52683,component-ed6905393720bfe5,e8156d41578a3218aefbb588e6663046,excluded_test_writer
52684,component-16be92d6e7a7227b,2f737a841c713dcb56b4bdebf7e67ef1,excluded_test_writer
52685,component-a5db10366553ef58,b637519ab9e8b101089be3cc36ea50dd,excluded_test_writer
52687,component-70ca96b1943a275b,775c77e695323d272464bad404a065ed,excluded_test_writer
52689,component-970ee809fa402a7c,e127e02236fc96fa07e1489da3d096b6,test
5269,component-973267749dfae5f9,b6b4c719bcdbc1c1acb67577866d8267,excluded_test_writer
52690,component-f0c4e62c04357d54,be7480b116c7bb75ca98c746f0e71824,excluded_test_writer
52691,component-be63f17e4bceac26,1f9313bc146fa7f519722689a736b36a,train
52693,component-61761f9420088c4a,c014283810a2966fbee95a45aaf8cfdb,excluded_test_writer
52694,component-4d1aa10ffc5b9275,33aba783cd9f3fdbf70b7bb2aca53498,train
52695,component-bc195607041805e6,e52e94dd2279794ae34b27ffb2af09a4,train
52696,component-83f2c170a2df21e4,2078c0fa5fe27342abf3513939bdac96,train
52697,component-07ffd552b7f9e803,f20da0bdcba5f881a113f78685409535,excluded_test_writer
52698,component-1f62acc0b8d0e8e3,c77d357b388385fd0150481f1703ace8,excluded_test_writer
52699,component-3686e2f49254099e,e92880e5e49eceddbdf8afd15c49ca07,excluded_test_writer
5270,component-43a0298ed7863ce8,a3f929eb977f2d5188b7e39c7fd48b7a,train
52701,component-418bb79d193599e9,eef4d848d7f616ed2295e4a70aa5c5b2,excluded_test_writer
52702,component-352328cb26009797,4b260767dc441653e40e95ef77019d27,excluded_test_writer
52703,component-5e9ab7954bf04142,c23bd3ceac224d91a224394ad14820a3,test
52704,component-00834d380b111f7e,5de363c3bd54f4f7f7541de98faeeaa2,test
52706,component-494c9d609614bfbf,b1034d4bbf2f4123a80612e92c981e04,test
52707,component-4aaf3b4161f4fd6e,86d1336e3cc4f30ed8a0a422b29f72a8,excluded_test_writer
52708,component-2131b036acc61edd,9c1d1a1708fd110cdf4e64dbada079c9,excluded_test_writer
52709,component-8ddec6a871b9e147,34a080a5544d76530c70a8988f2d2fee,test
5271,component-6943da448d7fe003,1bd1328ea73e5cb11cc70fad9444ee6c,train
52712,component-d8e762bf4ab9bafe,aff71654fc56657647d2de34e7fd9cf4,train
52713,component-a77bf6fa0c2cfe23,36bb7162e6f595ee230f499524a9d843,excluded_test_writer
52714,component-bb51dde5170a8e8b,4afe7a89d3a52957efdcc75e1388f297,excluded_test_writer
52715,component-4e924cb7cd3046cf,7f501143c209868e51b449fb0a6dac73,excluded_test_writer
52716,component-4542be124b3fd189,75ff2441794c680313a00fc96c8aa1fa,test
52717,component-21e40cf5f737ac89,4a7672a8b0351496bc599077e7afbdb9,excluded_test_writer
52718,component-4e58c35d7d7ea9b1,3be08637e33b2f3ceffdbfcb5bfb8f8f,test
52719,component-a920e3528fd78b20,bcc45358fe28eec328647feea4f36615,train
5272,component-89a1d317b68e7139,15e5d686d1d9e529e25098f1e5cc6f2d,excluded_test_writer
52720,component-c34b31361b3cbbf5,58d118802a4d0b67307fd97ed327d6db,excluded_test_duplicate
52721,component-4b705c6c010d42c7,336295c4bd5cc5bda4b5acf254846882,train
52722,component-13467d9a5a546e46,9dc726ebb7c8085dda42cdc8df20a500,excluded_test_writer
52724,component-192a0237464ef59d,440387e45f8639753d312829e432998b,train
52725,component-b2d69dfd0b46e1d1,a579784a1d81222bec680d9c0b8d8d6b,excluded_test_writer
52726,component-715753b2a2dceb9e,e11b32d2887a77ad4b6db41b44dd8394,train
52727,component-db9ad06e2b12b5bd,652b039c6d7416eee602861b8037bc25,train
52728,component-4d1aa10ffc5b9275,33aba783cd9f3fdbf70b7bb2aca53498,train
52729,component-615d8b054b5d80d5,633749006e19804c699cebb17dcfd78b,train
5273,component-926335ae37efdebd,b4892c3eef632d22ae412f18481f2dd5,excluded_test_writer
52730,component-571f9a913d673f9f,486ce66e9d9a920b1c03d5eb1203462a,excluded_test_writer
52731,component-987b4618c05e0dc1,4fac5f9fe78f2c561bf11719669aa940,test
52732,component-61761f9420088c4a,c014283810a2966fbee95a45aaf8cfdb,test
52733,component-629ac2a3ac9f3e5d,4373f9abbce0d45299f8d69c507f80af,excluded_test_writer
52734,component-7137f48669c7c0dd,f0a16d63bf6089e9becbf00af9025147,train
52735,component-3686e2f49254099e,e92880e5e49eceddbdf8afd15c49ca07,excluded_test_writer
52736,component-ad9acece73d876fc,6699a2c8852686148c127d554201d62b,train
52738,component-763436845a98a394,0f278d92c223087f08433fa332bf658c,test
52739,component-468bc0172c794930,7638c6ce4d23d9ed5f6bc07eb3af02a3,test
5274,component-9a3306c8f1360320,e9b4eedc521bdd525f4beb51fa54ed79,excluded_test_writer
52740,component-98fecc9c7a913713,413248667062c71e2191f161f7a6acce,excluded_test_writer
52742,component-538f79643bbb5c32,89747d6420f6aa2cd8e5095189a11565,test
52743,component-406f1bea88ac86d9,f284247960d4d5342415dfd1a1f11cc3,excluded_test_writer
52744,component-b82c69d5bfbf2317,3a9d991d1d9ec6f1a0edca04e2d5f65a,excluded_test_writer
52745,component-3759ea224bc5328c,170d579b41922cd1d8b49fdca1167dea,train
52746,component-e512656bd9371d84,9d107151e0695369bdd3f9dcc26369c4,excluded_test_writer
52747,component-625dd0ca576402c0,8dde6ecd5ac53bdf3a77db0ac14f4adc,excluded_test_writer
52748,component-5888ad689b3dc7a6,a3c092b9ee02d1ce0d368c18fd3ec508,excluded_test_writer
52749,component-7a1aa32766edc287,bf99938f99d43bb8398245e53cf4e99b,excluded_test_writer
52750,component-31531096ad857db6,7288d7ec8a01d53165be949cedd92baf,train
52751,component-406f1bea88ac86d9,f284247960d4d5342415dfd1a1f11cc3,excluded_test_writer
52752,component-987b4618c05e0dc1,4fac5f9fe78f2c561bf11719669aa940,excluded_test_writer
52753,component-a7a809a54f4f76b0,49f2992b8d33eb0dd3f1714f2f9ab668,train
52754,component-577b60d81972d76d,27c33e67198b69da8b1fe91febbd925d,excluded_test_writer
52755,component-37a553d88bc9e0f0,488addb9c67d8d0d3dce536ffa69f694,train
52756,component-fab7b19826b871a4,b07d02ba5ecef323eaa1012c1e6cd900,excluded_test_writer
52757,component-21e40cf5f737ac89,4a7672a8b0351496bc599077e7afbdb9,excluded_test_writer
52758,component-9f3dbaacd94ec0ed,c5d8f5185d75898bf8382c0713f1f770,train
52759,component-ad6443ecfbbc4420,dab09d366040e74bc84b76a9ae99b7d8,excluded_test_writer
5276,component-1d653df7edb962b6,eba4f19a2360a426d81530e67f7b5a52,test
52760,component-874d7f7eb7b65fb0,d99341c34da32e19e1103c9cfd5a737c,train
52761,component-83f2c170a2df21e4,2078c0fa5fe27342abf3513939bdac96,train
52762,component-26a7c22af29c07f3,848f7ecb2dc1258d21f60e458849986c,excluded_test_writer
52763,component-4f9a47ef36db1ccf,c5023e014863b13bf87e14fa86db34af,excluded_test_writer
52764,component-c139c104e92d79d5,dc79e02ffe7f240fd79b0d48b95062e3,train
52765,component-b2d69dfd0b46e1d1,a579784a1d81222bec680d9c0b8d8d6b,excluded_test_writer
52766,component-07ffd552b7f9e803,f20da0bdcba5f881a113f78685409535,excluded_test_writer
52767,component-be63f17e4bceac26,1f9313bc146fa7f519722689a736b36a,train
52768,component-3686e2f49254099e,e92880e5e49eceddbdf8afd15c49ca07,test
52769,component-6e72304e3d901d03,f394c150bbee3ee111fb225a76a78a01,train
52770,component-ea5132b05b6a6e00,08f3a80eeda28e4b166735a0244de4a7,train
52771,component-715753b2a2dceb9e,e11b32d2887a77ad4b6db41b44dd8394,train
52772,component-72254c4062e4c8f1,274434a08e6f4761ac2828569de13e6a,train
52773,component-dab9143462fb1322,33dc5e2395d3e1151e84aea285e62c0c,excluded_test_writer
52774,component-158c5ca8bebb7e69,e417ef90a9f19d723ad871bda207fe16,excluded_test_writer
52775,component-28b7432034a98745,8b4eb1b6e2d88a09130eef410efcc05c,train
52777,component-305ac2551d179593,104014b2a1c71c2eda44f482309ec0f3,test
52778,component-6e15807ba991fac3,b1fa70f5755a4712b89f8db36b626997,test
52779,component-33797588bc0aec6a,ce8e65f525d3875fa1d7622291299836,excluded_test_writer
5278,component-c1b8a8262b80498e,545a61f98f7603b702c1b4e6cdcb02fa,train
52780,component-167017741c288aa8,1991845d8afd2958d174d7b44253a09b,train
52781,component-5401eaad2d960e79,9f5f75a4bef3ff4c9341991cf172d8fe,train
52782,component-dc3708e931a69a15,b13cfa90a89e2bbd33c737d750b40f15,test
52783,component-bc40b011a8efd046,89e3e613e8bd71f66ea4e808a496df65,train
52784,component-99b75f5982b83dd8,7ae7cf8027501971993de76b06f3005c,test
52785,component-fd0def911a911366,6b5b32a05a05260eb21f169a923ddfd8,excluded_test_writer
52787,component-33e39891650db288,05041c6e41f42a9fb76ab92736205314,excluded_test_writer
52788,component-96ae4c0dea56ca2a,e70d649a9cd124c378fd6333a5532e9e,train
5279,component-70ca96b1943a275b,775c77e695323d272464bad404a065ed,excluded_test_writer
52790,component-482e17d3810fde18,dc0e2a54f200624f48c2677e59ac19da,excluded_test_duplicate
52791,component-a4a88b5a12eec864,4810c79a6afc1136f49cbd19e5f2217f,train
52792,component-39e01ba774f77781,633726910ba73e0181236e44516c4603,train
52793,component-f6abe5804e1ee3b1,ed9dcdbcf8ec80433c892c3e477e7bcc,excluded_test_writer
52794,component-7e5e4d8d580260a1,b623a96085d29a480b4fdcec515bce1f,excluded_test_writer
52795,component-f6fe28200090edb5,aa018ca63d01205559ba35a3ef7c2266,train
52796,component-b85a253b83621016,635d3ca3f3f6e743f534a0b1de4a1054,train
52797,component-fc9cbd7f51480d1b,d125f2cf3d4a15fd8868e57d903e22a2,train
52798,component-838acfbdc8d602d3,372b8f5b870de2017d840d90b345b316,excluded_test_writer
52799,component-7cd85f8573037c77,a27b9ac08f95b729677863f84319fcf1,train
5280,component-57b5fc88eee630a6,0ccfa19dc196884957c05ae3fd9d284d,excluded_test_writer
52800,component-61ade091bc119820,c90f632189ee69533a9d5209abe5337b,train
52801,component-b035f89eaa414ab5,d2ca0f029b2c65f4ca0e4573dcc136f0,excluded_test_writer
52802,component-a7d5711d09dd2283,700e4b12377f44a2a81243eab728d170,test
52803,component-33a325a08b2312c0,0b0c36da050395f12f64a121aca14d53,train
52804,component-167017741c288aa8,1991845d8afd2958d174d7b44253a09b,train
52805,component-3f8858176719fbee,6f590e3da93b16b9d59e56971896b3b7,train
52806,component-caca4d6ef3f4b9a7,8c6f6b7d3388f242ef2fcaa8206ff7f0,train
52807,component-8842972df45a5c58,fdee710106cc4f014532c02b9b49b79a,train
52809,component-41020495d639b2ca,326d6135991bba3a542994805a4d7964,train
5281,component-625dd0ca576402c0,8dde6ecd5ac53bdf3a77db0ac14f4adc,excluded_test_writer
52810,component-f6abe5804e1ee3b1,ed9dcdbcf8ec80433c892c3e477e7bcc,excluded_test_writer
52811,component-5d0f26b3d22aacdf,011fccd64ae65f5df97b33b31d5b1df8,excluded_test_writer
52812,component-7901dc376b0cd70a,49d498b5f467ba84b073f8950ac02005,train
52814,component-838acfbdc8d602d3,372b8f5b870de2017d840d90b345b316,excluded_test_writer
52815,component-ce47862a93f4bfc6,30a7e32e8d75e2369bb0f71767be37dd,train
52816,component-8f9260cc6c62dc78,1ed362afa825e8f5aa5b03e7ebdb6a03,excluded_test_writer
52818,component-5855fb2426bf7e33,89dbeb1e59f29e5b0cb2ced8c5ad809d,excluded_test_writer
52819,component-a4a88b5a12eec864,4810c79a6afc1136f49cbd19e5f2217f,train
5282,component-75980ffc4fe2c5f9,ef775b4b68f7af404034d998d09cfc38,train
52820,component-2a51407e38dd394a,4ce481ce4841b318f5ea1f5f450b4af9,train
52821,component-c0e8cab07963caeb,ee3caa301e6934b6d94dee7e0342da08,test
52822,component-b035f89eaa414ab5,d2ca0f029b2c65f4ca0e4573dcc136f0,test
52823,component-ea7daea6675b0bc6,69cc932ffd2a62c0590c8db4f2e4b49d,test
52824,component-60d4aba953959353,93b496d581a76ef9af49e3fdb10dc92c,train
52825,component-b85a253b83621016,635d3ca3f3f6e743f534a0b1de4a1054,train
52826,component-ffbdda7c44c52ffe,18578f5982df6ba4c56c9b1ce0702d9d,test
52827,component-c14a4f8480a9b5dd,336eaa3ba4a7d6ede88bb882d305fb4f,test
52828,component-7c462d6e8a9a1a1f,eb3aa51e9142b5abcb6363c783990fe8,test
52829,component-1983f724b30ddd26,012237654d2e96699fb98968f6d66fe5,test
5283,component-1ca83f49e35f64bc,57594c2ef2127edc4087108f34b9e866,excluded_test_writer
52830,component-696017920121b1a0,e04de5912f48ac22ec6aee3735388a66,train
52831,component-8b0a723563d92495,d9892d37ecb15f18660b00b25240af95,excluded_test_writer
52832,component-b2fc65170657746e,5508e90366b26fab7759604984368258,train
52833,component-780f51a1f91c7de6,d6e66a8ecae79205d84924c606f36384,test
52836,component-8a47545a97074ec4,f4e577491a3e6a390231687500bf89b6,excluded_test_writer
52837,component-c7fe96bb85c3604a,c7a03efca57f3c58ebee744da9abe533,train
52838,component-3bf9b45d02a86b0d,88901e5345854244e540f777f5716507,train
52839,component-1e5727a9f243278e,8f9191aef78add2d2c18bc7486de6caf,train
5284,component-7e5cbdfe81560262,7187e81b71e3ece29c2f6067341ef2c0,test
52840,component-de9b56c2d24d4392,3f266c8ae80f227d219f5f9e21bb3f53,excluded_test_writer
52841,component-ce47862a93f4bfc6,30a7e32e8d75e2369bb0f71767be37dd,train
52842,component-8842972df45a5c58,fdee710106cc4f014532c02b9b49b79a,train
52843,component-444bcc250df89ecd,cc6f93e26305d3aec61b2ff0a9ebbe2f,train
52844,component-7901dc376b0cd70a,49d498b5f467ba84b073f8950ac02005,train
52845,component-07b743ea80266489,42c55fe4acbf1fe8e6866d999f57e439,train
52846,component-5855fb2426bf7e33,89dbeb1e59f29e5b0cb2ced8c5ad809d,excluded_test_writer
52847,component-d01461dc8b114af6,4f1d1bb68b81deb7dbdaec2d291a4af7,excluded_test_writer
52848,component-fa33e3528e343c41,ff8cde5c9f7beeef773904edeb2fa523,excluded_test_writer
52850,component-44fe0a682facf708,798bedcf1edf8cd2fc9893c591e4f046,train
52851,component-db72824481a7e127,81b6cb037570c383c7c98c21019632b5,train
52852,component-4d1aa10ffc5b9275,33aba783cd9f3fdbf70b7bb2aca53498,train
52853,component-f6abe5804e1ee3b1,ed9dcdbcf8ec80433c892c3e477e7bcc,excluded_test_writer
52854,component-7e5e4d8d580260a1,b623a96085d29a480b4fdcec515bce1f,excluded_test_writer
52855,component-6e15807ba991fac3,b1fa70f5755a4712b89f8db36b626997,excluded_test_writer
52857,component-6421d7142899ec77,464f5f8e55def712621adf1fe373009e,test
52858,component-dff4898b9ba69ca9,60cb4d3ad3b7eb74fc0988fff072a3ea,train
52859,component-e10a90bc0476516a,2a8161b777c17f733df9e4355cfc0f07,test
52860,component-4679a706b00fceb1,9f2ed77edd6465d08f466393cb06fa3f,test
52861,component-94f95a307e0bc869,2048431d13e370e98a414cabd25bd32c,excluded_test_writer
52862,component-c14a4f8480a9b5dd,336eaa3ba4a7d6ede88bb882d305fb4f,excluded_test_writer
52864,component-37ea70ba6a579e5c,13a2bf7592784cfc6bf1d5eb358f61fe,train
52865,component-28b7432034a98745,8b4eb1b6e2d88a09130eef410efcc05c,train
52866,component-4306fcc29999a776,bc02bf044dcc6528b4cb3115290fa5af,test
52867,component-8842972df45a5c58,fdee710106cc4f014532c02b9b49b79a,train
52868,component-6e15807ba991fac3,b1fa70f5755a4712b89f8db36b626997,excluded_test_writer
52869,component-f6abe5804e1ee3b1,ed9dcdbcf8ec80433c892c3e477e7bcc,excluded_test_writer
52870,component-5855fb2426bf7e33,89dbeb1e59f29e5b0cb2ced8c5ad809d,excluded_test_writer
52871,component-a4a88b5a12eec864,4810c79a6afc1136f49cbd19e5f2217f,train
52872,component-b85a253b83621016,635d3ca3f3f6e743f534a0b1de4a1054,train
52873,component-4a4ad5bd78d1bb02,df087a56d8f0f7e54f6daae909dce389,excluded_test_writer
52874,component-838acfbdc8d602d3,372b8f5b870de2017d840d90b345b316,test
52875,component-0b79150a1ed3fa2b,8bbae9193e6e765c96deb4f859dbdc55,excluded_test_writer
52876,component-c0e8cab07963caeb,ee3caa301e6934b6d94dee7e0342da08,excluded_test_writer
52877,component-ce47862a93f4bfc6,30a7e32e8d75e2369bb0f71767be37dd,train
52879,component-db72824481a7e127,81b6cb037570c383c7c98c21019632b5,train
5288,component-36bc356450624c7d,aa0a1450b6486e827cbb38ace6fa0b51,excluded_test_writer
52880,component-7cd85f8573037c77,a27b9ac08f95b729677863f84319fcf1,train
52882,component-7901dc376b0cd70a,49d498b5f467ba84b073f8950ac02005,train
52883,component-4642f49ddd85a916,fbe6b49ed7894303821b20bac35a48c7,excluded_test_writer
52884,component-61ade091bc119820,c90f632189ee69533a9d5209abe5337b,train
52885,component-92c8627d3cd08328,ff00e507e97ae58148e5c48ef5f45fc7,train
52886,component-94f95a307e0bc869,2048431d13e370e98a414cabd25bd32c,excluded_test_writer
52888,component-57fc8cde141d45e3,d30a272a6f2c0e337381498d405e8aac,train
52889,component-b13266d0df4f5b89,d38624a39e762eeab8bd2eb451981344,train
5289,component-693b147892fbf5bc,105cf7b2741fe509169ac80ecf20c0e8,excluded_test_writer
52890,component-bca8729ed195d56a,9eaaaec2255c917e4fe96c14bdab2616,train
52892,component-3dfb14718655f9f4,0fff769efb723849e7fd45afb7c372fa,excluded_test_writer
52893,component-7e5e4d8d580260a1,b623a96085d29a480b4fdcec515bce1f,excluded_test_writer
52894,component-15e3d537d4366466,a903403bf3558f1b891cf60db9fe83e8,train
52895,component-ed1594a32cac525c,3bf6d0bdf4a389fcd1d913684e36f2ed,test
529,component-8920a14a7f6469b9,0c1c88a55d71c3022ccc3e0c5b16cdec,train
5290,component-32768dc1b008847f,4d8fb04f4489f3ccca34ef69be28eeef,train
5291,component-30c5bcf13841c163,475389b642e5532ddaf7f9fa06b72fa3,excluded_test_writer
5292,component-8c5197817bb38ce0,1e9957a383d7fc0017f5271c504ed0da,train
5293,component-8f9260cc6c62dc78,1ed362afa825e8f5aa5b03e7ebdb6a03,excluded_test_writer
5294,component-e71d3cc1a4848683,fcbfbd925bc44ac558dd1f7c274cd25a,train
5295,component-115fbfdf0179e57d,ae25de8a9e637786071340b89e59d189,excluded_test_writer
5296,component-879a906210ebc708,034bb12696eb7f4e7b155459c1d5fd57,excluded_test_writer
5297,component-dfcb2b05e60a0f50,da36da44cbd920348d6a2a4a4f307761,train
5298,component-abf5c7412a9ecd2d,12c4ff90790dd296d76eeba7e553410e,test
5299,component-72254c4062e4c8f1,274434a08e6f4761ac2828569de13e6a,train
53,component-a5db10366553ef58,b637519ab9e8b101089be3cc36ea50dd,excluded_test_writer
530,component-b0026e31eacb783f,9e90a3680e4360c5bd5b85389a927b3a,excluded_test_writer
5300,component-3686e2f49254099e,e92880e5e49eceddbdf8afd15c49ca07,excluded_test_writer
5301,component-b82c69d5bfbf2317,3a9d991d1d9ec6f1a0edca04e2d5f65a,excluded_test_writer
5302,component-469a3e9c8dd91f11,dc60f2e045fa06d98420f5b5dcf53e86,train
5303,component-7e737475f08780b0,e0e1980ad8b33487c53c48e57954ec79,train
5304,component-9a3306c8f1360320,e9b4eedc521bdd525f4beb51fa54ed79,excluded_test_writer
5305,component-c0e2270c21bbfc22,10a5b9e4d9d08330b05d764e27efc1bf,excluded_test_writer
5306,component-b497ffb2daeb39ed,6592be8f54599819419d3768f5f3b6c6,test
5307,component-add444b7dac8b463,cf4f0a99d39802b4f97b29049af97076,test
5308,component-926335ae37efdebd,b4892c3eef632d22ae412f18481f2dd5,excluded_test_writer
5309,component-05f2e4d87064d559,9a1c3fb2440455cc740c726ab35bd7a7,train
531,component-926335ae37efdebd,b4892c3eef632d22ae412f18481f2dd5,excluded_test_writer
5310,component-dd3a8c0e0b1001db,7a727abcb9224f1ac0ab85a14cbac70c,excluded_test_writer
5312,component-f57b0c6391fb054d,742491f022a171d1c352995e01243fd4,train
5313,component-4cb7e8bd1bdef6a1,a8d10476ad85d025e0cbd0b9f55b0a04,excluded_test_writer
5314,component-566eaa374be503ec,4b8fdfcea400d6cf59d7560bc8eed62a,excluded_test_writer
5315,component-b4da5ac1c8bef115,5c523efcc82be996cbbc65b994e64819,train
5317,component-4a4ad5bd78d1bb02,df087a56d8f0f7e54f6daae909dce389,excluded_test_writer
532,component-3759ea224bc5328c,170d579b41922cd1d8b49fdca1167dea,train
5321,component-3686e2f49254099e,e92880e5e49eceddbdf8afd15c49ca07,excluded_test_writer
5323,component-386454048000c123,18675a3d836669a516f36227a97d50f8,train
5324,component-f1be679a31a5b497,3f06a5b131a8725da7128fab71cccdb8,train
5325,component-8f4153a3229c0d16,88d830317c58cdd39b396de3b98f90db,train
5326,component-cefbfc315be58294,e3b3c6bb07aaf362b31b7f9aba40fc35,excluded_test_writer
5327,component-2554da3fd36cab4d,197f480c553553ae2c69cb8168d86698,train
5328,component-7ea8f6a32990306e,15d559c815e27d6e62725340ba894fcc,excluded_test_writer
5329,component-c4962e7b14c1cc1e,44c05eb42a769f607123e1f418b52d67,test
5331,component-3464bd2812affb1c,278847b36d48355f6409803ae21763d3,train
5332,component-55a730d6c2c4e251,055f085caf88db21d55fd5cb60a85b54,train
5333,component-b44e333111a02e63,17bb7154909ad5e044ee227dfabae81d,train
5334,component-cdc4cff450d2c46f,5ef572df9b4b7b5e890c3f594abcf111,train
5335,component-d09827d99ca75456,3d8b1ce0470a90934cfd6514c8ae15e7,train
5336,component-c7fe96bb85c3604a,c7a03efca57f3c58ebee744da9abe533,train
5337,component-a5db10366553ef58,b637519ab9e8b101089be3cc36ea50dd,excluded_test_writer
5338,component-7c0a961b936f3e98,eb062cb6df638002d7df9f1d518e81a9,train
5339,component-09b48c75998cdc00,035f4dcaf50da26176ba09f8f6164493,test
534,component-b2d2c921b957d0f3,6e5c7426a1469f75710ccf046dda7de9,train
5340,component-49a48c483a4603ce,81342feb970f15997f7fb38ea8329fa0,train
5341,component-955dfe160f51eb72,a3271d8674248e7dd530e89a41ea7354,test
5342,component-b0026e31eacb783f,9e90a3680e4360c5bd5b85389a927b3a,excluded_test_writer
5343,component-74fa19708cd07c44,e28940fc02522c9e872d1cd60a08a529,excluded_test_duplicate
5344,component-9bcb4c71c878d678,58265214319874b4b15aed6d8726338e,train
5345,component-f2895201481709ff,f6e71f410c6f7312a3d766e5046f4873,train
5347,component-16be92d6e7a7227b,2f737a841c713dcb56b4bdebf7e67ef1,excluded_test_writer
5348,component-78ea7d15880a2852,2f766b3eb844b4fa239436953498b036,train
5349,component-b2d2c921b957d0f3,6e5c7426a1469f75710ccf046dda7de9,train
535,component-9a3306c8f1360320,e9b4eedc521bdd525f4beb51fa54ed79,excluded_test_writer
5350,component-2a51407e38dd394a,4ce481ce4841b318f5ea1f5f450b4af9,train
5353,component-926335ae37efdebd,b4892c3eef632d22ae412f18481f2dd5,excluded_test_writer
5354,component-386454048000c123,18675a3d836669a516f36227a97d50f8,train
5355,component-ad51f96ec3b62b43,02f999be521c967cde6ffb5e6e52deb7,excluded_test_writer
5356,component-5489ea17e8c8e04d,f378c6cffa5b086ecb013c968695c6f8,test
5357,component-cd40f2235216d89b,e06d04b6af3822fcbedc0b3a3b33dbc7,train
5358,component-dcd615f2aa426e3e,1466818227f99bb65e7f7ad51b4c0b20,train
5359,component-2d50a4f257a604dc,3f9c5b1326a1113ce3851a86e627b0ab,train
536,component-51b2fe666731a196,cdb20b2c8f34b75a5d3cfa5ed5a96c4a,train
5360,component-bb51dde5170a8e8b,4afe7a89d3a52957efdcc75e1388f297,excluded_test_writer
5361,component-a68a5f2e3a4446bf,7a8e93cff0d3a94ccb25ce1a36ff7dc8,test
5362,component-1b157d77275658a9,0a5eaf1d00672ba115ed5106b6335686,train
5364,component-ae8acc4d6a2291d9,ea2b725e2ab5b4fb54fcc35c115642ee,train
5365,component-e53d1066d7b244f7,582314a144b050561dc547dd42daba27,excluded_test_writer
5366,component-dab9143462fb1322,33dc5e2395d3e1151e84aea285e62c0c,excluded_test_writer
5367,component-e512656bd9371d84,9d107151e0695369bdd3f9dcc26369c4,excluded_test_writer
5368,component-5888ad689b3dc7a6,a3c092b9ee02d1ce0d368c18fd3ec508,excluded_test_writer
5369,component-a3b1989a041d8b4c,4100cda57dcd76fd39661b22e288d427,train
537,component-ce0b0bef2fa5030b,5fc0c26993d403f1166b860378a9ad0c,train
5370,component-795e254ab9c8ddd4,88ceb9e561527a229d0bd40d844dbd6e,excluded_test_writer
5371,component-6bc538975ee49598,359da9a83525262d91d5be24f11fb6f2,test
5372,component-1f62acc0b8d0e8e3,c77d357b388385fd0150481f1703ace8,excluded_test_writer
5373,component-406f1bea88ac86d9,f284247960d4d5342415dfd1a1f11cc3,excluded_test_writer
5374,component-b2d69dfd0b46e1d1,a579784a1d81222bec680d9c0b8d8d6b,excluded_test_writer
5375,component-3686e2f49254099e,e92880e5e49eceddbdf8afd15c49ca07,excluded_test_writer
5377,component-b85a253b83621016,635d3ca3f3f6e743f534a0b1de4a1054,train
538,component-add444b7dac8b463,cf4f0a99d39802b4f97b29049af97076,excluded_test_writer
5380,component-ba250b77419c932a,4e0608008080cee193b03c90bdf72d33,train
5382,component-6ba0f9458cd8715b,aa8980cf91c087c41830a1d56ef8e6f8,test
5384,component-f3fc94674de6a726,4dc37ade30b85ae0e90a3ed9f25cd43f,excluded_test_writer
5386,component-344d218378d662e7,822c0a1605a3b83e42f4dfe91f08f744,train
5387,component-6680aa5893022384,b3b1a748f8acfdb29d8403c344892899,train
5388,component-b797d397acb6b79e,49870fb50755b7911d3eca71c78cf935,test
5389,component-a165b612de1a4c89,972db4497846d39685b5f4f54f7e65fc,test
539,component-cd40f2235216d89b,e06d04b6af3822fcbedc0b3a3b33dbc7,train
5390,component-1db01826cf7faf93,785b2f3815ab70afcb13a26a9d4d5069,train
5391,component-58aec6ba5dcbd401,3387744bf04695c74d0b4d817c0bb60c,train
5392,component-da9327405efd1ee7,bd7b582e2dcfcb472fc671c4c2b01389,excluded_test_writer
5393,component-6e7177a83e701043,918e02b838bccb4fbf32612ad67ceffe,train
5395,component-8796e3d1c762514a,cae6613fb32f812e9922d092fa29d58a,train
5396,component-8b96fbb7370c2a8e,102ebcdb14383e94e72f2ccf78ebd898,excluded_test_writer
5398,component-1f62acc0b8d0e8e3,c77d357b388385fd0150481f1703ace8,excluded_test_writer
5399,component-e2a1e6b1388202b7,cfe2bd2f16bc82256699fcb6ef11f284,excluded_test_writer
54,component-2fca346db6561871,07f7881217e22797df0970a6a42b9853,train
540,component-5d0a3526b1e2cd94,d9b358425e79a55e6f68c8b65d053dd2,train
5400,component-af04a024c082b778,346b6455e4b23dbcd9784ab58faa6536,excluded_test_writer
5401,component-db9ad06e2b12b5bd,652b039c6d7416eee602861b8037bc25,train
5402,component-192a0237464ef59d,440387e45f8639753d312829e432998b,train
5403,component-469a3e9c8dd91f11,dc60f2e045fa06d98420f5b5dcf53e86,train
5404,component-9f3dbaacd94ec0ed,c5d8f5185d75898bf8382c0713f1f770,train
5405,component-715753b2a2dceb9e,e11b32d2887a77ad4b6db41b44dd8394,train
5407,component-571f9a913d673f9f,486ce66e9d9a920b1c03d5eb1203462a,excluded_test_writer
5409,component-13467d9a5a546e46,9dc726ebb7c8085dda42cdc8df20a500,excluded_test_writer
541,component-5de664ef205f95d4,d13f17cd13a14e56a22b8ede2b72727d,train
5411,component-987b4618c05e0dc1,4fac5f9fe78f2c561bf11719669aa940,excluded_test_writer
5413,component-7ddcb477f73010cf,c3149f8833584a98dc0a8a33ec34fc8a,test
5414,component-4aaf3b4161f4fd6e,86d1336e3cc4f30ed8a0a422b29f72a8,excluded_test_writer
5415,component-07ffd552b7f9e803,f20da0bdcba5f881a113f78685409535,excluded_test_writer
5416,component-d3360ea199338ce1,92561b3e4c36067e38bef20773dc3b92,excluded_test_writer
5417,component-806e8f1b55b75343,f93ffe53dd51e7a915c1f96f707bc423,excluded_test_writer
5418,component-ad9acece73d876fc,6699a2c8852686148c127d554201d62b,train
5419,component-fcdd69616822ff79,7a6561846ca6a0563c1211f1110fa932,excluded_test_writer
542,component-2e278724785ff355,94b6652f0c5cc1327be9c45b274ee764,train
5420,component-6a98e59aeb5cf015,1d758fc15d0164833599e6e56c8c2d84,test
5421,component-6ad49d4f48d4b8cb,a63710d89d2df0dd40f0449d8b58f01b,excluded_test_writer
5422,component-d6a9a70a373747ba,eae4a33312cb2126261c641f9e6e5eac,excluded_test_writer
5423,component-f2069c4f9c32f376,c1d7ec40335bd97b1bb3f6677a017f81,train
5424,component-4675cfa565f74ec5,5431c4b341e28a6904db271e5004259d,train
5425,component-a3b1989a041d8b4c,4100cda57dcd76fd39661b22e288d427,train
5426,component-dab9143462fb1322,33dc5e2395d3e1151e84aea285e62c0c,excluded_test_writer
5427,component-db0180845e4b3773,50157fd24223733e15dfed5f6336cf16,excluded_test_writer
5428,component-dab77b0c316ca63a,2bb2aab01c4ea9cc9b3783e6ce4bc7ce,excluded_test_writer
5429,component-0761b3bfc3263dc1,ee9f6a1d1d55ed0383207b7fc8e4ef9d,excluded_test_writer
543,component-469a3e9c8dd91f11,dc60f2e045fa06d98420f5b5dcf53e86,train
5432,component-20163e7ba5ec5d6e,3c88e367f42e666466087bbba9933da8,train
5433,component-874d7f7eb7b65fb0,d99341c34da32e19e1103c9cfd5a737c,train
5434,component-ad6443ecfbbc4420,dab09d366040e74bc84b76a9ae99b7d8,excluded_test_writer
5435,component-2953e94c78cd4d27,a012b6a80431050f9667cc66aa1cf066,excluded_test_writer
5436,component-9f3dbaacd94ec0ed,c5d8f5185d75898bf8382c0713f1f770,train
5437,component-520fceebe977d0b5,4f74b34df09369e00ea4281063993ba7,excluded_test_writer
5438,component-715753b2a2dceb9e,e11b32d2887a77ad4b6db41b44dd8394,train
5439,component-b2d69dfd0b46e1d1,a579784a1d81222bec680d9c0b8d8d6b,excluded_test_writer
544,component-d359f8b537f1888b,e3c99392790a5ce39f487fb9a790b4a3,train
5440,component-13467d9a5a546e46,9dc726ebb7c8085dda42cdc8df20a500,excluded_test_writer
5441,component-987b4618c05e0dc1,4fac5f9fe78f2c561bf11719669aa940,excluded_test_writer
5443,component-e9c81a67c738e039,4de5823dfb977d5b7f248b9a45c68c1c,train
5444,component-0cada882697414e5,a5721664008addc54b44fa16c66cfbc8,excluded_test_writer
5445,component-7603e9afb5dca0f8,b3220333d1e199607e9992420ea87f36,train
5446,component-4ab7082a8abd3dfd,20a3078bb09a4384e0bbd2d18f25f494,excluded_test_writer
5447,component-517a3a173131000f,a9db07913633e328845f33c4ae668104,train
5450,component-b6448810b7bc0b20,69a851dfbba74a6e2e76d491ff4b6932,excluded_test_writer
5451,component-caf5e962522e11f7,054396fe94d5f6f915eea3119464ccd9,excluded_test_writer
5452,component-c34b31361b3cbbf5,58d118802a4d0b67307fd97ed327d6db,excluded_test_duplicate
5453,component-21e40cf5f737ac89,4a7672a8b0351496bc599077e7afbdb9,excluded_test_writer
5454,component-d5140db19be1dca5,eb52d852f303cd803cf73241da475902,test
5455,component-fab7b19826b871a4,b07d02ba5ecef323eaa1012c1e6cd900,excluded_test_writer
5456,component-0e86feab1511d828,cc28c409666cb84a4d9ff710b7a72317,test
5457,component-0761b3bfc3263dc1,ee9f6a1d1d55ed0383207b7fc8e4ef9d,excluded_test_writer
5458,component-1f62acc0b8d0e8e3,c77d357b388385fd0150481f1703ace8,excluded_test_writer
5459,component-7a6643fd688398e4,e4cdf9178388f6da8505de64f66a2cf8,train
5461,component-fcfa49c32bd1c3f5,7ca2ed45d2f59093e250f0e1b00ea394,train
5462,component-4f9a47ef36db1ccf,c5023e014863b13bf87e14fa86db34af,excluded_test_writer
5463,component-577b60d81972d76d,27c33e67198b69da8b1fe91febbd925d,excluded_test_writer
5465,component-416d00e06d1ae2c7,619d09ff04c1ed3f51a6196768111b4c,excluded_test_writer
5468,component-010fe501377e4422,4b19b06b778ecf8e5fa86fe26c907423,train
5469,component-b2d69dfd0b46e1d1,a579784a1d81222bec680d9c0b8d8d6b,excluded_test_writer
547,component-386454048000c123,18675a3d836669a516f36227a97d50f8,train
5470,component-ea5132b05b6a6e00,08f3a80eeda28e4b166735a0244de4a7,train
5471,component-6471ccb71ea72e26,7b84c0b62dc53ece586b04f88a886ee6,test
5473,component-9199f12bde992d3b,23b0b01a0b3e028f8172c1549655e418,excluded_test_writer
5474,component-3da028205aa8baec,b20ce4aea6e41e2c908601653a164498,train
5475,component-4886d17d100bde24,8475bf32912a4538cdac83451b9ca1a1,train
5477,component-fde14d5b0b8f8c94,c856c73856ce16fefa542456398a2e13,train
5479,component-9699eafa4631f54d,1a7a889d7acdeaa79db9f740c3c18028,excluded_test_writer
548,component-6e2d4d3a3d4c4bb2,226544e8c0502050b089828badaaa4ce,test
5480,component-193f5aea0da333ba,06c2724938be0a581d9b762756346ec3,excluded_test_writer
5481,component-9659ddd88c5a1785,cfafddbeb527d7a4c13b413f4fe515af,test
5482,component-79d0042d8ad90291,4fe083101fde9456971f6c2e1325dfe0,excluded_test_writer
5483,component-3835a90fb87a5678,0a0ff5489ca8718bd56048b8fabd3ea4,train
5484,component-bf2893ac5a2f8a1a,73c6ddaf0851b39253d07600754fc5df,excluded_test_writer
5485,component-cd40f2235216d89b,e06d04b6af3822fcbedc0b3a3b33dbc7,train
5486,component-9a3306c8f1360320,e9b4eedc521bdd525f4beb51fa54ed79,excluded_test_writer
5487,component-469a3e9c8dd91f11,dc60f2e045fa06d98420f5b5dcf53e86,train
5488,component-3267ef2a83a74905,3024a0a33efe573cde85e039f5accfb0,train
5489,component-482e17d3810fde18,566e6d9fa0b6225c29df8a4e9e7413a7,excluded_test_writer
549,component-c7fe96bb85c3604a,c7a03efca57f3c58ebee744da9abe533,train
5490,component-625dd0ca576402c0,8dde6ecd5ac53bdf3a77db0ac14f4adc,excluded_test_writer
5491,component-8f9260cc6c62dc78,1ed362afa825e8f5aa5b03e7ebdb6a03,excluded_test_writer
5492,component-dfcb2b05e60a0f50,da36da44cbd920348d6a2a4a4f307761,train
5493,component-4a4ad5bd78d1bb02,df087a56d8f0f7e54f6daae909dce389,excluded_test_writer
5495,component-9a4946dd5aac17ab,bf99086af1160c0e4b9574c5287d6a42,train
5496,component-30c5bcf13841c163,475389b642e5532ddaf7f9fa06b72fa3,excluded_test_writer
55,component-d6a9a70a373747ba,eae4a33312cb2126261c641f9e6e5eac,excluded_test_writer
550,component-3bc8772453c082ed,856ee76ae5b1f05850d66561240208fc,train
5500,component-8f496feec94eb1ce,3f76cf12631e11bbd5dc3667e7d4270e,train
5501,component-ffbdda7c44c52ffe,18578f5982df6ba4c56c9b1ce0702d9d,excluded_test_writer
5502,component-de9b56c2d24d4392,3f266c8ae80f227d219f5f9e21bb3f53,test
5503,component-22d18bdd8e09162b,41cb550aa28641bec0875c123183810a,train
5504,component-abf5c7412a9ecd2d,12c4ff90790dd296d76eeba7e553410e,excluded_test_writer
5505,component-8796e3d1c762514a,cae6613fb32f812e9922d092fa29d58a,train
5506,component-f5fde7721b61d495,480c4bf9349d65b64880ff349dafbec2,excluded_test_writer
5507,component-21ff599d09cceede,3029ac515afd566c3ed285e1e2b46455,train
5508,component-973267749dfae5f9,b6b4c719bcdbc1c1acb67577866d8267,excluded_test_writer
5509,component-5e6a3c6e74e0c5ad,5ae74878889cf967feaefbcd14175431,excluded_test_writer
551,component-725e56a769e19df0,c61be2829dd1dabc630b1daa0365dbe4,train
5510,component-4b177cf57484bae0,67b97159b63edb1dae88ab60702235a8,train
5511,component-245e004c2c79d56b,7232fdf6568eeae9386dc7e94e097233,train
5512,component-a5db10366553ef58,b637519ab9e8b101089be3cc36ea50dd,excluded_test_writer
5513,component-74fa19708cd07c44,e28940fc02522c9e872d1cd60a08a529,excluded_test_duplicate
5514,component-5d0a3526b1e2cd94,d9b358425e79a55e6f68c8b65d053dd2,train
5515,component-70ca96b1943a275b,775c77e695323d272464bad404a065ed,test
5516,component-05f2e4d87064d559,9a1c3fb2440455cc740c726ab35bd7a7,train
5517,component-566eaa374be503ec,4b8fdfcea400d6cf59d7560bc8eed62a,test
5518,component-4cb7e8bd1bdef6a1,a8d10476ad85d025e0cbd0b9f55b0a04,excluded_test_writer
5519,component-4a4ad5bd78d1bb02,df087a56d8f0f7e54f6daae909dce389,excluded_test_writer
552,component-53aa3f8271195e32,43c20c56d1fecd261b292d746a084f68,train
5520,component-0c4ec74f0b8604ea,07210d2331f9b6bfda48de8961046928,excluded_test_writer
5521,component-cefbfc315be58294,e3b3c6bb07aaf362b31b7f9aba40fc35,excluded_test_writer
5522,component-2554da3fd36cab4d,197f480c553553ae2c69cb8168d86698,train
5523,component-469a3e9c8dd91f11,dc60f2e045fa06d98420f5b5dcf53e86,train
5524,component-8e097ba294c2c043,6eaa8dd5104e4d806c966d33edcd38aa,test
5525,component-84521f4c4a7fb15f,c2059b052e196663ab0ef8ab3de71b33,excluded_test_writer
5526,component-52f3c372a09da1fb,2838c52c904a8b6a622a6c812af81213,train
5527,component-879a906210ebc708,034bb12696eb7f4e7b155459c1d5fd57,excluded_test_writer
5528,component-f8711df5a3b25c4e,5bcb64c57791e00e876fe2eb0d511a48,train
5529,component-517a3a173131000f,a9db07913633e328845f33c4ae668104,train
553,component-d40fbd13d527595c,4530870664df9014a76313ce1fd75a0e,test
5530,component-386454048000c123,18675a3d836669a516f36227a97d50f8,train
5531,component-9b7e8ce8dd8ef654,5849b6e92163d5ba0685cace8848f8fb,train
5535,component-4542be124b3fd189,75ff2441794c680313a00fc96c8aa1fa,excluded_test_writer
5536,component-83ccd6c4a15b6321,621e25f2702fdfc9633896603a7d6762,excluded_test_writer
5537,component-657b5fb4e2b0a733,d9e62e61cc151eab3cd5b2bedc08b381,train
5538,component-30c5bcf13841c163,475389b642e5532ddaf7f9fa06b72fa3,test
5539,component-20163e7ba5ec5d6e,3c88e367f42e666466087bbba9933da8,train
554,component-359d53872bf66c9e,9e5ca47acca1d9b1fa24c10a316b15a6,train
5541,component-56480461ad5b0f73,7972efb7fbbf2db6202c8c930780bad6,train
5542,component-61761f9420088c4a,c014283810a2966fbee95a45aaf8cfdb,excluded_test_writer
5543,component-9302a967cce44378,89833979768b4c32fb268f9d95c6bd66,train
5544,component-b82c69d5bfbf2317,3a9d991d1d9ec6f1a0edca04e2d5f65a,excluded_test_writer
5545,component-53aa3f8271195e32,43c20c56d1fecd261b292d746a084f68,train
5546,component-81792906f17d7bc4,991fa042911c65038ca5da96b182c7d1,test
5547,component-2a51407e38dd394a,4ce481ce4841b318f5ea1f5f450b4af9,train
5548,component-f1be679a31a5b497,3f06a5b131a8725da7128fab71cccdb8,train
5549,component-a7a809a54f4f76b0,49f2992b8d33eb0dd3f1714f2f9ab668,train
5550,component-13467d9a5a546e46,9dc726ebb7c8085dda42cdc8df20a500,test
5551,component-cf9066adc6fd6711,e57dbcfe8d01b59495dbb3eebc086148,train
5552,component-0d2e61493232df5c,0c6efa8e1b069f5e636e7b6131744827,train
5553,component-520c91c892395a91,78fb403756b87a8972f67b7bd96050a4,excluded_test_writer
5554,component-3784c6b8d1538123,e530bc78ba7c186c1810cfe62714540b,train
5556,component-cf7dd1665f80520a,120dc768c7aa6e2443da0b171367b852,test
5557,component-dab77b0c316ca63a,2bb2aab01c4ea9cc9b3783e6ce4bc7ce,excluded_test_writer
5558,component-879a906210ebc708,034bb12696eb7f4e7b155459c1d5fd57,excluded_test_writer
5559,component-30c6570a99d5554c,226283ee5b566196f5d2450b7388dafd,train
5560,component-b37b8c45f282c101,02a0135e22dc5c6aece75fb1b2a75a81,excluded_test_writer
5561,component-693b147892fbf5bc,105cf7b2741fe509169ac80ecf20c0e8,test
5563,component-8f4153a3229c0d16,88d830317c58cdd39b396de3b98f90db,train
5567,component-d6a9a70a373747ba,eae4a33312cb2126261c641f9e6e5eac,test
5568,component-e0e72896f2d07d13,f6fb51c611614030ef77fa7ddffbdd9a,test
5570,component-be3d629f02589a09,4c4404ccd012bb6eb86bbbfb22410147,train
5571,component-27f07558f9dcb22f,b1d1dd1ce38a49f97ec3af3dc0ab7231,train
5572,component-da9327405efd1ee7,bd7b582e2dcfcb472fc671c4c2b01389,test
5573,component-1563b34cf28d185a,3c090e7882ba871b75fc330f9ca76fac,excluded_test_writer
5574,component-cdc4cff450d2c46f,5ef572df9b4b7b5e890c3f594abcf111,train
5575,component-b0026e31eacb783f,9e90a3680e4360c5bd5b85389a927b3a,test
5576,component-469a3e9c8dd91f11,dc60f2e045fa06d98420f5b5dcf53e86,train
5577,component-89a1d317b68e7139,15e5d686d1d9e529e25098f1e5cc6f2d,test
5578,component-15e3d537d4366466,a903403bf3558f1b891cf60db9fe83e8,train
5579,component-3759ea224bc5328c,170d579b41922cd1d8b49fdca1167dea,train
5580,component-9cb0d698e6f87500,e7c02ca341153ac6a24e26cf0b1c67c8,test
5581,component-926335ae37efdebd,b4892c3eef632d22ae412f18481f2dd5,excluded_test_writer
5582,component-9a3306c8f1360320,e9b4eedc521bdd525f4beb51fa54ed79,excluded_test_writer
5583,component-dcd615f2aa426e3e,1466818227f99bb65e7f7ad51b4c0b20,train
5584,component-ad51f96ec3b62b43,02f999be521c967cde6ffb5e6e52deb7,excluded_test_writer
5585,component-2a51407e38dd394a,4ce481ce4841b318f5ea1f5f450b4af9,train
5586,component-b2d2c921b957d0f3,6e5c7426a1469f75710ccf046dda7de9,train
5587,component-bb51dde5170a8e8b,4afe7a89d3a52957efdcc75e1388f297,excluded_test_writer
5589,component-caca4d6ef3f4b9a7,8c6f6b7d3388f242ef2fcaa8206ff7f0,train
559,component-0d6f9709edaeba4b,80591ba05b4252c4aa3db13f7620c557,test
5590,component-7e737475f08780b0,e0e1980ad8b33487c53c48e57954ec79,train
5591,component-4e924cb7cd3046cf,7f501143c209868e51b449fb0a6dac73,excluded_test_writer
5592,component-eb16acba2df2d213,1559827f72c5d34bbcc7c8f8174376c1,train
5593,component-386454048000c123,18675a3d836669a516f36227a97d50f8,train
5594,component-12b2308cae07f789,abc9e99b710842e277976f0de3873eac,train
5596,component-30c5bcf13841c163,475389b642e5532ddaf7f9fa06b72fa3,excluded_test_writer
5597,component-1ca83f49e35f64bc,57594c2ef2127edc4087108f34b9e866,excluded_test_writer
5598,component-1b4a7e5a5d11abef,7f05ddc630cd3e576404cc828ff4baa3,train
5599,component-8c5197817bb38ce0,1e9957a383d7fc0017f5271c504ed0da,train
56,component-469a3e9c8dd91f11,dc60f2e045fa06d98420f5b5dcf53e86,train
560,component-6bcaea9882504292,286bdbdd3341c22029594aa1dabc5984,test
5600,component-b661aa1fdf63c242,b69cfc266e7449dce2f533abcbdad4d1,test
5601,component-8d049a1326c454ad,16eba3e3b93326861f0b6022005075b3,test
5602,component-4b705c6c010d42c7,336295c4bd5cc5bda4b5acf254846882,train
5603,component-428abfa27577b59e,1d5cdcb6377fc9b0bac05ed5d7d4f44a,test
5604,component-92c8627d3cd08328,ff00e507e97ae58148e5c48ef5f45fc7,train
5605,component-aef4842d9ffeac20,a9c2d057461545cf9d65cb8d0f757b2c,test
5606,component-fb3304097df8b2a0,add1c4bd0a37a9e3d44872e44985131d,train
5607,component-8b013b1be61b0047,6e3ac16fa2b2660ab660a1909b2b6c19,train
5608,component-c34b31361b3cbbf5,58d118802a4d0b67307fd97ed327d6db,excluded_test_duplicate
5609,component-e512656bd9371d84,9d107151e0695369bdd3f9dcc26369c4,test
561,component-926335ae37efdebd,b4892c3eef632d22ae412f18481f2dd5,excluded_test_writer
5610,component-a3b1989a041d8b4c,4100cda57dcd76fd39661b22e288d427,train
5611,component-62cc21eb37716e15,7ad2e2173d83d1b7a08f777663c4725d,excluded_test_writer
5612,component-987b4618c05e0dc1,4fac5f9fe78f2c561bf11719669aa940,excluded_test_writer
5613,component-c66c3e0c60205da6,62207273f773bebb901f3814bdf64660,train
5615,component-00834d380b111f7e,5de363c3bd54f4f7f7541de98faeeaa2,excluded_test_writer
5616,component-fea0098bb743c930,0001f9db4fb3039363cdef36e02508de,train
5617,component-9f3dbaacd94ec0ed,c5d8f5185d75898bf8382c0713f1f770,train
5618,component-db9ad06e2b12b5bd,652b039c6d7416eee602861b8037bc25,train
562,component-4eef24c6b8248c22,a0283fd47b9d01659b59553ac6b26a91,test
5621,component-2cca79c8bea8c45f,72f9c441dd4ad89db8b8c74e161304e9,train
5622,component-3da028205aa8baec,b20ce4aea6e41e2c908601653a164498,train
5623,component-406f1bea88ac86d9,f284247960d4d5342415dfd1a1f11cc3,excluded_test_writer
5624,component-c913d468a812b00a,2c0b5e8ea5f249e08a19a0883a176390,train
5626,component-20163e7ba5ec5d6e,3c88e367f42e666466087bbba9933da8,train
5627,component-d2b03754f5a45c57,59dc99ce97f69f2a74576467b47bb55f,test
5628,component-b2d69dfd0b46e1d1,a579784a1d81222bec680d9c0b8d8d6b,excluded_test_writer
5629,component-f39d455f5d389073,74cac88e8edee6b5b34456426d8cb3f4,test
5630,component-07ffd552b7f9e803,f20da0bdcba5f881a113f78685409535,excluded_test_writer
5631,component-1f62acc0b8d0e8e3,c77d357b388385fd0150481f1703ace8,excluded_test_writer
5632,component-74e5927a9ac14891,f8484fc4bd173d75268414bfcf9a4eb9,test
5633,component-6680aa5893022384,b3b1a748f8acfdb29d8403c344892899,train
5634,component-c34b31361b3cbbf5,533c0a2343f9c80fbee115d283c32f82,excluded_test_writer
5636,component-5888ad689b3dc7a6,a3c092b9ee02d1ce0d368c18fd3ec508,excluded_test_writer
5637,component-ea5132b05b6a6e00,08f3a80eeda28e4b166735a0244de4a7,train
5638,component-e9c81a67c738e039,4de5823dfb977d5b7f248b9a45c68c1c,train
5639,component-2bf40373f1da918d,9151c98cf3e0e41fe1c385fe4ac4e17a,test
564,component-259acaee2159348c,14dea25706a904ed8d04218502aeecd4,test
5640,component-8e8a6e1c5cf5a496,c4108f864a66f1553123912e1668ddbf,train
5641,component-2953e94c78cd4d27,a012b6a80431050f9667cc66aa1cf066,test
5642,component-1f9da180278b271c,23dfe429c56c4d7de31af4138a557add,test
5643,component-ba250b77419c932a,4e0608008080cee193b03c90bdf72d33,train
5645,component-9c04011fe266faaa,56090ce66d6463b70a7f604ee670596e,train
5646,component-4886d17d100bde24,8475bf32912a4538cdac83451b9ca1a1,train
5647,component-1aa50ec3391c5505,e2997dc6717330c1f2f656f514c2c26a,excluded_test_writer
5648,component-7cf9499eac9bc8ed,253933341d6fcde74b166662b044d320,excluded_test_writer
5649,component-6a98e59aeb5cf015,1d758fc15d0164833599e6e56c8c2d84,excluded_test_writer
5650,component-0aef6efee530802b,360870c658edc4c82b96bf6bb132cc56,train
5651,component-39ba72ca55f34a89,fcdb7a34c45d7698c162e9085182c1ac,train
5652,component-a0ba26635494e3c6,0cd5e8abdaec32157c32a069cd5eb70b,train
5653,component-307faca131557ba3,9024ad1d7d82c3d65f6b1be591d760c0,test
5654,component-2d5b95fe919779c4,09941a0af7f422229f41cf0a1b462c80,test
5655,component-febdc00125b065b5,478b13f7106655632b146b858615e32b,train
5656,component-83f2c170a2df21e4,2078c0fa5fe27342abf3513939bdac96,train
5657,component-2f71963a50636a5f,7c0f6d77d3422da4bda9db89180f0b02,train
5658,component-d283fc7ed27a618f,5863af1f6acc6561c6c41a0a8bc70e14,test
5659,component-2b804950e2fc15cb,0b13e7e863fb098020f26095425c2aea,excluded_test_writer
566,component-9a3306c8f1360320,e9b4eedc521bdd525f4beb51fa54ed79,excluded_test_writer
5660,component-344d218378d662e7,822c0a1605a3b83e42f4dfe91f08f744,train
5661,component-62b4a761bd43e388,16fc3c82b34bee49709b3b608c9bed3e,test
5662,component-31463ca37e9c81f5,9c38e96b54b5550d466a5c25d9523161,train
5663,component-9199f12bde992d3b,23b0b01a0b3e028f8172c1549655e418,excluded_test_writer
5664,component-8ce0ee48539d58dc,bf317ff061957293b615bf57c815ce99,train
5665,component-21e40cf5f737ac89,4a7672a8b0351496bc599077e7afbdb9,excluded_test_writer
5666,component-dab9143462fb1322,33dc5e2395d3e1151e84aea285e62c0c,excluded_test_writer
5668,component-9f3dbaacd94ec0ed,c5d8f5185d75898bf8382c0713f1f770,train
567,component-ad51f96ec3b62b43,02f999be521c967cde6ffb5e6e52deb7,excluded_test_writer
5670,component-ad6443ecfbbc4420,dab09d366040e74bc84b76a9ae99b7d8,excluded_test_writer
5671,component-c336e3386a4929c4,e56ed71b15ae07d83bd51ed26becfe94,excluded_test_writer
5675,component-f0c4e62c04357d54,be7480b116c7bb75ca98c746f0e71824,excluded_test_writer
5676,component-7a6643fd688398e4,e4cdf9178388f6da8505de64f66a2cf8,train
5677,component-e3160750b90a174f,734ffd22b298c21763dd1a63c7f52173,excluded_test_writer
5678,component-4f9a47ef36db1ccf,c5023e014863b13bf87e14fa86db34af,excluded_test_writer
5679,component-6e72304e3d901d03,f394c150bbee3ee111fb225a76a78a01,train
568,component-a869c7850aebfc94,5d16291b4fe546a4989a430140bce28a,train
5680,component-520fceebe977d0b5,4f74b34df09369e00ea4281063993ba7,test
5681,component-a2800be5a55f8b53,5e3961162b0adaec6174af7dd8a9dc34,train
5683,component-b2d69dfd0b46e1d1,a579784a1d81222bec680d9c0b8d8d6b,excluded_test_writer
5684,component-24cc0991f97574ec,f148ad9727c230884d90f5ce9656b78f,test
5685,component-715753b2a2dceb9e,e11b32d2887a77ad4b6db41b44dd8394,train
5687,component-cdec1354bf8de7ea,83cb38a6995db9d06cfa0482383bf5e8,excluded_test_writer
5688,component-98fecc9c7a913713,413248667062c71e2191f161f7a6acce,test
5689,component-d8bed4cdd2528879,e6738ad90211266b298dd4023d88d137,test
569,component-c7ce483fd1cc5fd4,755248fd7eb39843e71e610b595a1089,train
5690,component-83f2c170a2df21e4,2078c0fa5fe27342abf3513939bdac96,train
5691,component-264fd4d30b6f069d,4dea40a4bf2d1ca22f362c6be38cea02,test
5692,component-8fe8defe29b0e67f,f4726703bc4997755da225011423f22f,train
5693,component-469a3e9c8dd91f11,dc60f2e045fa06d98420f5b5dcf53e86,train
5694,component-113276532f288c86,56b95f3de8666141d7c0090a069cc34e,train
5695,component-eadbbebc6aa4c595,ef9b6a7f4e596b154807030cc620a3fb,excluded_test_writer
5696,component-fab7b19826b871a4,b07d02ba5ecef323eaa1012c1e6cd900,excluded_test_writer
5697,component-500ea60d1e88579a,5a769e299fee249e6980907a358cdada,excluded_test_writer
5698,component-4b705c6c010d42c7,336295c4bd5cc5bda4b5acf254846882,train
5699,component-dab9143462fb1322,33dc5e2395d3e1151e84aea285e62c0c,excluded_test_writer
57,component-78ea7d15880a2852,2f766b3eb844b4fa239436953498b036,train
570,component-74fa19708cd07c44,e28940fc02522c9e872d1cd60a08a529,excluded_test_duplicate
5700,component-e2a1e6b1388202b7,cfe2bd2f16bc82256699fcb6ef11f284,test
5701,component-13467d9a5a546e46,9dc726ebb7c8085dda42cdc8df20a500,excluded_test_writer
5702,component-010fe501377e4422,4b19b06b778ecf8e5fa86fe26c907423,train
5703,component-59d13371beb55f2b,3b1bdf3c53fb76bbcabbc8bce6978460,excluded_test_writer
5704,component-cc3345a15fe4708c,57ad3adf0a8fed0671c15d150ad67a1b,test
5705,component-1f62acc0b8d0e8e3,c77d357b388385fd0150481f1703ace8,test
5706,component-31c784955084f775,1075d78e4b92c31d40eb512dafc049d7,train
5707,component-406f1bea88ac86d9,f284247960d4d5342415dfd1a1f11cc3,excluded_test_writer
5708,component-07ffd552b7f9e803,f20da0bdcba5f881a113f78685409535,excluded_test_writer
5709,component-4886d17d100bde24,8475bf32912a4538cdac83451b9ca1a1,train
571,component-386454048000c123,18675a3d836669a516f36227a97d50f8,train
5711,component-b2d69dfd0b46e1d1,a579784a1d81222bec680d9c0b8d8d6b,excluded_test_writer
5713,component-1aa50ec3391c5505,e2997dc6717330c1f2f656f514c2c26a,excluded_test_writer
5714,component-0aef6efee530802b,360870c658edc4c82b96bf6bb132cc56,train
5715,component-3bf9b45d02a86b0d,88901e5345854244e540f777f5716507,train
5716,component-715753b2a2dceb9e,e11b32d2887a77ad4b6db41b44dd8394,train
5717,component-9699eafa4631f54d,1a7a889d7acdeaa79db9f740c3c18028,excluded_test_writer
5718,component-ad9acece73d876fc,6699a2c8852686148c127d554201d62b,train
5719,component-629ac2a3ac9f3e5d,4373f9abbce0d45299f8d69c507f80af,excluded_test_writer
5720,component-a2691968bc4ee478,d612d936fa15630c5e9847b078f870e1,test
5721,component-9c02c5afcd64fef0,d9964b222a7a2cd21874e0cdd5e39706,excluded_test_writer
5722,component-00d3997fd3b13405,572151767d57b81f026dac64da18a412,excluded_test_writer
5723,component-1716c39f345a096d,c701d3469f17805926d8ec549e01e078,train
5724,component-9bcb4c71c878d678,58265214319874b4b15aed6d8726338e,train
5725,component-9cd990a7894fcb3a,391b3d1b20d2603658f442faf7209cd9,test
5726,component-0aef6efee530802b,360870c658edc4c82b96bf6bb132cc56,train
5727,component-f13fb1d553ef3c92,43e9c0527fd5f76935814c27fb30c82e,test
5728,component-cdc4cff450d2c46f,5ef572df9b4b7b5e890c3f594abcf111,train
5729,component-bf2893ac5a2f8a1a,73c6ddaf0851b39253d07600754fc5df,excluded_test_writer
5730,component-926335ae37efdebd,b4892c3eef632d22ae412f18481f2dd5,test
5731,component-df4a90921b923329,46c596890064a76532f602936494eaf2,train
5732,component-bb51dde5170a8e8b,4afe7a89d3a52957efdcc75e1388f297,excluded_test_writer
5733,component-4cb7e8bd1bdef6a1,a8d10476ad85d025e0cbd0b9f55b0a04,excluded_test_writer
5734,component-96ab6152cb421b4d,a480ef42c713fbf98c77b16f3808fca5,test
5735,component-625dd0ca576402c0,8dde6ecd5ac53bdf3a77db0ac14f4adc,excluded_test_writer
5736,component-05f2e4d87064d559,9a1c3fb2440455cc740c726ab35bd7a7,train
5738,component-8f9260cc6c62dc78,1ed362afa825e8f5aa5b03e7ebdb6a03,excluded_test_writer
5739,component-386454048000c123,18675a3d836669a516f36227a97d50f8,train
574,component-657b5fb4e2b0a733,d9e62e61cc151eab3cd5b2bedc08b381,train
5740,component-1ca83f49e35f64bc,57594c2ef2127edc4087108f34b9e866,excluded_test_writer
5741,component-0ff7c26930cf0af5,90de0b368761f9c4fe9a9d255892e6f9,train
5742,component-4a4ad5bd78d1bb02,df087a56d8f0f7e54f6daae909dce389,excluded_test_writer
5743,component-ffbdda7c44c52ffe,18578f5982df6ba4c56c9b1ce0702d9d,excluded_test_writer
5744,component-f1be679a31a5b497,3f06a5b131a8725da7128fab71cccdb8,train
5745,component-8e097ba294c2c043,6eaa8dd5104e4d806c966d33edcd38aa,excluded_test_writer
5746,component-520c91c892395a91,78fb403756b87a8972f67b7bd96050a4,excluded_test_writer
5747,component-f8711df5a3b25c4e,5bcb64c57791e00e876fe2eb0d511a48,train
5748,component-8796e3d1c762514a,cae6613fb32f812e9922d092fa29d58a,train
5749,component-b661aa1fdf63c242,b69cfc266e7449dce2f533abcbdad4d1,excluded_test_writer
575,component-3b3458ea0de7a022,25618ccc6131acfad27afe5d20a2c50e,train
5750,component-2554da3fd36cab4d,197f480c553553ae2c69cb8168d86698,train
5751,component-15e3d537d4366466,a903403bf3558f1b891cf60db9fe83e8,train
5752,component-ca476f632e7e3cc9,f1dd0f6c49cd6d81fc6edd74edec41e9,test
5753,component-973267749dfae5f9,b6b4c719bcdbc1c1acb67577866d8267,test
5754,component-16608390f96063e7,574b8e5093e2421bfd88d9f6849ed5a8,test
5755,component-f83bfef5cb1f426e,afb63d6512ef2c54af089316d287c3f3,excluded_test_writer
5756,component-cdc4cff450d2c46f,5ef572df9b4b7b5e890c3f594abcf111,train
5757,component-0aef6efee530802b,360870c658edc4c82b96bf6bb132cc56,train
5758,component-3686e2f49254099e,e92880e5e49eceddbdf8afd15c49ca07,excluded_test_writer
5759,component-482e17d3810fde18,566e6d9fa0b6225c29df8a4e9e7413a7,excluded_test_writer
576,component-731818cc2fcb5f09,fbdb23888a1972479aa185040f62a93b,excluded_test_writer
5760,component-6bdc7939a97d44c2,0910cbdabc7f6b7fe11eb2feb6bdeeca,train
5761,component-21ff599d09cceede,3029ac515afd566c3ed285e1e2b46455,train
5762,component-52f3c372a09da1fb,2838c52c904a8b6a622a6c812af81213,train
5763,component-9a4946dd5aac17ab,bf99086af1160c0e4b9574c5287d6a42,train
5764,component-245e004c2c79d56b,7232fdf6568eeae9386dc7e94e097233,train
5765,component-879a906210ebc708,034bb12696eb7f4e7b155459c1d5fd57,excluded_test_writer
5766,component-2f5499ef14ae06e8,b391b43a04429e88355e17a31d035e30,test
5767,component-b4da5ac1c8bef115,5c523efcc82be996cbbc65b994e64819,train
5768,component-731818cc2fcb5f09,fbdb23888a1972479aa185040f62a93b,excluded_test_writer
5769,component-5e6a3c6e74e0c5ad,5ae74878889cf967feaefbcd14175431,test
577,component-df4a90921b923329,46c596890064a76532f602936494eaf2,train
5770,component-22d18bdd8e09162b,41cb550aa28641bec0875c123183810a,train
5771,component-8f4153a3229c0d16,88d830317c58cdd39b396de3b98f90db,train
5772,component-359d53872bf66c9e,9e5ca47acca1d9b1fa24c10a316b15a6,train
5773,component-3cccd7068e486dd5,f4a65d6c4bf6eea6795eefab95860b30,test
5774,component-0ae5055abbd740f3,e262b9f79527e999569cf23809fd3191,test
5775,component-a982aa9a0950c3e5,5407470fbfd9e5caa2539745160f6607,excluded_test_duplicate
5779,component-880663d7b132b017,20b9c3112786d4dcff4257d5346b9e42,excluded_test_duplicate
578,component-2a51407e38dd394a,4ce481ce4841b318f5ea1f5f450b4af9,train
5780,component-3bf9b45d02a86b0d,88901e5345854244e540f777f5716507,train
5781,component-2131b036acc61edd,9c1d1a1708fd110cdf4e64dbada079c9,excluded_test_writer
5782,component-e477af30478acc98,d25dfce505bdd1f8c8f790c1a88e049b,excluded_test_writer
5783,component-20163e7ba5ec5d6e,3c88e367f42e666466087bbba9933da8,train
5784,component-ce0b0bef2fa5030b,5fc0c26993d403f1166b860378a9ad0c,train
5785,component-d676f65b2f249196,1bb737d061a40a301b22b4ff2dc12d58,excluded_test_writer
5786,component-a869c7850aebfc94,5d16291b4fe546a4989a430140bce28a,train
5787,component-926335ae37efdebd,b4892c3eef632d22ae412f18481f2dd5,excluded_test_writer
5788,component-0aef6efee530802b,360870c658edc4c82b96bf6bb132cc56,train
5789,component-74fa19708cd07c44,e28940fc02522c9e872d1cd60a08a529,excluded_test_duplicate
579,component-75980ffc4fe2c5f9,ef775b4b68f7af404034d998d09cfc38,train
5790,component-3b3458ea0de7a022,25618ccc6131acfad27afe5d20a2c50e,train
5791,component-61761f9420088c4a,e044a588a9ea08a45e2f014e9fd74d7a,excluded_test_writer
5792,component-4e924cb7cd3046cf,7f501143c209868e51b449fb0a6dac73,excluded_test_writer
5793,component-70ca96b1943a275b,775c77e695323d272464bad404a065ed,excluded_test_writer
5794,component-0d2e61493232df5c,0c6efa8e1b069f5e636e7b6131744827,train
5795,component-84521f4c4a7fb15f,c2059b052e196663ab0ef8ab3de71b33,excluded_test_writer
5796,component-cefbfc315be58294,e3b3c6bb07aaf362b31b7f9aba40fc35,test
5797,component-cf9066adc6fd6711,e57dbcfe8d01b59495dbb3eebc086148,train
5798,component-83ccd6c4a15b6321,621e25f2702fdfc9633896603a7d6762,test
5799,component-1b4a7e5a5d11abef,7f05ddc630cd3e576404cc828ff4baa3,train
58,component-2d50a4f257a604dc,3f9c5b1326a1113ce3851a86e627b0ab,train
580,component-de0023e398111d43,5cf4d0ac0fce9550526e2e71fb1c2771,train
5800,component-5246272819cf9d3f,34ecd48f282b6bf93b8df012711a874a,train
5801,component-dab77b0c316ca63a,2bb2aab01c4ea9cc9b3783e6ce4bc7ce,excluded_test_writer
5802,component-ddca54a1cb9cfc5a,342573dfc32bfc0954682692c52ed461,test
5803,component-545d9107191cf6e9,ea150cd2c5c45f74b5b44cf7c1993ee6,train
5804,component-3784c6b8d1538123,e530bc78ba7c186c1810cfe62714540b,train
5805,component-403caf331ac911a8,9cda62b1542d957e5ae1fecf5344e2a3,excluded_test_writer
5806,component-72254c4062e4c8f1,274434a08e6f4761ac2828569de13e6a,train
5807,component-6989c356365e78e1,881f5de22f15776330501707cb8da395,train
5809,component-3cac5dc5407e7ac9,149bae629b8d8388d7c2a575a2e104ce,excluded_test_writer
581,component-4299da7466df0951,882632611f81bee066a779bedb5a2f69,train
5810,component-7ea8f6a32990306e,15d559c815e27d6e62725340ba894fcc,test
5811,component-3b60ff6f131dd354,1e2ad1bb6355854c8a949ccf11eb063b,excluded_test_writer
5812,component-afa319464ce77c4c,80235b5d7f502ec06cc2bf26040e4094,train
5813,component-1ca83f49e35f64bc,6050086dfef3dd80ce1923cb92aea523,test
5814,component-cdc4cff450d2c46f,5ef572df9b4b7b5e890c3f594abcf111,train
5815,component-a5db10366553ef58,b637519ab9e8b101089be3cc36ea50dd,excluded_test_writer
5816,component-b82c69d5bfbf2317,3a9d991d1d9ec6f1a0edca04e2d5f65a,excluded_test_writer
5817,component-74fa19708cd07c44,e28940fc02522c9e872d1cd60a08a529,excluded_test_duplicate
5818,component-3835a90fb87a5678,0a0ff5489ca8718bd56048b8fabd3ea4,train
5819,component-926335ae37efdebd,b4892c3eef632d22ae412f18481f2dd5,excluded_test_writer
582,component-1f9da180278b271c,23dfe429c56c4d7de31af4138a557add,excluded_test_writer
5820,component-469a3e9c8dd91f11,dc60f2e045fa06d98420f5b5dcf53e86,train
5821,component-3759ea224bc5328c,170d579b41922cd1d8b49fdca1167dea,train
5822,component-89a1d317b68e7139,15e5d686d1d9e529e25098f1e5cc6f2d,excluded_test_writer
5823,component-9a3306c8f1360320,e9b4eedc521bdd525f4beb51fa54ed79,excluded_test_writer
5824,component-2a51407e38dd394a,4ce481ce4841b318f5ea1f5f450b4af9,train
5825,component-cd40f2235216d89b,e06d04b6af3822fcbedc0b3a3b33dbc7,train
5826,component-51b2fe666731a196,cdb20b2c8f34b75a5d3cfa5ed5a96c4a,train
5827,component-5d0a3526b1e2cd94,d9b358425e79a55e6f68c8b65d053dd2,train
5828,component-259acaee2159348c,14dea25706a904ed8d04218502aeecd4,excluded_test_writer
5829,component-53aa3f8271195e32,43c20c56d1fecd261b292d746a084f68,train
583,component-62bfa285013f0880,256662ada5344c7b4f55fef018bd3162,test
5830,component-12ce6d8c7cd5e52f,17f6993f922fc8d56eae4c09c456a677,test
5831,component-b767749a5f38ac3d,f1fdc5aa50f4ae8144fe191a00aeb4e7,train
5832,component-fb3304097df8b2a0,add1c4bd0a37a9e3d44872e44985131d,train
5833,component-3686e2f49254099e,e92880e5e49eceddbdf8afd15c49ca07,excluded_test_writer
5834,component-c1b8a8262b80498e,545a61f98f7603b702c1b4e6cdcb02fa,train
5835,component-b2d2c921b957d0f3,6e5c7426a1469f75710ccf046dda7de9,train
5836,component-b4da5ac1c8bef115,5c523efcc82be996cbbc65b994e64819,train
5837,component-7e737475f08780b0,e0e1980ad8b33487c53c48e57954ec79,train
584,component-bb51dde5170a8e8b,4afe7a89d3a52957efdcc75e1388f297,excluded_test_writer
5840,component-61761f9420088c4a,e044a588a9ea08a45e2f014e9fd74d7a,excluded_test_writer
5841,component-b096558638428e20,6f599cfc8eae98ccea99a4dbc66fcea6,test
5842,component-6db546079ff87bed,1b2025bf7c9a4a7e132f9c74cd42ec5f,train
5843,component-e512656bd9371d84,9d107151e0695369bdd3f9dcc26369c4,excluded_test_writer
5845,component-c34b31361b3cbbf5,58d118802a4d0b67307fd97ed327d6db,excluded_test_duplicate
5846,component-4542be124b3fd189,75ff2441794c680313a00fc96c8aa1fa,excluded_test_writer
5847,component-0761b3bfc3263dc1,ee9f6a1d1d55ed0383207b7fc8e4ef9d,excluded_test_writer
5848,component-8d48221aa85a00ed,923406087831b56238ce55ccbb5c8621,test
5849,component-b6448810b7bc0b20,69a851dfbba74a6e2e76d491ff4b6932,excluded_test_writer
585,component-b4da5ac1c8bef115,5c523efcc82be996cbbc65b994e64819,train
5850,component-a920e3528fd78b20,bcc45358fe28eec328647feea4f36615,train
5851,component-db9ad06e2b12b5bd,652b039c6d7416eee602861b8037bc25,train
5852,component-c913d468a812b00a,2c0b5e8ea5f249e08a19a0883a176390,train
5853,component-bc5b1ecb7f76068b,dc85efaf017210bdc2c926b481e4653f,train
5854,component-dab9143462fb1322,33dc5e2395d3e1151e84aea285e62c0c,excluded_test_writer
5855,component-4d1aa10ffc5b9275,33aba783cd9f3fdbf70b7bb2aca53498,train
5856,component-6ef6a4c45ebe0bc7,0dda78c89c82dc919ead678d0be9f01e,test
5857,component-8842972df45a5c58,fdee710106cc4f014532c02b9b49b79a,train
5858,component-7603e9afb5dca0f8,b3220333d1e199607e9992420ea87f36,train
5859,component-6e7177a83e701043,918e02b838bccb4fbf32612ad67ceffe,train
586,component-113276532f288c86,56b95f3de8666141d7c0090a069cc34e,train
5860,component-07ffd552b7f9e803,f20da0bdcba5f881a113f78685409535,excluded_test_writer
5861,component-6a98e59aeb5cf015,1d758fc15d0164833599e6e56c8c2d84,excluded_test_writer
5863,component-b4da5ac1c8bef115,5c523efcc82be996cbbc65b994e64819,train
5864,component-b85a253b83621016,635d3ca3f3f6e743f534a0b1de4a1054,train
5865,component-4886d17d100bde24,8475bf32912a4538cdac83451b9ca1a1,train
5866,component-577f5c091150c984,77d9d851f8de8a9c1f1a1fdd38060ffd,train
5867,component-be63f17e4bceac26,1f9313bc146fa7f519722689a736b36a,train
5868,component-1716c39f345a096d,c701d3469f17805926d8ec549e01e078,train
587,component-82a93b152b275d4c,a3a77a30d1694f9bafe26ca10f28d93d,train
5870,component-77d84ff69f7804ed,43aa7dc92dfc1eeb65b277c45b8f2da8,train
5871,component-f3fc94674de6a726,4dc37ade30b85ae0e90a3ed9f25cd43f,excluded_test_writer
5872,component-c7fe96bb85c3604a,c7a03efca57f3c58ebee744da9abe533,train
5873,component-70d0c93f75ab1367,8da0b6985f06d13f41ef7378f643f7f2,test
5874,component-efdd6af6b763d125,6f51820069200f49fe32a3e9f1acbd36,train
5875,component-ab64c843fb59c0e1,b2c138edf2f0389c58151161bf6c3c81,excluded_test_writer
5876,component-da9327405efd1ee7,bd7b582e2dcfcb472fc671c4c2b01389,excluded_test_writer
5877,component-d74419f997431b42,3ace017f1e11563f5cdfa5d4ffc49a29,train
5878,component-510eabd21c3e3d58,9cdf093b9aa9b71367f7dafdc5c807c3,excluded_test_writer
5879,component-192a0237464ef59d,440387e45f8639753d312829e432998b,train
588,component-1ca83f49e35f64bc,57594c2ef2127edc4087108f34b9e866,test
5880,component-795e254ab9c8ddd4,88ceb9e561527a229d0bd40d844dbd6e,test
5881,component-fcfa49c32bd1c3f5,7ca2ed45d2f59093e250f0e1b00ea394,train
5882,component-1f64a0fe2e17d079,30531ed055c4789b8de4674ce43dca51,train
5884,component-1fea5fa18b50c3ee,1afb525737d1351d4b9176210520de72,train
5885,component-8470e27de1197a48,541e823c967e9ab61df1e6736be4f3b4,train
5886,component-4542be124b3fd189,75ff2441794c680313a00fc96c8aa1fa,excluded_test_writer
5887,component-fea0098bb743c930,0001f9db4fb3039363cdef36e02508de,train
5888,component-d2b03754f5a45c57,59dc99ce97f69f2a74576467b47bb55f,excluded_test_writer
5889,component-2bf40373f1da918d,9151c98cf3e0e41fe1c385fe4ac4e17a,excluded_test_writer
589,component-fbe697429f16141b,5380577c89d3a340dc16a1bc965e8e9a,test
5890,component-ba250b77419c932a,4e0608008080cee193b03c90bdf72d33,train
5891,component-a77bf6fa0c2cfe23,36bb7162e6f595ee230f499524a9d843,excluded_test_writer
5892,component-1aa50ec3391c5505,e2997dc6717330c1f2f656f514c2c26a,test
5893,component-b2d69dfd0b46e1d1,a579784a1d81222bec680d9c0b8d8d6b,excluded_test_writer
5894,component-ad9acece73d876fc,6699a2c8852686148c127d554201d62b,train
5896,component-9c04011fe266faaa,56090ce66d6463b70a7f604ee670596e,train
5897,component-2131b036acc61edd,9c1d1a1708fd110cdf4e64dbada079c9,excluded_test_writer
5898,component-9199f12bde992d3b,23b0b01a0b3e028f8172c1549655e418,excluded_test_writer
5899,component-14d50a4ddc86ebe3,af6947e54879bdcee0655a22ca1e455b,train
59,component-b82c69d5bfbf2317,3a9d991d1d9ec6f1a0edca04e2d5f65a,excluded_test_writer
590,component-e6fcc0253ed7a328,bb9349c46275c504c930db2854d63adc,train
5900,component-db72824481a7e127,81b6cb037570c383c7c98c21019632b5,train
5901,component-b329c24bcd7aeba2,cfe19b61843c9763f6e2329eaafafd60,test
5902,component-6be7d4d30e3abcc3,9747368fd243b2c1efeeda9d1318937d,train
5904,component-726319add660a877,28605702c3e35a5ff0c480c2624fcbbb,train
5905,component-8ce0ee48539d58dc,bf317ff061957293b615bf57c815ce99,train
5906,component-1b157d77275658a9,0a5eaf1d00672ba115ed5106b6335686,train
5907,component-c876e39ec3d65528,eb9ed8441facc5e057834515c8d50c7f,train
5908,component-e4b7df9efc65b899,0d3418bf3065f3b360cea09cb2c3ac79,excluded_test_writer
5909,component-0fbeb65cfe2f0474,94438aa07c864f3458a8869da8ccb3fa,train
591,component-55a730d6c2c4e251,055f085caf88db21d55fd5cb60a85b54,train
5910,component-f522b41c5f8d7e79,04e5d9c6391ffd168ae955c68b92cba9,excluded_test_writer
5911,component-987b4618c05e0dc1,4fac5f9fe78f2c561bf11719669aa940,excluded_test_writer
5912,component-3b5becbb1c2ca62c,d002afcb8cb7d393582c8f7dad983513,train
5913,component-90112f7f2ad89d67,a4f863ec514077c6b6364eaa47d4522d,train
5914,component-9f77f0680116176f,34e2c4539312b61e3c5520f800f248f7,test
5915,component-010fe501377e4422,4b19b06b778ecf8e5fa86fe26c907423,train
5916,component-4ab7082a8abd3dfd,20a3078bb09a4384e0bbd2d18f25f494,test
5918,component-74fa19708cd07c44,e28940fc02522c9e872d1cd60a08a529,excluded_test_duplicate
5919,component-be63f17e4bceac26,1f9313bc146fa7f519722689a736b36a,train
592,component-3835a90fb87a5678,0a0ff5489ca8718bd56048b8fabd3ea4,train
5920,component-2b804950e2fc15cb,0b13e7e863fb098020f26095425c2aea,test
5921,component-dab9143462fb1322,33dc5e2395d3e1151e84aea285e62c0c,excluded_test_writer
5922,component-8842972df45a5c58,fdee710106cc4f014532c02b9b49b79a,train
5923,component-ea5132b05b6a6e00,08f3a80eeda28e4b166735a0244de4a7,train
5924,component-49d3cbd1fb66e247,b6d14ee6a9500b2909cf1adfd5783734,train
5925,component-e3160750b90a174f,734ffd22b298c21763dd1a63c7f52173,excluded_test_writer
5926,component-d3360ea199338ce1,92561b3e4c36067e38bef20773dc3b92,excluded_test_writer
5927,component-b85a253b83621016,635d3ca3f3f6e743f534a0b1de4a1054,train
5928,component-53432f5c6b704cff,e7072031bb25f783a77a93888374a95e,excluded_test_writer
5929,component-87a8ea2f9437b153,6061bd1852ba5e2c6cf839d87fdfef22,test
593,component-cdc4cff450d2c46f,5ef572df9b4b7b5e890c3f594abcf111,train
5930,component-469a3e9c8dd91f11,dc60f2e045fa06d98420f5b5dcf53e86,train
5931,component-352328cb26009797,4b260767dc441653e40e95ef77019d27,test
5932,component-37a553d88bc9e0f0,488addb9c67d8d0d3dce536ffa69f694,train
5933,component-ca0060962598779e,2c7298623e10c324ce2bf2f38baab5f4,train
5934,component-469a3e9c8dd91f11,dc60f2e045fa06d98420f5b5dcf53e86,train
5935,component-fab7b19826b871a4,b07d02ba5ecef323eaa1012c1e6cd900,excluded_test_writer
5936,component-62cc21eb37716e15,7ad2e2173d83d1b7a08f777663c4725d,test
5937,component-0718b5188109465d,ad95926a8675c33a4d1a7584f8b0629e,train
5938,component-4b705c6c010d42c7,336295c4bd5cc5bda4b5acf254846882,train
5939,component-fc706fa640046c03,f723e9124ab25afc9ec7689413d366b8,train
594,component-e2fa8f5b4364b8ef,3297e66fd68292a41092d0e8520d3a45,test
5940,component-e9c81a67c738e039,4de5823dfb977d5b7f248b9a45c68c1c,train
5942,component-be63f17e4bceac26,1f9313bc146fa7f519722689a736b36a,train
5943,component-d3204debaba6a4bc,2c9076f1040e200a7d104d48c35454e5,train
5944,component-0761b3bfc3263dc1,ee9f6a1d1d55ed0383207b7fc8e4ef9d,excluded_test_writer
5945,component-ad6443ecfbbc4420,dab09d366040e74bc84b76a9ae99b7d8,excluded_test_writer
5946,component-d71871956804a866,9737faef2240ccf6d5873b0b2a991f8c,train
5947,component-4ab7082a8abd3dfd,20a3078bb09a4384e0bbd2d18f25f494,excluded_test_writer
5948,component-7a6643fd688398e4,e4cdf9178388f6da8505de64f66a2cf8,train
5949,component-90860dbb62604976,137d0ec16217b426a5e1e5df55453ff9,excluded_test_writer
5950,component-3686e2f49254099e,e92880e5e49eceddbdf8afd15c49ca07,excluded_test_writer
5951,component-bd434fea570a2c05,bd28f7945476511eae2715b3bd657cf6,test
5952,component-1adb67461a4c3739,f3414b3abbd2588f3904b3aeec729329,train
5953,component-fcdd69616822ff79,7a6561846ca6a0563c1211f1110fa932,test
5954,component-2612775eacdbf729,54aa1da7754327b37e3bb2b27592a54c,train
5955,component-4d0c876fd1af1b91,67f565d3b79e453822b96131f58b1aff,test
5956,component-264abd655a956146,782dafaad43671458e45e6a51743d058,train
5957,component-9659ddd88c5a1785,cfafddbeb527d7a4c13b413f4fe515af,excluded_test_writer
5958,component-b6cbf3829f323ff9,537d5a1eaab9f6db997a1d49720b79d7,train
5959,component-4aaf3b4161f4fd6e,86d1336e3cc4f30ed8a0a422b29f72a8,excluded_test_writer
596,component-58c397bc121fbe6a,9966b1003278f8783c7270628ae1bb62,train
5960,component-9c02c5afcd64fef0,d9964b222a7a2cd21874e0cdd5e39706,excluded_test_writer
5961,component-500ea60d1e88579a,5a769e299fee249e6980907a358cdada,excluded_test_writer
5963,component-b7609da7e6f650a6,23330bf5f63422925bff51d4ff647acd,train
5964,component-47982622ccc48a7d,a83edf417bb628db86e4fdba69ba1bb2,test
5965,component-35f5885eea291f85,3ade2a45f840c4abf914e03f446f9e2c,train
5966,component-7e737475f08780b0,e0e1980ad8b33487c53c48e57954ec79,train
5967,component-bf2893ac5a2f8a1a,73c6ddaf0851b39253d07600754fc5df,excluded_test_writer
5968,component-0aef6efee530802b,360870c658edc4c82b96bf6bb132cc56,train
5969,component-4cb7e8bd1bdef6a1,a8d10476ad85d025e0cbd0b9f55b0a04,excluded_test_writer
597,component-79d0042d8ad90291,4fe083101fde9456971f6c2e1325dfe0,excluded_test_writer
5970,component-05f2e4d87064d559,9a1c3fb2440455cc740c726ab35bd7a7,train
5971,component-625dd0ca576402c0,8dde6ecd5ac53bdf3a77db0ac14f4adc,excluded_test_writer
5972,component-0d2e61493232df5c,0c6efa8e1b069f5e636e7b6131744827,train
5973,component-fb3304097df8b2a0,add1c4bd0a37a9e3d44872e44985131d,train
5974,component-879a906210ebc708,034bb12696eb7f4e7b155459c1d5fd57,excluded_test_writer
5975,component-9f59252aa685b585,d3c10f068bc2f9c8d53574e842c10b42,train
5976,component-13467d9a5a546e46,9dc726ebb7c8085dda42cdc8df20a500,excluded_test_writer
5977,component-731818cc2fcb5f09,fbdb23888a1972479aa185040f62a93b,excluded_test_writer
5978,component-245e004c2c79d56b,7232fdf6568eeae9386dc7e94e097233,train
5979,component-56480461ad5b0f73,7972efb7fbbf2db6202c8c930780bad6,train
598,component-7c0a961b936f3e98,eb062cb6df638002d7df9f1d518e81a9,train
5980,component-ad35239f45b9feba,953f56458258bdc8d74735c7a62ff5a3,train
5981,component-e53d1066d7b244f7,582314a144b050561dc547dd42daba27,test
5982,component-8debc43d3b61cb66,7da96ec9d055e0768fb28f1d2d3a9555,excluded_test_writer
5983,component-72254c4062e4c8f1,274434a08e6f4761ac2828569de13e6a,train
5985,component-27f07558f9dcb22f,b1d1dd1ce38a49f97ec3af3dc0ab7231,train
5986,component-b6b004752453d0a8,ec215380200661786412b2d771cf952f,test
5988,component-dab9143462fb1322,33dc5e2395d3e1151e84aea285e62c0c,excluded_test_writer
5989,component-4b705c6c010d42c7,336295c4bd5cc5bda4b5acf254846882,train
5990,component-1fea5fa18b50c3ee,1afb525737d1351d4b9176210520de72,train
5991,component-715753b2a2dceb9e,e11b32d2887a77ad4b6db41b44dd8394,train
5992,component-15e3d537d4366466,a903403bf3558f1b891cf60db9fe83e8,train
5993,component-37a553d88bc9e0f0,488addb9c67d8d0d3dce536ffa69f694,train
5994,component-21e40cf5f737ac89,4a7672a8b0351496bc599077e7afbdb9,excluded_test_writer
5995,component-cdc4cff450d2c46f,5ef572df9b4b7b5e890c3f594abcf111,train
5996,component-a5db10366553ef58,b637519ab9e8b101089be3cc36ea50dd,test
5997,component-b82c69d5bfbf2317,3a9d991d1d9ec6f1a0edca04e2d5f65a,excluded_test_writer
5998,component-74fa19708cd07c44,e28940fc02522c9e872d1cd60a08a529,excluded_test_duplicate
5999,component-dcd615f2aa426e3e,1466818227f99bb65e7f7ad51b4c0b20,train
60,component-37f223420248c554,f7fcfeb95b834fcab672a02e7419696a,test
61,component-5323e101c60c945a,cfe4f82b3904d43d3ced92ddacdf2a25,excluded_test_writer
6100,component-7c38f8f0ec127a40,5a6003fe205f42fe57576f14476c3eab,excluded_test_writer
61002,component-77432396af9eeee6,09a34e1f54b940f2a4466d691f4d2596,excluded_test_writer
61003,component-0d1870fddf5fb954,8c66b1414808f8ca9ec4b8b6defd2400,test
61004,component-7c7b98d53e305ffb,5991005bcef35566d93e970f70defbf4,excluded_test_writer
61005,component-5306a74e5680c2ba,d9f288fe764e86acfae008e68a716c3a,excluded_test_writer
61006,component-6e1fb406c61cdde8,ac9b58fbbf3829def5e7dd36d41a2ba0,excluded_test_writer
61007,component-c78996677ebc02da,d41afd1eff3ad1c4f34c9e32dafb34d5,excluded_test_writer
61008,component-60e3c99f50138a3f,91443febf09e634c70296aedf754f93c,excluded_test_writer
61009,component-094c38d2f45bb985,5b8cb71de665da5eb17bccdfd15a87b3,train
6101,component-da1b5fe23d21956f,414301242fa14b2f12c73ff0a81e4b2b,test
61010,component-83bdd07a3de44a56,9b1e5aa24a6644e4d11bed84e913d6ed,train
61011,component-e905bc1338e81ac2,d4c3d7060f3b58dad2519bdb28d66718,train
61012,component-f03764a1a54e25a6,8c3d218a077cbe882fd16ea70e51b809,train
61013,component-00d3997fd3b13405,572151767d57b81f026dac64da18a412,excluded_test_writer
61014,component-1ca83f49e35f64bc,a8b9b3bbdbba798fd6645c7f1b8adbcb,excluded_test_duplicate
61015,component-ddfbe2f7651bbf73,f5bb7cfb1ff362e4d928bac0d607d497,train
61017,component-b3d724762435fe88,ae3f3bae24603361447b9093e6cd56d9,excluded_test_writer
61018,component-13467d9a5a546e46,31f653ce4e4f9cde008e9d0ea738ab09,test
61019,component-a1881dc9122db0a3,c311c9f7d4fa84952f86c83253b6817e,train
6102,component-a43e03c03cddf6b4,993013445db5dd43610a92de556cbc74,train
61020,component-e786e864d207f144,e1b70e4a2a8e7bbef9a9f8ec760e7f61,excluded_test_writer
61021,component-a3d936fd66830572,0f28591ac9c7420ac86d75cc5171b6f4,test
61023,component-158afece57abf72f,518c9890bc48cb46c04c1ae9e6cf64a5,train
61024,component-5323e101c60c945a,cfe4f82b3904d43d3ced92ddacdf2a25,excluded_test_writer
61025,component-3c9eba0018a88c4e,ffb58ce2ce3231787c4a13cdfcf21833,excluded_test_writer
61027,component-d51991c5663aa625,e4ada780b952b8c9312b5c24f35e9a08,train
61028,component-bb250c110866ffce,f7dff1a8f636366c76cddabbe1fd5021,excluded_test_writer
61029,component-04a2c66b6616f34b,252512c5d017f3c854d0557faa52a26a,excluded_test_writer
6103,component-3c9eba0018a88c4e,ffb58ce2ce3231787c4a13cdfcf21833,excluded_test_writer
61030,component-342ec3b3bd5c5a51,330eff07059322d61334313e1568915a,excluded_test_writer
61031,component-112d357dfc9cb0b1,e42ba214cd678174790af580d8b5c81f,test
61032,component-f3adc356e7a02b32,cea86c8eb1fd7944f68b9254a181378b,train
61033,component-61761f9420088c4a,baa6e0aebfb108b83887ea4039713021,excluded_test_writer
61034,component-158afece57abf72f,518c9890bc48cb46c04c1ae9e6cf64a5,train
61035,component-69477d41ceaa7d83,e7ff1ce2d52086fdf839e730cd57bf6d,train
61037,component-77432396af9eeee6,09a34e1f54b940f2a4466d691f4d2596,excluded_test_writer
6104,component-8679b80c2611a9dc,6d3b991764d9996e5f6733d77165ef8d,train
61040,component-a43e03c03cddf6b4,993013445db5dd43610a92de556cbc74,train
61041,component-c611e54cf303372e,6fac1d36ef059da1d5626be26ef66c52,excluded_test_writer
61042,component-00d3997fd3b13405,572151767d57b81f026dac64da18a412,excluded_test_writer
61043,component-61761f9420088c4a,6763930a378155c7dd52f6d39b1700c9,excluded_test_writer
61046,component-a90e99394dfcaea2,d315da33bbb2335823b685699ceff1ad,train
61047,component-e7bc43f12a1e04f6,4f91cce1a565afd27d467d27645b65cf,excluded_test_writer
61048,component-72017363183f52e9,5ee66062382c50f6c928b3e9242898c2,train
61049,component-60e3c99f50138a3f,91443febf09e634c70296aedf754f93c,excluded_test_writer
61050,component-094c38d2f45bb985,5b8cb71de665da5eb17bccdfd15a87b3,train
61051,component-e905bc1338e81ac2,d4c3d7060f3b58dad2519bdb28d66718,train
61052,component-f03764a1a54e25a6,8c3d218a077cbe882fd16ea70e51b809,train
61053,component-ddfbe2f7651bbf73,f5bb7cfb1ff362e4d928bac0d607d497,train
61054,component-1ca83f49e35f64bc,a8b9b3bbdbba798fd6645c7f1b8adbcb,excluded_test_duplicate
61055,component-9e1730387140939f,46f32d689b7b7f7177a94e6c6e83e523,test
61056,component-2a0e94d99b4ec376,0ada35d8a7e5cd92aba73179742a823a,train
61057,component-9b10113069abc40f,5e96aed1fa22b375d0fbd7de509298ac,excluded_test_writer
61058,component-d9f0c76f5afe06a4,c815fdee45474b4157cbb87579be31c6,train
6106,component-ebdf14145160901c,a35aff3566ebda6accea4a23eb28738e,test
61060,component-21edb2675457640c,1f582cc049e05f4b4c3505e9822db8a7,excluded_test_writer
61061,component-5ebba533e4ea80e5,f6d1324a5f369fe3b29dcc42eb5195c9,excluded_test_writer
61062,component-a72f1b8fe15563da,a3c630d16b28401b856adbbf01228490,excluded_test_writer
61063,component-54b8b53fbf9384b0,a0ffe1354d87969c20462d421b0f5266,train
61064,component-45d628b266ebfe76,c7ed8ef66917af06f693955c21240f92,excluded_test_writer
61065,component-191a4de91af01056,59c599f3d79472fad44688aadc7fe03b,train
61066,component-625b8f78e6bb0e5d,964425d6b36da5699c4c11d381017165,train
61067,component-bc09efa484c5d708,23a30729b1f0f266fb9cfc5b20b429b2,train
61068,component-13467d9a5a546e46,31f653ce4e4f9cde008e9d0ea738ab09,excluded_test_writer
61069,component-83bdd07a3de44a56,9b1e5aa24a6644e4d11bed84e913d6ed,train
61070,component-be2b81a5467d6e28,166d00da6e03247d1c3f0efc4fbe4258,train
61071,component-b1ab66fd3ed34bc9,7e59fbd806c4a9c73fd3691a0c7ef0a4,test
61072,component-d0e2d1dfd1c120a1,fedbcae7c8505f38ff4a0a44a74a650f,train
61074,component-05ccadef125ac591,163bedab4d408dfb3112844b527bb9f4,train
61075,component-cc75fd25f9e08b33,5f8d45777b4ad355365f24b8fffadda4,excluded_test_writer
61076,component-bc869a20ceec284b,95544bdba80a4651c22ce5dc33fe4ee9,train
61077,component-f9bb4e7c13f8976d,6015a1f726df265644488a4b16fc89a7,excluded_test_writer
61078,component-c107d32e72150e74,ec3f97c17c09b5191901ca926a52993e,train
61079,component-48f6448c77aec3e6,a53ca1611c89559fa136da26b12e19df,train
6108,component-53ced9e681679c65,45d5eaec43b0aa347aa24eb58e3b3e9a,train
61080,component-6f79802a36d3c6dc,b1b59c29063aa93559982c95c0970a09,train
61081,component-a1881dc9122db0a3,c311c9f7d4fa84952f86c83253b6817e,train
61082,component-7b2af94fbc0b0c58,7a7d87d76d2cec9fe5372d83d158bd3a,excluded_test_writer
61083,component-99252d3069395bac,9a0126bc7cda3a0c3697fbdb522e38e8,excluded_test_writer
61084,component-beb36745da48fdf0,5a19eea7429388a3fc37f0fa9b3d9720,train
61085,component-c51ab28fcb6ce2d2,4ed403ccd069a7cca5fb13541036f896,excluded_test_writer
61086,component-548e0f8cfe8bac3e,3ad338ca30bcfef4eb409bdfc143af25,train
61087,component-7142fea0a0e48e73,978d2804632cf2b3ef1575a970bb70b8,train
61088,component-87a471e5f49ff9c0,1a683c4def2886b4fdef3cde7e5f11d3,train
61090,component-58ff241aec981a8a,94eaebe55246c4633689e606e54dd4b1,train
61091,component-69927f2145684158,07b6bff23fede84ae7e9061668059e97,train
61092,component-b05baae00b5ca574,7c2534bc158afdc42e6d448fd1e91171,train
61093,component-8de2d005330c9262,93b1f25b01817b4828a62b076d4c5b02,train
61094,component-1a513c3c7e396f08,7d8ae8ff93a4b5bbaf394f882af5e131,test
61095,component-1a56ac82faa0eeca,025c0649ca93efdcbaf314a5725840bd,excluded_test_writer
61096,component-5daeac19ba275180,b94ce93c696b59e5d37ea83caf818754,test
61097,component-fccc0f9fe8edccf6,0c304618bea367dffd78dcdc350407cc,test
61098,component-735a5f506fe8695e,bbf65f1a4be433567a88eb19eacbd626,test
61099,component-d871458a1c9e1976,c44a7a3a8e9a0373c45a26709d59263e,test
611,component-04a2c66b6616f34b,252512c5d017f3c854d0557faa52a26a,excluded_test_writer
6110,component-7263af08814e1178,60a51c06c5dbaf3d60a1e60d57296a65,test
61100,component-57b400ef62fe09f4,81dbb16bb5c84ce33a60e71396c17cb0,train
61101,component-75421ec9b6c5bf7e,bd61bf1c3f44626bb926b5565a1053e7,test
61102,component-857a7c9fdf28ca12,5271d4d5e8db6f2d589e78070350d4d3,train
6112,component-cb7593a6adb4b633,08d456ca02ee68d9ad5c0879617e81e8,train
6114,component-47dd9599d562ebb7,5ececc29e364886a669a0a58fe097bd2,train
6116,component-f92be5b1d6ed6439,1fa3b533d51fe2660e6d7c406b0dd38c,excluded_test_writer
6117,component-41d670fe0ddfb87c,b1b566983d22b3511356261598fdb44a,excluded_test_writer
6119,component-d76d87a7b92386b9,61e71fa68b067922f6bbfdb6b58399d2,train
612,component-a6e67f010662ec02,e5859deaeca879794110a86d3a9a9b2b,test
6121,component-bf54f1b66e171127,ebc9cc336f9035ae5b6162d7473bed4c,train
6122,component-a4b8692f2b6f0bde,2cccc2011afdce4df8b137e14175b7bd,test
6123,component-04a2c66b6616f34b,252512c5d017f3c854d0557faa52a26a,excluded_test_writer
6124,component-4da12d0182c80c95,879e7d7e90b3ee4098d85dcbfd17f1ad,test
6126,component-011d7f9963e12be8,b57b9f3fbce1097d104dbc1c80bc0f1d,excluded_test_writer
6127,component-caf9792f37262c84,6e82ff7c5977236ce6b81c215673b268,excluded_test_writer
6128,component-225b8ed56c311723,c5c97ea38bba2778931e44e8f5ed80e3,excluded_test_writer
6129,component-0088c7c709cc5324,084a961b703576a50e36f2850f29cad0,excluded_test_writer
613,component-b278f6b52550f768,b450a295b481be6717f6fe92c7078685,excluded_test_writer
6130,component-ff2f4ed3b3d37401,1a23a403ff7c60919c048c1261b9721b,excluded_test_writer
6131,component-a772693075eaf8a6,b761ba6ce958d47b50aaeac0bc316b16,train
6132,component-0ec9160b2e012a8d,d94dcf0d108c97c7a669f007834751cd,train
6133,component-1cdb5a52898b4147,91fc8eb5efa88ac3b0a5719752a6ce06,train
6135,component-1089e061dfd95b93,001319e50afc4414ad0a30665c1e7ed1,test
6138,component-9e1730387140939f,46f32d689b7b7f7177a94e6c6e83e523,excluded_test_writer
614,component-fa7aec4efb728534,4524eed1deac78a6d9d3ccddca234900,test
6140,component-545d9107191cf6e9,ea150cd2c5c45f74b5b44cf7c1993ee6,train
6141,component-12b53eb6087d7edf,1d0429d2bea6891f04d875a5ab61977d,train
6142,component-f11346709a86f015,bcd5f7b0f1a42b074fb49a0be9f8a4e8,train
6143,component-a4026f9fe0391356,1946087f24e740f4a5e054f16f8ccb1d,test
6144,component-df1b5b13b9205b45,f41c0110e44796ffe13bc502a8aa63c9,test
6145,component-094c38d2f45bb985,5b8cb71de665da5eb17bccdfd15a87b3,train
6146,component-69477d41ceaa7d83,e7ff1ce2d52086fdf839e730cd57bf6d,train
6147,component-c8a0103e43ede4f3,0146f3272f3daea4d715fcfa0c96f252,train
6148,component-ffaa7f2a702d005e,a223a04c4e704de72246dc80cf68b6db,train
6149,component-03691ff1dc4b56d5,7e9cf76484c9cb9f4d8d3b254bbe7b2a,excluded_test_writer
615,component-edfc1aeeeec657c5,c19b148db0b9638263ff45b34add8e62,train
6150,component-edfc1aeeeec657c5,c19b148db0b9638263ff45b34add8e62,train
6151,component-0a6ac7af764df6dd,ec32fa1c605e76766036149416675ba9,train
6153,component-16d5164c6ff6bf72,d0445bb2b1c366e48b261c641f2154bc,train
6154,component-15bbc4915ea98440,4c9a2ae36698996740daa8a0b8049056,test
6156,component-fea2ab9d009eebd1,1028a6bf17807755817458b07d7cba72,test
6157,component-bd16867ad212808c,08a85ac33fbf8c3712ce11e732036c1e,train
6158,component-32b5ec4854abcfeb,91a623833d8f2a4ccdf50da9baeeb008,excluded_test_writer
616,component-342ec3b3bd5c5a51,330eff07059322d61334313e1568915a,excluded_test_writer
6161,component-9317824a5a58e32b,7946c270d36bf72fca0423c5c8ac7a0d,test
6162,component-519b10be54472758,2339af551c2d872e9571d6d44dff1ae7,test
6163,component-a953c30e476ae308,2989644b02a38bf7a11c26d725089663,train
6164,component-60e3c99f50138a3f,91443febf09e634c70296aedf754f93c,excluded_test_writer
6165,component-ef41c7caec10e57a,ee785e665ef15db7eff9b9e0d499ba51,excluded_test_writer
6166,component-e17048119e86c59f,b6753d4b8cdab5d89c49613cdae63da6,train
6168,component-1ca83f49e35f64bc,a8b9b3bbdbba798fd6645c7f1b8adbcb,excluded_test_duplicate
6169,component-35c7a070e74b4380,fda999e75105bf595517ac15054b4d09,train
617,component-3c9eba0018a88c4e,ffb58ce2ce3231787c4a13cdfcf21833,test
6170,component-fb1edf369f9c134d,0d730320479178bbce0856c337d92596,test
6171,component-7c7b98d53e305ffb,5991005bcef35566d93e970f70defbf4,excluded_test_writer
6172,component-f5768156fa8178cc,55d2ec55593e63f879aa588303ca2c0f,train
6174,component-982cba6c0950686e,efb6a328f9a9ba885c960c102f38ef89,test
6175,component-11635d781f8038cf,63d0b19fe74d6835d830f2b00f437062,train
6178,component-817b6a4ad9848fd7,ba0dc03172c25e6d5447ed43324a7021,test
618,component-526654022e88d0cd,3e83a33f7cbca744c17a5925b63b5286,train
6180,component-c4b2398ae8a65e63,e8e3c121745b5d24183936f6c8046a55,train
6181,component-5306a74e5680c2ba,d9f288fe764e86acfae008e68a716c3a,test
6182,component-158afece57abf72f,518c9890bc48cb46c04c1ae9e6cf64a5,train
6183,component-7b80a03af63570cc,abe7bb7889e9fdb39e787421dd84b512,train
6187,component-72017363183f52e9,5ee66062382c50f6c928b3e9242898c2,train
6188,component-e93c9b3e0f8b1ab8,a37f551b7dd551db9d59e1470e1b2d04,excluded_test_writer
6189,component-db0180845e4b3773,261202a946f30f0fc56f0b480f1d5d05,excluded_test_writer
619,component-86a3f9b13a5b652f,6ce0415427136d529405c57f8b1fd1a4,train
6190,component-8138f8f3a3aea984,6c85ecfe528b074c82dfe5c5aca29ae0,excluded_test_writer
6191,component-404592da19fe12f7,f6599dbc5ff01ff84356a88d406b5bba,excluded_test_writer
6192,component-630da6658642fcd5,38bc0220b98aa8b509cea77a3f83fdb4,test
6193,component-6dabe934c14f6d58,c01ff3e3272227c80fa9bac66cec3b74,excluded_test_writer
6195,component-e905bc1338e81ac2,d4c3d7060f3b58dad2519bdb28d66718,train
6196,component-5bb740682fae86d1,90b0cf2e680c4b17fe820b9d0eebc0f1,train
6197,component-981f122ef83bbf77,88e3dc54855ac6c88acdd06caa957336,train
6198,component-dbba3d8ea671c253,93388072cb20e201c4f1bdebd724e134,excluded_test_writer
6199,component-9b10113069abc40f,5e96aed1fa22b375d0fbd7de509298ac,excluded_test_writer
62,component-81b8a03f97e8787c,2c62f13d5e627875ac30ed4b761a4a38,train
620,component-524148f24802f8c6,21b5e86baa425dd06691d000b32885d8,test
6201,component-61761f9420088c4a,baa6e0aebfb108b83887ea4039713021,excluded_test_writer
6204,component-6e1fb406c61cdde8,ac9b58fbbf3829def5e7dd36d41a2ba0,test
6206,component-d665027f19beea7c,38210610c0ab64592a7a490187e78588,train
6207,component-2514cbcf638447f1,c70545578fc3b54febc56b0336eb105e,train
6208,component-ddfbe2f7651bbf73,f5bb7cfb1ff362e4d928bac0d607d497,train
6209,component-3b4b9a679d46879f,4809b5b6d8393f9e6400c258e59d51e1,excluded_test_writer
621,component-c307a88c0796ee26,d2406d630f07fd9a1f5fbce6ea262956,train
6210,component-8e8f006b6cf920b2,0ae8916e8789174608433820de9e0658,test
6211,component-f9bb4e7c13f8976d,6015a1f726df265644488a4b16fc89a7,excluded_test_writer
6212,component-fc68db482144dc59,ba3504dd6740c5e0e2f68599aad2cc1c,train
6213,component-01b8e9eaf7988b79,9342e11325aab70543873144ba44e100,train
6216,component-57b400ef62fe09f4,81dbb16bb5c84ce33a60e71396c17cb0,train
6217,component-f50c8eb95b1167aa,835bf5106abea1c01deeca7e3a7c33aa,train
6218,component-5323e101c60c945a,cfe4f82b3904d43d3ced92ddacdf2a25,test
6219,component-37f223420248c554,f7fcfeb95b834fcab672a02e7419696a,excluded_test_writer
622,component-25569fb463b0b815,bdaf929c82a6392444ff313f24cb34f8,excluded_test_writer
6220,component-d51991c5663aa625,e4ada780b952b8c9312b5c24f35e9a08,train
6221,component-cf733e84bbf4b5c3,45a31cf20f75c43fda2ca02e13d8ccaa,test
6222,component-04a2c66b6616f34b,252512c5d017f3c854d0557faa52a26a,excluded_test_writer
6223,component-342ec3b3bd5c5a51,330eff07059322d61334313e1568915a,excluded_test_writer
6224,component-7c38f8f0ec127a40,5a6003fe205f42fe57576f14476c3eab,test
6225,component-edfc1aeeeec657c5,c19b148db0b9638263ff45b34add8e62,train
6226,component-a43e03c03cddf6b4,993013445db5dd43610a92de556cbc74,train
6227,component-3c9eba0018a88c4e,ffb58ce2ce3231787c4a13cdfcf21833,excluded_test_writer
6228,component-25569fb463b0b815,bdaf929c82a6392444ff313f24cb34f8,test
6229,component-53ced9e681679c65,45d5eaec43b0aa347aa24eb58e3b3e9a,train
623,component-fc71f2d6d38dbfc7,c2e4767ce04f2da01785fb4e30486dc3,test
6231,component-ebdf14145160901c,a35aff3566ebda6accea4a23eb28738e,excluded_test_writer
6232,component-70252984654c35f9,a8ee0f07576681c3be520d21c0d35dc7,train
6233,component-0b4d2494a6f6e0ef,10804533408e4d884c29ee072a358a0c,train
6234,component-90b29d78ca9305a0,2c78871d572738cd9f00fcdd4f712940,train
6235,component-f91f00516f6b9a94,cc085e1450b076f7d4bc7f794acfaff4,test
6236,component-c08ad1c0e4adaf3a,802f8faf4cce87dc035075e49cb7d0b1,excluded_test_writer
6237,component-f92be5b1d6ed6439,1fa3b533d51fe2660e6d7c406b0dd38c,excluded_test_writer
6238,component-0ec9160b2e012a8d,d94dcf0d108c97c7a669f007834751cd,train
6239,component-011d7f9963e12be8,b57b9f3fbce1097d104dbc1c80bc0f1d,excluded_test_writer
624,component-1b3c33580f2e2094,d31ec6a60bac882e945a60304a3cc54f,train
6241,component-d76d87a7b92386b9,61e71fa68b067922f6bbfdb6b58399d2,train
6242,component-7c7b98d53e305ffb,5991005bcef35566d93e970f70defbf4,excluded_test_writer
6243,component-fffa3c9cadf877ee,76853d13517619e2c25cf01396fb15b6,train
6244,component-ff2f4ed3b3d37401,1a23a403ff7c60919c048c1261b9721b,excluded_test_writer
6245,component-caf9792f37262c84,6e82ff7c5977236ce6b81c215673b268,excluded_test_writer
6246,component-0088c7c709cc5324,084a961b703576a50e36f2850f29cad0,excluded_test_writer
6247,component-70cc44b2ed0ef98b,ad8212d329949642d35e0a1d5415eb9d,train
6249,component-c68b1376818f5f2e,02191cb179e2c047659852f26854fccc,test
625,component-90b29d78ca9305a0,2c78871d572738cd9f00fcdd4f712940,train
6250,component-094c38d2f45bb985,5b8cb71de665da5eb17bccdfd15a87b3,train
6252,component-c8a0103e43ede4f3,0146f3272f3daea4d715fcfa0c96f252,train
6253,component-a772693075eaf8a6,b761ba6ce958d47b50aaeac0bc316b16,train
6254,component-4281ea51c5e7ba19,6ff637ee4e5c7eb4875ebf4e5385974c,train
6256,component-504a660fa7a6d3fc,3832d9ea8a8b25cb740a2a2b27ab6716,train
6258,component-27a9f593af9ca21f,12f7b9d29189a2a9c1a6bc74ddf7390c,test
6259,component-1ca83f49e35f64bc,a8b9b3bbdbba798fd6645c7f1b8adbcb,excluded_test_duplicate
626,component-87acb1e183a2b0f7,91a71a1989c91a417997c7ebc92546f7,train
6260,component-e51ad5b4431f3e69,e99c962d052b02622b0ada5ba889ed54,train
6262,component-60e3c99f50138a3f,91443febf09e634c70296aedf754f93c,excluded_test_writer
6263,component-32b5ec4854abcfeb,91a623833d8f2a4ccdf50da9baeeb008,excluded_test_writer
6265,component-58bf62e65034219a,a1e0f933dee3d4ecbd21c0403f540743,train
6266,component-ae21574bc4482e9c,bc598349b24548495e10f756b2b29b88,train
6267,component-f5768156fa8178cc,55d2ec55593e63f879aa588303ca2c0f,train
6268,component-5ebba533e4ea80e5,f6d1324a5f369fe3b29dcc42eb5195c9,excluded_test_writer
6269,component-12387fae8391114d,e5b5f01fa4d169dc0637ee3d860f3738,train
6271,component-a72f1b8fe15563da,a3c630d16b28401b856adbbf01228490,excluded_test_writer
6273,component-1eed7d42695daf4d,8d2d09c60f3d9eefc7c36e74c19cfcc0,excluded_test_writer
6274,component-c611e54cf303372e,6fac1d36ef059da1d5626be26ef66c52,excluded_test_writer
6275,component-5bb740682fae86d1,90b0cf2e680c4b17fe820b9d0eebc0f1,train
6276,component-9b10113069abc40f,5e96aed1fa22b375d0fbd7de509298ac,excluded_test_writer
6277,component-bf711deb113a59c7,4502756acab2f4f12ebcb8ddba6fe6b4,test
6278,component-88be096564d631b8,004f9a3b2609fbd6ff45cc17c46fc519,train
6279,component-00d3997fd3b13405,572151767d57b81f026dac64da18a412,excluded_test_writer
628,component-67c312330b0371a0,0a9b698d92153cf30bf625a7d173e99c,test
6281,component-e93c9b3e0f8b1ab8,a37f551b7dd551db9d59e1470e1b2d04,test
6282,component-61761f9420088c4a,baa6e0aebfb108b83887ea4039713021,excluded_test_writer
6283,component-0810d383f0c33cf4,4922ca43e281498aca318f9cc9203b90,test
6286,component-be2b81a5467d6e28,166d00da6e03247d1c3f0efc4fbe4258,train
6287,component-9e1730387140939f,46f32d689b7b7f7177a94e6c6e83e523,excluded_test_writer
6288,component-4ac7db6b337de15e,34effbdaee47d4de96c8181dafb1b255,test
629,component-37ec0f2e002a6521,ccde28f16aa53752f0dafbd492fd115b,train
6290,component-416c6556e9aac3ef,2d17ba2b01fa56ed14a9656280a66aa9,test
6291,component-da116a1410326702,ad8a32c7beb2992c82b63a033c98551b,train
6292,component-cf275d22796dc485,397258726a55122aee4869a996a94b15,train
6293,component-21e40cf5f737ac89,a7dbba7baa247cdf08f998c547fdbca8,excluded_test_duplicate
6294,component-4050734752b34be0,a79a40ae33c364e0c26a9bf9aeb5ef26,test
6295,component-625b8f78e6bb0e5d,964425d6b36da5699c4c11d381017165,train
6297,component-faaf30f9e60ee4a7,916d610456a1fd5c1c26a81583357957,train
6298,component-bc4d1d1d8752f78c,267d19f5e9e50b9d92dc22ed3997b93f,excluded_test_writer
6299,component-d0e2d1dfd1c120a1,fedbcae7c8505f38ff4a0a44a74a650f,train
63,component-d51991c5663aa625,e4ada780b952b8c9312b5c24f35e9a08,train
630,component-f92be5b1d6ed6439,1fa3b533d51fe2660e6d7c406b0dd38c,excluded_test_writer
6300,component-ddfbe2f7651bbf73,f5bb7cfb1ff362e4d928bac0d607d497,train
6301,component-6b8c8e86d96a1243,482f3430cf38c18fc3f922303b007475,train
6302,component-9caf3d2bb1361a1f,6d3235bf685230edfbb5cda15204b58e,train
6303,component-13467d9a5a546e46,31f653ce4e4f9cde008e9d0ea738ab09,excluded_test_writer
6304,component-b3d724762435fe88,ae3f3bae24603361447b9093e6cd56d9,test
6305,component-ea78d55c363bf4af,111b9b54f7d929fb0a7375ea0916a491,train
6306,component-5e945c77d5290efc,5a414921c30fd06fd92ce906719b9907,test
6307,component-cc5ccfce8c22d754,3e52f65d1156650803127ec37852b880,test
6308,component-1a56ac82faa0eeca,025c0649ca93efdcbaf314a5725840bd,test
6309,component-3e534fec605a6e25,10b7f9f0d67f973654d9b44fc8301d57,excluded_test_writer
631,component-7b81eb727ed48055,1287b095f4b15990445b4422ebe916c6,train
6310,component-be78c676bfe24c0d,bc8d4d01e411ae6a18b8e3dddc257614,excluded_test_writer
6312,component-9a1f2555b1eb8226,d84b59ec5d1b7e47de986f92cb5ad2ec,train
6313,component-5323e101c60c945a,cfe4f82b3904d43d3ced92ddacdf2a25,excluded_test_writer
6314,component-d51991c5663aa625,e4ada780b952b8c9312b5c24f35e9a08,train
6315,component-04a2c66b6616f34b,252512c5d017f3c854d0557faa52a26a,test
6316,component-342ec3b3bd5c5a51,330eff07059322d61334313e1568915a,excluded_test_writer
6317,component-a43e03c03cddf6b4,993013445db5dd43610a92de556cbc74,train
6318,component-3c9eba0018a88c4e,ffb58ce2ce3231787c4a13cdfcf21833,excluded_test_writer
6319,component-37f223420248c554,f7fcfeb95b834fcab672a02e7419696a,excluded_test_writer
632,component-3bcc1340d90b3d55,6d5f297432d376b41f01aced83554c4b,train
6320,component-d1f3eb45593b9a49,fa1de1473d24d0f1a5a3fa8b4d2331d6,test
6321,component-ebdf14145160901c,a35aff3566ebda6accea4a23eb28738e,excluded_test_writer
6322,component-c307a88c0796ee26,d2406d630f07fd9a1f5fbce6ea262956,train
6323,component-53ced9e681679c65,45d5eaec43b0aa347aa24eb58e3b3e9a,train
6324,component-078cb65363e58cba,74c6856c112bb15614d61b36d40c8027,test
6326,component-90b29d78ca9305a0,2c78871d572738cd9f00fcdd4f712940,train
6328,component-f92be5b1d6ed6439,1fa3b533d51fe2660e6d7c406b0dd38c,excluded_test_writer
6329,component-cbd542e4e0644115,ac45efb21addfed9b6d0a3f710ed72be,test
633,component-69477d41ceaa7d83,e7ff1ce2d52086fdf839e730cd57bf6d,train
6330,component-77432396af9eeee6,09a34e1f54b940f2a4466d691f4d2596,excluded_test_writer
6331,component-762d531ad8492be9,81a19e425a2ef5819843c463c7eeb28f,train
6332,component-225b8ed56c311723,c5c97ea38bba2778931e44e8f5ed80e3,excluded_test_writer
6333,component-7c7b98d53e305ffb,5991005bcef35566d93e970f70defbf4,test
6334,component-f11346709a86f015,bcd5f7b0f1a42b074fb49a0be9f8a4e8,train
6335,component-d76d87a7b92386b9,61e71fa68b067922f6bbfdb6b58399d2,train
6336,component-a64161b3517bd9cb,18dd84166fe43fa6ea5cd183e5594220,train
6337,component-caf9792f37262c84,6e82ff7c5977236ce6b81c215673b268,test
6339,component-ff2f4ed3b3d37401,1a23a403ff7c60919c048c1261b9721b,test
634,component-41d670fe0ddfb87c,b1b566983d22b3511356261598fdb44a,excluded_test_writer
6340,component-fffa3c9cadf877ee,76853d13517619e2c25cf01396fb15b6,train
6341,component-9e1730387140939f,46f32d689b7b7f7177a94e6c6e83e523,excluded_test_writer
6343,component-12b53eb6087d7edf,1d0429d2bea6891f04d875a5ab61977d,train
6344,component-c92f9b202e7baad7,3d3388753abb67aa491eac65f716b1ef,train
6345,component-094c38d2f45bb985,5b8cb71de665da5eb17bccdfd15a87b3,train
6348,component-d7946a7c317ea5c9,127a4ea6509038f4f4b1a81fe88a62e6,excluded_test_writer
6349,component-c8a0103e43ede4f3,0146f3272f3daea4d715fcfa0c96f252,train
635,component-d76d87a7b92386b9,61e71fa68b067922f6bbfdb6b58399d2,train
6351,component-012209c94a0f36c7,5e94f26778d57054b113f5210aec50b9,train
6352,component-504a660fa7a6d3fc,3832d9ea8a8b25cb740a2a2b27ab6716,train
6354,component-1ca83f49e35f64bc,a8b9b3bbdbba798fd6645c7f1b8adbcb,excluded_test_duplicate
6355,component-7b80a03af63570cc,abe7bb7889e9fdb39e787421dd84b512,train
6357,component-158afece57abf72f,518c9890bc48cb46c04c1ae9e6cf64a5,train
6358,component-e905bc1338e81ac2,d4c3d7060f3b58dad2519bdb28d66718,train
6359,component-72017363183f52e9,5ee66062382c50f6c928b3e9242898c2,train
636,component-078cb65363e58cba,74c6856c112bb15614d61b36d40c8027,excluded_test_writer
6360,component-bc09efa484c5d708,23a30729b1f0f266fb9cfc5b20b429b2,train
6362,component-5ebba533e4ea80e5,f6d1324a5f369fe3b29dcc42eb5195c9,excluded_test_writer
6364,component-527ebf43ec3e2c83,84dc50ddb9fa089e1bbfa0cac849d97e,test
6365,component-39687f105016f991,367d12ba8c92fec0eda87d78f0a89613,train
6366,component-00d3997fd3b13405,572151767d57b81f026dac64da18a412,test
6367,component-2369aefe8ec3cdae,7a7fb7b3a41df434bd620ebe86d7c497,train
6368,component-ef41c7caec10e57a,ee785e665ef15db7eff9b9e0d499ba51,excluded_test_writer
6369,component-4172aaf430744b53,0ca220e661b29c9882adde383120d7de,train
637,component-bda584056eb9957d,1a0f06d6181cb666b3675d3c1bf419d2,train
6370,component-32b5ec4854abcfeb,91a623833d8f2a4ccdf50da9baeeb008,test
6371,component-bc4d1d1d8752f78c,267d19f5e9e50b9d92dc22ed3997b93f,excluded_test_writer
6372,component-9b10113069abc40f,5e96aed1fa22b375d0fbd7de509298ac,excluded_test_writer
6373,component-ddfbe2f7651bbf73,f5bb7cfb1ff362e4d928bac0d607d497,train
6374,component-40a57b40cc4507e2,31186e7126446689680f04eb237c03ea,test
6375,component-1eed7d42695daf4d,8d2d09c60f3d9eefc7c36e74c19cfcc0,test
6376,component-13467d9a5a546e46,31f653ce4e4f9cde008e9d0ea738ab09,excluded_test_writer
6377,component-d9f0c76f5afe06a4,c815fdee45474b4157cbb87579be31c6,train
6378,component-de36e013f13d0340,d215b68448ab626c0b0f978f5460c794,train
6379,component-4ac7db6b337de15e,34effbdaee47d4de96c8181dafb1b255,excluded_test_writer
638,component-53ced9e681679c65,45d5eaec43b0aa347aa24eb58e3b3e9a,train
6380,component-857a7c9fdf28ca12,5271d4d5e8db6f2d589e78070350d4d3,train
6381,component-7d902f9c73a4539e,25c5563ad5b1ab6b39732b55945ecc7b,excluded_test_writer
6382,component-a6e67f010662ec02,e5859deaeca879794110a86d3a9a9b2b,excluded_test_writer
6383,component-01b8e9eaf7988b79,9342e11325aab70543873144ba44e100,train
6385,component-d665027f19beea7c,38210610c0ab64592a7a490187e78588,train
6387,component-35981ee332f219af,f15188c1071e9fe2bfb27c3c0fe2f212,train
6388,component-e78ade91a0871b50,a1d3e456525700a5030602bf73d97127,train
6389,component-44fe5cd136d507c0,3300bdc8d2582f66a85da006378e71a4,test
639,component-0ec9160b2e012a8d,d94dcf0d108c97c7a669f007834751cd,train
6391,component-d51991c5663aa625,e4ada780b952b8c9312b5c24f35e9a08,train
6392,component-05fe5789313b00ea,31d982922ee73a86795918b1c6476a26,test
6393,component-04a2c66b6616f34b,252512c5d017f3c854d0557faa52a26a,excluded_test_writer
6394,component-342ec3b3bd5c5a51,330eff07059322d61334313e1568915a,excluded_test_writer
6395,component-526654022e88d0cd,3e83a33f7cbca744c17a5925b63b5286,train
6396,component-a6e67f010662ec02,e5859deaeca879794110a86d3a9a9b2b,excluded_test_writer
6397,component-808d3b2985495841,a3c1cbe4f8ba3ccc11c9120d5cdb985e,test
6398,component-cf733e84bbf4b5c3,45a31cf20f75c43fda2ca02e13d8ccaa,excluded_test_writer
6399,component-53ced9e681679c65,45d5eaec43b0aa347aa24eb58e3b3e9a,train
64,component-a68b412c4282555f,7177979a1998deecee14863a9c36e3ec,train
640,component-857a7c9fdf28ca12,5271d4d5e8db6f2d589e78070350d4d3,train
6400,component-a4b8692f2b6f0bde,2cccc2011afdce4df8b137e14175b7bd,excluded_test_writer
6401,component-a43e03c03cddf6b4,993013445db5dd43610a92de556cbc74,train
6403,component-6377f13d75cae9f3,e62e3fcc8bfd760fd8ee6265dcc82d4b,test
6404,component-ebdf14145160901c,a35aff3566ebda6accea4a23eb28738e,excluded_test_writer
6406,component-d76d87a7b92386b9,61e71fa68b067922f6bbfdb6b58399d2,train
6407,component-a3244ad461cefcce,5301eb39ed694f5cebd519ad0143fdff,test
6408,component-ae35377f9c85f860,262a863fbbb46868a39ea19086f133bc,train
6409,component-44544e0d6770664c,3eedabaeacbed044b1ac4514c0daaffb,train
641,component-455ae2dfc77dd775,58739bbf0a3a31bb9d081f32ead884c3,test
6410,component-225b8ed56c311723,c5c97ea38bba2778931e44e8f5ed80e3,excluded_test_writer
6411,component-12d70e2f2165adeb,f4fa5887b555f27a137e076a6f2c9015,train
6413,component-8242e532584cd172,e724d5baee2c8f072fa640b606545e83,train
6416,component-61761f9420088c4a,6763930a378155c7dd52f6d39b1700c9,excluded_test_writer
6417,component-ff2f4ed3b3d37401,1a23a403ff7c60919c048c1261b9721b,excluded_test_writer
6418,component-277fb860522930c1,515d346898f8fcbdceabab8eb3281d05,test
6419,component-afca2187c3c6b70b,951deb15da82d23cc374b6382ec99895,excluded_test_writer
642,component-011d7f9963e12be8,b57b9f3fbce1097d104dbc1c80bc0f1d,excluded_test_writer
6421,component-f11346709a86f015,bcd5f7b0f1a42b074fb49a0be9f8a4e8,train
6422,component-e9a82b29d0a30975,f7d89906c6d77cdf4ef7a34a9c41cc06,test
6423,component-77432396af9eeee6,09a34e1f54b940f2a4466d691f4d2596,test
6424,component-db0180845e4b3773,261202a946f30f0fc56f0b480f1d5d05,test
6425,component-fffa3c9cadf877ee,76853d13517619e2c25cf01396fb15b6,train
6426,component-094c38d2f45bb985,5b8cb71de665da5eb17bccdfd15a87b3,train
6427,component-2f302204c451cd9a,da814f5a423416d2d18b3e5fdcdf4808,train
6428,component-60e3c99f50138a3f,91443febf09e634c70296aedf754f93c,excluded_test_writer
643,component-62e66f3e99369069,3a83fb33d2b143e66c4adeb953bb7ec9,train
6430,component-aa71543206a78cb1,c23a3064dbf296e98fcb13b9dadeb9c9,train
6432,component-d51991c5663aa625,e4ada780b952b8c9312b5c24f35e9a08,train
6433,component-5323e101c60c945a,cfe4f82b3904d43d3ced92ddacdf2a25,excluded_test_writer
6434,component-342ec3b3bd5c5a51,330eff07059322d61334313e1568915a,excluded_test_writer
6435,component-40aa43e1259e0e79,d7a3add373de0dcb46c1efe3647962fe,train
6436,component-b278f6b52550f768,b450a295b481be6717f6fe92c7078685,test
6438,component-a43e03c03cddf6b4,993013445db5dd43610a92de556cbc74,train
6439,component-04a2c66b6616f34b,252512c5d017f3c854d0557faa52a26a,excluded_test_writer
644,component-87e50b28705900bb,eec62ec25ac5c2b1d142f553712dfc1c,train
6440,component-ec00669143d20646,d4ccf7a35397c75c04f6ab50399c8888,test
6442,component-a4b8692f2b6f0bde,2cccc2011afdce4df8b137e14175b7bd,excluded_test_writer
6443,component-f92be5b1d6ed6439,1fa3b533d51fe2660e6d7c406b0dd38c,test
6446,component-caf9792f37262c84,6e82ff7c5977236ce6b81c215673b268,excluded_test_writer
6447,component-c68b1376818f5f2e,02191cb179e2c047659852f26854fccc,excluded_test_writer
6449,component-094c38d2f45bb985,5b8cb71de665da5eb17bccdfd15a87b3,train
6450,component-d7946a7c317ea5c9,127a4ea6509038f4f4b1a81fe88a62e6,test
6451,component-1089e061dfd95b93,001319e50afc4414ad0a30665c1e7ed1,excluded_test_writer
6452,component-c611e54cf303372e,6fac1d36ef059da1d5626be26ef66c52,excluded_test_writer
6453,component-dbba3d8ea671c253,93388072cb20e201c4f1bdebd724e134,excluded_test_writer
6454,component-11635d781f8038cf,63d0b19fe74d6835d830f2b00f437062,train
6455,component-72017363183f52e9,5ee66062382c50f6c928b3e9242898c2,train
6456,component-a90e99394dfcaea2,d315da33bbb2335823b685699ceff1ad,train
6457,component-e51ad5b4431f3e69,e99c962d052b02622b0ada5ba889ed54,train
6458,component-44021a167f13d094,da70f30ba4e73862871a14ca002d192d,train
6459,component-b4659ba19064b95e,009e6efa03b57add7dd8ce6926b7c548,train
646,component-ed0b853bd9c28435,5fde53ff0d96c22ca8cf9613309f5f09,train
6460,component-1ca83f49e35f64bc,a8b9b3bbdbba798fd6645c7f1b8adbcb,excluded_test_duplicate
6462,component-f5768156fa8178cc,55d2ec55593e63f879aa588303ca2c0f,train
6464,component-630da6658642fcd5,38bc0220b98aa8b509cea77a3f83fdb4,excluded_test_writer
6465,component-857a7c9fdf28ca12,5271d4d5e8db6f2d589e78070350d4d3,train
6468,component-21edb2675457640c,1f582cc049e05f4b4c3505e9822db8a7,test
6469,component-c8a0103e43ede4f3,0146f3272f3daea4d715fcfa0c96f252,train
647,component-ff2f4ed3b3d37401,1a23a403ff7c60919c048c1261b9721b,excluded_test_writer
6471,component-0d1870fddf5fb954,8c66b1414808f8ca9ec4b8b6defd2400,excluded_test_writer
6472,component-3b4b9a679d46879f,4809b5b6d8393f9e6400c258e59d51e1,test
6473,component-4281ea51c5e7ba19,6ff637ee4e5c7eb4875ebf4e5385974c,train
6476,component-77432396af9eeee6,09a34e1f54b940f2a4466d691f4d2596,excluded_test_writer
6477,component-158afece57abf72f,518c9890bc48cb46c04c1ae9e6cf64a5,train
6479,component-9e1730387140939f,46f32d689b7b7f7177a94e6c6e83e523,excluded_test_writer
648,component-c86a2932e1c79343,26f2d5e1cb496bf41c3fdc84ca33c930,train
6482,component-5bb740682fae86d1,90b0cf2e680c4b17fe820b9d0eebc0f1,train
6483,component-f03764a1a54e25a6,8c3d218a077cbe882fd16ea70e51b809,train
6484,component-4172aaf430744b53,0ca220e661b29c9882adde383120d7de,train
6485,component-61761f9420088c4a,baa6e0aebfb108b83887ea4039713021,excluded_test_writer
6487,component-625b8f78e6bb0e5d,964425d6b36da5699c4c11d381017165,train
649,component-5480ab857f30bc9a,58a7b9d4e306007b294a82592732bde4,train
6490,component-40a57b40cc4507e2,31186e7126446689680f04eb237c03ea,excluded_test_writer
6491,component-5ebba533e4ea80e5,f6d1324a5f369fe3b29dcc42eb5195c9,excluded_test_writer
6492,component-229d778e0fbe6de1,766409fb208a77a8ba677803cc3ee4d9,test
6493,component-9caf3d2bb1361a1f,6d3235bf685230edfbb5cda15204b58e,train
6494,component-d0e2d1dfd1c120a1,fedbcae7c8505f38ff4a0a44a74a650f,train
6495,component-bf711deb113a59c7,4502756acab2f4f12ebcb8ddba6fe6b4,excluded_test_writer
6498,component-13467d9a5a546e46,31f653ce4e4f9cde008e9d0ea738ab09,excluded_test_writer
6499,component-7d902f9c73a4539e,25c5563ad5b1ab6b39732b55945ecc7b,test
650,component-caf9792f37262c84,6e82ff7c5977236ce6b81c215673b268,excluded_test_writer
6500,component-7c7b98d53e305ffb,5991005bcef35566d93e970f70defbf4,excluded_test_writer
6502,component-724229f1cb241cfc,9fea6db3829ec09f64c987dfddbd801d,test
6505,component-a7a84d7ed00e48b8,b86af9ccdc1bfc0216039125b62ffd1b,train
6507,component-ea78d55c363bf4af,111b9b54f7d929fb0a7375ea0916a491,train
6508,component-b978553db8fafbe2,f10cc048d6f78ceb8444891af0458953,test
6509,component-6f79802a36d3c6dc,b1b59c29063aa93559982c95c0970a09,train
6510,component-05ccadef125ac591,163bedab4d408dfb3112844b527bb9f4,train
6512,component-12d70e2f2165adeb,f4fa5887b555f27a137e076a6f2c9015,train
6513,component-69927f2145684158,07b6bff23fede84ae7e9061668059e97,train
6515,component-d9f0c76f5afe06a4,c815fdee45474b4157cbb87579be31c6,train
6516,component-cc75fd25f9e08b33,5f8d45777b4ad355365f24b8fffadda4,excluded_test_writer
6517,component-f805ea44dffeddd2,8e8f7f0b82ca3d659f8336b7209474ff,train
6518,component-7b2af94fbc0b0c58,7a7d87d76d2cec9fe5372d83d158bd3a,excluded_test_writer
6519,component-402ad93001ce8b99,c6ce5071967ff49ae07a4b70d287d65d,test
652,component-0d1870fddf5fb954,8c66b1414808f8ca9ec4b8b6defd2400,excluded_test_writer
6520,component-44653f535f367dd0,ef2f9c019a7712c4871eb8e99bdfa748,train
6521,component-a1881dc9122db0a3,c311c9f7d4fa84952f86c83253b6817e,train
6522,component-e711b29d097691bb,34c152af8509fbdc07e5a4322565f469,excluded_test_writer
6524,component-9807fe182f3dc625,440365343708d30a1794fb5f70ba7ffb,test
6526,component-a6853da35cbb221b,01ca0e6b8ec4b6ac4e3e75b3527ed945,excluded_test_writer
6527,component-01b8e9eaf7988b79,9342e11325aab70543873144ba44e100,train
6528,component-450d7f44d39e166b,dde6617b13262c8335f86f2e5031b2dc,train
6529,component-ac2a41af69b8320d,d4e821437dc3d77c53cfe98fcea4ffdd,train
653,component-1cdb5a52898b4147,91fc8eb5efa88ac3b0a5719752a6ce06,train
6530,component-5828f81e4e1a30fc,c5fa277fcccde2c22f2783e7c9d4d749,train
6531,component-f9bb4e7c13f8976d,6015a1f726df265644488a4b16fc89a7,excluded_test_writer
6532,component-a43e03c03cddf6b4,993013445db5dd43610a92de556cbc74,train
6533,component-d51991c5663aa625,e4ada780b952b8c9312b5c24f35e9a08,train
6534,component-5323e101c60c945a,cfe4f82b3904d43d3ced92ddacdf2a25,excluded_test_writer
6535,component-342ec3b3bd5c5a51,330eff07059322d61334313e1568915a,test
6536,component-04a2c66b6616f34b,252512c5d017f3c854d0557faa52a26a,excluded_test_writer
6537,component-c08ad1c0e4adaf3a,802f8faf4cce87dc035075e49cb7d0b1,test
6539,component-d19d368358bd4451,f7ca72b2f3d9a3277cbcab517cdb7e06,excluded_test_writer
654,component-fffa3c9cadf877ee,76853d13517619e2c25cf01396fb15b6,train
6540,component-225b8ed56c311723,c5c97ea38bba2778931e44e8f5ed80e3,excluded_test_writer
6541,component-caf9792f37262c84,6e82ff7c5977236ce6b81c215673b268,excluded_test_writer
6542,component-d76d87a7b92386b9,61e71fa68b067922f6bbfdb6b58399d2,train
6543,component-c8a0103e43ede4f3,0146f3272f3daea4d715fcfa0c96f252,train
6544,component-77432396af9eeee6,09a34e1f54b940f2a4466d691f4d2596,excluded_test_writer
6545,component-7c7b98d53e305ffb,5991005bcef35566d93e970f70defbf4,excluded_test_writer
6546,component-d523825edcff10da,3b141ab032140aa3de0c2b42b4029b4a,test
6547,component-094c38d2f45bb985,5b8cb71de665da5eb17bccdfd15a87b3,train
6548,component-c68b1376818f5f2e,02191cb179e2c047659852f26854fccc,excluded_test_writer
6550,component-e905bc1338e81ac2,d4c3d7060f3b58dad2519bdb28d66718,train
6551,component-f462d26aa077aadb,6775315da50be89ba2c1628c55c6c313,train
6552,component-1ca83f49e35f64bc,a8b9b3bbdbba798fd6645c7f1b8adbcb,excluded_test_duplicate
6553,component-6b8c8e86d96a1243,482f3430cf38c18fc3f922303b007475,train
6554,component-60e3c99f50138a3f,91443febf09e634c70296aedf754f93c,excluded_test_writer
6555,component-863f200187cc21fc,00b76a0769cc4e2d7788343df37aeda7,train
6556,component-72017363183f52e9,5ee66062382c50f6c928b3e9242898c2,train
6557,component-00d3997fd3b13405,572151767d57b81f026dac64da18a412,excluded_test_writer
6559,component-21edb2675457640c,1f582cc049e05f4b4c3505e9822db8a7,excluded_test_writer
656,component-d62a7b3da232bd0a,44e2b823d6a2200adfe27756c13d2d34,train
6560,component-c611e54cf303372e,6fac1d36ef059da1d5626be26ef66c52,excluded_test_writer
6561,component-9b10113069abc40f,5e96aed1fa22b375d0fbd7de509298ac,excluded_test_writer
6562,component-d9f0c76f5afe06a4,c815fdee45474b4157cbb87579be31c6,train
6563,component-41d670fe0ddfb87c,b1b566983d22b3511356261598fdb44a,excluded_test_writer
6564,component-9e1730387140939f,46f32d689b7b7f7177a94e6c6e83e523,excluded_test_writer
6565,component-0ae3305415102d36,4215bbdfac740fed2071dbd11d3511eb,test
6568,component-625b8f78e6bb0e5d,964425d6b36da5699c4c11d381017165,train
6569,component-a72f1b8fe15563da,a3c630d16b28401b856adbbf01228490,excluded_test_writer
657,component-03691ff1dc4b56d5,7e9cf76484c9cb9f4d8d3b254bbe7b2a,test
6570,component-ae21574bc4482e9c,bc598349b24548495e10f756b2b29b88,train
6571,component-0d1870fddf5fb954,8c66b1414808f8ca9ec4b8b6defd2400,excluded_test_writer
6572,component-d0e2d1dfd1c120a1,fedbcae7c8505f38ff4a0a44a74a650f,train
6573,component-845548b9529063b5,dcea6d5ce2ae24a6c32308d7cee63a8a,test
6574,component-4ac7db6b337de15e,34effbdaee47d4de96c8181dafb1b255,excluded_test_writer
6575,component-404592da19fe12f7,f6599dbc5ff01ff84356a88d406b5bba,test
6576,component-ccc23cd3f865ec9f,6208adbd6814fafd6f90b440a8cc6fb7,excluded_test_writer
6577,component-5bb740682fae86d1,90b0cf2e680c4b17fe820b9d0eebc0f1,train
6578,component-5ebba533e4ea80e5,f6d1324a5f369fe3b29dcc42eb5195c9,excluded_test_writer
6579,component-c7ee488de027cdf2,cea10dfefdf560107ff136583674621b,test
658,component-40a57b40cc4507e2,31186e7126446689680f04eb237c03ea,excluded_test_writer
6580,component-e571c88356b811ec,a9fad72c726c5c7c4d066dc770d1fd22,train
6581,component-61761f9420088c4a,6763930a378155c7dd52f6d39b1700c9,excluded_test_writer
6582,component-6dabe934c14f6d58,c01ff3e3272227c80fa9bac66cec3b74,test
6585,component-a3d57f079f0fbe71,9d1315ae2603a859f8fadc9b7db9ebb0,train
6586,component-45d628b266ebfe76,c7ed8ef66917af06f693955c21240f92,excluded_test_writer
6587,component-3e534fec605a6e25,10b7f9f0d67f973654d9b44fc8301d57,excluded_test_writer
6588,component-44653f535f367dd0,ef2f9c019a7712c4871eb8e99bdfa748,train
6589,component-13467d9a5a546e46,31f653ce4e4f9cde008e9d0ea738ab09,excluded_test_writer
659,component-61761f9420088c4a,baa6e0aebfb108b83887ea4039713021,excluded_test_writer
6590,component-6033790b521dfe27,32f5d8b89e0c39e93a9ed701e3163dc4,test
6591,component-158afece57abf72f,518c9890bc48cb46c04c1ae9e6cf64a5,train
6593,component-d05524edb27a5ca5,d8205beeabc0fa1993d04a0755ed814c,excluded_test_writer
6594,component-5275b1fbcc871e2f,993bfce78427e284d0e553c49942104f,train
6595,component-c9c0d0bbde6dd877,019791146613cf50e73fff667eda85a0,test
6596,component-bc869a20ceec284b,95544bdba80a4651c22ce5dc33fe4ee9,train
6597,component-bd7c7a01d9584a84,ce7f0eb4a617916c588c9f4d6e4d066e,train
6598,component-01f41d718fd7622a,3d67d8a159a2c7725d6150367d84db8b,test
6599,component-c107d32e72150e74,ec3f97c17c09b5191901ca926a52993e,train
66,component-cf733e84bbf4b5c3,45a31cf20f75c43fda2ca02e13d8ccaa,excluded_test_writer
660,component-c68b1376818f5f2e,02191cb179e2c047659852f26854fccc,excluded_test_writer
6600,component-1ff474b06c92dfea,11b23176e43be670d8275ffceea00edb,train
6601,component-c94009347b3d1c79,0743877ee40f4b9ec5bf92195381ed2b,excluded_test_writer
6602,component-cc75fd25f9e08b33,5f8d45777b4ad355365f24b8fffadda4,test
6603,component-e711b29d097691bb,34c152af8509fbdc07e5a4322565f469,test
6604,component-f79b48b7d3381499,3e3ee242c3c200792912bbcf7600a0d0,train
6605,component-da7b878e5a6662bd,6c200b9ac0ae288f7baa4c0ad82f2d7d,train
6606,component-05ccadef125ac591,163bedab4d408dfb3112844b527bb9f4,train
6607,component-a1881dc9122db0a3,c311c9f7d4fa84952f86c83253b6817e,train
6608,component-2a0e94d99b4ec376,0ada35d8a7e5cd92aba73179742a823a,train
6609,component-8c56e3d88d291d0d,1068c62c829432f0e3ca3b42a13c1033,test
661,component-32b5ec4854abcfeb,91a623833d8f2a4ccdf50da9baeeb008,excluded_test_writer
6610,component-87a471e5f49ff9c0,1a683c4def2886b4fdef3cde7e5f11d3,train
6612,component-191a4de91af01056,59c599f3d79472fad44688aadc7fe03b,train
6613,component-3901949960a83f31,1e9818a4048994e35e0128ae8ac522d3,test
6615,component-eeab23fccdc4f500,a1cb26da4dd93305eef8569ed0f2c5e8,train
6616,component-20073d61961071df,80742be5187b2eeb225cae1c9fc73a73,train
6617,component-6f79802a36d3c6dc,b1b59c29063aa93559982c95c0970a09,train
6619,component-f9bb4e7c13f8976d,6015a1f726df265644488a4b16fc89a7,test
662,component-f11346709a86f015,bcd5f7b0f1a42b074fb49a0be9f8a4e8,train
6620,component-7142fea0a0e48e73,978d2804632cf2b3ef1575a970bb70b8,train
6621,component-868447a1b9c7bea6,dad53f4c1a6fe74ad38c61f00c79b39d,train
6622,component-d9adbf211a24cb1b,c04e8c3b3615a47bb17b6ae9ae97d723,train
6623,component-04ccbbfcc42066a0,c5947755c0adc4180dec21da42c028a7,train
6624,component-01b8e9eaf7988b79,9342e11325aab70543873144ba44e100,train
6625,component-e09178c40736ccaa,47e633f96a583e6243b779e86f8029c1,test
6627,component-e4a1f54d2d2430e6,290feeb9128056c60c11cde727b1c698,train
6628,component-7636f4f8ac1a321c,47f670e37024e6aeb06f5d2613e8e5f4,train
6629,component-1db7a6b2880db3b9,dac64b7877c6418d3f4f43ba6574f467,test
663,component-a4026f9fe0391356,1946087f24e740f4a5e054f16f8ccb1d,excluded_test_writer
6630,component-e5ae436f9a1603d3,a6a3f8dc0b3a78d009289debdb062518,test
6632,component-d51991c5663aa625,e4ada780b952b8c9312b5c24f35e9a08,train
6633,component-a43e03c03cddf6b4,993013445db5dd43610a92de556cbc74,train
6634,component-342ec3b3bd5c5a51,330eff07059322d61334313e1568915a,excluded_test_writer
6635,component-7f280212ae1c089c,e7d632e4fd32c99001a812bd686b3786,excluded_test_writer
6636,component-bb250c110866ffce,f7dff1a8f636366c76cddabbe1fd5021,excluded_test_writer
6637,component-53ced9e681679c65,45d5eaec43b0aa347aa24eb58e3b3e9a,train
6638,component-c08ad1c0e4adaf3a,802f8faf4cce87dc035075e49cb7d0b1,excluded_test_writer
664,component-504a660fa7a6d3fc,3832d9ea8a8b25cb740a2a2b27ab6716,train
6641,component-8242e532584cd172,e724d5baee2c8f072fa640b606545e83,train
6642,component-0ec9160b2e012a8d,d94dcf0d108c97c7a669f007834751cd,train
6643,component-fb1edf369f9c134d,0d730320479178bbce0856c337d92596,excluded_test_writer
6645,component-d76d87a7b92386b9,61e71fa68b067922f6bbfdb6b58399d2,train
6646,component-1089e061dfd95b93,001319e50afc4414ad0a30665c1e7ed1,excluded_test_writer
6647,component-c68b1376818f5f2e,02191cb179e2c047659852f26854fccc,excluded_test_writer
6648,component-c8a0103e43ede4f3,0146f3272f3daea4d715fcfa0c96f252,train
6649,component-be67fb66b3bea87e,3d7981070ce2b8079ca83e5375297a3c,test
665,component-545d9107191cf6e9,ea150cd2c5c45f74b5b44cf7c1993ee6,train
6652,component-97fdcbef753427f4,050389e093cc9a3b6295e61276ded4bc,test
6654,component-4172aaf430744b53,0ca220e661b29c9882adde383120d7de,train
6657,component-d523825edcff10da,3b141ab032140aa3de0c2b42b4029b4a,excluded_test_writer
6658,component-52f3df9e5b286d9a,b42f3e7739a104532a6bfbffa9164003,train
6659,component-dbba3d8ea671c253,93388072cb20e201c4f1bdebd724e134,excluded_test_writer
666,component-df1b5b13b9205b45,f41c0110e44796ffe13bc502a8aa63c9,excluded_test_writer
6660,component-7b80a03af63570cc,abe7bb7889e9fdb39e787421dd84b512,train
6661,component-a90e99394dfcaea2,d315da33bbb2335823b685699ceff1ad,train
6663,component-5bb740682fae86d1,90b0cf2e680c4b17fe820b9d0eebc0f1,train
6664,component-c611e54cf303372e,6fac1d36ef059da1d5626be26ef66c52,excluded_test_writer
6665,component-094c38d2f45bb985,5b8cb71de665da5eb17bccdfd15a87b3,train
6668,component-60e3c99f50138a3f,91443febf09e634c70296aedf754f93c,excluded_test_writer
6669,component-21edb2675457640c,1f582cc049e05f4b4c3505e9822db8a7,excluded_test_writer
667,component-a64161b3517bd9cb,18dd84166fe43fa6ea5cd183e5594220,train
6671,component-72017363183f52e9,5ee66062382c50f6c928b3e9242898c2,train
6675,component-77432396af9eeee6,09a34e1f54b940f2a4466d691f4d2596,excluded_test_writer
6676,component-158afece57abf72f,518c9890bc48cb46c04c1ae9e6cf64a5,train
6678,component-f03764a1a54e25a6,8c3d218a077cbe882fd16ea70e51b809,train
6679,component-c03cd77a31b20f4f,e30d6427ec2a069c3e41992239fbbef9,train
668,component-61761f9420088c4a,6763930a378155c7dd52f6d39b1700c9,excluded_test_writer
6681,component-76a30972876b875c,6f2fb781a85ebcf5ad44e5216b1a3fdc,train
6682,component-ae21574bc4482e9c,bc598349b24548495e10f756b2b29b88,train
6684,component-db0180845e4b3773,261202a946f30f0fc56f0b480f1d5d05,excluded_test_writer
6685,component-6b8c8e86d96a1243,482f3430cf38c18fc3f922303b007475,train
6686,component-5ebba533e4ea80e5,f6d1324a5f369fe3b29dcc42eb5195c9,excluded_test_writer
6687,component-bc09efa484c5d708,23a30729b1f0f266fb9cfc5b20b429b2,train
6688,component-9b10113069abc40f,5e96aed1fa22b375d0fbd7de509298ac,excluded_test_writer
6689,component-9e1730387140939f,46f32d689b7b7f7177a94e6c6e83e523,excluded_test_writer
669,component-094c38d2f45bb985,5b8cb71de665da5eb17bccdfd15a87b3,train
6690,component-5e945c77d5290efc,5a414921c30fd06fd92ce906719b9907,excluded_test_writer
6691,component-61761f9420088c4a,baa6e0aebfb108b83887ea4039713021,excluded_test_writer
6693,component-45d628b266ebfe76,c7ed8ef66917af06f693955c21240f92,excluded_test_writer
6694,component-625b8f78e6bb0e5d,964425d6b36da5699c4c11d381017165,train
6695,component-7c7b98d53e305ffb,5991005bcef35566d93e970f70defbf4,excluded_test_writer
6696,component-a2e06365327c0511,1431a479600cb7cff94fef842fea47c5,test
6697,component-61761f9420088c4a,6763930a378155c7dd52f6d39b1700c9,excluded_test_writer
6699,component-d0e2d1dfd1c120a1,fedbcae7c8505f38ff4a0a44a74a650f,train
67,component-49d180ecf5613281,b982925e9d5020db5a93edab78f6a0c7,train
670,component-172e1676eda470ed,6cc8a4c920f33f781ee68f733a654c5f,test
6700,component-13467d9a5a546e46,31f653ce4e4f9cde008e9d0ea738ab09,excluded_test_writer
6701,component-83bdd07a3de44a56,9b1e5aa24a6644e4d11bed84e913d6ed,train
6703,component-4ad1e50d0c45dfbf,99dc2f7f63dfeb2d80785a21bc976247,train
6704,component-cc75fd25f9e08b33,5f8d45777b4ad355365f24b8fffadda4,excluded_test_writer
6705,component-bc869a20ceec284b,95544bdba80a4651c22ce5dc33fe4ee9,train
6706,component-6f79802a36d3c6dc,b1b59c29063aa93559982c95c0970a09,train
6707,component-a1881dc9122db0a3,c311c9f7d4fa84952f86c83253b6817e,train
6708,component-4ac7db6b337de15e,34effbdaee47d4de96c8181dafb1b255,excluded_test_writer
6709,component-bf711deb113a59c7,4502756acab2f4f12ebcb8ddba6fe6b4,excluded_test_writer
671,component-f3adc356e7a02b32,cea86c8eb1fd7944f68b9254a181378b,train
6711,component-8d0f7d0d1cca71a4,c340b2e0ac0bc61c3fa27292d610e8e2,train
6712,component-2a0e94d99b4ec376,0ada35d8a7e5cd92aba73179742a823a,train
6714,component-8c56e3d88d291d0d,1068c62c829432f0e3ca3b42a13c1033,excluded_test_writer
6716,component-2502b2dc9bc65b9b,1440728ee0b21fd5c42931f271b11bcc,test
6717,component-e786e864d207f144,e1b70e4a2a8e7bbef9a9f8ec760e7f61,test
6718,component-01b8e9eaf7988b79,9342e11325aab70543873144ba44e100,train
672,component-ffaa7f2a702d005e,a223a04c4e704de72246dc80cf68b6db,train
6720,component-c78996677ebc02da,d41afd1eff3ad1c4f34c9e32dafb34d5,test
6721,component-bd7c7a01d9584a84,ce7f0eb4a617916c588c9f4d6e4d066e,train
6722,component-ff768a351b75b704,f0f5503feb7fe11e2f5b6be104dbdfb5,excluded_test_writer
6723,component-c51ab28fcb6ce2d2,4ed403ccd069a7cca5fb13541036f896,excluded_test_writer
6724,component-7b2af94fbc0b0c58,7a7d87d76d2cec9fe5372d83d158bd3a,excluded_test_writer
6728,component-624e77d9e17dd608,39b6816d784149660c957044e2ef85f3,test
6729,component-d05524edb27a5ca5,d8205beeabc0fa1993d04a0755ed814c,test
673,component-f4466a4b51d21014,f36ac3213eec46ff8cf83c15c90add9d,train
6730,component-0a3455a92d990abf,2a38a3f698550f653bb6745304070d9b,train
6731,component-32b5ec4854abcfeb,91a623833d8f2a4ccdf50da9baeeb008,excluded_test_writer
6732,component-3e534fec605a6e25,10b7f9f0d67f973654d9b44fc8301d57,test
6733,component-5323e101c60c945a,cfe4f82b3904d43d3ced92ddacdf2a25,excluded_test_writer
6734,component-d51991c5663aa625,e4ada780b952b8c9312b5c24f35e9a08,train
6735,component-04a2c66b6616f34b,252512c5d017f3c854d0557faa52a26a,excluded_test_writer
6736,component-15aefc83749af078,9ed2894f4bddd155ed12ee9d16f56d32,test
6737,component-3c9eba0018a88c4e,ffb58ce2ce3231787c4a13cdfcf21833,excluded_test_writer
6738,component-342ec3b3bd5c5a51,330eff07059322d61334313e1568915a,excluded_test_writer
6739,component-a43e03c03cddf6b4,993013445db5dd43610a92de556cbc74,train
674,component-c8a0103e43ede4f3,0146f3272f3daea4d715fcfa0c96f252,train
6740,component-53ced9e681679c65,45d5eaec43b0aa347aa24eb58e3b3e9a,train
6742,component-b278f6b52550f768,b450a295b481be6717f6fe92c7078685,excluded_test_writer
6744,component-f5d2825fffa0e81e,eb3d7c5d6bfbe79cb5947cde15aa390b,train
6746,component-77432396af9eeee6,09a34e1f54b940f2a4466d691f4d2596,excluded_test_writer
6747,component-ebdf14145160901c,a35aff3566ebda6accea4a23eb28738e,excluded_test_writer
6749,component-c92f9b202e7baad7,3d3388753abb67aa491eac65f716b1ef,train
675,component-a772693075eaf8a6,b761ba6ce958d47b50aaeac0bc316b16,train
6750,component-e905bc1338e81ac2,d4c3d7060f3b58dad2519bdb28d66718,train
6751,component-c8a0103e43ede4f3,0146f3272f3daea4d715fcfa0c96f252,train
6752,component-c611e54cf303372e,6fac1d36ef059da1d5626be26ef66c52,test
6753,component-094c38d2f45bb985,5b8cb71de665da5eb17bccdfd15a87b3,train
6754,component-1ca83f49e35f64bc,a8b9b3bbdbba798fd6645c7f1b8adbcb,excluded_test_duplicate
6755,component-57b400ef62fe09f4,81dbb16bb5c84ce33a60e71396c17cb0,train
6756,component-a90e99394dfcaea2,d315da33bbb2335823b685699ceff1ad,train
6757,component-72017363183f52e9,5ee66062382c50f6c928b3e9242898c2,train
6758,component-5bb740682fae86d1,90b0cf2e680c4b17fe820b9d0eebc0f1,train
6759,component-00d3997fd3b13405,572151767d57b81f026dac64da18a412,excluded_test_writer
676,component-012209c94a0f36c7,5e94f26778d57054b113f5210aec50b9,train
6760,component-21edb2675457640c,1f582cc049e05f4b4c3505e9822db8a7,excluded_test_writer
6761,component-a72f1b8fe15563da,a3c630d16b28401b856adbbf01228490,test
6762,component-0d1870fddf5fb954,8c66b1414808f8ca9ec4b8b6defd2400,excluded_test_writer
6763,component-61761f9420088c4a,6763930a378155c7dd52f6d39b1700c9,excluded_test_writer
6764,component-158afece57abf72f,518c9890bc48cb46c04c1ae9e6cf64a5,train
6765,component-d9f0c76f5afe06a4,c815fdee45474b4157cbb87579be31c6,train
6767,component-a4b8692f2b6f0bde,2cccc2011afdce4df8b137e14175b7bd,excluded_test_writer
6768,component-5ebba533e4ea80e5,f6d1324a5f369fe3b29dcc42eb5195c9,test
6769,component-f03764a1a54e25a6,8c3d218a077cbe882fd16ea70e51b809,train
677,component-c92f9b202e7baad7,3d3388753abb67aa491eac65f716b1ef,train
6770,component-60e3c99f50138a3f,91443febf09e634c70296aedf754f93c,excluded_test_writer
6771,component-be2b81a5467d6e28,166d00da6e03247d1c3f0efc4fbe4258,train
6772,component-9e1730387140939f,46f32d689b7b7f7177a94e6c6e83e523,excluded_test_writer
6773,component-9b10113069abc40f,5e96aed1fa22b375d0fbd7de509298ac,test
6774,component-bc09efa484c5d708,23a30729b1f0f266fb9cfc5b20b429b2,train
6775,component-b3d724762435fe88,ae3f3bae24603361447b9093e6cd56d9,excluded_test_writer
6776,component-625b8f78e6bb0e5d,964425d6b36da5699c4c11d381017165,train
6777,component-12d70e2f2165adeb,f4fa5887b555f27a137e076a6f2c9015,train
6778,component-61761f9420088c4a,baa6e0aebfb108b83887ea4039713021,excluded_test_writer
6779,component-45d628b266ebfe76,c7ed8ef66917af06f693955c21240f92,test
678,component-cebe3d9d614ba5c1,afb2180c56fb5edd5609e42cb126a8b2,test
6780,component-bb9d987697f96a88,fab5617fec90463795d6b1fd8cfa1189,train
6781,component-7c7b98d53e305ffb,5991005bcef35566d93e970f70defbf4,excluded_test_writer
6783,component-e786e864d207f144,e1b70e4a2a8e7bbef9a9f8ec760e7f61,excluded_test_writer
6784,component-13467d9a5a546e46,31f653ce4e4f9cde008e9d0ea738ab09,excluded_test_writer
6786,component-83bdd07a3de44a56,9b1e5aa24a6644e4d11bed84e913d6ed,train
6787,component-cc75fd25f9e08b33,5f8d45777b4ad355365f24b8fffadda4,excluded_test_writer
6788,component-d0e2d1dfd1c120a1,fedbcae7c8505f38ff4a0a44a74a650f,train
6789,component-8138f8f3a3aea984,6c85ecfe528b074c82dfe5c5aca29ae0,test
679,component-12d70e2f2165adeb,f4fa5887b555f27a137e076a6f2c9015,train
6790,component-a1881dc9122db0a3,c311c9f7d4fa84952f86c83253b6817e,train
6791,component-ae21574bc4482e9c,bc598349b24548495e10f756b2b29b88,train
6792,component-5c461f26cf51540f,9991e9635040eea4bafd7791e45eb5bd,train
6793,component-6f79802a36d3c6dc,b1b59c29063aa93559982c95c0970a09,train
6794,component-8de2d005330c9262,93b1f25b01817b4828a62b076d4c5b02,train
6795,component-2a0e94d99b4ec376,0ada35d8a7e5cd92aba73179742a823a,train
6796,component-97edd9d31897ea17,0b4653d6904b84c666e99f58c5bcdff1,test
6797,component-a6853da35cbb221b,01ca0e6b8ec4b6ac4e3e75b3527ed945,excluded_test_writer
6798,component-4ac7db6b337de15e,34effbdaee47d4de96c8181dafb1b255,excluded_test_writer
6799,component-cb317a98d4027545,af6c6842b65f4c881b9094c4bf8a0e41,test
68,component-a21855da08cb102d,ee01bac1b12787cc4cc330995663ff0d,test
680,component-a4c6af0cb6f02dff,29b370ed7ad752669b747d1b0e48a810,train
6801,component-30577c46e2620652,03d7888fed2dc5ef5d1f084c672b2cd8,test
6802,component-35981ee332f219af,f15188c1071e9fe2bfb27c3c0fe2f212,train
6804,component-82246180d04068a0,e69a720752b92aeb6855ac2cfd33192a,test
6805,component-c107d32e72150e74,ec3f97c17c09b5191901ca926a52993e,train
6806,component-f79b48b7d3381499,3e3ee242c3c200792912bbcf7600a0d0,train
6807,component-4ad1e50d0c45dfbf,99dc2f7f63dfeb2d80785a21bc976247,train
6808,component-be78c676bfe24c0d,bc8d4d01e411ae6a18b8e3dddc257614,test
6809,component-fe6d650abc0d9df9,d010fd843a6a7c196d153f39f5571264,train
681,component-11635d781f8038cf,63d0b19fe74d6835d830f2b00f437062,train
6810,component-77264818a004f870,7d1650db049e815d1bafc341373dbd65,test
6811,component-3093cd4a889c179e,28df704a89a60ab8ec4006b205d71faa,train
6812,component-7536db66480f6a7c,fe99efdde5a0b2616416a09b4af93118,train
6813,component-6dabe934c14f6d58,c01ff3e3272227c80fa9bac66cec3b74,excluded_test_writer
6814,component-5498901f83fb7f17,96a6977e10588c08f42b31f378a6062e,train
6815,component-905daf4b6cccc722,be8820d9148efc2275f245486d71729c,test
6817,component-bd7c7a01d9584a84,ce7f0eb4a617916c588c9f4d6e4d066e,train
6818,component-5323e101c60c945a,cfe4f82b3904d43d3ced92ddacdf2a25,excluded_test_writer
6819,component-d51991c5663aa625,e4ada780b952b8c9312b5c24f35e9a08,train
682,component-158afece57abf72f,518c9890bc48cb46c04c1ae9e6cf64a5,train
6820,component-a43e03c03cddf6b4,993013445db5dd43610a92de556cbc74,train
6821,component-7f280212ae1c089c,e7d632e4fd32c99001a812bd686b3786,excluded_test_writer
6823,component-342ec3b3bd5c5a51,330eff07059322d61334313e1568915a,excluded_test_writer
6826,component-37ec0f2e002a6521,ccde28f16aa53752f0dafbd492fd115b,train
6828,component-f3adc356e7a02b32,cea86c8eb1fd7944f68b9254a181378b,train
6829,component-7bb674da8d83afb8,d952df87c1d99a415140db3ea7d18bfc,test
683,component-4281ea51c5e7ba19,6ff637ee4e5c7eb4875ebf4e5385974c,train
6831,component-0088c7c709cc5324,084a961b703576a50e36f2850f29cad0,test
6832,component-db0180845e4b3773,261202a946f30f0fc56f0b480f1d5d05,excluded_test_writer
6835,component-afca2187c3c6b70b,951deb15da82d23cc374b6382ec99895,test
6836,component-6da57e02084e6145,6b23be67994ed1ae6d0f645f55e1acb8,test
6837,component-e591039a2a86c20b,347a2c940a81abebbe9c90823126423b,train
6840,component-817b6a4ad9848fd7,ba0dc03172c25e6d5447ed43324a7021,excluded_test_writer
6843,component-c92f9b202e7baad7,3d3388753abb67aa491eac65f716b1ef,train
6844,component-863f200187cc21fc,00b76a0769cc4e2d7788343df37aeda7,train
6845,component-6e1fb406c61cdde8,ac9b58fbbf3829def5e7dd36d41a2ba0,excluded_test_writer
6848,component-2dc366499884c061,b9f7cf4a4cb6df2699f4daf461ae5a37,test
6849,component-8de2d005330c9262,93b1f25b01817b4828a62b076d4c5b02,train
685,component-bb9b8ef813475d1e,179693cce6407a2ed92c0de5192882ef,train
6850,component-9caf3d2bb1361a1f,6d3235bf685230edfbb5cda15204b58e,train
6852,component-41d670fe0ddfb87c,b1b566983d22b3511356261598fdb44a,test
6853,component-60e3c99f50138a3f,91443febf09e634c70296aedf754f93c,excluded_test_writer
6855,component-61761f9420088c4a,6763930a378155c7dd52f6d39b1700c9,excluded_test_writer
6856,component-094c38d2f45bb985,5b8cb71de665da5eb17bccdfd15a87b3,train
6858,component-77432396af9eeee6,09a34e1f54b940f2a4466d691f4d2596,excluded_test_writer
686,component-162753c27c8b3297,be60218eaf6355894a2f0bcbc1528250,test
6860,component-00d3997fd3b13405,572151767d57b81f026dac64da18a412,excluded_test_writer
6861,component-21edb2675457640c,1f582cc049e05f4b4c3505e9822db8a7,excluded_test_writer
6862,component-32b5ec4854abcfeb,91a623833d8f2a4ccdf50da9baeeb008,excluded_test_writer
6864,component-61761f9420088c4a,baa6e0aebfb108b83887ea4039713021,test
6866,component-a72f1b8fe15563da,a3c630d16b28401b856adbbf01228490,excluded_test_writer
6867,component-5bb740682fae86d1,90b0cf2e680c4b17fe820b9d0eebc0f1,train
6868,component-5ebba533e4ea80e5,f6d1324a5f369fe3b29dcc42eb5195c9,excluded_test_writer
6869,component-bc4d1d1d8752f78c,267d19f5e9e50b9d92dc22ed3997b93f,test
687,component-bfee79a4d391f566,42d15239a8985c514fc3b6437be1e5ef,train
6871,component-f03764a1a54e25a6,8c3d218a077cbe882fd16ea70e51b809,train
6875,component-be2b81a5467d6e28,166d00da6e03247d1c3f0efc4fbe4258,train
6879,component-e7bc43f12a1e04f6,4f91cce1a565afd27d467d27645b65cf,test
688,component-a90e99394dfcaea2,d315da33bbb2335823b685699ceff1ad,train
6883,component-ddfbe2f7651bbf73,f5bb7cfb1ff362e4d928bac0d607d497,train
6884,component-05ccadef125ac591,163bedab4d408dfb3112844b527bb9f4,train
6885,component-3d1a10b227a0d642,0bb43f845c64748b939f5d2f34c46690,test
6887,component-4ad1e50d0c45dfbf,99dc2f7f63dfeb2d80785a21bc976247,train
6888,component-d0e2d1dfd1c120a1,fedbcae7c8505f38ff4a0a44a74a650f,train
689,component-fc4fb94d36f45aa9,fcb70b41b54f7aa6e618a30891fde569,test
6890,component-5c461f26cf51540f,9991e9635040eea4bafd7791e45eb5bd,train
6892,component-54e54c775717bcde,810b84692fe81efe25580eaf69344c4c,train
6894,component-bc869a20ceec284b,95544bdba80a4651c22ce5dc33fe4ee9,train
6896,component-158afece57abf72f,518c9890bc48cb46c04c1ae9e6cf64a5,train
6897,component-bd7c7a01d9584a84,ce7f0eb4a617916c588c9f4d6e4d066e,train
6899,component-99252d3069395bac,9a0126bc7cda3a0c3697fbdb522e38e8,test
69,component-43377b2be853cd1e,2ce627f7e15258453a2597dae1243380,test
690,component-60e3c99f50138a3f,91443febf09e634c70296aedf754f93c,test
6900,component-a1881dc9122db0a3,c311c9f7d4fa84952f86c83253b6817e,train
6901,component-2a0e94d99b4ec376,0ada35d8a7e5cd92aba73179742a823a,train
6903,component-191a4de91af01056,59c599f3d79472fad44688aadc7fe03b,train
6904,component-7c7b98d53e305ffb,5991005bcef35566d93e970f70defbf4,excluded_test_writer
6905,component-13467d9a5a546e46,31f653ce4e4f9cde008e9d0ea738ab09,excluded_test_writer
6906,component-7b2af94fbc0b0c58,7a7d87d76d2cec9fe5372d83d158bd3a,test
6907,component-c51ab28fcb6ce2d2,4ed403ccd069a7cca5fb13541036f896,test
6909,component-e7bf10c44f4b9e20,93f1668b4dea42287c93f0e4a994a22c,train
6910,component-754c0acf2e4022aa,6a2760e57247830daea0b565b5ea60cb,train
6911,component-87a471e5f49ff9c0,1a683c4def2886b4fdef3cde7e5f11d3,train
6912,component-548e0f8cfe8bac3e,3ad338ca30bcfef4eb409bdfc143af25,train
6915,component-ff768a351b75b704,f0f5503feb7fe11e2f5b6be104dbdfb5,test
6916,component-a6853da35cbb221b,01ca0e6b8ec4b6ac4e3e75b3527ed945,test
6917,component-12d70e2f2165adeb,f4fa5887b555f27a137e076a6f2c9015,train
6918,component-d05524edb27a5ca5,d8205beeabc0fa1993d04a0755ed814c,excluded_test_writer
6919,component-4ac7db6b337de15e,34effbdaee47d4de96c8181dafb1b255,excluded_test_writer
6920,component-c94009347b3d1c79,0743877ee40f4b9ec5bf92195381ed2b,test
6922,component-04a2c66b6616f34b,252512c5d017f3c854d0557faa52a26a,excluded_test_writer
6923,component-ac040af5197fec5b,c2d24f60ef8d818c691efaf09af78330,train
6924,component-ba740deaf5506829,57aff4220daaed8e86b457e086c6f460,train
6926,component-5275b1fbcc871e2f,993bfce78427e284d0e553c49942104f,train
6928,component-f0713c25aafce007,00c9af4e83d550744163f3ccafec182a,test
6929,component-624e77d9e17dd608,39b6816d784149660c957044e2ef85f3,excluded_test_writer
6931,component-54b8b53fbf9384b0,a0ffe1354d87969c20462d421b0f5266,train
6932,component-0ab1922f8f4a8108,d8364255468c18342ea924e9e5853f4f,train
6933,component-22c670b196b60cc7,249381d40f57de9b59374015e96bc9b6,test
6934,component-5323e101c60c945a,cfe4f82b3904d43d3ced92ddacdf2a25,excluded_test_writer
6935,component-d51991c5663aa625,e4ada780b952b8c9312b5c24f35e9a08,train
6936,component-04a2c66b6616f34b,252512c5d017f3c854d0557faa52a26a,excluded_test_writer
6937,component-a6e67f010662ec02,e5859deaeca879794110a86d3a9a9b2b,excluded_test_writer
6938,component-bb250c110866ffce,f7dff1a8f636366c76cddabbe1fd5021,test
6939,component-342ec3b3bd5c5a51,330eff07059322d61334313e1568915a,excluded_test_writer
6940,component-a43e03c03cddf6b4,993013445db5dd43610a92de556cbc74,train
6941,component-d76d87a7b92386b9,61e71fa68b067922f6bbfdb6b58399d2,train
6942,component-012209c94a0f36c7,5e94f26778d57054b113f5210aec50b9,train
6944,component-011d7f9963e12be8,b57b9f3fbce1097d104dbc1c80bc0f1d,test
6945,component-7c7b98d53e305ffb,5991005bcef35566d93e970f70defbf4,excluded_test_writer
6946,component-a90e99394dfcaea2,d315da33bbb2335823b685699ceff1ad,train
6947,component-c8a0103e43ede4f3,0146f3272f3daea4d715fcfa0c96f252,train
695,component-5323e101c60c945a,cfe4f82b3904d43d3ced92ddacdf2a25,excluded_test_writer
6950,component-ef41c7caec10e57a,ee785e665ef15db7eff9b9e0d499ba51,test
6951,component-72017363183f52e9,5ee66062382c50f6c928b3e9242898c2,train
6952,component-ae21574bc4482e9c,bc598349b24548495e10f756b2b29b88,train
6953,component-443935a0199700ef,0037e33c90e66d45636edc6fdecc8d83,test
6954,component-61761f9420088c4a,6763930a378155c7dd52f6d39b1700c9,test
6956,component-a1881dc9122db0a3,c311c9f7d4fa84952f86c83253b6817e,train
6957,component-310acd4ad5174912,823918414dfd0b4e63c8d35d33a35187,test
6959,component-83bdd07a3de44a56,9b1e5aa24a6644e4d11bed84e913d6ed,train
696,component-43377b2be853cd1e,2ce627f7e15258453a2597dae1243380,excluded_test_writer
6960,component-7b80a03af63570cc,abe7bb7889e9fdb39e787421dd84b512,train
6961,component-21e40cf5f737ac89,a7dbba7baa247cdf08f998c547fdbca8,excluded_test_duplicate
6962,component-e905bc1338e81ac2,d4c3d7060f3b58dad2519bdb28d66718,train
6963,component-bc4d1d1d8752f78c,267d19f5e9e50b9d92dc22ed3997b93f,excluded_test_writer
6964,component-630da6658642fcd5,38bc0220b98aa8b509cea77a3f83fdb4,excluded_test_writer
6965,component-57b400ef62fe09f4,81dbb16bb5c84ce33a60e71396c17cb0,train
6966,component-b8c3aaba4f8e9d43,a31a2c62c02e23a6adcddd82bbc41e59,train
6968,component-663f73f8af157c15,baeabbf8a61fa6fd6ea2b8bf3fc74c72,test
6969,component-d51991c5663aa625,e4ada780b952b8c9312b5c24f35e9a08,train
697,component-d6723fa996ced477,29b15cab603b32dfa151eec40dd536c5,test
6970,component-9689b85f503ae431,9285f3fd1b88fcec57da1f0e5e97f7f7,train
6971,component-04a2c66b6616f34b,252512c5d017f3c854d0557faa52a26a,excluded_test_writer
6975,component-a6e67f010662ec02,e5859deaeca879794110a86d3a9a9b2b,excluded_test_writer
6978,component-f3adc356e7a02b32,cea86c8eb1fd7944f68b9254a181378b,train
6979,component-225b8ed56c311723,c5c97ea38bba2778931e44e8f5ed80e3,excluded_test_writer
6980,component-011d7f9963e12be8,b57b9f3fbce1097d104dbc1c80bc0f1d,excluded_test_writer
6981,component-d19d368358bd4451,f7ca72b2f3d9a3277cbcab517cdb7e06,test
6982,component-8242e532584cd172,e724d5baee2c8f072fa640b606545e83,train
6983,component-d76d87a7b92386b9,61e71fa68b067922f6bbfdb6b58399d2,train
6985,component-ea2db9f92dc6cc9f,6afd55fa46ce6d1d2c1f7d6dea497eeb,train
6986,component-012209c94a0f36c7,5e94f26778d57054b113f5210aec50b9,train
6987,component-dbba3d8ea671c253,93388072cb20e201c4f1bdebd724e134,test
6988,component-db0180845e4b3773,261202a946f30f0fc56f0b480f1d5d05,excluded_test_writer
6989,component-88c821898c75be84,726e1d5b6fd7eabeae1dd8a77a34e961,test
6990,component-bfee79a4d391f566,42d15239a8985c514fc3b6437be1e5ef,train
6991,component-c8a0103e43ede4f3,0146f3272f3daea4d715fcfa0c96f252,train
6992,component-a9ca10b9f6d8a742,b15015598dcf7c7e1bc8a85946beffca,test
6993,component-87b99ff27b5d7f00,9e476dce42d8e09cbcd1fe143834d438,train
6994,component-e591039a2a86c20b,347a2c940a81abebbe9c90823126423b,train
6995,component-0ec9160b2e012a8d,d94dcf0d108c97c7a669f007834751cd,train
6996,component-1089e061dfd95b93,001319e50afc4414ad0a30665c1e7ed1,excluded_test_writer
6997,component-40f7da9e28560522,f36c4c9508f9ae22f2f9b3033fdc60cc,test
70,component-ff5a1ae012afa5d4,3938e0f9ce7dab06627a355f37b7a89d,train
71,component-ca7df96bd11f8e59,981b6f65021cf763c4127f1b4b0866f5,test
710,component-8275c4a9f61cfd6a,bbd4b774fe54f5fc946a24ac54059520,train
7100,component-e36deec09aa73922,0c97b67a603ce9215a7de851072b0745,test
7101,component-e096770ae0ef8703,91f299ae61bb6dd99b4abe4d1ebc1c8d,excluded_test_writer
7102,component-8dc3ca795939ee2c,01501eec54f6f0f9286f079c7b23b589,excluded_test_writer
7103,component-0a5b2f055083091a,3222a9dba4d08a27563c955022aecc5f,excluded_test_writer
7104,component-050f09c3e7205aa5,1f52006a564815250203ee9a1c709670,excluded_test_writer
7105,component-8dc3ca795939ee2c,01501eec54f6f0f9286f079c7b23b589,excluded_test_writer
7107,component-ec2e115c168367b1,a068c41780b40f1031001b0c5812f945,train
7108,component-fbf3a50b9f5ed1e1,a156921632273f27094f71d795008edd,train
7109,component-bb1bd9e4349e6691,a21dc66cf3687b1f51b58d5a8fbd2cd4,train
711,component-2499d690642faa4d,6afdf6852ed91a22cca496c28bd01ea8,test
7111,component-94a4096e17404807,4fc4a5629563658a89aa0f519d77450b,train
7113,component-630ae28c3f5ca001,6b01709a93a0b4923b66edced579cca5,test
7117,component-e096770ae0ef8703,91f299ae61bb6dd99b4abe4d1ebc1c8d,excluded_test_writer
7118,component-83aca39845740c20,db5f8888fefccf99ca331c81200a224d,test
7123,component-545fea4461519c46,7d0c63aea4111055e9db2ca4cdaa11ec,excluded_test_writer
7124,component-4d378aa7873acb30,c655ef09b046ee11481247a0c933fd4f,train
7125,component-5a21a541e4ca70c5,ce40a9b3457639cc44130044670ace29,test
7128,component-2e2195595695ad1b,189129d640e627171201045cb3a5fd5b,test
713,component-0861fe2c6ede9d43,3f4858508beaff4eca0d8b8a8111b0c1,test
7130,component-46d97df9a80168d4,3a7382231ca5753b3b4221f9fe477185,train
7131,component-2ef4d28b2edb9582,b9d8027c6b0655234368f49bf0ab22f1,train
7132,component-3cf2a869a60291bc,5e156cc1a36cab5c71a9971b42d45c6f,excluded_test_writer
7133,component-38329bb7b6af6c0c,ac9a3d6f8c0164d98df07c8d21efe239,excluded_test_writer
7134,component-e69baadb0bea7db1,6e238108bbf1fdea87e90fdedadfe697,test
7135,component-43908979b8b2d28d,86ab6aa773eadc55d4034928e050cfa5,test
7136,component-6c2362e0931d2f61,86d14735e1936f4a8c54140061efcdc7,train
7138,component-c95118c20c208c0b,a2ce4335bd96d38ffd039fa2e4cf78ed,train
7139,component-490c26c3fb996a0f,c5d17490ce3c01dea2f9313fff8df3c0,train
714,component-6fda9dc7ffb596e4,fda6ca4b816e64a5449378118ce36a59,excluded_test_writer
7140,component-e096770ae0ef8703,91f299ae61bb6dd99b4abe4d1ebc1c8d,excluded_test_writer
7142,component-fbf3a50b9f5ed1e1,a156921632273f27094f71d795008edd,train
7143,component-0a5b2f055083091a,3222a9dba4d08a27563c955022aecc5f,test
7144,component-7bd6fc391247eb6b,f78ea9843aef72714da760b86302c51e,test
7145,component-769ce52a0423048b,37f30bbcd560fa4f0a46aaab3d63ca81,train
7146,component-9cf39f3feea07380,3bde2e5473c55aac3513e7cdde442058,test
7147,component-2542d2e97f798ab5,880f5d6437a5d7571a88ad121b529e83,test
715,component-bb1bd9e4349e6691,a21dc66cf3687b1f51b58d5a8fbd2cd4,train
7152,component-bb1bd9e4349e6691,a21dc66cf3687b1f51b58d5a8fbd2cd4,train
7153,component-83aca39845740c20,db5f8888fefccf99ca331c81200a224d,excluded_test_writer
7157,component-22e4e5f0051d5717,a663e77fbd8571eba57e1f28950ffc89,test
7158,component-630ae28c3f5ca001,6b01709a93a0b4923b66edced579cca5,excluded_test_writer
7159,component-d8632a76ff0efeb3,a0e9c7c256f139f192101dac20dbce8f,excluded_test_writer
7160,component-e096770ae0ef8703,91f299ae61bb6dd99b4abe4d1ebc1c8d,test
7161,component-545fea4461519c46,7d0c63aea4111055e9db2ca4cdaa11ec,test
7163,component-ff29c5e5454d8f7f,6de9ceb4404531323a4f408d1d0a775b,excluded_test_writer
7164,component-31d77204192be71d,b26ce8b57b7a06edab8e0ee65177d1ca,test
7166,component-0861fe2c6ede9d43,3f4858508beaff4eca0d8b8a8111b0c1,excluded_test_writer
717,component-38329bb7b6af6c0c,ac9a3d6f8c0164d98df07c8d21efe239,excluded_test_writer
7173,component-46d97df9a80168d4,3a7382231ca5753b3b4221f9fe477185,train
7175,component-3cf2a869a60291bc,5e156cc1a36cab5c71a9971b42d45c6f,test
7176,component-2884aad1030f58e0,39f5647cc07975bc12005ed0d8a52272,train
7177,component-e69baadb0bea7db1,6e238108bbf1fdea87e90fdedadfe697,excluded_test_writer
7178,component-6c2362e0931d2f61,86d14735e1936f4a8c54140061efcdc7,train
7179,component-e474339b073f48a0,dbe29a9af5d7ca8304d8d11101d5393c,test
718,component-630ae28c3f5ca001,6b01709a93a0b4923b66edced579cca5,excluded_test_writer
7180,component-de0472d2dd790e06,4ab68e84fd25c897228910a47d6bf35e,test
7182,component-2ef4d28b2edb9582,b9d8027c6b0655234368f49bf0ab22f1,train
7183,component-882555fb1b4a06b0,6a9e90d42aa88352cbec45c7cc146fcb,train
7184,component-d18b5caf055f72de,a6a4af1fd0caa6d408ae8389121205f6,train
7186,component-490c26c3fb996a0f,c5d17490ce3c01dea2f9313fff8df3c0,train
7187,component-6493b0d4884a8d45,c0dac2e8062e9ab35a21862e88cef130,test
7188,component-e2688cb007b9ecd1,bffb5712803ab00f2fe3860385b41f4f,train
7189,component-3e534fec605a6e25,10b7f9f0d67f973654d9b44fc8301d57,excluded_test_writer
7191,component-5d935a36c301b60a,3aa6c7fd9bc33a91d933bcb6996d9a59,train
7192,component-0bf74c7a20edc358,54ee5b41e9d49ee7d5fcccba2b991657,test
7193,component-3fe9eb6564da9fb4,50ca4d48c8ce8f4f2f2381aaf31b00c3,test
7194,component-4aaf3134cd70f84a,040964e94b1cc2254dcc2a6cba3427ae,train
7195,component-8dc3ca795939ee2c,01501eec54f6f0f9286f079c7b23b589,excluded_test_writer
7196,component-0a5b2f055083091a,3222a9dba4d08a27563c955022aecc5f,excluded_test_writer
7197,component-fbf3a50b9f5ed1e1,a156921632273f27094f71d795008edd,train
7198,component-0068ddd8e47ab646,2e502068883db0ba0da4bc3391d424ee,test
7199,component-83aca39845740c20,db5f8888fefccf99ca331c81200a224d,excluded_test_writer
72,component-98188de834a33471,b0c29df027c9c3949df466ee0971b79d,train
720,component-ff29c5e5454d8f7f,6de9ceb4404531323a4f408d1d0a775b,test
7200,component-3c5d8ca315f8c36d,d03c1b634958b432d30976ea42e5ba46,test
7201,component-6360a744538bee57,30b486a78abed1ba462568819fa51202,excluded_test_writer
7203,component-8dc3ca795939ee2c,01501eec54f6f0f9286f079c7b23b589,excluded_test_writer
7204,component-ed12f17149c7e7b5,c12f3d49cc74731bbba3b59659c19cb0,test
721,component-d8632a76ff0efeb3,a0e9c7c256f139f192101dac20dbce8f,excluded_test_writer
723,component-fbf3a50b9f5ed1e1,a156921632273f27094f71d795008edd,train
725,component-e096770ae0ef8703,91f299ae61bb6dd99b4abe4d1ebc1c8d,excluded_test_writer
726,component-e53913236d1374d3,a9fdb79945ed7c654fee9c0d33cdacc8,test
727,component-cabe0b4f094bf2b2,b075c1035c66a225fe535e11ccc7c848,train
729,component-06af9c70a04f5ff0,12d42f727bc3ae2020335c9cea2890f6,excluded_test_writer
73,component-9cf39f3feea07380,3bde2e5473c55aac3513e7cdde442058,excluded_test_writer
730,component-d5ca8ebe7d5ec58c,b4e1f3a1a21b5c53357be4b327309e61,train
731,component-f24f1a64b591544a,216a8232ee36496b9895d2d51e8a51be,train
732,component-4507c528f7bcb76b,918798c6920d19e67c74c5cd63bb44f8,excluded_test_writer
734,component-c2a181d8178a9f75,f43b469e12ec98b2c43c5111d1aedcde,test
735,component-545fea4461519c46,7d0c63aea4111055e9db2ca4cdaa11ec,excluded_test_writer
736,component-2b9449f314bf9314,86008fc112d5c10511094ba6515927ff,test
737,component-bc8db39f614342b7,c5d463109ada557ad63c2aaef9c4b4ef,train
74,component-eb624dbe56eb6620,78439edbe407f8312b14e372065de66c,test
740,component-234666d765f4c0a2,70946d0c0877898101024abae8b93a85,test
741,component-75f7313c20144e39,153db25dc43052e718740e7b87e4f6c5,train
742,component-ccbcd0d62f439eac,7cfe0028ac54d8eaeae2c9dc48ec07ef,train
743,component-6360a744538bee57,30b486a78abed1ba462568819fa51202,test
744,component-a15faf6f6c7e4c11,3f0df18637d41657c051007fb58ded25,test
745,component-42c6024940120036,d30290f62cd4e7fbf24d51be6848f92b,test
746,component-ca7df96bd11f8e59,981b6f65021cf763c4127f1b4b0866f5,excluded_test_writer
747,component-98188de834a33471,b0c29df027c9c3949df466ee0971b79d,train
748,component-0c658eb5d61e88c8,90dd6392423ee0459bf32e562e92faf0,train
749,component-630ae28c3f5ca001,6b01709a93a0b4923b66edced579cca5,excluded_test_writer
750,component-8275c4a9f61cfd6a,bbd4b774fe54f5fc946a24ac54059520,train
751,component-050f09c3e7205aa5,1f52006a564815250203ee9a1c709670,test
752,component-0a5b2f055083091a,3222a9dba4d08a27563c955022aecc5f,excluded_test_writer
753,component-8dc3ca795939ee2c,01501eec54f6f0f9286f079c7b23b589,excluded_test_writer
755,component-fbf3a50b9f5ed1e1,a156921632273f27094f71d795008edd,train
757,component-ec2e115c168367b1,a068c41780b40f1031001b0c5812f945,train
759,component-6fda9dc7ffb596e4,fda6ca4b816e64a5449378118ce36a59,excluded_test_writer
76,component-f74efabef12ea619,1948cc47e6503bdb9dbf76e5cf45fbe1,train
760,component-9cf39f3feea07380,3bde2e5473c55aac3513e7cdde442058,excluded_test_writer
761,component-e096770ae0ef8703,91f299ae61bb6dd99b4abe4d1ebc1c8d,excluded_test_writer
762,component-8dc3ca795939ee2c,01501eec54f6f0f9286f079c7b23b589,test
763,component-8275c4a9f61cfd6a,bbd4b774fe54f5fc946a24ac54059520,train
764,component-6fda9dc7ffb596e4,fda6ca4b816e64a5449378118ce36a59,test
765,component-a67063986e67b7dd,2b72037040f5386830ffb06c7999728f,train
767,component-6fda9dc7ffb596e4,fda6ca4b816e64a5449378118ce36a59,excluded_test_writer
768,component-8dc3ca795939ee2c,01501eec54f6f0f9286f079c7b23b589,excluded_test_writer
769,component-0a5b2f055083091a,3222a9dba4d08a27563c955022aecc5f,excluded_test_writer
770,component-7bd6fc391247eb6b,f78ea9843aef72714da760b86302c51e,excluded_test_writer
771,component-ec2e115c168367b1,a068c41780b40f1031001b0c5812f945,train
773,component-bb1bd9e4349e6691,a21dc66cf3687b1f51b58d5a8fbd2cd4,train
774,component-e53913236d1374d3,a9fdb79945ed7c654fee9c0d33cdacc8,excluded_test_writer
775,component-94a4096e17404807,4fc4a5629563658a89aa0f519d77450b,train
776,component-3daebbc6dfd81355,7358728e526e7718df8a0aa630a919bc,train
777,component-eaf89db7108470dc,1d49020a9377ba8c2ac4db429088d395,train
779,component-630ae28c3f5ca001,6b01709a93a0b4923b66edced579cca5,excluded_test_writer
780,component-e096770ae0ef8703,91f299ae61bb6dd99b4abe4d1ebc1c8d,excluded_test_writer
781,component-06af9c70a04f5ff0,12d42f727bc3ae2020335c9cea2890f6,test
782,component-fbf3a50b9f5ed1e1,a156921632273f27094f71d795008edd,train
783,component-d8632a76ff0efeb3,a0e9c7c256f139f192101dac20dbce8f,test
784,component-ff108b68b0e9bc1e,6adb16ac50459f21f6e6c1ff0c11d6a4,test
785,component-83aca39845740c20,db5f8888fefccf99ca331c81200a224d,excluded_test_writer
786,component-87c7965a1cc6c11a,c0a04e6c9b4213291797365785fc23eb,test
787,component-fc091d39524c9d4b,15969c5b5703200c0b795d90c0c10798,test
788,component-ff29c5e5454d8f7f,6de9ceb4404531323a4f408d1d0a775b,excluded_test_writer
789,component-22e4e5f0051d5717,a663e77fbd8571eba57e1f28950ffc89,excluded_test_writer
792,component-cabe0b4f094bf2b2,b075c1035c66a225fe535e11ccc7c848,train
795,component-c032851ed192d8ac,fc8145cdf816105ab4ac8fcfda8f0bd3,train
796,component-724213d95916de04,fabbd15b7d6681ca864d355abb90b0e5,train
797,component-f7abf2a084c3668c,b56186090e9efc6ae70059bd40ea41f4,test
798,component-0861fe2c6ede9d43,3f4858508beaff4eca0d8b8a8111b0c1,excluded_test_writer
799,component-d5ca8ebe7d5ec58c,b4e1f3a1a21b5c53357be4b327309e61,train
81,component-5316ca1c5ddca8e6,d489bc879f6b845ceee7a6754cc89b4b,test
811,component-9e061ea62f657598,99812541ba69283a4cbdd3de8beef141,excluded_test_writer
812,component-313c938e0103b56b,b3a364783c6dd3128e42b97f92c98c0d,train
813,component-477d8dffaf92d265,08694f91220a5bf5992574db6ea104cc,train
815,component-9bbd0b8c457069aa,9cbde785a2db62d8e7952ee8b442470d,test
816,component-96bb293aaa330ef3,8225e1062d1f8912df9df82738258f15,test
819,component-630ae28c3f5ca001,6b01709a93a0b4923b66edced579cca5,excluded_test_writer
822,component-1e5b0ff5ade87540,84e2f6a26a59966ad3f60bab3f3aeb11,test
823,component-7a84ae249fa744b8,a414985e067aa4451a7a78349761a40a,train
824,component-9e9831a41f65d494,642204b130994203de0c9cfe69d7f798,excluded_test_writer
825,component-38329bb7b6af6c0c,ac9a3d6f8c0164d98df07c8d21efe239,test
84,component-9e061ea62f657598,99812541ba69283a4cbdd3de8beef141,test
86,component-434c9b5ae514646b,47ded9f3cca503dfcab257e55a58ad68,test
88,component-9bbd0b8c457069aa,9cbde785a2db62d8e7952ee8b442470d,excluded_test_writer
89,component-cd70bea023f752a0,e7693678bb150760f47273a438b37c38,test
90,component-69f59c273b6e669a,93b780725b847bf731be2817fa8fa74f,test
91,component-1da51b8d8ff98f6a,558cd57a9d5c1a8feff2b181a1fd1fee,train
910,component-44ae849bbc20da1e,5812d0c9932e64c2a83b87e287edcf78,test
911,component-a5ccb1c538e34663,5b469547468905b00cd8f3c39c5367f3,train
912,component-2dc25d965e9d96d5,d3b0dae6a014108cccb1807163ba7d6c,test
914,component-576ab0c93d6dab00,4929cea298d43ba0170a26c8857b4ee0,train
915,component-b9dafef03fc90f65,9038aebf03eef8a2ef2fe00fd688bed7,test
916,component-953815689985e39a,6400e301c29e3158a43975430d9d0138,test
917,component-44ae849bbc20da1e,5812d0c9932e64c2a83b87e287edcf78,excluded_test_writer
919,component-72e2a64a7b67303c,409fc7a72d5d8f3eb2df0bcb7fcd5da4,excluded_test_writer
92,component-8241649609f88ccd,98c7896b2ce86d8cac0f2a86d291f84e,train
920,component-576ab0c93d6dab00,4929cea298d43ba0170a26c8857b4ee0,train
922,component-b312d5fbcfab403a,d3b5e6cede9960b1e75bf85c1feaa844,test
923,component-b5a9ede9a93528be,41e9d0a7b7e43fc3b15e1b67287279da,test
93,component-6e4001871c0cf27c,9f24629b03b67fcfde96922ed826c636,test
94,component-e3d6c4d4599e0088,255eafbdc4415fd65dfc5624f0929b2b,train
95,component-44ae849bbc20da1e,5812d0c9932e64c2a83b87e287edcf78,excluded_test_writer
96,component-72e2a64a7b67303c,409fc7a72d5d8f3eb2df0bcb7fcd5da4,test
97,component-2dc25d965e9d96d5,d3b0dae6a014108cccb1807163ba7d6c,excluded_test_writer
98,component-576ab0c93d6dab00,4929cea298d43ba0170a26c8857b4ee0,train
99,component-8c1f1046219ddd21,c0d0589e8879fc136b912b0597e327b1,test
