item_id,group_id,writer_id,validation_fold
210,component-0b1c1e3db50a8caa,17220e612ae7550dbdcf31ac8b40ebb7,1
2100,component-4f5131ea0c5a3e7f,02b97aa07c2fc9c81b5520592c7e8d2c,1
2103,component-8cd32e25edb628ca,d4518d3887ca266ed7a8748afb75119e,0
2104,component-0b1c1e3db50a8caa,17220e612ae7550dbdcf31ac8b40ebb7,1
2107,component-74e7091094989907,5f776c3cf521d418ddc65a2f8a72e9e3,1
2108,component-0b1c1e3db50a8caa,17220e612ae7550dbdcf31ac8b40ebb7,1
2110,component-95d11a1a88e7893f,12511b11e77c0fd9f016a620eaa1f7b4,1
2111,component-9053fa05b6952cf7,cbaffa5220b94d323ddee491e1550d4d,2
2113,component-1dce26a45d8d16ae,6d26d4ff619aec245a536fe39cd511d8,2
2119,component-20756d2b18a439fe,9f90552a56ef097d5f437cfff57728af,0
2121,component-0b1c1e3db50a8caa,17220e612ae7550dbdcf31ac8b40ebb7,1
2124,component-70e8d52a9b4616e7,15896e22b3eafb855151e1c79d5a7d8a,1
2127,component-8cd32e25edb628ca,d4518d3887ca266ed7a8748afb75119e,0
2131,component-c49b0dece16c3a6b,3fc372a6edde3e1d1172073cf6b72e4d,1
2132,component-8448796b6e74894c,10d24bcc5693e93669732a9176758431,1
2133,component-3c1d9213f8765a2a,d3d17a7acd10ee59dfd8feabbcab5288,2
2135,component-fb48aaf65ec04e4b,74fcd544483757dfac700e09f30c65ba,1
2136,component-0b1c1e3db50a8caa,17220e612ae7550dbdcf31ac8b40ebb7,1
2140,component-c29db52b9be8a7ed,50a61e7cf6e706ffc5df494c659bd1e9,1
2150,component-0b1c1e3db50a8caa,17220e612ae7550dbdcf31ac8b40ebb7,1
2152,component-1422ba74bf2e76ff,cf2aa86a12eb1e74fb275e391fd0a0b4,0
2154,component-f5e957604ebe365f,3e3e4c9549afb1fbf9d387f58a4ffddc,2
2156,component-188db7f5c98d585b,4e87c8702d10784cb46c8d0f9be63210,0
2157,component-ddd8121412f29434,094fc4b0a71388d136fc471ae818e529,1
2159,component-c29db52b9be8a7ed,50a61e7cf6e706ffc5df494c659bd1e9,1
2164,component-c29db52b9be8a7ed,50a61e7cf6e706ffc5df494c659bd1e9,1
2165,component-71f051c220b59a0d,ba00e1104f4fa24aa2ebc9fa747197cc,0
217,component-16badfc6202cb3f8,99907d478cdbaeb5388db3459408282c,1
2170,component-8448796b6e74894c,10d24bcc5693e93669732a9176758431,1
2171,component-9053fa05b6952cf7,cbaffa5220b94d323ddee491e1550d4d,2
2174,component-1dce26a45d8d16ae,6d26d4ff619aec245a536fe39cd511d8,2
2175,component-e289e5f7d06013a3,8fa922a1116d1ab2ebef342a59180c7c,2
2183,component-bc83cbb2d6dcba93,0520aa2bf9b054591f00957b9e725796,2
2185,component-c60d3692ebbe6f8c,3e92c2134d4599ed8594b80f07dc91ec,0
2188,component-95d11a1a88e7893f,12511b11e77c0fd9f016a620eaa1f7b4,1
2190,component-0b1c1e3db50a8caa,17220e612ae7550dbdcf31ac8b40ebb7,1
2196,component-ddd8121412f29434,094fc4b0a71388d136fc471ae818e529,1
2199,component-f36e2794472c13ef,b622bc9a05882d0d6abff082938b51e8,0
22,component-785f3ec7eb32f30b,a880badbe5c3ab98cb1e7a1c18eafa8c,1
2200,component-755a30d48d8a3314,60983b3bd13dd10274916058294b5b0c,1
2203,component-0b1c1e3db50a8caa,17220e612ae7550dbdcf31ac8b40ebb7,1
2204,component-71f051c220b59a0d,ba00e1104f4fa24aa2ebc9fa747197cc,0
2206,component-c60d3692ebbe6f8c,3e92c2134d4599ed8594b80f07dc91ec,0
2209,component-9e4067ac93c6febd,6b6eebfc83deea4fea1bf929230a91a6,2
2214,component-4ff57f0bce33b3f1,6f68c0956bba52adbcf3cc60b9a6f7cc,0
2215,component-7de25656de2fdb7d,1ce71b6ac5f663a0b42fb6f1fbee8d21,0
2217,component-1dffd68e5364ca23,0ac991e95b5215331187e2a99026b175,0
2219,component-52018340d5255b7d,cab07429007b2226ef43ee20f370e62f,1
2220,component-230ad27c6e6e2766,961c8f1eeff1c5fa7d581c339edd2950,0
2221,component-0337d6fcd298bc66,f3ff2b8aa9b422b423be0cf293538ad4,2
2222,component-edee29f882543b95,8c2bbd43838f4731e870e982ad2744cc,2
2223,component-fccb6362a9a78e11,9862fc14ed5588a6a19cf51eb4e16eeb,1
2229,component-09dc1bb2b25a72c6,fd91babda8f650a854e5fc739b611405,1
2232,component-48fe0661615dd0a2,e31c8ab8ab933ee216cd041e3199ebd7,1
225,component-f5e957604ebe365f,3e3e4c9549afb1fbf9d387f58a4ffddc,2
226,component-71f051c220b59a0d,ba00e1104f4fa24aa2ebc9fa747197cc,0
227,component-dfe62e836a0a6f26,e68a1b8496559da478924f96121f485b,0
229,component-0b1c1e3db50a8caa,17220e612ae7550dbdcf31ac8b40ebb7,1
232,component-9053fa05b6952cf7,cbaffa5220b94d323ddee491e1550d4d,2
233,component-c0509a487a18b003,1883ce91ecda8ead0c7c0185433b4879,0
24,component-c2356069e9d1e79c,9e5c95af2f73501ac5c604576af76873,2
242,component-14063697603e22d6,06657290905a42e3aaff0df50d209f64,2
244,component-71f051c220b59a0d,ba00e1104f4fa24aa2ebc9fa747197cc,0
247,component-396f804443825586,21f5eb7a0a5d7cd22b7cca301593d6f4,2
248,component-0b1c1e3db50a8caa,17220e612ae7550dbdcf31ac8b40ebb7,1
250,component-e289e5f7d06013a3,8fa922a1116d1ab2ebef342a59180c7c,2
254,component-9512d95d00d61bde,0d167c8f2533ac37b455263fe54ce9c7,2
257,component-4c970004b0678d43,0374d808f34f7969d7609f1fb90f2e33,0
260,component-8cd32e25edb628ca,d4518d3887ca266ed7a8748afb75119e,0
264,component-f5e957604ebe365f,3e3e4c9549afb1fbf9d387f58a4ffddc,2
268,component-8b496bf96bbcc9e5,5859257f7cdeccec704af61730f19f85,0
269,component-1422ba74bf2e76ff,cf2aa86a12eb1e74fb275e391fd0a0b4,0
27,component-670671cd97404156,b0ec57bab3c90f15c5ff0c8afa5373a6,0
270,component-d8d1790737d57ac4,f36cb91b11f8ae326cfdc76c51e615e6,2
275,component-3a1dfb05d7257530,72f58014e3ac660b732c9abf5d57dc71,2
278,component-0b1c1e3db50a8caa,17220e612ae7550dbdcf31ac8b40ebb7,1
279,component-1dce26a45d8d16ae,6d26d4ff619aec245a536fe39cd511d8,2
28,component-f5e957604ebe365f,3e3e4c9549afb1fbf9d387f58a4ffddc,2
282,component-27e1615212f3c6ea,65ef3deb821d46327948bd36b8e12e1d,1
29,component-35135aaa6cc23891,8a6b60ef8a3b88ed7d956575e1c1b713,2
292,component-755a30d48d8a3314,60983b3bd13dd10274916058294b5b0c,1
295,component-8448796b6e74894c,10d24bcc5693e93669732a9176758431,1
296,component-71f051c220b59a0d,ba00e1104f4fa24aa2ebc9fa747197cc,0
297,component-ddd8121412f29434,094fc4b0a71388d136fc471ae818e529,1
298,component-e289e5f7d06013a3,8fa922a1116d1ab2ebef342a59180c7c,2
31,component-eb1e33e8a81b697b,cbbc69c884a2dedb362a2d0751fcbc54,0
310,component-226f76b55acb4970,a00d257bb6c1a83911eb4c423bb79640,0
3100,component-c3e37dfbf3675291,69704ffe29e10b91b2334847b48f2e19,1
31000,component-c46b6aa724a2ce00,955963907341fb3b98e54785f71c9843,0
31001,component-1a363478b7ca07c8,e8d39af016c644d6b71f2418ad5f9d65,1
31003,component-5ab827fceb283774,0d64d556907563bd1474e5f7c36ed384,2
31005,component-b32d8f5bfd086a5c,a36d0c9b13fd522fbfcd8ce8587fd144,0
31007,component-471f6696aa8dc9a8,4cd83c61495521cce50246c680de7775,0
3101,component-4c126bb257a91ca0,779b18d3f0b08ed5619419bd0ebbfc12,1
31012,component-8a8f2ac537c779a6,5a2d760f53d03effa261871a992d8882,2
31014,component-c9857cd0953bd638,77efc6776f7a210ad01d8785ef96c20f,0
31017,component-a876ef01c41c6ced,ca369dfae59d771345a8bc6ae6ee7ef8,0
3102,component-9ec5adcb162fea7b,736cf5f82cbba60c01fe0986a8ff847e,1
31025,component-9e43b0a3aa47362b,71725afa76786ee8ed9538a68b884dd1,0
31027,component-1f2635a5437efb4f,b41415d7e4bafb48728410265c843acd,0
31028,component-8d7df010318e9073,6770b7b28fb532a9c3927793876e8013,2
3103,component-05550bc685f04599,71b02c2b99805a5b65fe1658ebff3d78,2
31031,component-838d45075fa24868,bc1ec245e40632a2789fb09f05f7e608,0
31032,component-0b8c9e0db54716c4,6bb4364a6e771f56978aa4a249d659c8,0
31036,component-414dc7a015d6bc58,198a791caca607c9c4b5bb7da2bd7f46,2
31037,component-42fc7cba3524f343,414933879798d98b041c76d0f2a95d7e,2
31038,component-0c68ea7495e3af75,a23d54e0725738a1105cdd7161e499b1,2
3104,component-8e2d91da4e36f2d8,ee44c445eccad52622756c9188e1f416,2
31041,component-a8c14fa52943719a,637104db7200547c43914b47ba7de345,2
31049,component-747e80721ad00db3,b54c99b125f75083765440a9aa38e91e,2
31050,component-baff23a90e039f74,ed7a317055cd989955ef84228664cb44,1
31051,component-3bd567171df5c1dd,51abdeb1c17521adf150cafc0fb8903a,1
31052,component-5d46b485417106f5,d3913f295c8ffcebdef3e667d5bbbeaf,0
31055,component-45527596d2b236dc,96fd862632f180eb9e954699301406fb,2
31057,component-9f98cc836005795c,a92d76ce898045da701e484d9990206b,2
31058,component-27f2e4ca84a40087,cc44600d3c77b2beb4f10af253962c15,0
31059,component-c8bbfba9cf732756,d53a400ee0161a431acd9ab0c945a288,2
31066,component-747e80721ad00db3,b54c99b125f75083765440a9aa38e91e,2
31073,component-a8c14fa52943719a,637104db7200547c43914b47ba7de345,2
31075,component-a9a6952cac90d135,aa81016e4781049055df0acc62626e7e,2
31078,component-4e83352499c233bc,9b74e270dbd0155cadaaa19c8b99b44b,2
31079,component-f84cc7ceb2f8ae46,a68fe5dd5491a8e5c563291e0ee30617,0
31086,component-25df5f53b2dd6d97,b2d19612dbcea183a25019cbe15bd61b,2
3109,component-aeb5d182368bc8fa,77cbb39d3cddc88289673336a14f4c4d,1
31090,component-c46b6aa724a2ce00,955963907341fb3b98e54785f71c9843,0
31091,component-19bc501fab39d151,22c2c89c2bab9f37328a70e25553b567,1
31092,component-b32d8f5bfd086a5c,a36d0c9b13fd522fbfcd8ce8587fd144,0
31093,component-471f6696aa8dc9a8,4cd83c61495521cce50246c680de7775,0
31095,component-d2058f621cd60aad,830b41bac56d8a3be35a985bb8111278,1
31097,component-486fcacacb5ac20e,904247cc71ac2a29ccd042fed317051c,0
31099,component-6f27c804643fab46,65f47b1b54bc68f60fcf8a4f9b605f36,1
311,component-c3e37dfbf3675291,69704ffe29e10b91b2334847b48f2e19,1
3110,component-347ff26ffaaa0d13,8b8f157835767f6c42a7a3f2a66d44c6,0
31100,component-e1e499eeb19d6d84,52aa8ea70140b465ce5ac8ee9099db71,1
31107,component-571c04fd9e7d74ee,e90f12f0f98dce16b4e7e5d16aeaf154,0
31109,component-5d46b485417106f5,d3913f295c8ffcebdef3e667d5bbbeaf,0
31113,component-747e80721ad00db3,b54c99b125f75083765440a9aa38e91e,2
31115,component-302ae8c8df68912a,12990b90fffe79aed07dd7117d76aba0,2
31120,component-b32d8f5bfd086a5c,a36d0c9b13fd522fbfcd8ce8587fd144,0
31125,component-42fc7cba3524f343,414933879798d98b041c76d0f2a95d7e,2
31126,component-a8c14fa52943719a,637104db7200547c43914b47ba7de345,2
31128,component-086d7b05f45a7ae7,33d817e01706c19e3f4688597ef020b3,2
31130,component-747e80721ad00db3,b54c99b125f75083765440a9aa38e91e,2
31133,component-a2dead73a84cae82,556cbab391837b35e3db80610718df53,1
31135,component-25df5f53b2dd6d97,b2d19612dbcea183a25019cbe15bd61b,2
31136,component-a3398cfb17ecf4fb,a18e611983eb5ee66f9d4abfd0f1def5,0
31142,component-838d45075fa24868,bc1ec245e40632a2789fb09f05f7e608,0
31144,component-27f2e4ca84a40087,cc44600d3c77b2beb4f10af253962c15,0
31148,component-72ba6754e6fc6503,d24153338c0ba84e2fec2b499a7c5495,0
31149,component-330b6dd5c292c708,1338c7f67d52c389a54af19925ba97be,0
3115,component-29b159f5ad5a0c8e,1d065d7c40002fc2f4de0026f5cdfd95,0
31151,component-471f6696aa8dc9a8,4cd83c61495521cce50246c680de7775,0
31152,component-b32d8f5bfd086a5c,a36d0c9b13fd522fbfcd8ce8587fd144,0
31155,component-c9857cd0953bd638,77efc6776f7a210ad01d8785ef96c20f,0
31158,component-8d7df010318e9073,6770b7b28fb532a9c3927793876e8013,2
3116,component-592912dff2a1f74f,4b7502650f258fb3605a79c0d0736d90,0
31162,component-0b8c9e0db54716c4,6bb4364a6e771f56978aa4a249d659c8,0
31163,component-a09298272ebb68bb,79088521ba0f8893e257d0abcf4f4552,1
31166,component-302ae8c8df68912a,12990b90fffe79aed07dd7117d76aba0,2
31168,component-a3398cfb17ecf4fb,a18e611983eb5ee66f9d4abfd0f1def5,0
31170,component-45527596d2b236dc,96fd862632f180eb9e954699301406fb,2
31172,component-747e80721ad00db3,b54c99b125f75083765440a9aa38e91e,2
31173,component-5d46b485417106f5,d3913f295c8ffcebdef3e667d5bbbeaf,0
31186,component-414dc7a015d6bc58,198a791caca607c9c4b5bb7da2bd7f46,2
31191,component-927b0acb3abc859b,362250067389e8225afe64e7d829734d,2
31192,component-0fb47b85e2e2bdea,4f84fc17b1e3510a0ec4fc25ee7606e0,2
31199,component-ae1b51db3688dfa1,6d0ab767a4ac8c79654372dbd1a3a8dc,2
31201,component-5d46b485417106f5,d3913f295c8ffcebdef3e667d5bbbeaf,0
31204,component-747e80721ad00db3,b54c99b125f75083765440a9aa38e91e,2
31208,component-45527596d2b236dc,96fd862632f180eb9e954699301406fb,2
31209,component-dd032a3a7c43c58d,ea6682f3e8f98c7b5e069d8395ee2306,2
31212,component-b32d8f5bfd086a5c,a36d0c9b13fd522fbfcd8ce8587fd144,0
31215,component-9f98cc836005795c,a92d76ce898045da701e484d9990206b,2
31217,component-a09298272ebb68bb,79088521ba0f8893e257d0abcf4f4552,1
31219,component-25df5f53b2dd6d97,b2d19612dbcea183a25019cbe15bd61b,2
31221,component-8a8f2ac537c779a6,5a2d760f53d03effa261871a992d8882,2
31222,component-a3398cfb17ecf4fb,a18e611983eb5ee66f9d4abfd0f1def5,0
31229,component-5d46b485417106f5,d3913f295c8ffcebdef3e667d5bbbeaf,0
31235,component-838d45075fa24868,bc1ec245e40632a2789fb09f05f7e608,0
31238,component-c46b6aa724a2ce00,955963907341fb3b98e54785f71c9843,0
31239,component-71e6f5c88bbfa93a,4c2833e356ff0132a7a11a855e6dd0d6,2
31241,component-8d7df010318e9073,6770b7b28fb532a9c3927793876e8013,2
31242,component-a8c14fa52943719a,637104db7200547c43914b47ba7de345,2
31255,component-747e80721ad00db3,b54c99b125f75083765440a9aa38e91e,2
31258,component-a3398cfb17ecf4fb,a18e611983eb5ee66f9d4abfd0f1def5,0
31259,component-baff23a90e039f74,ed7a317055cd989955ef84228664cb44,1
31263,component-25df5f53b2dd6d97,b2d19612dbcea183a25019cbe15bd61b,2
31264,component-4701e8f8a75d439e,79c042ecd443a4390992a85e9d2c2480,0
31266,component-5d46b485417106f5,d3913f295c8ffcebdef3e667d5bbbeaf,0
31267,component-a2dead73a84cae82,556cbab391837b35e3db80610718df53,1
31268,component-6ad6c2e4ab02a6e3,9a00bd3cad3a44dd453eb1da4bbbde8d,2
31272,component-2429a0818f75039e,16e807b210cd7b34e0a5ee1d86b431ae,2
31273,component-9e43b0a3aa47362b,71725afa76786ee8ed9538a68b884dd1,0
31274,component-bb723943d53cb298,076fd1fc63109a4576903cc4f7719b6c,1
31275,component-b32d8f5bfd086a5c,a36d0c9b13fd522fbfcd8ce8587fd144,0
31278,component-baff23a90e039f74,ed7a317055cd989955ef84228664cb44,1
31279,component-302ae8c8df68912a,12990b90fffe79aed07dd7117d76aba0,2
3128,component-cc48054866ccc7e8,d5d9c28e872d69b953b60f1e793d7415,2
31284,component-a8c14fa52943719a,637104db7200547c43914b47ba7de345,2
31288,component-1f2635a5437efb4f,b41415d7e4bafb48728410265c843acd,0
31291,component-d1bb79a93ab00413,b04a597eae978675e56824228e594a19,2
31297,component-5d46b485417106f5,d3913f295c8ffcebdef3e667d5bbbeaf,0
31302,component-39fdb404635e8a57,22b7cc345c7d262a17737f5b9ab2c072,1
31303,component-a8c14fa52943719a,637104db7200547c43914b47ba7de345,2
31306,component-baff23a90e039f74,ed7a317055cd989955ef84228664cb44,1
31316,component-25df5f53b2dd6d97,b2d19612dbcea183a25019cbe15bd61b,2
31318,component-4701e8f8a75d439e,79c042ecd443a4390992a85e9d2c2480,0
3132,component-e1a34e2c586d6965,e59e3ae93184512bcf093645466509b2,1
31326,component-45527596d2b236dc,96fd862632f180eb9e954699301406fb,2
31327,component-d3109358c740513f,2542e8afd31b85134962ff5bcc0454a8,1
31328,component-526d3de4cf6b00b6,69e5a4daaea76d2e958c8b154bc97179,1
31331,component-330b6dd5c292c708,1338c7f67d52c389a54af19925ba97be,0
31333,component-b32d8f5bfd086a5c,a36d0c9b13fd522fbfcd8ce8587fd144,0
31336,component-a8c14fa52943719a,637104db7200547c43914b47ba7de345,2
31337,component-1483099c89000a68,322da8e72c169869125b6e4cd381f5f2,1
31344,component-123c4b1ed3108ec5,51b31bbbb30a24a63584723229e18905,2
31345,component-0fb47b85e2e2bdea,4f84fc17b1e3510a0ec4fc25ee7606e0,2
31351,component-747e80721ad00db3,b54c99b125f75083765440a9aa38e91e,2
31352,component-936bef1fb49df3ad,194f1baebcfcd5128394502cebb93fa5,1
31353,component-5d46b485417106f5,d3913f295c8ffcebdef3e667d5bbbeaf,0
31354,component-25df5f53b2dd6d97,b2d19612dbcea183a25019cbe15bd61b,2
31355,component-dd032a3a7c43c58d,ea6682f3e8f98c7b5e069d8395ee2306,2
31365,component-302ae8c8df68912a,12990b90fffe79aed07dd7117d76aba0,2
31367,component-0f817bc1256516ef,d2bcfc0a59d3a5bf14b6e88d3494a80e,2
31368,component-0c68ea7495e3af75,a23d54e0725738a1105cdd7161e499b1,2
31370,component-0fb47b85e2e2bdea,4f84fc17b1e3510a0ec4fc25ee7606e0,2
31371,component-a8c14fa52943719a,637104db7200547c43914b47ba7de345,2
31373,component-a2dead73a84cae82,556cbab391837b35e3db80610718df53,1
31374,component-123c4b1ed3108ec5,51b31bbbb30a24a63584723229e18905,2
31379,component-a3398cfb17ecf4fb,a18e611983eb5ee66f9d4abfd0f1def5,0
31380,component-747e80721ad00db3,b54c99b125f75083765440a9aa38e91e,2
31384,component-838d45075fa24868,bc1ec245e40632a2789fb09f05f7e608,0
31386,component-27f2e4ca84a40087,cc44600d3c77b2beb4f10af253962c15,0
3139,component-d2addcc965fed481,bc8bd043500aa638f7fff95e3c12d865,0
31391,component-baff23a90e039f74,ed7a317055cd989955ef84228664cb44,1
31392,component-328168b77615b7af,e335a301675664ba363f3234d5a26a18,2
31395,component-b32d8f5bfd086a5c,a36d0c9b13fd522fbfcd8ce8587fd144,0
31401,component-a09298272ebb68bb,79088521ba0f8893e257d0abcf4f4552,1
31402,component-baff23a90e039f74,ed7a317055cd989955ef84228664cb44,1
31404,component-086d7b05f45a7ae7,33d817e01706c19e3f4688597ef020b3,2
31410,component-25df5f53b2dd6d97,b2d19612dbcea183a25019cbe15bd61b,2
31411,component-a3398cfb17ecf4fb,a18e611983eb5ee66f9d4abfd0f1def5,0
31413,component-0fb47b85e2e2bdea,4f84fc17b1e3510a0ec4fc25ee7606e0,2
31416,component-aa1afcfd3a19edd5,685758b34df5c920a2a379797a2da107,0
31418,component-32aee8b48c223877,907addf9c2b5762a6d67f758a8151122,0
31419,component-9437eee19b5c5053,9bac82a264668dfc6d0c7016db84337b,1
3142,component-89cb186b8b3c6d21,4b9d4ae7e399fbf203de775cab342135,1
31420,component-c8bbfba9cf732756,d53a400ee0161a431acd9ab0c945a288,2
31423,component-56aab15df1917647,394e31443e6fc819d6ca555474c4cb5a,2
3146,component-9b99fe8d3230fe1b,1925b8906423e86da9284cba55d0de98,2
3147,component-c21af72451d75650,53b2f73fea376fda83bf1c8878c81b5d,2
3149,component-c3f577c63a6c6bca,d0748555a6ddd63ce7e3cb9c43821db2,2
3152,component-b83d4086daad65f8,26d8b2221948b31c8b53b648f4e8c60b,1
3155,component-22c7f088de0b7be3,0d300441f4bccbf79601c44298c8534d,1
3158,component-7fd4b59a83f05fa0,5ffcf7d96d7c35d486fd5a1382644165,1
3160,component-d31b04b46bdb26af,d6abf470f86d4a7f6278f68fe3f439b0,1
3161,component-fbfd6393c2b37ff4,4048f07337761a87d47c5caa710b3613,2
3162,component-d298c4da8264a57b,9bdd10bc8bd3184d21ffcf0ec1703b37,2
3163,component-81bad507c087bbdd,35efa2d55964f77f9d40b5e6f173b859,2
3166,component-593543ef557c79fc,cd242172da73106a673882a74f8155ae,1
3167,component-dcd0ea5b0fea71aa,70bcc0407c15662acc62046bc810628e,2
3168,component-a0ba26635494e3c6,0cd5e8abdaec32157c32a069cd5eb70b,0
3169,component-c3f577c63a6c6bca,d0748555a6ddd63ce7e3cb9c43821db2,2
3174,component-c6c67845a19892eb,5f77695c4fe30b9924f6b66b14814647,1
3176,component-fe56b24f16b58c70,1975d90c273ac606fa95dfdc3f648b1c,0
3177,component-b17a49d67fe2a656,68771e3f8138ddd352f0ab32cffce1d8,2
318,component-aae02129362d6117,27801e053b43467438cfe8419c07a9dd,2
3181,component-fec82eafe5926aec,17f223c2d54a8ab43c354f6644a7b5a5,2
319,component-347ff26ffaaa0d13,8b8f157835767f6c42a7a3f2a66d44c6,0
3190,component-8d7df010318e9073,6770b7b28fb532a9c3927793876e8013,2
32,component-e29c9c180c6279b0,3b2c1ff1494e5eb12adb443e9be1a58b,1
320,component-88820462180e5c89,5c2f04900dd36e215a3795e7abfb79e1,2
3204,component-38177ec3e146433b,6881f516526125a0beb799d903a83aaf,0
3205,component-74f71382d09d6d1a,e8249492d549302aa0e3002cff57c849,0
3206,component-400492c35c920b05,b37400072ee5f47c12e0bd9e740518d9,0
3209,component-5ab827fceb283774,0d64d556907563bd1474e5f7c36ed384,2
3213,component-14cafa0d26c929e2,6e8d719f3a5b61b620267a82f9788663,2
3216,component-dc8995beef6d561c,cb4041933ed3941718e72ca24a63d60c,1
3217,component-2a1a0e9629c0f70b,7db9b98cefdbc843f04c6af91555c8ed,2
3218,component-7569b2da161b6acd,c280579001b6e82d8ab255837720776e,1
3219,component-be1dfca7b57921df,2ccd9796c71c553e5de5aa071112133f,2
3222,component-35df10f0792f231e,877cb6ac24130ecd165e1a09a35145de,1
3229,component-d7c697e2a4f55291,ce688c41af9994a1b1e796e2991109d9,1
3232,component-8d7df010318e9073,6770b7b28fb532a9c3927793876e8013,2
3234,component-49982c8e082e073b,dffb672e5648340cb809aa720b5b9b84,1
3235,component-354a29c28b8f1485,bd6e7ae6f4615e358967718aca0d2e1f,0
3236,component-592c9396f394bbcf,3bbbfd4e7aabb0b3b944aef315b757ad,1
3238,component-38a3c600a4510679,a1e66be221dec082bc65977d1c561925,1
3249,component-7fd4b59a83f05fa0,5ffcf7d96d7c35d486fd5a1382644165,1
325,component-c3f577c63a6c6bca,d0748555a6ddd63ce7e3cb9c43821db2,2
3250,component-81bad507c087bbdd,35efa2d55964f77f9d40b5e6f173b859,2
3255,component-a0ba26635494e3c6,0cd5e8abdaec32157c32a069cd5eb70b,0
3265,component-592c9396f394bbcf,3bbbfd4e7aabb0b3b944aef315b757ad,1
3268,component-b17a49d67fe2a656,68771e3f8138ddd352f0ab32cffce1d8,2
327,component-9b99fe8d3230fe1b,1925b8906423e86da9284cba55d0de98,2
3275,component-26a020fdeb929b63,81a0eb4a52fffcc48d04bbdb58cd88af,2
3277,component-b7609da7e6f650a6,23330bf5f63422925bff51d4ff647acd,2
3278,component-0ba14ec4102e5723,3e27f35ed134674f0a72fe8fa4af3aa4,0
3279,component-7257ac9862227f44,df97643bb1284e017dbc9a90d1cf8a87,1
3280,component-e21a6e2714f15b13,246f947c5e9ebf2438601382eb34f17b,1
3281,component-e300509dda44eacd,b666259a9ecad9c35666f1c20d6ff016,0
3286,component-617c14bb6cfaff0a,d77c9c72efb47c8b7611f23b00aa5e20,0
3288,component-fcfa49c32bd1c3f5,7ca2ed45d2f59093e250f0e1b00ea394,0
3289,component-7fd4b59a83f05fa0,5ffcf7d96d7c35d486fd5a1382644165,1
329,component-fec82eafe5926aec,17f223c2d54a8ab43c354f6644a7b5a5,2
3296,component-657b5fb4e2b0a733,d9e62e61cc151eab3cd5b2bedc08b381,2
3297,component-400492c35c920b05,b37400072ee5f47c12e0bd9e740518d9,0
33,component-c6f3ac57944a5314,d21c7ba2f548d44a202324de317553fe,1
3305,component-a6c43d17f811327a,42e509f02fcefa299b037538d75e2df7,1
3307,component-5a19e373eb56430e,432a90e6c76d839efd44a4362c229b32,1
3308,component-a4c42a3f5f7103dd,e01407b3c90c811d58bb9a29dc464834,1
3309,component-c6c67845a19892eb,5f77695c4fe30b9924f6b66b14814647,1
331,component-c3e37dfbf3675291,69704ffe29e10b91b2334847b48f2e19,1
3313,component-a118106a72bf3449,c570e887b1389cb36e64caf1c289b0cb,0
3316,component-4a38ef00ee22542e,ac734b5bfcbc1932bc120055ac5eaefe,0
3318,component-4e78ccea6eff54be,2e311e3a31517c269925372de3c1a99f,0
3322,component-c3f577c63a6c6bca,d0748555a6ddd63ce7e3cb9c43821db2,2
3326,component-fb87e6cf60af0859,d4f8e2032a277341f06b4ab74583e09d,0
3329,component-8d7df010318e9073,6770b7b28fb532a9c3927793876e8013,2
3336,component-50472ffa0d0b4e94,a7b5b580735e39aaf5e26da6d57dcf0c,0
3337,component-5bb844a8a792a21e,bb9c1ec8de3728923a79e51564869879,0
334,component-7569b2da161b6acd,c280579001b6e82d8ab255837720776e,1
3340,component-56aab15df1917647,394e31443e6fc819d6ca555474c4cb5a,2
3345,component-4a38ef00ee22542e,ac734b5bfcbc1932bc120055ac5eaefe,0
3346,component-1e454f95d837060f,54267d90c363cc3afacdc966c50594fc,1
335,component-7acc684a848a9b95,3992df97d3669a8ac7cdfc015427944f,2
3350,component-b101598560b38fc5,d2f78a107bf683b7d971bbfe2bb410f5,2
3351,component-957e984230c0adf1,2a2e5a4e98c012007353262def13cfb2,1
3352,component-d0e2d1dfd1c120a1,fedbcae7c8505f38ff4a0a44a74a650f,2
3353,component-e1deda4c9751baf1,bebd16a8eff974e5e3d0373c6e219488,0
3354,component-e1e499eeb19d6d84,52aa8ea70140b465ce5ac8ee9099db71,1
3355,component-a102c4a3c1ec0345,44efa27accbc6bde42b727681e84ab1b,2
3356,component-4504b1a16ce125c1,91bcacffd81fc71a82677fa52b572e77,0
336,component-347ff26ffaaa0d13,8b8f157835767f6c42a7a3f2a66d44c6,0
3364,component-81bad507c087bbdd,35efa2d55964f77f9d40b5e6f173b859,2
337,component-8ede6b26343305e0,2fea30be11d9af9bc43d5eb313bb1e44,0
3371,component-7257ac9862227f44,df97643bb1284e017dbc9a90d1cf8a87,1
3374,component-e300509dda44eacd,b666259a9ecad9c35666f1c20d6ff016,0
3381,component-a1f14c675f8161bc,2d03878a21a1fdb7d09446ebe1c713a2,2
3382,component-f15ece87307c78b1,d81cc6ecef9b5310bcb5dcd2e149721c,1
3384,component-6eee1c1f521ec97b,09af3e4ee6279fe7e8e3b9b4abd1d8b5,1
3385,component-b0e86544f2b7ecca,ba62d385fbe626ffd3005db07e8b4e94,1
3386,component-b17a49d67fe2a656,68771e3f8138ddd352f0ab32cffce1d8,2
339,component-fc95ce176603e9e1,b21a8664ffec0aa2548ee5cf50934c4e,0
3391,component-c6c67845a19892eb,5f77695c4fe30b9924f6b66b14814647,1
3392,component-0ba14ec4102e5723,3e27f35ed134674f0a72fe8fa4af3aa4,0
3395,component-fcfa49c32bd1c3f5,7ca2ed45d2f59093e250f0e1b00ea394,0
3396,component-e300509dda44eacd,b666259a9ecad9c35666f1c20d6ff016,0
3400,component-4850a9a4395d3ed9,4e7e619945ee099f56d6eab8a11437fd,1
3403,component-8766da4f8ea5594d,1064021823bedabeae9c7a48b1c35f87,1
3407,component-ab58ad627e6b1b11,58b5e98144915d14aa89058e9475441b,0
3409,component-08951d3e71ad7054,4a6b147330d3ca721a7f4d8459fb38b5,0
341,component-524b2d27a1e7fbc3,2056cedc4cc2834646a37a135c58ebba,0
3410,component-956fb62ae9cc5ac2,3b7039dccf33b1983445a3c3b9ec067c,2
3411,component-9c7be863c0a75745,46a457c81a14eed92f838060f12b5aef,2
3412,component-f23d089e7f2e05f6,a4ff83cb7055e93d4ad0716049d2384a,1
3413,component-440e2fda2f39849e,b5b7e36d9d8228c4614869fa6095be60,1
3417,component-d298c4da8264a57b,9bdd10bc8bd3184d21ffcf0ec1703b37,2
3419,component-e300509dda44eacd,b666259a9ecad9c35666f1c20d6ff016,0
3420,component-a6c43d17f811327a,42e509f02fcefa299b037538d75e2df7,1
3424,component-8766da4f8ea5594d,1064021823bedabeae9c7a48b1c35f87,1
3425,component-cdc4cff450d2c46f,1e2f80e12cdd206f52aa283fc82a4d0e,1
343,component-3c15285c04fff400,ce2dfc07e1671ff3fda0ec0144fb3f3d,0
3430,component-6c31832091556f7a,6d018a179dbdc45c3fe961bcb87418ce,2
3432,component-a898a8776c1b93c5,2887b3bc49dfdf002e4db3d12982be31,1
3433,component-2adcda788844f02e,61f723ff5880a8ba1e3060d286f37be6,1
3434,component-5f395d07369071a5,a04d93fc8ebfbcf260c9b4af48d29562,1
3435,component-d0e2d1dfd1c120a1,fedbcae7c8505f38ff4a0a44a74a650f,2
3438,component-c3f577c63a6c6bca,d0748555a6ddd63ce7e3cb9c43821db2,2
3439,component-9b99fe8d3230fe1b,1925b8906423e86da9284cba55d0de98,2
344,component-02e6295d8f522840,e86bb57de70bc3c481ee29b989ed2e94,0
3441,component-6b724a6630ccac9a,eede933ef72ad0dcf12ed1ad1f3be394,1
3444,component-2a0400a50c04a5c6,046ea42e655629a3eb835f8e4da6bc6b,1
3448,component-8d7df010318e9073,6770b7b28fb532a9c3927793876e8013,2
345,component-da70dfa4d9f95ac9,268c2cfb876c70bbc3ed6f4be53944a0,1
3453,component-8a10191e65ccf722,8b3cdb54ab3655282b4d0954e2b48a95,2
3455,component-50472ffa0d0b4e94,a7b5b580735e39aaf5e26da6d57dcf0c,0
3457,component-b101598560b38fc5,d2f78a107bf683b7d971bbfe2bb410f5,2
3458,component-ee43ec7cc83b9a0f,b7677af13504fafdfc8ff5eceedee011,1
3459,component-4850a9a4395d3ed9,4e7e619945ee099f56d6eab8a11437fd,1
3464,component-4a38ef00ee22542e,ac734b5bfcbc1932bc120055ac5eaefe,0
3465,component-d9b22972eaaeb701,37808809f5a362e532268e1eb8ba65ff,0
3468,component-46b91dcd3c71d7b3,d22fcb54bffd03bedee5db4c13b1ef46,2
3470,component-81e1be313ea16e52,5572c57e904297d061a85c75836d245c,2
3471,component-155eb65154b0e0eb,8e8575cc2727c896d12d98b54b5e91af,2
3479,component-8d7df010318e9073,6770b7b28fb532a9c3927793876e8013,2
3482,component-c6c67845a19892eb,5f77695c4fe30b9924f6b66b14814647,1
3485,component-7257ac9862227f44,df97643bb1284e017dbc9a90d1cf8a87,1
3487,component-4a38ef00ee22542e,ac734b5bfcbc1932bc120055ac5eaefe,0
3488,component-2aec3694418f35d8,d857afb9c62b4dd0e9e034c5df8aefe0,1
3489,component-46b91dcd3c71d7b3,d22fcb54bffd03bedee5db4c13b1ef46,2
3490,component-4850a9a4395d3ed9,4e7e619945ee099f56d6eab8a11437fd,1
3497,component-cbcf6b4a0dccea28,21e4892af78b1a916f14c855a6473d58,0
35,component-240c85c27a34b464,8fd484d6e38a947525158418c3a3271d,2
350,component-2a1a0e9629c0f70b,7db9b98cefdbc843f04c6af91555c8ed,2
3500,component-889e2fc00981675e,e0f90062d0c5648ee949f5138aff7164,2
3501,component-b17a49d67fe2a656,68771e3f8138ddd352f0ab32cffce1d8,2
3503,component-f2a0f718b02f355a,404008a5fc8b4fc30d06da37ae3f18fc,2
3507,component-81bad507c087bbdd,35efa2d55964f77f9d40b5e6f173b859,2
3508,component-22c7f088de0b7be3,0d300441f4bccbf79601c44298c8534d,1
351,component-38a3c600a4510679,a1e66be221dec082bc65977d1c561925,1
3520,component-a6c43d17f811327a,42e509f02fcefa299b037538d75e2df7,1
3524,component-b0e86544f2b7ecca,ba62d385fbe626ffd3005db07e8b4e94,1
3527,component-50472ffa0d0b4e94,a7b5b580735e39aaf5e26da6d57dcf0c,0
3530,component-6eee1c1f521ec97b,09af3e4ee6279fe7e8e3b9b4abd1d8b5,1
3531,component-f15ece87307c78b1,d81cc6ecef9b5310bcb5dcd2e149721c,1
3535,component-deb2676eeef1cf8f,cc52bef1e831a127823c6ae89f0d6a59,1
3537,component-471f6696aa8dc9a8,4cd83c61495521cce50246c680de7775,0
3539,component-9ec3b594ffe9da8e,ef857b9dd36cede3920b83d3395ce65b,1
3540,component-b32d8f5bfd086a5c,a36d0c9b13fd522fbfcd8ce8587fd144,0
3543,component-baf5a131b4753f2b,244e32c4effd21c4bbce38b4a59177bd,1
3544,component-65bba5fb79d7da91,733f980987a4b38b7d2d606d135997f7,2
3549,component-52d38d8228b6aab3,c9f45c82d83fa4e4e025121b32a9a7dd,2
355,component-22c7f088de0b7be3,0d300441f4bccbf79601c44298c8534d,1
3550,component-af545f4ae604100b,c5c69ee6cc40cca1953b1530958df7ff,1
3552,component-cdc4cff450d2c46f,1e2f80e12cdd206f52aa283fc82a4d0e,1
3554,component-166878a738f31004,64825b112fdf62868b262d6a118d9ff3,2
3555,component-58ff81fdb177eec8,9dbb324c467b1e56fb91bf929c71633f,2
3559,component-baff23a90e039f74,ed7a317055cd989955ef84228664cb44,1
356,component-03a3d955b8799a90,c4b4dad2bb10b1b38223fb6251adeca9,2
3565,component-77f2409b042ce010,cfa706b6c27df5df2b9a4238d8ae1ddc,2
3566,component-7d2371aaf1df1dcb,0012367373b7853995d0e709a8c6d8b3,2
3570,component-7b6d57a3fcb869bb,690ccf58cd7b6fc878debc2136866d3e,1
3571,component-2f619d680b998bca,7b838d4b13eb055f4a8081dc42824f46,2
3573,component-dc94f49e0cb0532c,8f7e7167f32371004cbf5e3e92bbcb89,0
3577,component-baff23a90e039f74,ed7a317055cd989955ef84228664cb44,1
3581,component-5805921783d4f48c,a3a960c0de9adfbf0d7f6604156fb475,0
3583,component-b17a49d67fe2a656,68771e3f8138ddd352f0ab32cffce1d8,2
3585,component-ddf7607c2a706bd1,9e9fc44150f6cf00e94124c94ebe5151,2
3588,component-39e04ba0aac65125,e711b9d81794465540c96dd623aaf396,0
3590,component-a6ca0feab05195ca,df1e4b12aac58b9e805ac2e0d1e2e64f,2
3595,component-dc94f49e0cb0532c,8f7e7167f32371004cbf5e3e92bbcb89,0
3596,component-b5518d4f3fea8800,fd94fff7f02944901e97b949416bf749,2
360,component-838f461c2fa673ce,782276bdbea8dc0f11e862ca0a15a50d,0
3602,component-5021b003164daeb6,130ab86aeff8b0e5d9c76d9e4a95ac35,0
3606,component-cee94ac31aa2c2f2,953a14f5d241b12dc3c0721c05d87026,0
3607,component-d2058f621cd60aad,830b41bac56d8a3be35a985bb8111278,1
3608,component-f46b6280b22cfdd4,b016510441420e64fd873d6a79cbe44e,0
3610,component-ac74ca8a7cddeb3c,aed2ccc9b91db97e338d626741f40ba5,0
3611,component-8a8f2ac537c779a6,5a2d760f53d03effa261871a992d8882,2
3614,component-bb723943d53cb298,076fd1fc63109a4576903cc4f7719b6c,1
3616,component-10acb87b3040f4e1,291af86fe6a45d8f23d66c7876a1bd64,2
3617,component-2e27bb07e506e982,dbbf7cd90f8dfcb55a854f3c591290d3,1
3622,component-4989b0404949f854,f512296b3fe0a8ffb9afaec3e8151e2b,1
3623,component-32aee8b48c223877,907addf9c2b5762a6d67f758a8151122,0
3624,component-d4458781cf4f969f,cefdc05f3ab4f50ff6e38c20ac6ce0d1,0
3625,component-b32d8f5bfd086a5c,a36d0c9b13fd522fbfcd8ce8587fd144,0
3628,component-9ec3b594ffe9da8e,ef857b9dd36cede3920b83d3395ce65b,1
3632,component-471f6696aa8dc9a8,4cd83c61495521cce50246c680de7775,0
3634,component-dd6103b473273ecd,033b5e417dfecbb5a6dacb7768b4e50f,2
3635,component-166878a738f31004,64825b112fdf62868b262d6a118d9ff3,2
364,component-c3e37dfbf3675291,69704ffe29e10b91b2334847b48f2e19,1
3640,component-240c85c27a34b464,8fd484d6e38a947525158418c3a3271d,2
3643,component-592912dff2a1f74f,4b7502650f258fb3605a79c0d0736d90,0
3646,component-283f3aceea5cb2cb,64e048d6eebf5467ec893b43ea3d96c8,2
3648,component-e300509dda44eacd,b666259a9ecad9c35666f1c20d6ff016,0
3650,component-747e80721ad00db3,b54c99b125f75083765440a9aa38e91e,2
3653,component-f77a10661490143c,be0d53c5f772afa54eee5e2f33a717cb,2
3654,component-471f6696aa8dc9a8,4cd83c61495521cce50246c680de7775,0
3655,component-a2c2bc574f117170,9b515988930247d9c1672f6aef86a3cd,2
3658,component-19bc501fab39d151,22c2c89c2bab9f37328a70e25553b567,1
3659,component-70fd140a7871d7e0,40d45d5266f78d33deb714273d8178c0,1
366,component-347ff26ffaaa0d13,8b8f157835767f6c42a7a3f2a66d44c6,0
3660,component-4c765584f678fee2,2f75935a85adf049bf05a0a65b9d3201,2
3666,component-cee94ac31aa2c2f2,953a14f5d241b12dc3c0721c05d87026,0
3667,component-baf5a131b4753f2b,244e32c4effd21c4bbce38b4a59177bd,1
3668,component-83cbe01f5db4a29c,b8739c7574a9b2eb73667690d79c2c67,0
3671,component-ac2151d8aa26b578,33e40acc0e7ffa90fcbd82140cafbdc1,1
3673,component-c0db1a8f10c8b6a2,73fbc92e4df1e2fa18942bbba326c17d,2
368,component-dc8995beef6d561c,cb4041933ed3941718e72ca24a63d60c,1
3681,component-c9857cd0953bd638,77efc6776f7a210ad01d8785ef96c20f,0
3683,component-02141810795aab0e,1c08be4dd2acea2154c6d98afab287ab,1
3689,component-cee94ac31aa2c2f2,953a14f5d241b12dc3c0721c05d87026,0
3691,component-486fcacacb5ac20e,904247cc71ac2a29ccd042fed317051c,0
3698,component-770c3cbf77615a1d,e5fc029ea05ce6eff1d0feb3f41f802c,2
3699,component-747e80721ad00db3,b54c99b125f75083765440a9aa38e91e,2
3700,component-7a00c776e0af1135,8a84e85e53383084bae1de0835dd4ae0,0
3702,component-998c225a0b7bc4a5,95609609e5f88c4be142505806df6683,2
3703,component-8fbd1be8db88aa70,64dc70b1226147d6af171f9040393c1f,0
3707,component-92e83f839fb4f758,77530d0647551171bebad1eee2a6ad5a,1
371,component-2a1a0e9629c0f70b,7db9b98cefdbc843f04c6af91555c8ed,2
3714,component-b32d8f5bfd086a5c,a36d0c9b13fd522fbfcd8ce8587fd144,0
3719,component-77c8baf597a8e0a2,1f34c66b37837e4ccc038f6245c0c133,0
372,component-d7c697e2a4f55291,ce688c41af9994a1b1e796e2991109d9,1
3720,component-e300509dda44eacd,b666259a9ecad9c35666f1c20d6ff016,0
3722,component-747e80721ad00db3,b54c99b125f75083765440a9aa38e91e,2
3724,component-0c68ea7495e3af75,a23d54e0725738a1105cdd7161e499b1,2
3732,component-1db2269b74d1467a,59b7f95782b58651aff070de96a20167,0
3740,component-30e2fdaa7748f8af,c2155904a669447cac54421a82a8a5de,1
3741,component-66d0af18b66f5630,75fefb58781389d0e7b04fbcabe122c6,0
3743,component-c94b98f609241fd9,63e980c4ec3e1fd34c72fb9c410cd350,1
3744,component-b32d8f5bfd086a5c,a36d0c9b13fd522fbfcd8ce8587fd144,0
3746,component-2358a16af9f6bd7c,5c7ba4c1049e405c04774d0a8e06774c,1
375,component-7569b2da161b6acd,c280579001b6e82d8ab255837720776e,1
3751,component-ddf7607c2a706bd1,9e9fc44150f6cf00e94124c94ebe5151,2
3752,component-bc20a2aa08022b0a,acbf90525c47a4ff5ff98029e20c38a4,0
3754,component-cee94ac31aa2c2f2,953a14f5d241b12dc3c0721c05d87026,0
3755,component-747e80721ad00db3,b54c99b125f75083765440a9aa38e91e,2
3758,component-e300509dda44eacd,b666259a9ecad9c35666f1c20d6ff016,0
376,component-376929b30b3fbe3f,4afd33581c8f9cd45247505e03b2eb2b,0
3763,component-4e83352499c233bc,9b74e270dbd0155cadaaa19c8b99b44b,2
3764,component-086d7b05f45a7ae7,33d817e01706c19e3f4688597ef020b3,2
3766,component-0c68ea7495e3af75,a23d54e0725738a1105cdd7161e499b1,2
3767,component-6938d183432da8ae,5798f3cbeb2beed81f1426c7fc8dc59c,0
3768,component-5d46b485417106f5,d3913f295c8ffcebdef3e667d5bbbeaf,0
3770,component-c46b6aa724a2ce00,955963907341fb3b98e54785f71c9843,0
3771,component-4504b1a16ce125c1,91bcacffd81fc71a82677fa52b572e77,0
3774,component-471f6696aa8dc9a8,4cd83c61495521cce50246c680de7775,0
3775,component-b32d8f5bfd086a5c,a36d0c9b13fd522fbfcd8ce8587fd144,0
3776,component-4c765584f678fee2,2f75935a85adf049bf05a0a65b9d3201,2
3780,component-39e04ba0aac65125,e711b9d81794465540c96dd623aaf396,0
3786,component-cee94ac31aa2c2f2,953a14f5d241b12dc3c0721c05d87026,0
3787,component-fe56b24f16b58c70,1975d90c273ac606fa95dfdc3f648b1c,0
3788,component-486fcacacb5ac20e,904247cc71ac2a29ccd042fed317051c,0
379,component-64c212df34c66e6f,af7a09de7e737368a28fe0125cd1bb2d,0
3793,component-c9857cd0953bd638,77efc6776f7a210ad01d8785ef96c20f,0
3795,component-77c8baf597a8e0a2,1f34c66b37837e4ccc038f6245c0c133,0
3799,component-376929b30b3fbe3f,4afd33581c8f9cd45247505e03b2eb2b,0
38,component-cc48054866ccc7e8,d5d9c28e872d69b953b60f1e793d7415,2
3801,component-5d46b485417106f5,d3913f295c8ffcebdef3e667d5bbbeaf,0
3807,component-8a8f2ac537c779a6,5a2d760f53d03effa261871a992d8882,2
3810,component-cee94ac31aa2c2f2,953a14f5d241b12dc3c0721c05d87026,0
3815,component-747e80721ad00db3,b54c99b125f75083765440a9aa38e91e,2
3817,component-c0a301e7c60d7b92,4e2648f22d278ef01a9a682893df7856,2
3820,component-baff23a90e039f74,ed7a317055cd989955ef84228664cb44,1
3821,component-302ae8c8df68912a,12990b90fffe79aed07dd7117d76aba0,2
3824,component-361a2ba4793a6e15,b6c77befeffc6c2f7473b45789d2f2fc,0
3828,component-1f2635a5437efb4f,b41415d7e4bafb48728410265c843acd,0
383,component-48b361d46638bfa4,799405a6b6883119f0f27d4a2bda971d,0
3835,component-cee94ac31aa2c2f2,953a14f5d241b12dc3c0721c05d87026,0
3839,component-747e80721ad00db3,b54c99b125f75083765440a9aa38e91e,2
384,component-37b73510175057c6,05162911284f2d72bac184dd0c9b57e1,1
3841,component-0c68ea7495e3af75,a23d54e0725738a1105cdd7161e499b1,2
3845,component-4b923f871476df9f,5f7ec1be3f45f8512e0ecac0295d5b61,0
3846,component-5d46b485417106f5,d3913f295c8ffcebdef3e667d5bbbeaf,0
3847,component-414dc7a015d6bc58,198a791caca607c9c4b5bb7da2bd7f46,2
3848,component-ae6ce4a7288056e4,9cc6531f55e72eb5566573635db5b310,2
3849,component-2e3ed35f801fbf17,f2d92951a76c90c08923ff11738b40de,0
385,component-131b0c35e2d7edef,afdce9dc9492d397610e91cb74d8dca6,2
3852,component-6c80d62adb987e5e,8f3b678bcdf5c11fa518f857bab26613,0
3853,component-c46b6aa724a2ce00,955963907341fb3b98e54785f71c9843,0
3854,component-1a363478b7ca07c8,e8d39af016c644d6b71f2418ad5f9d65,1
386,component-89cb186b8b3c6d21,4b9d4ae7e399fbf203de775cab342135,1
3860,component-b32d8f5bfd086a5c,a36d0c9b13fd522fbfcd8ce8587fd144,0
3862,component-471f6696aa8dc9a8,4cd83c61495521cce50246c680de7775,0
3869,component-83cbe01f5db4a29c,b8739c7574a9b2eb73667690d79c2c67,0
3870,component-cee94ac31aa2c2f2,953a14f5d241b12dc3c0721c05d87026,0
3871,component-0c68ea7495e3af75,a23d54e0725738a1105cdd7161e499b1,2
3872,component-747e80721ad00db3,b54c99b125f75083765440a9aa38e91e,2
3875,component-c31e589ace36ee9c,7ce0499d14d868287e32d12e6677ed10,2
3876,component-4e83352499c233bc,9b74e270dbd0155cadaaa19c8b99b44b,2
3879,component-cbcf6b4a0dccea28,21e4892af78b1a916f14c855a6473d58,0
388,component-ab5e292db6495899,f1dcee06d6fc380bd837d64263cacf2d,2
3880,component-c73e18520eaa3b4c,5d120e79aa3fe2b611c23008209b0ba2,2
3883,component-5d46b485417106f5,d3913f295c8ffcebdef3e667d5bbbeaf,0
3885,component-8f1d857513c617aa,476983dc33aa1daf61e64a601ec4d3ca,2
3886,component-5bba8f46cdedf6b4,316fa305077c93aabe7b72f05b9ba95b,2
3888,component-b32d8f5bfd086a5c,a36d0c9b13fd522fbfcd8ce8587fd144,0
3889,component-4c765584f678fee2,2f75935a85adf049bf05a0a65b9d3201,2
389,component-2b872ce5ec01da3e,98421aa7893a4da72895be81b560213d,1
3891,component-39e04ba0aac65125,e711b9d81794465540c96dd623aaf396,0
3892,component-8a8f2ac537c779a6,5a2d760f53d03effa261871a992d8882,2
3896,component-486fcacacb5ac20e,904247cc71ac2a29ccd042fed317051c,0
3898,component-7f80e6caa06901e1,625608771cee39806f978b650d49be64,2
3905,component-c0a301e7c60d7b92,4e2648f22d278ef01a9a682893df7856,2
3915,component-baff23a90e039f74,ed7a317055cd989955ef84228664cb44,1
392,component-14cafa0d26c929e2,6e8d719f3a5b61b620267a82f9788663,2
3922,component-8d7df010318e9073,6770b7b28fb532a9c3927793876e8013,2
3924,component-68d1bf5ebb2ae4c6,f2e08afcdffaee18ea58a879b0242576,1
3925,component-c6c67845a19892eb,5f77695c4fe30b9924f6b66b14814647,1
3927,component-a09298272ebb68bb,79088521ba0f8893e257d0abcf4f4552,1
3928,component-42fc7cba3524f343,414933879798d98b041c76d0f2a95d7e,2
3930,component-414dc7a015d6bc58,198a791caca607c9c4b5bb7da2bd7f46,2
3933,component-b3119b7d9c76fa0d,e8416a09fa79f9d18b4505eac18279d5,0
3935,component-4701e8f8a75d439e,79c042ecd443a4390992a85e9d2c2480,0
3938,component-a8c14fa52943719a,637104db7200547c43914b47ba7de345,2
3940,component-eb8d5bc3554e7390,3b2476c0d3a6085eecde12b4e01a53ce,0
3941,component-baff23a90e039f74,ed7a317055cd989955ef84228664cb44,1
3945,component-361a2ba4793a6e15,b6c77befeffc6c2f7473b45789d2f2fc,0
3946,component-a2dead73a84cae82,556cbab391837b35e3db80610718df53,1
3949,component-1f2635a5437efb4f,b41415d7e4bafb48728410265c843acd,0
395,component-a3af7b3808c4cf72,a7fd60506db1a5115ff6f103849c58ee,2
3951,component-747e80721ad00db3,b54c99b125f75083765440a9aa38e91e,2
3956,component-22c7f088de0b7be3,0d300441f4bccbf79601c44298c8534d,1
3957,component-3bd567171df5c1dd,51abdeb1c17521adf150cafc0fb8903a,1
396,component-3c1b7053f0edd447,4ec69d69ba8b502328d569f2f1160848,1
3960,component-5d46b485417106f5,d3913f295c8ffcebdef3e667d5bbbeaf,0
3961,component-927b0acb3abc859b,362250067389e8225afe64e7d829734d,2
3965,component-f84cc7ceb2f8ae46,a68fe5dd5491a8e5c563291e0ee30617,0
3968,component-dac455b49f7330b2,1887a80c06f0da250160b8fcffca50ac,2
3970,component-838d45075fa24868,bc1ec245e40632a2789fb09f05f7e608,0
3971,component-a3398cfb17ecf4fb,a18e611983eb5ee66f9d4abfd0f1def5,0
3977,component-b32d8f5bfd086a5c,a36d0c9b13fd522fbfcd8ce8587fd144,0
3978,component-f46b6280b22cfdd4,b016510441420e64fd873d6a79cbe44e,0
398,component-245e004c2c79d56b,7232fdf6568eeae9386dc7e94e097233,1
3982,component-fe56b24f16b58c70,1975d90c273ac606fa95dfdc3f648b1c,0
3985,component-b4e332c8047ed103,6171768284d5038f8b9c2026f695d43a,2
3986,component-0c68ea7495e3af75,a23d54e0725738a1105cdd7161e499b1,2
3993,component-b1ba03e17d6a0d5b,b8a82be7cead5c96d906e7fb210eb77f,1
3994,component-45527596d2b236dc,96fd862632f180eb9e954699301406fb,2
3995,component-5d46b485417106f5,d3913f295c8ffcebdef3e667d5bbbeaf,0
3997,component-c73e18520eaa3b4c,5d120e79aa3fe2b611c23008209b0ba2,2
3999,component-4504b1a16ce125c1,91bcacffd81fc71a82677fa52b572e77,0
40,component-8421c658f714183d,0890832440755d905efb15aaf3b4d072,2
41,component-3d914f9348c9cc0f,1a7e35225869c4ecf78380fc758cf1de,1
41000,component-52c920b3646c43a0,d938c9c41ca3be5e56e29bdfbc9dc29f,1
41008,component-b560cc23e265ac39,996647b621773936eae8185ba98218eb,1
4101,component-c468e2f4525fe644,aaa4210ea2d03a51e9694e4ebcb8870b,2
41015,component-f5fef3202de6e80c,76ddb9a0e1e4f23bb4e9b0e3d5659a54,0
41016,component-e03d10014c7247ff,c39597bb90b407c47e1e83373b16fcbe,1
41022,component-123530e3c1666faf,ed0af8a183acb7f8cc9b80d751c7e581,1
41026,component-7966864a1beb8c35,17143c1175d05f038e067e1fca757fa6,0
41028,component-b66cc90a512fa6d1,bfa64fe072514594903697316a60f676,2
41029,component-d162995be539b8db,3fe76f8ee9d1d69a18b3ae8a8f8c7d23,0
41030,component-d1e6fceea63637db,fa7a9d4669871249dfc42fc131857b51,0
41035,component-52c920b3646c43a0,d938c9c41ca3be5e56e29bdfbc9dc29f,1
4104,component-64417d6aaaab2f4b,32b2d89d9cd9c8036e6f530ed07523a2,0
41040,component-0feb1fc475480e44,0b6fcddc956c228f0a35fdce540adcd6,0
41041,component-87ef7a126f950815,ebba7f6fa7c92db18ea3d4bd5186adb9,2
41044,component-e93101b282ebacf4,ed3a797dc5ca4ffae93cc63a79b07654,2
41046,component-dde5c70ecf37c76d,b76fb58f70ca27b99a91791d37ca7aec,0
41047,component-c9126f7ed4845de8,e44f5159a5db69c1e7bede6d27805fe0,1
41048,component-7f9aefbbf6f89e07,5fc01f318e7967cd9ab6add96eae1368,0
4105,component-4cf2706e09bee5f4,c9811aa06db3812a84d9e3892777a52f,2
41050,component-87ba816051d21db2,f48fa82bef34b65c6a697543082ae7fa,2
41061,component-adbe6a8ea6451186,44610544192cb995098647426930f528,1
41063,component-87ef7a126f950815,ebba7f6fa7c92db18ea3d4bd5186adb9,2
41064,component-49c831988b883c9e,33dd218f1293427dd5035d4fd3c7048c,2
41066,component-f5fef3202de6e80c,76ddb9a0e1e4f23bb4e9b0e3d5659a54,0
41067,component-dafe6eb3fd906a45,36e3604314b3124f4fae5497ee8d5c78,2
41068,component-0bc5bf134d0e391d,463fd765c849f1b4a95ecadd6ea64d27,1
4107,component-c0ea8310bcf96a71,1c6a8eb893404edeb58981b5f8b084bb,2
41070,component-e28a0000d7ee91f1,91f5f6bb0da457d658faa834814e812b,1
41071,component-ee2e52cd9b46700e,b59a194da64d8f3ee0fd99387f91d120,0
41072,component-5736b9db038d175f,95de5ea3f15ceb8e91765111fe30dba4,0
41076,component-f5fef3202de6e80c,76ddb9a0e1e4f23bb4e9b0e3d5659a54,0
41079,component-25706bada8a27ee6,50c120b263649754501c0d887e0c8ce2,2
41080,component-f3edd7dd77c49b26,acf7bcfd8901c41ebc61560068effc88,2
41081,component-45703ad629daebc4,80fe49796db51055a4632bd9fb511f98,2
41083,component-5a6bc085c6d156f3,69b274a6a80ef9e0ab23c244d1c2c22f,1
41085,component-e03d10014c7247ff,c39597bb90b407c47e1e83373b16fcbe,1
41086,component-5afa5ad0b6f23fc5,0bce03502af3218deeccb9059c550daa,0
41088,component-90c8ece4f286e3ee,6a5ced3b7a8f40c8fbe0a65328113ee6,1
41089,component-ab6c0355878a6137,31d6c5d16d4cfca70d20db2ee4caa7b8,0
41091,component-679db1eecddda202,4364de54dae7dd36a99f4b231c5f8a6b,2
41093,component-0bb6309f4b0c4897,f7a7ff103eb75f0ef7b4d053a2115aef,2
41095,component-8ddbba07702320ec,9b2a3a84bdc4c43a8b0078dbbb93d90c,1
41098,component-b560cc23e265ac39,996647b621773936eae8185ba98218eb,1
41104,component-f5fef3202de6e80c,76ddb9a0e1e4f23bb4e9b0e3d5659a54,0
41105,component-17531878d1670ced,af4af94a6a5b138660090e177f073f0f,0
41107,component-6637645ab1748312,23ff7e7d8d255b418e966be2590b430c,1
41114,component-0bb6309f4b0c4897,f7a7ff103eb75f0ef7b4d053a2115aef,2
41115,component-147c6ee079588987,f9f5d01311e23769b4cacd22e498bfe8,0
41116,component-76e67a121213e1ac,1ae70ca62bcbcc0ef3d4eb3fc89fd0f0,1
41119,component-4a69427a8ce4180a,3ba3408d6bf9164d95311cfb97d25295,2
41122,component-77a8eda208b6d787,64f22f46ad6bb37c00e71b74bb0e2b0c,0
41124,component-b509c8cfd97cd29c,4cb01f3e2c11abb6fdfcddc9cd2ca2d4,0
41125,component-eee4e521c756e10b,f7380cf5408c3330febecedbb32ed2a9,1
41129,component-5a6bc085c6d156f3,69b274a6a80ef9e0ab23c244d1c2c22f,1
4113,component-71b3af35d9d53d24,3e8a2d29ae8a80d96e7c52b10d1703f2,0
41131,component-f511aa0455ff1f82,ceb6ca22ab78c4ae19b7aaa808d17d7f,2
41133,component-2612775eacdbf729,54aa1da7754327b37e3bb2b27592a54c,0
41136,component-fc1ec5385479c4d7,9cac81c549b8664828f91fd154e73cfa,1
41137,component-b5cff5a765a1bd5f,7208d1c4291aba55b130705eea05bb80,2
41138,component-64417d6aaaab2f4b,32b2d89d9cd9c8036e6f530ed07523a2,0
4114,component-52c920b3646c43a0,d938c9c41ca3be5e56e29bdfbc9dc29f,1
41141,component-c0ea8310bcf96a71,1c6a8eb893404edeb58981b5f8b084bb,2
41147,component-b396a748cf4c4599,9f68596d028811239240237ec4877545,2
4115,component-b5cff5a765a1bd5f,7208d1c4291aba55b130705eea05bb80,2
41154,component-e64340ffc2469eac,743b53b217ebed6313f3ae13c59bf032,2
41156,component-c0ea8310bcf96a71,1c6a8eb893404edeb58981b5f8b084bb,2
41160,component-2cc3d1749c6f11d8,1b68161f1d49dd516b0a97e6340032d7,1
41161,component-133a4e66a11d8d8d,388530ce0a122fbed145773701f3fa74,1
41162,component-dbd227389d130cb8,31ae1c8273ef289096924c925774568e,0
41168,component-9a3ab25edb6e62f1,1fb3ff142f4159d15909e91a630fc9eb,1
41169,component-8671cb3e7572e5e6,146a12b739415dc6cf24a91311423a3c,1
41171,component-1a46c2409e9a7b10,1ad6cd02705c91ce7db65bea375b7bb0,0
41172,component-f727de7fcceb92d7,15ee2cd0dbf7b0f8a4214b1f8283878e,2
41174,component-f8157ec3112accf2,9cfc1d0a0872e510b54595a27cbce94c,1
41176,component-c0ea8310bcf96a71,1c6a8eb893404edeb58981b5f8b084bb,2
41177,component-6e7d941d7d276401,b87b68a1fa8d28b8536a2f2f15bf8039,1
4118,component-0ba896169af5b24d,e01570d140af0ed90c02cb854a21fce1,2
41185,component-29396a6a231a445b,7482fd676a506a4b6bb13d8893411d09,0
41189,component-292859f16cb68a96,e98897d9d0d4fc6fac1d5fbb26749711,1
4119,component-933820c0cbefb732,661981c06ac7a109734f606f13511282,0
41191,component-925d6a133b2e0520,e84075154c505a0b0f79d3869176634a,1
41193,component-c0ea8310bcf96a71,1c6a8eb893404edeb58981b5f8b084bb,2
41194,component-59d14b9bae7b16e9,0f842b2154a43b7aab0d43f5ae89cb2f,0
41195,component-6e7d941d7d276401,b87b68a1fa8d28b8536a2f2f15bf8039,1
41198,component-e93101b282ebacf4,ed3a797dc5ca4ffae93cc63a79b07654,2
41199,component-936da06ffdb413e7,4b670627d8f39416a67ce919cae8fc58,2
4120,component-9b47fbc59a6def07,eb239fbf5143766bc05813edcc4b9954,2
41203,component-ad92a04d176ecb5e,e3e1f3bcd5bccfd6f2af74e59008fa05,1
41204,component-a026ef70cfdd8bba,cf1c86514ac52e02db90b4720dc16aa3,2
41207,component-5a6bc085c6d156f3,69b274a6a80ef9e0ab23c244d1c2c22f,1
4121,component-57322003eb76f671,c4e31a13c41c5ebdf722f10fe7687f7a,2
41212,component-1a844e9ec2cf30d3,38b63d598afab138fa330ce128922e22,1
41215,component-c0ea8310bcf96a71,1c6a8eb893404edeb58981b5f8b084bb,2
41216,component-6e7d941d7d276401,b87b68a1fa8d28b8536a2f2f15bf8039,1
41217,component-b528091175d0bc7b,fd107bb0f7e0f072d94131023b183e56,1
4122,component-553cff5d20330744,95f093407607f62938734c5ffbc47d5b,2
41221,component-2cc3d1749c6f11d8,1b68161f1d49dd516b0a97e6340032d7,1
41222,component-936da06ffdb413e7,4b670627d8f39416a67ce919cae8fc58,2
41223,component-5770a0345926a164,26fcb55cf9a169131b1c3473ef050517,0
41224,component-81944732bb6a2b43,19d3b6eb05db3263eec06842f443cebf,0
41227,component-8671cb3e7572e5e6,146a12b739415dc6cf24a91311423a3c,1
41229,component-5a6bc085c6d156f3,69b274a6a80ef9e0ab23c244d1c2c22f,1
4123,component-51ee8c1c425955ad,d5206cf5032fafa24bb493c7c9898b99,0
41230,component-133a4e66a11d8d8d,388530ce0a122fbed145773701f3fa74,1
41231,component-0a2f822ee6b7c10d,84c6189de6e4b28e1f328b1950ab8e88,1
41232,component-baa5d65deecd4763,d5297113b5514cbd5c4039c94055fe25,2
41233,component-2612775eacdbf729,54aa1da7754327b37e3bb2b27592a54c,0
41238,component-a026ef70cfdd8bba,cf1c86514ac52e02db90b4720dc16aa3,2
41240,component-eee4e521c756e10b,f7380cf5408c3330febecedbb32ed2a9,1
41241,component-f5fef3202de6e80c,76ddb9a0e1e4f23bb4e9b0e3d5659a54,0
41242,component-f3edd7dd77c49b26,acf7bcfd8901c41ebc61560068effc88,2
41244,component-5a6bc085c6d156f3,69b274a6a80ef9e0ab23c244d1c2c22f,1
41246,component-17a639c2cd80a72b,8e0aeb1fe708813f46cbb9321895fbb1,2
41247,component-593cebb498296554,88a509be14e3487ec96fa4fd64001cb1,1
41249,component-2a827d6d14f32887,94704f477e76c472e5a90fe547fd1d25,1
41252,component-1bd8e4aa260a1ea6,19a510b4bdb4dc2bacdb903629b8d1b2,2
41257,component-34ad4c11a252cc6c,8a788527c3b7bc2f55a1cc75308bcff2,1
41258,component-b560cc23e265ac39,996647b621773936eae8185ba98218eb,1
41263,component-ad92a04d176ecb5e,e3e1f3bcd5bccfd6f2af74e59008fa05,1
41269,component-eeae814f8c89288b,8c2d944d5232549cd5fe1a3886357421,1
41272,component-f727de7fcceb92d7,15ee2cd0dbf7b0f8a4214b1f8283878e,2
41276,component-c0ea8310bcf96a71,1c6a8eb893404edeb58981b5f8b084bb,2
41282,component-76e67a121213e1ac,1ae70ca62bcbcc0ef3d4eb3fc89fd0f0,1
41283,component-369a07ace01d35fd,3469e4a61ae08bda93d3fb4a82635fde,2
41284,component-0300cf94afba8f4c,af32fd6b09ee9c483ca592f7b205430d,2
41285,component-b396a748cf4c4599,9f68596d028811239240237ec4877545,2
41286,component-e93101b282ebacf4,ed3a797dc5ca4ffae93cc63a79b07654,2
41288,component-77a8eda208b6d787,64f22f46ad6bb37c00e71b74bb0e2b0c,0
41289,component-29d50a8cf13a8471,c827680370928a8e4be6db32a810625a,0
4129,component-1a844e9ec2cf30d3,38b63d598afab138fa330ce128922e22,1
41291,component-0bb6309f4b0c4897,f7a7ff103eb75f0ef7b4d053a2115aef,2
41292,component-f6b46c11a9fcda95,5f02a65b9f324b861ecc9a4f32dea92a,1
41294,component-2612775eacdbf729,54aa1da7754327b37e3bb2b27592a54c,0
41295,component-29396a6a231a445b,7482fd676a506a4b6bb13d8893411d09,0
41298,component-4a69427a8ce4180a,3ba3408d6bf9164d95311cfb97d25295,2
413,component-1c49f22f6de9bd15,55184300b0500271e7456f26d56e2898,1
4130,component-eeae814f8c89288b,8c2d944d5232549cd5fe1a3886357421,1
41300,component-dbd227389d130cb8,31ae1c8273ef289096924c925774568e,0
41301,component-b652c4aec4e1d940,77803cb1f177437419fb3ab522a818c0,0
41303,component-9a3ab25edb6e62f1,1fb3ff142f4159d15909e91a630fc9eb,1
41305,component-f5fef3202de6e80c,76ddb9a0e1e4f23bb4e9b0e3d5659a54,0
41309,component-5a6bc085c6d156f3,69b274a6a80ef9e0ab23c244d1c2c22f,1
4131,component-a1c99a146b0f7ad7,3818801b722063595137fcb302bc3d5d,0
41310,component-b6c08e5fa3e8cd85,0ccecc007328f70ea60177bfe7273c0c,0
41317,component-b560cc23e265ac39,996647b621773936eae8185ba98218eb,1
41320,component-1a46c2409e9a7b10,1ad6cd02705c91ce7db65bea375b7bb0,0
41326,component-d8039aa33e4823da,3b0678450620230aa1bf68d4f27f6d9e,2
41328,component-3fa32559c64517f3,8a280ddc9d1f9863411825b5a484d6c0,0
41332,component-6db295243b4d2786,e1b0dbda578e08cd3ca81bad7e17cffe,0
41334,component-b396a748cf4c4599,9f68596d028811239240237ec4877545,2
41335,component-ad3895bee6c4e412,5cc393f51b4480ad62cbe5e8e15ea7b1,0
41336,component-6585f6c8f9620394,8bc61cc591257b2a1ec5e9b347021b6d,2
41338,component-0fc21a8d3272659b,da66844d9957e6f39e95d90d6e60f51e,0
4134,component-729fccdc3e9f6770,6040a082f9d1c3f5d1c7d3000f5ceda0,0
41340,component-f3edd7dd77c49b26,acf7bcfd8901c41ebc61560068effc88,2
41347,component-f5fef3202de6e80c,76ddb9a0e1e4f23bb4e9b0e3d5659a54,0
4135,component-30e42d5c4f2769e7,28be031ccabcd19e265a27e44884512f,2
41356,component-a658b378f97641d6,3aeee8d31c7196e816371d78a4e7411a,2
41358,component-e6a2077cb3529da1,48a51532383dbc8deec8ba063fa25ce5,2
4136,component-37a12a55b2d08d12,dd27ad062790de89b982e62d308185b7,2
41361,component-e03d10014c7247ff,c39597bb90b407c47e1e83373b16fcbe,1
41365,component-49c831988b883c9e,33dd218f1293427dd5035d4fd3c7048c,2
41366,component-87ef7a126f950815,ebba7f6fa7c92db18ea3d4bd5186adb9,2
41368,component-d1e6fceea63637db,fa7a9d4669871249dfc42fc131857b51,0
41369,component-5afa5ad0b6f23fc5,0bce03502af3218deeccb9059c550daa,0
4137,component-8d2efba45f136abd,28b5afa6cef6436220d4a303a3b3e6ef,2
41371,component-7d721a89c24c4e97,a7e29a34331968fd7c375d8f08928150,1
41374,component-369a07ace01d35fd,3469e4a61ae08bda93d3fb4a82635fde,2
41380,component-81944732bb6a2b43,19d3b6eb05db3263eec06842f443cebf,0
41381,component-9a3ab25edb6e62f1,1fb3ff142f4159d15909e91a630fc9eb,1
41382,component-77a8eda208b6d787,64f22f46ad6bb37c00e71b74bb0e2b0c,0
41383,component-f97af22485c2f18f,14e4c37cc185567cb62a3f706ddaa75d,2
41384,component-8671cb3e7572e5e6,146a12b739415dc6cf24a91311423a3c,1
41386,component-eee4e521c756e10b,f7380cf5408c3330febecedbb32ed2a9,1
4139,component-c0ea8310bcf96a71,1c6a8eb893404edeb58981b5f8b084bb,2
41393,component-6e7d941d7d276401,b87b68a1fa8d28b8536a2f2f15bf8039,1
41404,component-17a639c2cd80a72b,8e0aeb1fe708813f46cbb9321895fbb1,2
41406,component-133a4e66a11d8d8d,388530ce0a122fbed145773701f3fa74,1
4141,component-57322003eb76f671,c4e31a13c41c5ebdf722f10fe7687f7a,2
41412,component-b528091175d0bc7b,fd107bb0f7e0f072d94131023b183e56,1
41416,component-b560cc23e265ac39,996647b621773936eae8185ba98218eb,1
41420,component-2a827d6d14f32887,94704f477e76c472e5a90fe547fd1d25,1
41427,component-f5fef3202de6e80c,76ddb9a0e1e4f23bb4e9b0e3d5659a54,0
41428,component-ad92a04d176ecb5e,e3e1f3bcd5bccfd6f2af74e59008fa05,1
4143,component-99ceabae274915b9,cc6c1c3ace14f6c25304bd71597c4f40,0
41434,component-65bb99a50450dfa9,24422fabf6223f9ddc670656a3bbf596,0
41437,component-4b2bfb21f8203b68,6fb7b17119148198d651b3ed16b1e91e,1
41438,component-e64340ffc2469eac,743b53b217ebed6313f3ae13c59bf032,2
41440,component-52c920b3646c43a0,d938c9c41ca3be5e56e29bdfbc9dc29f,1
41441,component-c0ea8310bcf96a71,1c6a8eb893404edeb58981b5f8b084bb,2
41442,component-6e7d941d7d276401,b87b68a1fa8d28b8536a2f2f15bf8039,1
41444,component-29396a6a231a445b,7482fd676a506a4b6bb13d8893411d09,0
41446,component-b396a748cf4c4599,9f68596d028811239240237ec4877545,2
4145,component-59d14b9bae7b16e9,0f842b2154a43b7aab0d43f5ae89cb2f,0
41453,component-0bb6309f4b0c4897,f7a7ff103eb75f0ef7b4d053a2115aef,2
41456,component-2cc3d1749c6f11d8,1b68161f1d49dd516b0a97e6340032d7,1
41457,component-8511a7fc825b67fb,4347b33ddc2a169a5b19244fb4e3f04e,0
41458,component-e93101b282ebacf4,ed3a797dc5ca4ffae93cc63a79b07654,2
41460,component-76e67a121213e1ac,1ae70ca62bcbcc0ef3d4eb3fc89fd0f0,1
41462,component-0300cf94afba8f4c,af32fd6b09ee9c483ca592f7b205430d,2
41463,component-dbd227389d130cb8,31ae1c8273ef289096924c925774568e,0
41464,component-0b8b31fda0b3d6f1,14366586d6b6f0e68b7804df82efded5,1
41465,component-f5fef3202de6e80c,76ddb9a0e1e4f23bb4e9b0e3d5659a54,0
41467,component-0a2f822ee6b7c10d,84c6189de6e4b28e1f328b1950ab8e88,1
41469,component-5a6bc085c6d156f3,69b274a6a80ef9e0ab23c244d1c2c22f,1
4147,component-c0ea8310bcf96a71,1c6a8eb893404edeb58981b5f8b084bb,2
41470,component-f727de7fcceb92d7,15ee2cd0dbf7b0f8a4214b1f8283878e,2
41475,component-86996f552010b417,ace55af64374ab4b57bffd1554bff578,0
4148,component-2a3b858f52f76826,dde45ba7c0134f201da5c50e9807a74f,0
41482,component-5770a0345926a164,26fcb55cf9a169131b1c3473ef050517,0
41483,component-133a4e66a11d8d8d,388530ce0a122fbed145773701f3fa74,1
41485,component-a026ef70cfdd8bba,cf1c86514ac52e02db90b4720dc16aa3,2
41489,component-b652c4aec4e1d940,77803cb1f177437419fb3ab522a818c0,0
4149,component-64417d6aaaab2f4b,32b2d89d9cd9c8036e6f530ed07523a2,0
41493,component-52c920b3646c43a0,d938c9c41ca3be5e56e29bdfbc9dc29f,1
41496,component-36e33628a5adb344,6edabf16636897b064bde272cbe9016e,0
41497,component-34ad4c11a252cc6c,8a788527c3b7bc2f55a1cc75308bcff2,1
41504,component-e6a2077cb3529da1,48a51532383dbc8deec8ba063fa25ce5,2
41508,component-387953c6118159e8,9d19ff2043925d1e3b2717a9960bf174,1
41509,component-787ce902fc9cedf5,532935130e21353379da1c8139f23643,2
41510,component-30e42d5c4f2769e7,28be031ccabcd19e265a27e44884512f,2
41512,component-85221aee9b04b79c,07f5de5b9146f1dfaf3ac3c4f707a11e,1
41519,component-49c831988b883c9e,33dd218f1293427dd5035d4fd3c7048c,2
41522,component-848141620c3a2adf,f8d854179a76300fa6418dc311cf5a08,2
41523,component-1a46c2409e9a7b10,1ad6cd02705c91ce7db65bea375b7bb0,0
41525,component-a658b378f97641d6,3aeee8d31c7196e816371d78a4e7411a,2
4153,component-5a968d8cd10c53dc,29af5d84e5e408935d7f2f7ca8302d60,2
41530,component-f727de7fcceb92d7,15ee2cd0dbf7b0f8a4214b1f8283878e,2
41533,component-c0ea8310bcf96a71,1c6a8eb893404edeb58981b5f8b084bb,2
41538,component-eee4e521c756e10b,f7380cf5408c3330febecedbb32ed2a9,1
4154,component-88af677d65231202,eba6303c4060d025330ce50fcc9e515f,1
41542,component-61b415e51273c26f,63b54d76acbf9ea44275657b4851da16,1
41546,component-e56dc8e900b93031,461fc2095480b5a1f942884d5e9ea5bb,1
41549,component-52c920b3646c43a0,d938c9c41ca3be5e56e29bdfbc9dc29f,1
41551,component-2612775eacdbf729,54aa1da7754327b37e3bb2b27592a54c,0
41552,component-51ee8c1c425955ad,d5206cf5032fafa24bb493c7c9898b99,0
41553,component-76e67a121213e1ac,1ae70ca62bcbcc0ef3d4eb3fc89fd0f0,1
41554,component-c0ea8310bcf96a71,1c6a8eb893404edeb58981b5f8b084bb,2
41558,component-2cc3d1749c6f11d8,1b68161f1d49dd516b0a97e6340032d7,1
4156,component-2a31dee3cd372662,c36f309fc33302666a08903efe35701d,2
41560,component-d93bf5826279e344,a1c9ee23ee4184f59c2a4cab14c985fc,0
41561,component-4a69427a8ce4180a,3ba3408d6bf9164d95311cfb97d25295,2
41562,component-d60da08e44a01eee,883a63bb5b034eb45e3bb5613762849a,0
41563,component-147c6ee079588987,f9f5d01311e23769b4cacd22e498bfe8,0
41566,component-0300cf94afba8f4c,af32fd6b09ee9c483ca592f7b205430d,2
41567,component-e56c1e91741ecf02,e8ea2ed954e70f4dc5bf09c124f57ede,2
41568,component-77a8eda208b6d787,64f22f46ad6bb37c00e71b74bb0e2b0c,0
4157,component-b57d0618b4bcdc1c,4eeb0926551b19bd796816a1f67f1143,1
41577,component-9a3ab25edb6e62f1,1fb3ff142f4159d15909e91a630fc9eb,1
41580,component-dbd227389d130cb8,31ae1c8273ef289096924c925774568e,0
41584,component-0c82f207d1b1d784,07668db6e3f93c0296c944b97824de1f,2
41588,component-1e966106df794730,619a0e0f20d7f49831ace21ad367bc0a,1
41590,component-787ce902fc9cedf5,532935130e21353379da1c8139f23643,2
41595,component-c2e0112d206a41c0,3223faee81ddd88de5936b691f7c9915,1
41596,component-0bb6309f4b0c4897,f7a7ff103eb75f0ef7b4d053a2115aef,2
41598,component-52c920b3646c43a0,d938c9c41ca3be5e56e29bdfbc9dc29f,1
416,component-67e0bdb7b6c549d4,af8d6d30f48204b98cf4537090e1fb52,1
4160,component-baa5d65deecd4763,d5297113b5514cbd5c4039c94055fe25,2
41601,component-9ddaa0891722ee6c,7660097dc5c41f0410e89576e98c2647,1
41602,component-e56dc8e900b93031,461fc2095480b5a1f942884d5e9ea5bb,1
41604,component-671802b4fbe961c8,206ae820aafac88dba4211e39de024c3,0
41608,component-ad92a04d176ecb5e,e3e1f3bcd5bccfd6f2af74e59008fa05,1
41609,component-acbb7914301b04aa,98fb08d726fa494ff532b30c09f4316e,2
41612,component-6e7d941d7d276401,b87b68a1fa8d28b8536a2f2f15bf8039,1
41613,component-ad83e7b0b21b24d2,c69a3bc4a3fabb3b56d7ed96e1478f8e,2
4162,component-7005cf7e19256f10,c49f58fb67f679d6c4a3a648081f5f6f,1
41623,component-10efdcab5ad96996,67f1c02d919522fa38133d1b0d258972,0
41625,component-ad92a04d176ecb5e,e3e1f3bcd5bccfd6f2af74e59008fa05,1
41626,component-d8039aa33e4823da,3b0678450620230aa1bf68d4f27f6d9e,2
41633,component-76e67a121213e1ac,1ae70ca62bcbcc0ef3d4eb3fc89fd0f0,1
41635,component-81944732bb6a2b43,19d3b6eb05db3263eec06842f443cebf,0
41636,component-a026ef70cfdd8bba,cf1c86514ac52e02db90b4720dc16aa3,2
41640,component-17a639c2cd80a72b,8e0aeb1fe708813f46cbb9321895fbb1,2
41644,component-e8e0fa4e0bd7dce9,fc72ac53f622f7d8d5f3047444b0d3e9,0
41645,component-45703ad629daebc4,80fe49796db51055a4632bd9fb511f98,2
41647,component-1a46c2409e9a7b10,1ad6cd02705c91ce7db65bea375b7bb0,0
41649,component-7062b063ac51eacf,e492d51e0be59101442c46e87650de68,0
41650,component-933820c0cbefb732,661981c06ac7a109734f606f13511282,0
41652,component-f727de7fcceb92d7,15ee2cd0dbf7b0f8a4214b1f8283878e,2
41653,component-dbd227389d130cb8,31ae1c8273ef289096924c925774568e,0
41655,component-f3edd7dd77c49b26,acf7bcfd8901c41ebc61560068effc88,2
41656,component-9a3ab25edb6e62f1,1fb3ff142f4159d15909e91a630fc9eb,1
41663,component-ee2e52cd9b46700e,b59a194da64d8f3ee0fd99387f91d120,0
41666,component-87ef7a126f950815,ebba7f6fa7c92db18ea3d4bd5186adb9,2
41669,component-17531878d1670ced,af4af94a6a5b138660090e177f073f0f,0
4167,component-59d14b9bae7b16e9,0f842b2154a43b7aab0d43f5ae89cb2f,0
41670,component-133a4e66a11d8d8d,388530ce0a122fbed145773701f3fa74,1
41676,component-21ce2da58ca130d2,ee70eab1be1096a82622cd9afdebf741,2
41678,component-eee4e521c756e10b,f7380cf5408c3330febecedbb32ed2a9,1
41684,component-1164db0fe8e9e081,bf11e0a50ff271f60bcb5a958bce728d,2
41686,component-5a6bc085c6d156f3,69b274a6a80ef9e0ab23c244d1c2c22f,1
41687,component-0a2f822ee6b7c10d,84c6189de6e4b28e1f328b1950ab8e88,1
41689,component-fe475008a31203a7,0a5a930530debc0e862dda4251b13da9,1
4169,component-5a968d8cd10c53dc,29af5d84e5e408935d7f2f7ca8302d60,2
41690,component-8d5d1b2fc751e24d,d53973899c60d47767e0ded7f9945f75,1
41692,component-51ee8c1c425955ad,d5206cf5032fafa24bb493c7c9898b99,0
41695,component-f1e301cc23f02622,439da70f91392dbb5be743be4fce150e,2
41697,component-000580eb995f2a45,60fa63d2a233e052c96d755a0da0378b,2
41700,component-2612775eacdbf729,54aa1da7754327b37e3bb2b27592a54c,0
41702,component-b396a748cf4c4599,9f68596d028811239240237ec4877545,2
41707,component-292859f16cb68a96,e98897d9d0d4fc6fac1d5fbb26749711,1
41709,component-0300cf94afba8f4c,af32fd6b09ee9c483ca592f7b205430d,2
41712,component-62d5471123c81914,6cabea2d9e88635934fa98a0513c2133,1
41714,component-59d14b9bae7b16e9,0f842b2154a43b7aab0d43f5ae89cb2f,0
41717,component-2cc3d1749c6f11d8,1b68161f1d49dd516b0a97e6340032d7,1
41718,component-71e9111df246909f,a23520ce04159cc8edb89e770a849da9,2
4172,component-64417d6aaaab2f4b,32b2d89d9cd9c8036e6f530ed07523a2,0
41721,component-5a9004fcf603dba4,eb4eaaae3af26ea0db9796bf1601aa44,1
41726,component-5a6bc085c6d156f3,69b274a6a80ef9e0ab23c244d1c2c22f,1
41727,component-46038a8d0e9dc21a,037ca42d7fa4c58225339a44e9ff1bf5,1
41728,component-c2e0112d206a41c0,3223faee81ddd88de5936b691f7c9915,1
41730,component-0fc21a8d3272659b,da66844d9957e6f39e95d90d6e60f51e,0
41732,component-5cfba37248864be7,7d8c0c52258d937a43a93ce685cc45bf,1
41733,component-59d14b9bae7b16e9,0f842b2154a43b7aab0d43f5ae89cb2f,0
41735,component-52c920b3646c43a0,d938c9c41ca3be5e56e29bdfbc9dc29f,1
41737,component-85221aee9b04b79c,07f5de5b9146f1dfaf3ac3c4f707a11e,1
41738,component-77a8eda208b6d787,64f22f46ad6bb37c00e71b74bb0e2b0c,0
41743,component-f5fef3202de6e80c,76ddb9a0e1e4f23bb4e9b0e3d5659a54,0
41745,component-f3edd7dd77c49b26,acf7bcfd8901c41ebc61560068effc88,2
4175,component-88af677d65231202,eba6303c4060d025330ce50fcc9e515f,1
41751,component-a658b378f97641d6,3aeee8d31c7196e816371d78a4e7411a,2
41752,component-f6b46c11a9fcda95,5f02a65b9f324b861ecc9a4f32dea92a,1
41754,component-b528091175d0bc7b,fd107bb0f7e0f072d94131023b183e56,1
41755,component-ad3895bee6c4e412,5cc393f51b4480ad62cbe5e8e15ea7b1,0
41757,component-f3edd7dd77c49b26,acf7bcfd8901c41ebc61560068effc88,2
41758,component-9ddaa0891722ee6c,7660097dc5c41f0410e89576e98c2647,1
41761,component-671802b4fbe961c8,206ae820aafac88dba4211e39de024c3,0
41768,component-123530e3c1666faf,ed0af8a183acb7f8cc9b80d751c7e581,1
41770,component-b563b4a2ac423100,16679696e765cdc0be203504db443aee,2
41772,component-51ee8c1c425955ad,d5206cf5032fafa24bb493c7c9898b99,0
41773,component-65bb99a50450dfa9,24422fabf6223f9ddc670656a3bbf596,0
41775,component-d830e0739f0e3bb7,78e1b0984d553d96234c80e3262cd0dc,0
41776,component-4a69427a8ce4180a,3ba3408d6bf9164d95311cfb97d25295,2
41777,component-f3edd7dd77c49b26,acf7bcfd8901c41ebc61560068effc88,2
4178,component-fadb90c1c496f050,ca3434ef28394210100cd52f56dbc855,1
41783,component-123530e3c1666faf,ed0af8a183acb7f8cc9b80d751c7e581,1
41784,component-f5fef3202de6e80c,76ddb9a0e1e4f23bb4e9b0e3d5659a54,0
41785,component-e8e0fa4e0bd7dce9,fc72ac53f622f7d8d5f3047444b0d3e9,0
41786,component-5a6bc085c6d156f3,69b274a6a80ef9e0ab23c244d1c2c22f,1
41796,component-b528091175d0bc7b,fd107bb0f7e0f072d94131023b183e56,1
41797,component-b396a748cf4c4599,9f68596d028811239240237ec4877545,2
418,component-7d721a89c24c4e97,a7e29a34331968fd7c375d8f08928150,1
41800,component-ff37ce395278a1df,c86412e2b2d69e0f0ce091949bdd7b0a,1
41804,component-b560cc23e265ac39,996647b621773936eae8185ba98218eb,1
41805,component-57c13a1eed05c4e1,1f52d5ecf9e4833c175c7e798cd0f70c,0
41806,component-5a6bc085c6d156f3,69b274a6a80ef9e0ab23c244d1c2c22f,1
41807,component-508940c69169b06f,14fb2754892ec2a13e850cdfdb76039c,1
41809,component-34ad4c11a252cc6c,8a788527c3b7bc2f55a1cc75308bcff2,1
41810,component-17a639c2cd80a72b,8e0aeb1fe708813f46cbb9321895fbb1,2
41812,component-99ceabae274915b9,cc6c1c3ace14f6c25304bd71597c4f40,0
41813,component-8b4370582d352c9a,4e0675dce7f333f3c938eecd8b6e7305,0
41816,component-0300cf94afba8f4c,af32fd6b09ee9c483ca592f7b205430d,2
41817,component-edc3313952243228,3751e0914a532e0da1922f0688d882af,0
41818,component-6173c4c7f31ef718,bdcfc520048489f68332d114bc6d0e3d,0
4182,component-c468e2f4525fe644,aaa4210ea2d03a51e9694e4ebcb8870b,2
41821,component-ad3895bee6c4e412,5cc393f51b4480ad62cbe5e8e15ea7b1,0
41822,component-21ce2da58ca130d2,ee70eab1be1096a82622cd9afdebf741,2
41824,component-81944732bb6a2b43,19d3b6eb05db3263eec06842f443cebf,0
41828,component-133a4e66a11d8d8d,388530ce0a122fbed145773701f3fa74,1
41829,component-f3f6dd5dcf5fd55d,bda649179464ea65221af277ba25f773,0
41831,component-5a6bc085c6d156f3,69b274a6a80ef9e0ab23c244d1c2c22f,1
41832,component-0300cf94afba8f4c,af32fd6b09ee9c483ca592f7b205430d,2
41834,component-133a4e66a11d8d8d,388530ce0a122fbed145773701f3fa74,1
41837,component-85221aee9b04b79c,07f5de5b9146f1dfaf3ac3c4f707a11e,1
41839,component-77a8eda208b6d787,64f22f46ad6bb37c00e71b74bb0e2b0c,0
4184,component-b5cff5a765a1bd5f,7208d1c4291aba55b130705eea05bb80,2
41841,component-17a639c2cd80a72b,8e0aeb1fe708813f46cbb9321895fbb1,2
41843,component-eee4e521c756e10b,f7380cf5408c3330febecedbb32ed2a9,1
41845,component-5a6bc085c6d156f3,69b274a6a80ef9e0ab23c244d1c2c22f,1
4185,component-c0ea8310bcf96a71,1c6a8eb893404edeb58981b5f8b084bb,2
41850,component-671802b4fbe961c8,206ae820aafac88dba4211e39de024c3,0
41851,component-508940c69169b06f,14fb2754892ec2a13e850cdfdb76039c,1
41852,component-f727de7fcceb92d7,15ee2cd0dbf7b0f8a4214b1f8283878e,2
41853,component-27af77fa76b7a3a5,3b90c7493d3c82d0403dc08152c7d880,1
41854,component-e466becfb59bfb42,335b5bc1f29201c26581928470873f71,1
41858,component-a52514bcd3af788a,8a3387f6f3a597c304f2da796921833d,1
41859,component-69bca3d0db131f42,194092901ae126620a3dd26706ab2e7f,1
41860,component-553cff5d20330744,95f093407607f62938734c5ffbc47d5b,2
41864,component-07d42e93558e8c85,478f25e184221ff23426594154c27fc8,1
41865,component-7d721a89c24c4e97,a7e29a34331968fd7c375d8f08928150,1
41867,component-52c920b3646c43a0,d938c9c41ca3be5e56e29bdfbc9dc29f,1
41868,component-59d14b9bae7b16e9,0f842b2154a43b7aab0d43f5ae89cb2f,0
4187,component-59d14b9bae7b16e9,0f842b2154a43b7aab0d43f5ae89cb2f,0
41874,component-64417d6aaaab2f4b,32b2d89d9cd9c8036e6f530ed07523a2,0
41875,component-7005cf7e19256f10,c49f58fb67f679d6c4a3a648081f5f6f,1
41877,component-729fccdc3e9f6770,6040a082f9d1c3f5d1c7d3000f5ceda0,0
41878,component-d9712e4c107f759f,63911ee65b038c5b9d998673619ff799,2
41880,component-e64340ffc2469eac,743b53b217ebed6313f3ae13c59bf032,2
41881,component-59d14b9bae7b16e9,0f842b2154a43b7aab0d43f5ae89cb2f,0
41884,component-30e42d5c4f2769e7,28be031ccabcd19e265a27e44884512f,2
41885,component-76e67a121213e1ac,1ae70ca62bcbcc0ef3d4eb3fc89fd0f0,1
41891,component-c0ea8310bcf96a71,1c6a8eb893404edeb58981b5f8b084bb,2
41893,component-f6b46c11a9fcda95,5f02a65b9f324b861ecc9a4f32dea92a,1
41894,component-03568d0f84e73357,8ca04c9558c57635a4ee1e628b384e4e,0
41896,component-b5cff5a765a1bd5f,7208d1c4291aba55b130705eea05bb80,2
41899,component-64417d6aaaab2f4b,32b2d89d9cd9c8036e6f530ed07523a2,0
419,component-f1e301cc23f02622,439da70f91392dbb5be743be4fce150e,2
4190,component-3f5f0df2ce10414c,0c6c289ed8b1fe62941f791617f26ee3,1
41900,component-0300cf94afba8f4c,af32fd6b09ee9c483ca592f7b205430d,2
41903,component-292859f16cb68a96,e98897d9d0d4fc6fac1d5fbb26749711,1
41906,component-e93101b282ebacf4,ed3a797dc5ca4ffae93cc63a79b07654,2
41908,component-dbd227389d130cb8,31ae1c8273ef289096924c925774568e,0
41909,component-e56c1e91741ecf02,e8ea2ed954e70f4dc5bf09c124f57ede,2
41911,component-d6f7a35b65f0935e,d72044a3d9c527f250a500a42a43d7f7,0
41917,component-64417d6aaaab2f4b,32b2d89d9cd9c8036e6f530ed07523a2,0
41919,component-71e9111df246909f,a23520ce04159cc8edb89e770a849da9,2
41920,component-6e7d941d7d276401,b87b68a1fa8d28b8536a2f2f15bf8039,1
41927,component-292859f16cb68a96,e98897d9d0d4fc6fac1d5fbb26749711,1
41928,component-0300cf94afba8f4c,af32fd6b09ee9c483ca592f7b205430d,2
41930,component-369a07ace01d35fd,3469e4a61ae08bda93d3fb4a82635fde,2
41932,component-440f3ac675bed17a,359e2da8f7a48d5152723cc9eaa1bf55,1
4198,component-958a192391e152ff,70c56f62341d9cb08109f562381a35d3,0
420,component-8421c658f714183d,0890832440755d905efb15aaf3b4d072,2
4200,component-f6b46c11a9fcda95,5f02a65b9f324b861ecc9a4f32dea92a,1
4202,component-64417d6aaaab2f4b,32b2d89d9cd9c8036e6f530ed07523a2,0
4203,component-52c920b3646c43a0,d938c9c41ca3be5e56e29bdfbc9dc29f,1
4207,component-c0ea8310bcf96a71,1c6a8eb893404edeb58981b5f8b084bb,2
4209,component-625a9c770505e881,13041dd189789ecd0a0aa1e252633558,0
4211,component-e64340ffc2469eac,743b53b217ebed6313f3ae13c59bf032,2
4218,component-89c1baf80810ed35,daff0f022df58c856d97bbf0dedd3e04,1
4219,component-6a0a323dee59cd41,93f90fa1e7890f22e7b32843d7b0afba,1
422,component-5658b88806a236b6,8c0d94058c19bef1f06871528866c042,1
4220,component-9b47fbc59a6def07,eb239fbf5143766bc05813edcc4b9954,2
4221,component-442166b38b3918e9,4c3d89b963095abf887d67075c4e31ee,2
4222,component-f727de7fcceb92d7,15ee2cd0dbf7b0f8a4214b1f8283878e,2
4223,component-baa5d65deecd4763,d5297113b5514cbd5c4039c94055fe25,2
4225,component-a52514bcd3af788a,8a3387f6f3a597c304f2da796921833d,1
4226,component-51ee8c1c425955ad,d5206cf5032fafa24bb493c7c9898b99,0
4228,component-57322003eb76f671,c4e31a13c41c5ebdf722f10fe7687f7a,2
4229,component-2612775eacdbf729,54aa1da7754327b37e3bb2b27592a54c,0
423,component-e466becfb59bfb42,335b5bc1f29201c26581928470873f71,1
4230,component-7d721a89c24c4e97,a7e29a34331968fd7c375d8f08928150,1
4231,component-65bb99a50450dfa9,24422fabf6223f9ddc670656a3bbf596,0
4233,component-1a844e9ec2cf30d3,38b63d598afab138fa330ce128922e22,1
4239,component-f8157ec3112accf2,9cfc1d0a0872e510b54595a27cbce94c,1
424,component-51ee8c1c425955ad,d5206cf5032fafa24bb493c7c9898b99,0
4240,component-9d61083100505a6d,a63e7313178d263eb8f01c34376d0768,0
4243,component-0bb6309f4b0c4897,f7a7ff103eb75f0ef7b4d053a2115aef,2
4245,component-c0ea8310bcf96a71,1c6a8eb893404edeb58981b5f8b084bb,2
4248,component-292859f16cb68a96,e98897d9d0d4fc6fac1d5fbb26749711,1
425,component-baa5d65deecd4763,d5297113b5514cbd5c4039c94055fe25,2
4250,component-3bc098c10285bf1e,b5a6b4f8e4faf7931fee9b9c3a321a8f,1
4251,component-71e9111df246909f,a23520ce04159cc8edb89e770a849da9,2
4253,component-bfe9c3c5714f2f37,5e367e38c951d86c1ca05679f5bf5149,2
4255,component-d4644f9bb0a96cd2,9c588d4c8b55c7651af247af90a2205f,2
4257,component-86996f552010b417,ace55af64374ab4b57bffd1554bff578,0
4258,component-5ad0732245eb48b7,7b1e77b2ecb36bd61b5a45dbb454ce15,2
426,component-a1c99a146b0f7ad7,3818801b722063595137fcb302bc3d5d,0
4260,component-c0ea8310bcf96a71,1c6a8eb893404edeb58981b5f8b084bb,2
4261,component-64417d6aaaab2f4b,32b2d89d9cd9c8036e6f530ed07523a2,0
4266,component-6e7d941d7d276401,b87b68a1fa8d28b8536a2f2f15bf8039,1
4268,component-52c920b3646c43a0,d938c9c41ca3be5e56e29bdfbc9dc29f,1
4271,component-6943da448d7fe003,1bd1328ea73e5cb11cc70fad9444ee6c,2
4276,component-b528091175d0bc7b,fd107bb0f7e0f072d94131023b183e56,1
4277,component-d4644f9bb0a96cd2,9c588d4c8b55c7651af247af90a2205f,2
4278,component-958a192391e152ff,70c56f62341d9cb08109f562381a35d3,0
4279,component-b45048bf83d0e17f,38645a50baf4a081323aa8ad215d0a18,2
4282,component-64417d6aaaab2f4b,32b2d89d9cd9c8036e6f530ed07523a2,0
4283,component-c0ea8310bcf96a71,1c6a8eb893404edeb58981b5f8b084bb,2
4285,component-292859f16cb68a96,e98897d9d0d4fc6fac1d5fbb26749711,1
4286,component-ee7f28fec27a3a90,bbe0915fa223e2dd0d33b4cf0d2e2fec,0
4293,component-f12e915e8907cebc,ca646b14225dc8625db9076e7fa27dc4,0
4294,component-7ef4694c838dc3db,2dd350bd09226138040c3e1752c859ef,0
430,component-2612775eacdbf729,54aa1da7754327b37e3bb2b27592a54c,0
4301,component-0bb6309f4b0c4897,f7a7ff103eb75f0ef7b4d053a2115aef,2
4303,component-02858890babfa9bd,856a1033afaf0864f4850f61427f293a,0
4308,component-64417d6aaaab2f4b,32b2d89d9cd9c8036e6f530ed07523a2,0
431,component-57322003eb76f671,c4e31a13c41c5ebdf722f10fe7687f7a,2
4310,component-292859f16cb68a96,e98897d9d0d4fc6fac1d5fbb26749711,1
4312,component-52c920b3646c43a0,d938c9c41ca3be5e56e29bdfbc9dc29f,1
4313,component-3c4dcf6dfc899bd6,dbbe94c60002a5007e4d14955b260ca7,2
4314,component-ad83e7b0b21b24d2,c69a3bc4a3fabb3b56d7ed96e1478f8e,2
4315,component-c2e0112d206a41c0,3223faee81ddd88de5936b691f7c9915,1
432,component-98f1f17f9a73ccfe,ede38493505000e6579456e08a6e2206,0
4324,component-29d50a8cf13a8471,c827680370928a8e4be6db32a810625a,0
4325,component-292859f16cb68a96,e98897d9d0d4fc6fac1d5fbb26749711,1
4326,component-5a968d8cd10c53dc,29af5d84e5e408935d7f2f7ca8302d60,2
433,component-aaf01d71b55e51b1,7fb68ba99e8d3343628dcbeb1d3b6561,0
4335,component-c468e2f4525fe644,aaa4210ea2d03a51e9694e4ebcb8870b,2
4338,component-711b63d5516e336e,3d3a27b011274af014f7ed4839a3f986,2
4339,component-e56dc8e900b93031,461fc2095480b5a1f942884d5e9ea5bb,1
4344,component-52c920b3646c43a0,d938c9c41ca3be5e56e29bdfbc9dc29f,1
4345,component-958a192391e152ff,70c56f62341d9cb08109f562381a35d3,0
4349,component-c468e2f4525fe644,aaa4210ea2d03a51e9694e4ebcb8870b,2
435,component-9d61083100505a6d,a63e7313178d263eb8f01c34376d0768,0
4351,component-5736b9db038d175f,95de5ea3f15ceb8e91765111fe30dba4,0
4353,component-f8feb05f30d18136,073f23c3686178193a2da4ccc9e97858,2
4356,component-8107b392cd1c8093,86de1eb167e42379cd087bbe8bbecdc7,2
4357,component-e56dc8e900b93031,461fc2095480b5a1f942884d5e9ea5bb,1
4358,component-7842ecd208229f64,a3dd5279bca73c6006a6a72b7cc52ddc,1
4363,component-292859f16cb68a96,e98897d9d0d4fc6fac1d5fbb26749711,1
4367,component-86996f552010b417,ace55af64374ab4b57bffd1554bff578,0
4368,component-c468e2f4525fe644,aaa4210ea2d03a51e9694e4ebcb8870b,2
4370,component-e56dc8e900b93031,461fc2095480b5a1f942884d5e9ea5bb,1
4374,component-2e301cae336d2b7a,7688a6f3f761cfabbc85909c3f028756,0
4375,component-7ac6a6c967846a7a,b52412ca7d1f28f185906ecdfce0c288,0
4376,component-6554715d594037f7,7be095ba75fee799c89c2906c5ecafc9,1
4379,component-c2e0112d206a41c0,3223faee81ddd88de5936b691f7c9915,1
4381,component-f727de7fcceb92d7,15ee2cd0dbf7b0f8a4214b1f8283878e,2
4382,component-f6b46c11a9fcda95,5f02a65b9f324b861ecc9a4f32dea92a,1
4384,component-51ee8c1c425955ad,d5206cf5032fafa24bb493c7c9898b99,0
4390,component-1a844e9ec2cf30d3,38b63d598afab138fa330ce128922e22,1
4391,component-30e42d5c4f2769e7,28be031ccabcd19e265a27e44884512f,2
4394,component-59d14b9bae7b16e9,0f842b2154a43b7aab0d43f5ae89cb2f,0
4396,component-76e67a121213e1ac,1ae70ca62bcbcc0ef3d4eb3fc89fd0f0,1
4397,component-2cc3d1749c6f11d8,1b68161f1d49dd516b0a97e6340032d7,1
4399,component-0bb6309f4b0c4897,f7a7ff103eb75f0ef7b4d053a2115aef,2
44,component-442166b38b3918e9,4c3d89b963095abf887d67075c4e31ee,2
440,component-e3f6959781c353c2,a5c47b7bcf9deee687c8725158ed8b8b,2
4401,component-c0ea8310bcf96a71,1c6a8eb893404edeb58981b5f8b084bb,2
4404,component-52c920b3646c43a0,d938c9c41ca3be5e56e29bdfbc9dc29f,1
4407,component-e56dc8e900b93031,461fc2095480b5a1f942884d5e9ea5bb,1
4411,component-eb907d820b48c0f8,ac30cdca18b6df197eb1ea421d22852e,0
4413,component-c468e2f4525fe644,aaa4210ea2d03a51e9694e4ebcb8870b,2
4414,component-6b7a8e06a9833d61,f954e0453ab73867837d608461f49ad3,2
4420,component-c0ea8310bcf96a71,1c6a8eb893404edeb58981b5f8b084bb,2
4421,component-e56dc8e900b93031,461fc2095480b5a1f942884d5e9ea5bb,1
4424,component-0300cf94afba8f4c,af32fd6b09ee9c483ca592f7b205430d,2
4427,component-e49e72095ac9721b,0b6c7670477e39678e370c03ffd76492,1
4428,component-5a9004fcf603dba4,eb4eaaae3af26ea0db9796bf1601aa44,1
443,component-51ee8c1c425955ad,d5206cf5032fafa24bb493c7c9898b99,0
4432,component-c848d8b966371b67,3dd47c179a402c22636dcdc6ecc442eb,2
4433,component-8c059aad9e8b1f53,ff1ae88153aa7c2b3f3c856eae8e1304,2
4436,component-eb907d820b48c0f8,ac30cdca18b6df197eb1ea421d22852e,0
4438,component-e56c1e91741ecf02,e8ea2ed954e70f4dc5bf09c124f57ede,2
4439,component-fd28e91e53afe488,6acaffd3bbd5414c182b2fc91b0294a6,1
444,component-e466becfb59bfb42,335b5bc1f29201c26581928470873f71,1
4440,component-76e67a121213e1ac,1ae70ca62bcbcc0ef3d4eb3fc89fd0f0,1
4442,component-292859f16cb68a96,e98897d9d0d4fc6fac1d5fbb26749711,1
4444,component-c468e2f4525fe644,aaa4210ea2d03a51e9694e4ebcb8870b,2
4447,component-c0ea8310bcf96a71,1c6a8eb893404edeb58981b5f8b084bb,2
445,component-0e12831a7047f759,185852ad8a4bd2b317b4efc3f10f9e0f,2
4451,component-e56dc8e900b93031,461fc2095480b5a1f942884d5e9ea5bb,1
4455,component-dec1ab2f6d6e994c,90c32469db2302b4eaa356a72d917955,0
446,component-65bb99a50450dfa9,24422fabf6223f9ddc670656a3bbf596,0
4464,component-292859f16cb68a96,e98897d9d0d4fc6fac1d5fbb26749711,1
4465,component-c0ea8310bcf96a71,1c6a8eb893404edeb58981b5f8b084bb,2
4466,component-e56dc8e900b93031,461fc2095480b5a1f942884d5e9ea5bb,1
4467,component-4cf2706e09bee5f4,c9811aa06db3812a84d9e3892777a52f,2
447,component-62d5471123c81914,6cabea2d9e88635934fa98a0513c2133,1
4472,component-77a8eda208b6d787,64f22f46ad6bb37c00e71b74bb0e2b0c,0
4473,component-5a9004fcf603dba4,eb4eaaae3af26ea0db9796bf1601aa44,1
4474,component-85221aee9b04b79c,07f5de5b9146f1dfaf3ac3c4f707a11e,1
4477,component-eee4e521c756e10b,f7380cf5408c3330febecedbb32ed2a9,1
4478,component-0b8b31fda0b3d6f1,14366586d6b6f0e68b7804df82efded5,1
4480,component-0c82f207d1b1d784,07668db6e3f93c0296c944b97824de1f,2
4482,component-76e67a121213e1ac,1ae70ca62bcbcc0ef3d4eb3fc89fd0f0,1
4484,component-c0ea8310bcf96a71,1c6a8eb893404edeb58981b5f8b084bb,2
4486,component-ff82f8369bf72d2b,78e6d67d1c7755b2499b4dcdea01b09b,0
4487,component-c468e2f4525fe644,aaa4210ea2d03a51e9694e4ebcb8870b,2
4491,component-52c920b3646c43a0,d938c9c41ca3be5e56e29bdfbc9dc29f,1
4492,component-147c6ee079588987,f9f5d01311e23769b4cacd22e498bfe8,0
4494,component-6554715d594037f7,7be095ba75fee799c89c2906c5ecafc9,1
45,component-27af77fa76b7a3a5,3b90c7493d3c82d0403dc08152c7d880,1
450,component-febe6e7bdda399a3,ce6901eefc2e8986be8f63830a64b351,0
4501,component-52c920b3646c43a0,d938c9c41ca3be5e56e29bdfbc9dc29f,1
4502,component-c0ea8310bcf96a71,1c6a8eb893404edeb58981b5f8b084bb,2
4508,component-77a8eda208b6d787,64f22f46ad6bb37c00e71b74bb0e2b0c,0
4509,component-0300cf94afba8f4c,af32fd6b09ee9c483ca592f7b205430d,2
4513,component-4cf2706e09bee5f4,c9811aa06db3812a84d9e3892777a52f,2
452,component-a1c99a146b0f7ad7,3818801b722063595137fcb302bc3d5d,0
4521,component-b1ded99722cf8de8,4f4dd88d52cd627c548e68f79074d659,2
4522,component-7842ecd208229f64,a3dd5279bca73c6006a6a72b7cc52ddc,1
4523,component-c0ea8310bcf96a71,1c6a8eb893404edeb58981b5f8b084bb,2
4524,component-c468e2f4525fe644,aaa4210ea2d03a51e9694e4ebcb8870b,2
4529,component-5a9004fcf603dba4,eb4eaaae3af26ea0db9796bf1601aa44,1
4530,component-0b8b31fda0b3d6f1,14366586d6b6f0e68b7804df82efded5,1
4531,component-60eff0df5c104753,1f2418794a56e5b8673694072380deb7,0
4532,component-e56c1e91741ecf02,e8ea2ed954e70f4dc5bf09c124f57ede,2
4534,component-0300cf94afba8f4c,af32fd6b09ee9c483ca592f7b205430d,2
4537,component-e56dc8e900b93031,461fc2095480b5a1f942884d5e9ea5bb,1
4541,component-f727de7fcceb92d7,15ee2cd0dbf7b0f8a4214b1f8283878e,2
4542,component-2612775eacdbf729,54aa1da7754327b37e3bb2b27592a54c,0
4543,component-30e42d5c4f2769e7,28be031ccabcd19e265a27e44884512f,2
4545,component-0bb6309f4b0c4897,f7a7ff103eb75f0ef7b4d053a2115aef,2
4546,component-59d14b9bae7b16e9,0f842b2154a43b7aab0d43f5ae89cb2f,0
4548,component-5a968d8cd10c53dc,29af5d84e5e408935d7f2f7ca8302d60,2
4553,component-3da8c7b2f0cdecf7,71d594ed2d6a870379affae62110f983,1
4555,component-52a55057b498b3ae,bf1556d461b13b88890ed78eb8db84ff,2
4557,component-7ae72d7f3243ae25,c340c448618fd5f241ff289b6234985c,2
456,component-3f5f0df2ce10414c,0c6c289ed8b1fe62941f791617f26ee3,1
4566,component-671802b4fbe961c8,206ae820aafac88dba4211e39de024c3,0
4567,component-0c50be96eeb9a8ad,c6076ebc30f26bee41761b0744f94dff,2
4568,component-7d91b762b534b3e2,7d2a20c293a795903c7d5e0f5647964c,1
4569,component-53e76ea748c7b405,a235894ad5ada0ee502ee6e42a8da59d,0
457,component-d9712e4c107f759f,63911ee65b038c5b9d998673619ff799,2
4570,component-dbd227389d130cb8,31ae1c8273ef289096924c925774568e,0
4577,component-ad92a04d176ecb5e,e3e1f3bcd5bccfd6f2af74e59008fa05,1
4578,component-133a4e66a11d8d8d,388530ce0a122fbed145773701f3fa74,1
4581,component-2e301cae336d2b7a,7688a6f3f761cfabbc85909c3f028756,0
4584,component-c468e2f4525fe644,aaa4210ea2d03a51e9694e4ebcb8870b,2
4585,component-61b415e51273c26f,63b54d76acbf9ea44275657b4851da16,1
4589,component-53e76ea748c7b405,a235894ad5ada0ee502ee6e42a8da59d,0
4590,component-6b7a8e06a9833d61,f954e0453ab73867837d608461f49ad3,2
4593,component-8c285e204e44251d,03baa909368372edf81130d4b7c5466c,0
4596,component-2bde19bfd8f894f5,60a8a9f89ac4d9c112a6a5c290183a41,2
4599,component-fd28e91e53afe488,6acaffd3bbd5414c182b2fc91b0294a6,1
46,component-f6b46c11a9fcda95,5f02a65b9f324b861ecc9a4f32dea92a,1
460,component-841a05fd378a2c06,712ed87251461d242cc3f7d91a43b25b,1
4606,component-2cc3d1749c6f11d8,1b68161f1d49dd516b0a97e6340032d7,1
4608,component-e56dc8e900b93031,461fc2095480b5a1f942884d5e9ea5bb,1
461,component-de482c7ed5ca67ae,2cf0bad3f5952cf6cfb871e33509a4f6,1
4612,component-eb907d820b48c0f8,ac30cdca18b6df197eb1ea421d22852e,0
462,component-f727de7fcceb92d7,15ee2cd0dbf7b0f8a4214b1f8283878e,2
4620,component-d7ccad3f6bbcb9a9,08a9bfb5b1336cb74ff3e2e356fcd500,2
4622,component-ad83e7b0b21b24d2,c69a3bc4a3fabb3b56d7ed96e1478f8e,2
4625,component-6173c4c7f31ef718,bdcfc520048489f68332d114bc6d0e3d,0
4626,component-c468e2f4525fe644,aaa4210ea2d03a51e9694e4ebcb8870b,2
4628,component-e56dc8e900b93031,461fc2095480b5a1f942884d5e9ea5bb,1
4629,component-b509c8cfd97cd29c,4cb01f3e2c11abb6fdfcddc9cd2ca2d4,0
4630,component-6b7a8e06a9833d61,f954e0453ab73867837d608461f49ad3,2
4635,component-0c82f207d1b1d784,07668db6e3f93c0296c944b97824de1f,2
4637,component-f97af22485c2f18f,14e4c37cc185567cb62a3f706ddaa75d,2
464,component-88b54564b232405a,6986fa1bb237bb20e6b46d7a3f49e17f,0
4642,component-2affc8179a2c734d,03e4dea183ca1705b598fea855e7fb7e,2
4643,component-30e42d5c4f2769e7,28be031ccabcd19e265a27e44884512f,2
4645,component-f727de7fcceb92d7,15ee2cd0dbf7b0f8a4214b1f8283878e,2
4648,component-2cc3d1749c6f11d8,1b68161f1d49dd516b0a97e6340032d7,1
465,component-ad3b83575249b68a,37e88f5414c68583f4d2de2c6e49f726,1
4651,component-60eff0df5c104753,1f2418794a56e5b8673694072380deb7,0
4652,component-eee4e521c756e10b,f7380cf5408c3330febecedbb32ed2a9,1
4654,component-9a3ab25edb6e62f1,1fb3ff142f4159d15909e91a630fc9eb,1
4656,component-b509c8cfd97cd29c,4cb01f3e2c11abb6fdfcddc9cd2ca2d4,0
4658,component-e56dc8e900b93031,461fc2095480b5a1f942884d5e9ea5bb,1
4662,component-59d14b9bae7b16e9,0f842b2154a43b7aab0d43f5ae89cb2f,0
4663,component-0bb6309f4b0c4897,f7a7ff103eb75f0ef7b4d053a2115aef,2
467,component-442166b38b3918e9,4c3d89b963095abf887d67075c4e31ee,2
4673,component-147c6ee079588987,f9f5d01311e23769b4cacd22e498bfe8,0
4674,component-77a8eda208b6d787,64f22f46ad6bb37c00e71b74bb0e2b0c,0
4676,component-0300cf94afba8f4c,af32fd6b09ee9c483ca592f7b205430d,2
4677,component-7ac6a6c967846a7a,b52412ca7d1f28f185906ecdfce0c288,0
4678,component-2e301cae336d2b7a,7688a6f3f761cfabbc85909c3f028756,0
4679,component-6554715d594037f7,7be095ba75fee799c89c2906c5ecafc9,1
4683,component-76e67a121213e1ac,1ae70ca62bcbcc0ef3d4eb3fc89fd0f0,1
4684,component-0300cf94afba8f4c,af32fd6b09ee9c483ca592f7b205430d,2
4690,component-85221aee9b04b79c,07f5de5b9146f1dfaf3ac3c4f707a11e,1
4696,component-213caf5cf5560415,8525327d2c40b584a7e49cac65c641f9,1
4697,component-dbd227389d130cb8,31ae1c8273ef289096924c925774568e,0
4698,component-671802b4fbe961c8,206ae820aafac88dba4211e39de024c3,0
4699,component-1e966106df794730,619a0e0f20d7f49831ace21ad367bc0a,1
470,component-27af77fa76b7a3a5,3b90c7493d3c82d0403dc08152c7d880,1
4702,component-b95276d8df1821c5,7d9947e83e91a28aed9c56c7776a4a10,2
4703,component-2612775eacdbf729,54aa1da7754327b37e3bb2b27592a54c,0
4704,component-fc1ec5385479c4d7,9cac81c549b8664828f91fd154e73cfa,1
4705,component-51ee8c1c425955ad,d5206cf5032fafa24bb493c7c9898b99,0
471,component-a52514bcd3af788a,8a3387f6f3a597c304f2da796921833d,1
4710,component-0c50be96eeb9a8ad,c6076ebc30f26bee41761b0744f94dff,2
4711,component-52c920b3646c43a0,d938c9c41ca3be5e56e29bdfbc9dc29f,1
4712,component-e56dc8e900b93031,461fc2095480b5a1f942884d5e9ea5bb,1
4715,component-4e5e92a7f8336f19,291842223a531086dce5d15ac294018b,2
4717,component-ad92a04d176ecb5e,e3e1f3bcd5bccfd6f2af74e59008fa05,1
4718,component-133a4e66a11d8d8d,388530ce0a122fbed145773701f3fa74,1
4720,component-ddb88218c6a01a60,d22b4ec91e4e7b1b27ba7d81e1477e36,1
4722,component-fc1ec5385479c4d7,9cac81c549b8664828f91fd154e73cfa,1
4724,component-59d14b9bae7b16e9,0f842b2154a43b7aab0d43f5ae89cb2f,0
4725,component-f727de7fcceb92d7,15ee2cd0dbf7b0f8a4214b1f8283878e,2
4728,component-76e67a121213e1ac,1ae70ca62bcbcc0ef3d4eb3fc89fd0f0,1
4732,component-52c920b3646c43a0,d938c9c41ca3be5e56e29bdfbc9dc29f,1
4733,component-30e42d5c4f2769e7,28be031ccabcd19e265a27e44884512f,2
4734,component-64417d6aaaab2f4b,32b2d89d9cd9c8036e6f530ed07523a2,0
4735,component-0bb6309f4b0c4897,f7a7ff103eb75f0ef7b4d053a2115aef,2
4738,component-c0ea8310bcf96a71,1c6a8eb893404edeb58981b5f8b084bb,2
4739,component-2cc3d1749c6f11d8,1b68161f1d49dd516b0a97e6340032d7,1
474,component-98144d79af444072,521f4cd6c04e159f76ccfe02730ddb4d,0
4740,component-c2e0112d206a41c0,3223faee81ddd88de5936b691f7c9915,1
4743,component-b444aa2fe427a388,85fb2f012e9b6e5713e52da7d1394bad,2
4746,component-7ac6a6c967846a7a,b52412ca7d1f28f185906ecdfce0c288,0
4748,component-147c6ee079588987,f9f5d01311e23769b4cacd22e498bfe8,0
4749,component-0c50be96eeb9a8ad,c6076ebc30f26bee41761b0744f94dff,2
475,component-b1585fdb272b3140,7a91df0a4394feec5cebedd592ae6f48,2
4750,component-0b8b31fda0b3d6f1,14366586d6b6f0e68b7804df82efded5,1
4753,component-dbd227389d130cb8,31ae1c8273ef289096924c925774568e,0
4754,component-eee4e521c756e10b,f7380cf5408c3330febecedbb32ed2a9,1
4755,component-2affc8179a2c734d,03e4dea183ca1705b598fea855e7fb7e,2
4756,component-133a4e66a11d8d8d,388530ce0a122fbed145773701f3fa74,1
4758,component-52c920b3646c43a0,d938c9c41ca3be5e56e29bdfbc9dc29f,1
4760,component-eb907d820b48c0f8,ac30cdca18b6df197eb1ea421d22852e,0
4776,component-ddb88218c6a01a60,d22b4ec91e4e7b1b27ba7d81e1477e36,1
4779,component-1164db0fe8e9e081,bf11e0a50ff271f60bcb5a958bce728d,2
478,component-69bca3d0db131f42,194092901ae126620a3dd26706ab2e7f,1
4781,component-52c920b3646c43a0,d938c9c41ca3be5e56e29bdfbc9dc29f,1
4783,component-59d14b9bae7b16e9,0f842b2154a43b7aab0d43f5ae89cb2f,0
4784,component-fc1ec5385479c4d7,9cac81c549b8664828f91fd154e73cfa,1
4795,component-52c920b3646c43a0,d938c9c41ca3be5e56e29bdfbc9dc29f,1
4798,component-77a8eda208b6d787,64f22f46ad6bb37c00e71b74bb0e2b0c,0
48,component-a52514bcd3af788a,8a3387f6f3a597c304f2da796921833d,1
4800,component-dea1ae8613ee2a5e,4fa0418c1b314538ac46488652196415,2
4801,component-9a3ab25edb6e62f1,1fb3ff142f4159d15909e91a630fc9eb,1
4808,component-0c82f207d1b1d784,07668db6e3f93c0296c944b97824de1f,2
4816,component-e56dc8e900b93031,461fc2095480b5a1f942884d5e9ea5bb,1
4818,component-acbb7914301b04aa,98fb08d726fa494ff532b30c09f4316e,2
4820,component-5a02ef00b4ef9b91,66a0bad22e40a304c75ef3b65e24fa25,2
4822,component-d95936051b112558,9f12fd6669341c36d54d7ee41ccb8ce9,2
4829,component-e56c1e91741ecf02,e8ea2ed954e70f4dc5bf09c124f57ede,2
4832,component-34ad4c11a252cc6c,8a788527c3b7bc2f55a1cc75308bcff2,1
4835,component-49c831988b883c9e,33dd218f1293427dd5035d4fd3c7048c,2
4836,component-1a46c2409e9a7b10,1ad6cd02705c91ce7db65bea375b7bb0,0
4837,component-5a6bc085c6d156f3,69b274a6a80ef9e0ab23c244d1c2c22f,1
4840,component-e6a2077cb3529da1,48a51532383dbc8deec8ba063fa25ce5,2
4841,component-7ae72d7f3243ae25,c340c448618fd5f241ff289b6234985c,2
4844,component-17a639c2cd80a72b,8e0aeb1fe708813f46cbb9321895fbb1,2
4845,component-74f8d4b5c1276fad,539be6d94d9fd5f9d96c282049cde0d3,1
4848,component-64417d6aaaab2f4b,32b2d89d9cd9c8036e6f530ed07523a2,0
4849,component-b6e3ae7742d8a778,db4ccce11bcdb52100541820faf6d916,2
485,component-64417d6aaaab2f4b,32b2d89d9cd9c8036e6f530ed07523a2,0
4851,component-4a69427a8ce4180a,3ba3408d6bf9164d95311cfb97d25295,2
4852,component-b528091175d0bc7b,fd107bb0f7e0f072d94131023b183e56,1
4856,component-0bb6309f4b0c4897,f7a7ff103eb75f0ef7b4d053a2115aef,2
486,component-03568d0f84e73357,8ca04c9558c57635a4ee1e628b384e4e,0
4860,component-cea90c1d2627a9e0,6af5f4035dcd0e561b4805fe5b136702,1
4862,component-0a2f822ee6b7c10d,84c6189de6e4b28e1f328b1950ab8e88,1
4863,component-2a827d6d14f32887,94704f477e76c472e5a90fe547fd1d25,1
4864,component-49c831988b883c9e,33dd218f1293427dd5035d4fd3c7048c,2
487,component-59d14b9bae7b16e9,0f842b2154a43b7aab0d43f5ae89cb2f,0
4870,component-8ddbba07702320ec,9b2a3a84bdc4c43a8b0078dbbb93d90c,1
4872,component-ad92a04d176ecb5e,e3e1f3bcd5bccfd6f2af74e59008fa05,1
488,component-c468e2f4525fe644,aaa4210ea2d03a51e9694e4ebcb8870b,2
4881,component-eeae814f8c89288b,8c2d944d5232549cd5fe1a3886357421,1
4882,component-1e966106df794730,619a0e0f20d7f49831ace21ad367bc0a,1
4883,component-5a6bc085c6d156f3,69b274a6a80ef9e0ab23c244d1c2c22f,1
4887,component-dafe6eb3fd906a45,36e3604314b3124f4fae5497ee8d5c78,2
4892,component-5a9004fcf603dba4,eb4eaaae3af26ea0db9796bf1601aa44,1
4893,component-85221aee9b04b79c,07f5de5b9146f1dfaf3ac3c4f707a11e,1
4897,component-0c50be96eeb9a8ad,c6076ebc30f26bee41761b0744f94dff,2
49,component-b95276d8df1821c5,7d9947e83e91a28aed9c56c7776a4a10,2
490,component-cbd02d97b0731d88,e59c62ef5148f8fce4d5f61e8892779d,2
4902,component-eeae814f8c89288b,8c2d944d5232549cd5fe1a3886357421,1
4905,component-18d470e5e7b8a3ca,9356ae292e553cab00312ffd3112309e,0
4906,component-133a4e66a11d8d8d,388530ce0a122fbed145773701f3fa74,1
4907,component-45703ad629daebc4,80fe49796db51055a4632bd9fb511f98,2
4912,component-7ac6a6c967846a7a,b52412ca7d1f28f185906ecdfce0c288,0
4913,component-eee4e521c756e10b,f7380cf5408c3330febecedbb32ed2a9,1
4915,component-4e5e92a7f8336f19,291842223a531086dce5d15ac294018b,2
4917,component-f511aa0455ff1f82,ceb6ca22ab78c4ae19b7aaa808d17d7f,2
492,component-c0ea8310bcf96a71,1c6a8eb893404edeb58981b5f8b084bb,2
4936,component-e56dc8e900b93031,461fc2095480b5a1f942884d5e9ea5bb,1
4941,component-25706bada8a27ee6,50c120b263649754501c0d887e0c8ce2,2
4944,component-fd28e91e53afe488,6acaffd3bbd5414c182b2fc91b0294a6,1
4946,component-e44d7d26737f6e54,946037d9e20e41e4192c833cda457ac5,1
4947,component-90c8ece4f286e3ee,6a5ced3b7a8f40c8fbe0a65328113ee6,1
4948,component-b563b4a2ac423100,16679696e765cdc0be203504db443aee,2
4949,component-30ca4f2a75646c34,346e9d8d8b88a5719b31d150fc081a90,0
4951,component-fc1ec5385479c4d7,9cac81c549b8664828f91fd154e73cfa,1
4952,component-1a844e9ec2cf30d3,38b63d598afab138fa330ce128922e22,1
4954,component-f727de7fcceb92d7,15ee2cd0dbf7b0f8a4214b1f8283878e,2
4955,component-30e42d5c4f2769e7,28be031ccabcd19e265a27e44884512f,2
4956,component-76e67a121213e1ac,1ae70ca62bcbcc0ef3d4eb3fc89fd0f0,1
4958,component-0300cf94afba8f4c,af32fd6b09ee9c483ca592f7b205430d,2
496,component-0bb6309f4b0c4897,f7a7ff103eb75f0ef7b4d053a2115aef,2
4960,component-7ae72d7f3243ae25,c340c448618fd5f241ff289b6234985c,2
4962,component-936da06ffdb413e7,4b670627d8f39416a67ce919cae8fc58,2
4963,component-6173c4c7f31ef718,bdcfc520048489f68332d114bc6d0e3d,0
4965,component-e56c1e91741ecf02,e8ea2ed954e70f4dc5bf09c124f57ede,2
4967,component-77a8eda208b6d787,64f22f46ad6bb37c00e71b74bb0e2b0c,0
4969,component-88e1a9ff81d0254e,a19b7bc24f0953934f32b4039568343c,0
497,component-dcb5d6e69e4ded78,77938ed1e356df38bb710becd7f3090b,0
4971,component-2612775eacdbf729,54aa1da7754327b37e3bb2b27592a54c,0
4973,component-64417d6aaaab2f4b,32b2d89d9cd9c8036e6f530ed07523a2,0
4974,component-51ee8c1c425955ad,d5206cf5032fafa24bb493c7c9898b99,0
4978,component-59d14b9bae7b16e9,0f842b2154a43b7aab0d43f5ae89cb2f,0
498,component-4b2bfb21f8203b68,6fb7b17119148198d651b3ed16b1e91e,1
4985,component-f5fef3202de6e80c,76ddb9a0e1e4f23bb4e9b0e3d5659a54,0
4986,component-5a6bc085c6d156f3,69b274a6a80ef9e0ab23c244d1c2c22f,1
4989,component-679db1eecddda202,4364de54dae7dd36a99f4b231c5f8a6b,2
499,component-57322003eb76f671,c4e31a13c41c5ebdf722f10fe7687f7a,2
4991,component-6e7d941d7d276401,b87b68a1fa8d28b8536a2f2f15bf8039,1
4993,component-b528091175d0bc7b,fd107bb0f7e0f072d94131023b183e56,1
4995,component-f0571d121bc4aafe,c31a0b11cef462791b027b6f3b70f7ad,2
4998,component-a026ef70cfdd8bba,cf1c86514ac52e02db90b4720dc16aa3,2
4999,component-f5fef3202de6e80c,76ddb9a0e1e4f23bb4e9b0e3d5659a54,0
51,component-031b4af5197ec30a,7a230cca28ca7ebf132213e26b3034ac,1
5100,component-1299c06d517825c0,2b41c2efdabc6369f21c5e925efc2e40,0
51000,component-469a3e9c8dd91f11,dc60f2e045fa06d98420f5b5dcf53e86,1
51002,component-3759ea224bc5328c,170d579b41922cd1d8b49fdca1167dea,0
51003,component-53aa3f8271195e32,43c20c56d1fecd261b292d746a084f68,0
51004,component-df4a90921b923329,46c596890064a76532f602936494eaf2,2
51006,component-0aef6efee530802b,360870c658edc4c82b96bf6bb132cc56,1
51007,component-b2d2c921b957d0f3,6e5c7426a1469f75710ccf046dda7de9,1
5101,component-eb16acba2df2d213,1559827f72c5d34bbcc7c8f8174376c1,0
51013,component-386454048000c123,18675a3d836669a516f36227a97d50f8,0
51015,component-8f4153a3229c0d16,88d830317c58cdd39b396de3b98f90db,0
51016,component-8ba51420454f1dca,3b1dea8eee6423c91e28bf292620825a,0
51019,component-0ff7c26930cf0af5,90de0b368761f9c4fe9a9d255892e6f9,1
5102,component-92414e34ded3540b,76eb91bc8753fe69f8eeece32efb2260,0
51020,component-3bbcf953401d94f1,4007fcdf13a7a376b2c6e0f1d6f5a27f,2
51021,component-22d18bdd8e09162b,41cb550aa28641bec0875c123183810a,1
51022,component-f8711df5a3b25c4e,5bcb64c57791e00e876fe2eb0d511a48,0
51024,component-2a51407e38dd394a,4ce481ce4841b318f5ea1f5f450b4af9,0
51025,component-efdd6af6b763d125,6f51820069200f49fe32a3e9f1acbd36,1
51030,component-2d50a4f257a604dc,3f9c5b1326a1113ce3851a86e627b0ab,2
51032,component-ada0262720c0e400,d65bd577ef5cc282cecffabff41e298d,0
51036,component-b85a253b83621016,635d3ca3f3f6e743f534a0b1de4a1054,0
5104,component-99b057c8e3461b97,e0c652127c649753f1c789f2045bc018,0
51043,component-8842972df45a5c58,fdee710106cc4f014532c02b9b49b79a,1
51048,component-be63f17e4bceac26,1f9313bc146fa7f519722689a736b36a,2
51050,component-1f64a0fe2e17d079,30531ed055c4789b8de4674ce43dca51,2
51055,component-7d436edb8a68a5ed,9ed209ecf7de1e62b379f395199d39b7,0
51058,component-c913d468a812b00a,2c0b5e8ea5f249e08a19a0883a176390,1
51059,component-bc5b1ecb7f76068b,dc85efaf017210bdc2c926b481e4653f,1
5106,component-49a48c483a4603ce,81342feb970f15997f7fb38ea8329fa0,1
51066,component-8842972df45a5c58,fdee710106cc4f014532c02b9b49b79a,1
5107,component-35f5885eea291f85,3ade2a45f840c4abf914e03f446f9e2c,1
51070,component-d71871956804a866,9737faef2240ccf6d5873b0b2a991f8c,0
51071,component-b4da5ac1c8bef115,5c523efcc82be996cbbc65b994e64819,0
51074,component-ba250b77419c932a,4e0608008080cee193b03c90bdf72d33,0
51075,component-a0ba26635494e3c6,0cd5e8abdaec32157c32a069cd5eb70b,0
51077,component-27a6c99fe2fc86a4,7bb1c1bc5599b43a9d2d27bcf98cf022,0
51079,component-5fd6e67d74c235f6,ef2b12aaeebe121afd9cc3c7f63aace8,2
51080,component-2e02c19aa132868c,f8d851dc1b50407310d0587f1b360760,2
51083,component-7a6643fd688398e4,e4cdf9178388f6da8505de64f66a2cf8,0
51084,component-3274f94809103d85,8c1b33155d1f6f7103ec3987ac348669,0
51087,component-8ce0ee48539d58dc,bf317ff061957293b615bf57c815ce99,2
51088,component-c7fe96bb85c3604a,c7a03efca57f3c58ebee744da9abe533,1
51090,component-469a3e9c8dd91f11,dc60f2e045fa06d98420f5b5dcf53e86,1
51093,component-8f4153a3229c0d16,88d830317c58cdd39b396de3b98f90db,0
51095,component-9a4946dd5aac17ab,bf99086af1160c0e4b9574c5287d6a42,0
51098,component-2f716277b07a0668,21bd5d3108dbc506388fa9696ea29534,2
51099,component-0aef6efee530802b,360870c658edc4c82b96bf6bb132cc56,1
5110,component-e28ccaa8e211ca16,e09dc01fc4a12f3cb21d76fb6cf26d6d,1
51100,component-22d18bdd8e09162b,41cb550aa28641bec0875c123183810a,1
51103,component-4675cfa565f74ec5,5431c4b341e28a6904db271e5004259d,1
51104,component-3bf9b45d02a86b0d,88901e5345854244e540f777f5716507,1
51105,component-1b157d77275658a9,0a5eaf1d00672ba115ed5106b6335686,1
51109,component-266dec576eaddc43,13d3e3bce2361d2aebd9b4d3bfeca172,0
5111,component-9b934e3e71010795,0168dab83ad682c2f3b492f93eb2d7cb,2
51112,component-0fbeb65cfe2f0474,94438aa07c864f3458a8869da8ccb3fa,1
51115,component-bcd1632eb2009420,45c43eb5849ee5613944d55099ae9f80,2
51117,component-49a48c483a4603ce,81342feb970f15997f7fb38ea8329fa0,1
51118,component-8ce0ee48539d58dc,bf317ff061957293b615bf57c815ce99,2
51119,component-9e5f2063e81fd4f3,5b46e67226801757e032d03abcb81a88,1
5112,component-c1b8a8262b80498e,545a61f98f7603b702c1b4e6cdcb02fa,0
51120,component-657b5fb4e2b0a733,d9e62e61cc151eab3cd5b2bedc08b381,2
51122,component-f8711df5a3b25c4e,5bcb64c57791e00e876fe2eb0d511a48,0
51123,component-fea0098bb743c930,0001f9db4fb3039363cdef36e02508de,1
51125,component-e5cd4fae1bb8ea32,b739cc2959780ff2bb0b126997e7592b,0
51127,component-2554da3fd36cab4d,197f480c553553ae2c69cb8168d86698,2
51130,component-92c8627d3cd08328,ff00e507e97ae58148e5c48ef5f45fc7,1
51132,component-a3b1989a041d8b4c,4100cda57dcd76fd39661b22e288d427,1
51135,component-2f716277b07a0668,21bd5d3108dbc506388fa9696ea29534,2
51137,component-bb5a420c243f6bca,c19e5358b4d473a7077f0f23b4e8a2a9,1
51141,component-093fdfa64bc6bb65,2d12bf93e814c94161e87146a14bcbb5,0
51143,component-31531096ad857db6,7288d7ec8a01d53165be949cedd92baf,2
51144,component-6315cc0c48739c85,d0466678169e0252d59df46e611e4a96,1
51147,component-a53f8fb88e8d9097,10e70e6925cdf1207137b2fcb50d9e73,2
51149,component-8ce0ee48539d58dc,bf317ff061957293b615bf57c815ce99,2
5115,component-cd8e31840f6a29f4,f7aebda1f779cb4230ab0db893b3f13a,0
51151,component-469a3e9c8dd91f11,dc60f2e045fa06d98420f5b5dcf53e86,1
51155,component-0d2e61493232df5c,0c6efa8e1b069f5e636e7b6131744827,2
51157,component-a920e3528fd78b20,bcc45358fe28eec328647feea4f36615,2
51158,component-22d18bdd8e09162b,41cb550aa28641bec0875c123183810a,1
51159,component-245e004c2c79d56b,7232fdf6568eeae9386dc7e94e097233,1
5116,component-f2895201481709ff,f6e71f410c6f7312a3d766e5046f4873,1
51164,component-a3b1989a041d8b4c,4100cda57dcd76fd39661b22e288d427,1
51169,component-b37d3175c4e69f2c,673113a2c1da86a83e36b22430810af6,0
51172,component-4ad3684ffe7d0e7c,9d251b2f9e07275d1a8fe0853573b603,0
51175,component-9f3dbaacd94ec0ed,c5d8f5185d75898bf8382c0713f1f770,1
51177,component-8ceac4b5444933d0,08209767fdce856ba08640f200c46dc0,2
51179,component-cdc4cff450d2c46f,5ef572df9b4b7b5e890c3f594abcf111,1
5118,component-555850e8f7f153d3,af5e9e3170938678f24566ba7f6c9877,2
51186,component-a869c7850aebfc94,5d16291b4fe546a4989a430140bce28a,0
51188,component-3759ea224bc5328c,170d579b41922cd1d8b49fdca1167dea,0
51192,component-1f30ac8e1976978b,017afc3f499e9011829789273fc95713,1
51193,component-05f2e4d87064d559,9a1c3fb2440455cc740c726ab35bd7a7,0
51195,component-22d18bdd8e09162b,41cb550aa28641bec0875c123183810a,1
51196,component-0aef6efee530802b,360870c658edc4c82b96bf6bb132cc56,1
51197,component-b2d2c921b957d0f3,6e5c7426a1469f75710ccf046dda7de9,1
51201,component-4b705c6c010d42c7,336295c4bd5cc5bda4b5acf254846882,0
51203,component-21ff599d09cceede,3029ac515afd566c3ed285e1e2b46455,2
51206,component-8796e3d1c762514a,cae6613fb32f812e9922d092fa29d58a,0
51210,component-8842972df45a5c58,fdee710106cc4f014532c02b9b49b79a,1
51212,component-db72824481a7e127,81b6cb037570c383c7c98c21019632b5,0
51214,component-9d39e042c016c544,3d69acd8f4d32fb77c3e3bd9a15aca70,2
51215,component-a8c68dca16e21758,894362420635769ec91ff94f3e0d9a49,2
51219,component-d4fea947a53312fb,cb55d51adc2ebfd13d5a2447a26e62c1,0
51225,component-c5376ca6619aded4,063acb5e2296b5bc5be28ac6ff21f35c,1
51228,component-8b0b0763885b9c9a,a55336959f961fb1658b7a8a82edde28,0
51229,component-dd6499288e8200fb,fab4951fbd8a3d1de608bc0ebaade4f7,2
51232,component-07b743ea80266489,42c55fe4acbf1fe8e6866d999f57e439,0
51233,component-521ee816d4503ef1,d5d3735667337d94623f4420b71090ff,2
51234,component-afeb39598aa2d065,bf0191cddcbf55737d5bb967926f983d,0
51235,component-e91de800f40471d2,6264bc280463e31170081f078cb2afc1,0
51237,component-53aa3f8271195e32,43c20c56d1fecd261b292d746a084f68,0
5124,component-2a51407e38dd394a,4ce481ce4841b318f5ea1f5f450b4af9,0
51242,component-8842972df45a5c58,fdee710106cc4f014532c02b9b49b79a,1
5125,component-8f4153a3229c0d16,88d830317c58cdd39b396de3b98f90db,0
51250,component-564aedfe18c4f189,b47a322d3201ad17b978bd1034da08ef,1
51253,component-3d1c7876a20be0ab,3603af9fa8353689fb6b79deb7bf945e,0
51257,component-be698415d2c9570c,5185cc64edafa329784d54e755d63b8a,2
51260,component-6edca4a3c2981443,ed7b6552ec49a5af6c6f2fe781c98ba5,0
51262,component-ff3e3dcd5449e302,6db51f6e98cc692a23c3eba2110349f0,2
51264,component-c9b80ed13b9cc0f0,e72261fa5fa5ee7ee90ca309780d119b,1
51265,component-a284f1ce491d0523,cd4ead05514425968b5c2e2a5e573073,0
51269,component-ce2ba50e81fb84f5,83f7cd02745c476fd70f2d7b1193ae8a,2
51273,component-28b7432034a98745,8b4eb1b6e2d88a09130eef410efcc05c,2
51277,component-ce0b0bef2fa5030b,5fc0c26993d403f1166b860378a9ad0c,0
51282,component-58ba946c0208b8ad,5b93580b3d3c6bff95ff397baefc978b,2
51283,component-34ce2a257babb237,e9b32d000befdeff9f3c92ac969c88ef,1
51288,component-ac78110bbab401e5,5060a37e9983f132836dd6581fb196da,0
51296,component-5dedce7371f4bedd,bb8bca622cd917376a429edb0981cfe0,1
51299,component-28b7432034a98745,8b4eb1b6e2d88a09130eef410efcc05c,2
51307,component-5fd6e67d74c235f6,ef2b12aaeebe121afd9cc3c7f63aace8,2
51308,component-e4e58c5f153cae8d,08bcb81bacc0e948657558bd02ca5fb4,2
51312,component-db72824481a7e127,81b6cb037570c383c7c98c21019632b5,0
51313,component-8842972df45a5c58,fdee710106cc4f014532c02b9b49b79a,1
51316,component-79edb6ee4337c65e,433dd8a6bb6c5576e095c64e602e701c,2
51317,component-9d39e042c016c544,3d69acd8f4d32fb77c3e3bd9a15aca70,2
51319,component-40217bfeb4d111f0,6dacafc7b38c6c45d4a2b29ea64b2f8e,0
51320,component-9232b4836f7909fb,add0f5e6e3cb1bfc19d413064dd770dc,2
51321,component-58bcf0ce133fa226,fd203947a6f88d0186e913b224af50b5,1
51323,component-da116a1410326702,ad8a32c7beb2992c82b63a033c98551b,1
51326,component-ba88b8bcf62cde52,c32b6e746af9fef06910773e3197b1bc,1
51336,component-f8711df5a3b25c4e,5bcb64c57791e00e876fe2eb0d511a48,0
51338,component-1b157d77275658a9,0a5eaf1d00672ba115ed5106b6335686,1
5134,component-db9ad06e2b12b5bd,652b039c6d7416eee602861b8037bc25,1
51340,component-2f716277b07a0668,21bd5d3108dbc506388fa9696ea29534,2
51341,component-fbb7af43a9cd2cf3,8ffadaf301e26b2a2b8f4006fdf33627,1
51349,component-a5a9502b2d2c4df7,2295758ff3bfee289243af36fd00e7f7,1
51350,component-0b6701945e99ca1c,7b44d9ccf5d640c0bb62b97963ad2eab,0
51351,component-a3b1989a041d8b4c,4100cda57dcd76fd39661b22e288d427,1
51354,component-bcd1632eb2009420,45c43eb5849ee5613944d55099ae9f80,2
51356,component-6ec46c026c26bdea,10193abf0c99850c2bcf8906c6039b94,2
51358,component-6315cc0c48739c85,d0466678169e0252d59df46e611e4a96,1
5136,component-0ff7c26930cf0af5,90de0b368761f9c4fe9a9d255892e6f9,1
51361,component-21ff599d09cceede,3029ac515afd566c3ed285e1e2b46455,2
51363,component-8796e3d1c762514a,cae6613fb32f812e9922d092fa29d58a,0
51365,component-52f3c372a09da1fb,2838c52c904a8b6a622a6c812af81213,0
51370,component-b37d3175c4e69f2c,673113a2c1da86a83e36b22430810af6,0
51375,component-4e9be8f6190bfe71,a15995e3af1e0fa95fec46e96d00e75b,2
51378,component-15e3d537d4366466,a903403bf3558f1b891cf60db9fe83e8,0
51380,component-a64492bf87a2f7ee,bd51e78d6760a3d4298f17c5dbbf2f96,0
51381,component-9f3dbaacd94ec0ed,c5d8f5185d75898bf8382c0713f1f770,1
51382,component-3bf9b45d02a86b0d,88901e5345854244e540f777f5716507,1
51383,component-715753b2a2dceb9e,e11b32d2887a77ad4b6db41b44dd8394,0
51385,component-31531096ad857db6,7288d7ec8a01d53165be949cedd92baf,2
51387,component-37a553d88bc9e0f0,488addb9c67d8d0d3dce536ffa69f694,1
51389,component-344d218378d662e7,822c0a1605a3b83e42f4dfe91f08f744,0
51392,component-fb3304097df8b2a0,add1c4bd0a37a9e3d44872e44985131d,2
51393,component-05f2e4d87064d559,9a1c3fb2440455cc740c726ab35bd7a7,0
51396,component-925383e5b1a4dabe,326dfa186762ff3e752145255d98a29a,1
514,component-c1b8a8262b80498e,545a61f98f7603b702c1b4e6cdcb02fa,0
51400,component-2554da3fd36cab4d,197f480c553553ae2c69cb8168d86698,2
51402,component-6237c32d30631c3e,cfb1ca053ebad9396c531f8d3e1e7f87,0
51404,component-a64492bf87a2f7ee,bd51e78d6760a3d4298f17c5dbbf2f96,0
51406,component-9e655b0f4d45d0d1,02073d5eda68ccf97b7aa9e30598a555,0
51408,component-715753b2a2dceb9e,e11b32d2887a77ad4b6db41b44dd8394,0
51409,component-afa319464ce77c4c,80235b5d7f502ec06cc2bf26040e4094,1
51411,component-7484d03a1bfa862e,e7acf407810c01f1fac96c75e228626d,2
51417,component-d71871956804a866,9737faef2240ccf6d5873b0b2a991f8c,0
51419,component-afcfd302b4801a4e,137fa9a1310d92cd07a2fa49a5fd3bce,2
5142,component-49d3cbd1fb66e247,b6d14ee6a9500b2909cf1adfd5783734,2
51420,component-cdc4cff450d2c46f,5ef572df9b4b7b5e890c3f594abcf111,1
51422,component-c7fe96bb85c3604a,c7a03efca57f3c58ebee744da9abe533,1
51424,component-2a51407e38dd394a,4ce481ce4841b318f5ea1f5f450b4af9,0
51425,component-469a3e9c8dd91f11,dc60f2e045fa06d98420f5b5dcf53e86,1
51426,component-3759ea224bc5328c,170d579b41922cd1d8b49fdca1167dea,0
51430,component-4b705c6c010d42c7,336295c4bd5cc5bda4b5acf254846882,0
51431,component-657b5fb4e2b0a733,d9e62e61cc151eab3cd5b2bedc08b381,2
51433,component-20163e7ba5ec5d6e,3c88e367f42e666466087bbba9933da8,0
51434,component-fea0098bb743c930,0001f9db4fb3039363cdef36e02508de,1
51437,component-2926bd5db6b058d7,7f7f7627dae980988674c66094b36560,0
51438,component-72254c4062e4c8f1,274434a08e6f4761ac2828569de13e6a,1
51443,component-6943da448d7fe003,1bd1328ea73e5cb11cc70fad9444ee6c,2
51444,component-92b1e6cbdba03723,95fa09a9f5d4a592d7917545a8cc8c56,0
51447,component-af60e2a73013472f,8bfcb3518d072d5d6997a31e8092557e,2
51448,component-1f4570eb8d47ee8f,783589608610addbdc2ff3e037be0597,2
51449,component-d3204debaba6a4bc,2c9076f1040e200a7d104d48c35454e5,0
51455,component-eac592bddb3f7fe8,5c9e8a761a2c982965a42067cb07272c,1
51457,component-3bf9b45d02a86b0d,88901e5345854244e540f777f5716507,1
51459,component-ce47862a93f4bfc6,30a7e32e8d75e2369bb0f71767be37dd,2
51462,component-db72824481a7e127,81b6cb037570c383c7c98c21019632b5,0
51463,component-b84437875bf63681,5ad6e242ba916665f879afd6af1f3f91,2
51466,component-1e5727a9f243278e,8f9191aef78add2d2c18bc7486de6caf,2
51467,component-938ca257025e0490,0e6ee65ba85d2db3cbafcae4285f3a2c,2
51468,component-f786bfa708120fbc,272ceae9d29d3632985a372de222eabb,2
51470,component-8f3ab1507eea2b85,7276da9517cbe741ffea6734bc460895,1
51471,component-39ba72ca55f34a89,fcdb7a34c45d7698c162e9085182c1ac,1
51473,component-53aa3f8271195e32,43c20c56d1fecd261b292d746a084f68,0
5148,component-2d517e68e168b2aa,8394f30558c27e446e67861d6b919020,1
51480,component-5fd6e67d74c235f6,ef2b12aaeebe121afd9cc3c7f63aace8,2
51486,component-1e5727a9f243278e,8f9191aef78add2d2c18bc7486de6caf,2
51488,component-caca4d6ef3f4b9a7,8c6f6b7d3388f242ef2fcaa8206ff7f0,0
51489,component-469a3e9c8dd91f11,dc60f2e045fa06d98420f5b5dcf53e86,1
51490,component-c2153dac1309a1d4,a6b43c256ca8aef14ea14b9eb7d54ac3,2
51492,component-c6a8121be01dadde,737b430aca8fc1267b6ecc60d24c7116,0
51493,component-8bf6c10394a94d28,0c0cafca46bcb0d1ed38625672ee89f2,1
51496,component-248566a8181606d4,7b9ac2353c1878717494c451937c86fa,1
51499,component-aca06f60fb4451af,16b6e781f508aca5a72df3b525e0d70b,1
515,component-386454048000c123,18675a3d836669a516f36227a97d50f8,0
51501,component-5401eaad2d960e79,9f5f75a4bef3ff4c9341991cf172d8fe,2
51502,component-9d39e042c016c544,3d69acd8f4d32fb77c3e3bd9a15aca70,2
51505,component-6edca4a3c2981443,ed7b6552ec49a5af6c6f2fe781c98ba5,0
51507,component-c5bf942db670e6de,a4f5252d143fcce3d5dcfbed81ec71de,2
51508,component-6bdc7939a97d44c2,0910cbdabc7f6b7fe11eb2feb6bdeeca,0
51511,component-ce0b0bef2fa5030b,5fc0c26993d403f1166b860378a9ad0c,0
51514,component-8842972df45a5c58,fdee710106cc4f014532c02b9b49b79a,1
51519,component-469a3e9c8dd91f11,dc60f2e045fa06d98420f5b5dcf53e86,1
51522,component-4d1aa10ffc5b9275,33aba783cd9f3fdbf70b7bb2aca53498,1
51527,component-53aa3f8271195e32,43c20c56d1fecd261b292d746a084f68,0
51528,component-97e5c7a66436ad50,e5a63b1ab148093e143f374cf8223c45,1
51535,component-39ba72ca55f34a89,fcdb7a34c45d7698c162e9085182c1ac,1
51543,component-d4fea947a53312fb,cb55d51adc2ebfd13d5a2447a26e62c1,0
51547,component-3d1c7876a20be0ab,3603af9fa8353689fb6b79deb7bf945e,0
51550,component-b2d2c921b957d0f3,6e5c7426a1469f75710ccf046dda7de9,1
51551,component-9d39e042c016c544,3d69acd8f4d32fb77c3e3bd9a15aca70,2
51552,component-20163e7ba5ec5d6e,3c88e367f42e666466087bbba9933da8,0
51554,component-1e5727a9f243278e,8f9191aef78add2d2c18bc7486de6caf,2
51558,component-5f85ea0791d89063,da8d1d07d74650f0ceb479ab5bd94c33,2
5156,component-6943da448d7fe003,1bd1328ea73e5cb11cc70fad9444ee6c,2
51560,component-469a3e9c8dd91f11,dc60f2e045fa06d98420f5b5dcf53e86,1
51563,component-d74419f997431b42,3ace017f1e11563f5cdfa5d4ffc49a29,0
51565,component-c51ac92e820f4ed2,56f4a298ec64b692fad8983da9cea466,1
51567,component-07b743ea80266489,42c55fe4acbf1fe8e6866d999f57e439,0
51568,component-3f8858176719fbee,6f590e3da93b16b9d59e56971896b3b7,1
51570,component-fb3304097df8b2a0,add1c4bd0a37a9e3d44872e44985131d,2
51572,component-05f2e4d87064d559,9a1c3fb2440455cc740c726ab35bd7a7,0
51576,component-22d18bdd8e09162b,41cb550aa28641bec0875c123183810a,1
51581,component-8f4153a3229c0d16,88d830317c58cdd39b396de3b98f90db,0
51582,component-a3b1989a041d8b4c,4100cda57dcd76fd39661b22e288d427,1
51584,component-469a3e9c8dd91f11,dc60f2e045fa06d98420f5b5dcf53e86,1
51586,component-bcd1632eb2009420,45c43eb5849ee5613944d55099ae9f80,2
51587,component-a7a809a54f4f76b0,49f2992b8d33eb0dd3f1714f2f9ab668,1
51588,component-9f3dbaacd94ec0ed,c5d8f5185d75898bf8382c0713f1f770,1
51589,component-4ad3684ffe7d0e7c,9d251b2f9e07275d1a8fe0853573b603,0
5159,component-bc195607041805e6,e52e94dd2279794ae34b27ffb2af09a4,2
51590,component-6315cc0c48739c85,d0466678169e0252d59df46e611e4a96,1
51594,component-64a8a8998a261423,450ab661c5e8bec2032acc998992012f,2
516,component-4771bef2c04a34b5,50c6c665fe5d8dd9ee27f2da769d60d9,0
51604,component-afa319464ce77c4c,80235b5d7f502ec06cc2bf26040e4094,1
51605,component-c876e39ec3d65528,eb9ed8441facc5e057834515c8d50c7f,0
51610,component-31531096ad857db6,7288d7ec8a01d53165be949cedd92baf,2
51612,component-e54b589d0ffe6321,1bc35034ae72189cc54976048fe1d878,0
51615,component-d3204debaba6a4bc,2c9076f1040e200a7d104d48c35454e5,0
51616,component-715753b2a2dceb9e,e11b32d2887a77ad4b6db41b44dd8394,0
51619,component-37a553d88bc9e0f0,488addb9c67d8d0d3dce536ffa69f694,1
51620,component-6956eb333f4453e9,cbff640ddbc7b1c43cfcdd91749275c6,0
51621,component-20163e7ba5ec5d6e,3c88e367f42e666466087bbba9933da8,0
51628,component-5ab38367bcd01563,b8587dfb948d902cec44e52f1f4889d5,2
51629,component-52f3c372a09da1fb,2838c52c904a8b6a622a6c812af81213,0
5163,component-715753b2a2dceb9e,e11b32d2887a77ad4b6db41b44dd8394,0
51633,component-657b5fb4e2b0a733,d9e62e61cc151eab3cd5b2bedc08b381,2
5164,component-6956eb333f4453e9,cbff640ddbc7b1c43cfcdd91749275c6,0
51641,component-bf837ac6ee9ee3ce,cc1aa01e0a2de4df051aa7a8376510df,1
51644,component-a64492bf87a2f7ee,bd51e78d6760a3d4298f17c5dbbf2f96,0
51645,component-1b157d77275658a9,0a5eaf1d00672ba115ed5106b6335686,1
5165,component-44898b43f6d5ea1c,ae2632b5171c66f99d43f37937e60058,0
51650,component-5fda6e08e9667a4f,4b01c8083c2f5c79ff96deacbe1e06ae,1
51651,component-7e737475f08780b0,e0e1980ad8b33487c53c48e57954ec79,1
51655,component-72254c4062e4c8f1,274434a08e6f4761ac2828569de13e6a,1
51656,component-4133e16cb7e48bd0,428c9abe941cd4caef02b420b596b551,1
51659,component-9bcb4c71c878d678,58265214319874b4b15aed6d8726338e,0
51663,component-8ce0ee48539d58dc,bf317ff061957293b615bf57c815ce99,2
51665,component-3759ea224bc5328c,170d579b41922cd1d8b49fdca1167dea,0
51667,component-469a3e9c8dd91f11,dc60f2e045fa06d98420f5b5dcf53e86,1
51669,component-4b705c6c010d42c7,336295c4bd5cc5bda4b5acf254846882,0
51671,component-caca4d6ef3f4b9a7,8c6f6b7d3388f242ef2fcaa8206ff7f0,0
51676,component-9a4946dd5aac17ab,bf99086af1160c0e4b9574c5287d6a42,0
51677,component-4675cfa565f74ec5,5431c4b341e28a6904db271e5004259d,1
51678,component-2554da3fd36cab4d,197f480c553553ae2c69cb8168d86698,2
5168,component-90112f7f2ad89d67,a4f863ec514077c6b6364eaa47d4522d,2
51680,component-9e655b0f4d45d0d1,02073d5eda68ccf97b7aa9e30598a555,0
51682,component-22d18bdd8e09162b,41cb550aa28641bec0875c123183810a,1
51683,component-3bf9b45d02a86b0d,88901e5345854244e540f777f5716507,1
51685,component-ac66f57dd8f13138,56cc68f390d6e738dec5b0c06e77ddab,0
51686,component-ea5132b05b6a6e00,08f3a80eeda28e4b166735a0244de4a7,2
5169,component-83f2c170a2df21e4,2078c0fa5fe27342abf3513939bdac96,1
51697,component-a4a88b5a12eec864,4810c79a6afc1136f49cbd19e5f2217f,0
51699,component-bfc0bcf030d72c7d,de9b21e9807f404bbc081334e24375c5,0
5170,component-8df93a86bb739d44,d662b6daab117ca13569cbf2440f50e3,2
51702,component-ab78951914afbe50,762541e8b6229a53415950bdb02aaac1,2
51706,component-ce47862a93f4bfc6,30a7e32e8d75e2369bb0f71767be37dd,2
51707,component-57fc8cde141d45e3,d30a272a6f2c0e337381498d405e8aac,1
51709,component-c65602ea934cb0c6,5669cdf6d2a2e5b91384a97a1831605f,1
51712,component-9f05b4d56a474778,ee554d498ef6561b45fc3ab12c1c1a42,2
51715,component-33a325a08b2312c0,0b0c36da050395f12f64a121aca14d53,0
51716,component-8fe8defe29b0e67f,f4726703bc4997755da225011423f22f,1
51718,component-3b3740a22307495a,e7948f08b7177eab3ac845b0cf8732a4,0
51719,component-b3ddb20c40f6c2fc,29fd2b0f12024c68f50dacdb6c495b51,1
51722,component-f969be199bec3a43,ffac822e48a43f96379cd31ca1a804e8,0
51723,component-564aedfe18c4f189,b47a322d3201ad17b978bd1034da08ef,1
51725,component-521ee816d4503ef1,d5d3735667337d94623f4420b71090ff,2
51726,component-469a3e9c8dd91f11,dc60f2e045fa06d98420f5b5dcf53e86,1
51727,component-6943da448d7fe003,1bd1328ea73e5cb11cc70fad9444ee6c,2
51729,component-3f8858176719fbee,6f590e3da93b16b9d59e56971896b3b7,1
5173,component-9199d9e5b275563c,73c325c3ee4adc039b5dfd2ee2759260,1
51731,component-c5bf942db670e6de,a4f5252d143fcce3d5dcfbed81ec71de,2
51733,component-53aa3f8271195e32,43c20c56d1fecd261b292d746a084f68,0
51734,component-f402cbfccfe2a59c,38b0e123da0e42cd5144299108be2149,1
51739,component-ca0060962598779e,2c7298623e10c324ce2bf2f38baab5f4,2
51740,component-54007cb468db2d1e,c5c9daf1d4de5f29c034723e7e0edc1b,1
51747,component-25c8933d1bad8abe,4a9e9510fedfe845a8b2e0afc735d341,2
5175,component-a2800be5a55f8b53,5e3961162b0adaec6174af7dd8a9dc34,1
51752,component-5fd6e67d74c235f6,ef2b12aaeebe121afd9cc3c7f63aace8,2
51757,component-8842972df45a5c58,fdee710106cc4f014532c02b9b49b79a,1
5176,component-62ef88b54ca86283,2705203c8211c645b7222005d291cd4a,2
51761,component-c7fe96bb85c3604a,c7a03efca57f3c58ebee744da9abe533,1
51762,component-1e5727a9f243278e,8f9191aef78add2d2c18bc7486de6caf,2
51763,component-71e6f5c88bbfa93a,4c2833e356ff0132a7a11a855e6dd0d6,2
51765,component-469a3e9c8dd91f11,dc60f2e045fa06d98420f5b5dcf53e86,1
51767,component-07b743ea80266489,42c55fe4acbf1fe8e6866d999f57e439,0
51769,component-b84437875bf63681,5ad6e242ba916665f879afd6af1f3f91,2
5177,component-8470e27de1197a48,541e823c967e9ab61df1e6736be4f3b4,0
51771,component-75fefe60a773bdaa,992b75644c7657d7fb33cefd2ddb0e6f,2
51777,component-8ba51420454f1dca,3b1dea8eee6423c91e28bf292620825a,0
51778,component-7435b5700b89d0e5,b2e7b9c8a5b1fa399edc3637f60716c4,1
51779,component-ce0b0bef2fa5030b,5fc0c26993d403f1166b860378a9ad0c,0
51781,component-8796e3d1c762514a,cae6613fb32f812e9922d092fa29d58a,0
51787,component-aca06f60fb4451af,16b6e781f508aca5a72df3b525e0d70b,1
51788,component-4c2d2e5304715e97,6c3f15243eaa72098f5d11929c06765b,1
51789,component-9d39e042c016c544,3d69acd8f4d32fb77c3e3bd9a15aca70,2
51790,component-469a3e9c8dd91f11,dc60f2e045fa06d98420f5b5dcf53e86,1
51796,component-1594fe5c44a604b8,1feba7f796ebda5f838fc76c06b5418c,0
51797,component-db72824481a7e127,81b6cb037570c383c7c98c21019632b5,0
51798,component-8d99329e394cf46c,ba6904abd2e15c1907e5d9ac22afbfb3,0
518,component-6943da448d7fe003,1bd1328ea73e5cb11cc70fad9444ee6c,2
5180,component-258f31fc369c1710,325f9f61282197b08de264710c3481cb,0
51802,component-f786bfa708120fbc,272ceae9d29d3632985a372de222eabb,2
51803,component-a98bac655b530ace,47b6ba526136a4a496029fe52d9672ec,1
51806,component-f85f650d496733f4,91d29611594a71d8b8f8765be719d9dc,1
5181,component-22d18bdd8e09162b,41cb550aa28641bec0875c123183810a,1
51812,component-469a3e9c8dd91f11,dc60f2e045fa06d98420f5b5dcf53e86,1
51814,component-2554da3fd36cab4d,197f480c553553ae2c69cb8168d86698,2
51816,component-9a4946dd5aac17ab,bf99086af1160c0e4b9574c5287d6a42,0
51818,component-8f4153a3229c0d16,88d830317c58cdd39b396de3b98f90db,0
51819,component-b7609da7e6f650a6,23330bf5f63422925bff51d4ff647acd,2
51820,component-bcd1632eb2009420,45c43eb5849ee5613944d55099ae9f80,2
51822,component-a64492bf87a2f7ee,bd51e78d6760a3d4298f17c5dbbf2f96,0
51824,component-6caca9d6bb02270e,d6264ffd7ee0e0947f162a1871ef98be,2
51829,component-6315cc0c48739c85,d0466678169e0252d59df46e611e4a96,1
5183,component-7e737475f08780b0,e0e1980ad8b33487c53c48e57954ec79,1
51830,component-715753b2a2dceb9e,e11b32d2887a77ad4b6db41b44dd8394,0
51838,component-3bf9b45d02a86b0d,88901e5345854244e540f777f5716507,1
51840,component-517a3a173131000f,a9db07913633e328845f33c4ae668104,1
51842,component-caca4d6ef3f4b9a7,8c6f6b7d3388f242ef2fcaa8206ff7f0,0
51843,component-4b705c6c010d42c7,336295c4bd5cc5bda4b5acf254846882,0
51846,component-9e655b0f4d45d0d1,02073d5eda68ccf97b7aa9e30598a555,0
51853,component-31531096ad857db6,7288d7ec8a01d53165be949cedd92baf,2
5186,component-fbb7af43a9cd2cf3,8ffadaf301e26b2a2b8f4006fdf33627,1
51862,component-d3204debaba6a4bc,2c9076f1040e200a7d104d48c35454e5,0
51863,component-83f2c170a2df21e4,2078c0fa5fe27342abf3513939bdac96,1
51867,component-6956eb333f4453e9,cbff640ddbc7b1c43cfcdd91749275c6,0
51868,component-aab7baa732237c18,d18f71cd038d2a2282d4981fb81264e0,1
51869,component-9bcb4c71c878d678,58265214319874b4b15aed6d8726338e,0
5187,component-05f2e4d87064d559,9a1c3fb2440455cc740c726ab35bd7a7,0
51872,component-8ce0ee48539d58dc,bf317ff061957293b615bf57c815ce99,2
51873,component-657b5fb4e2b0a733,d9e62e61cc151eab3cd5b2bedc08b381,2
51874,component-fb3304097df8b2a0,add1c4bd0a37a9e3d44872e44985131d,2
51877,component-4675cfa565f74ec5,5431c4b341e28a6904db271e5004259d,1
5188,component-469a3e9c8dd91f11,dc60f2e045fa06d98420f5b5dcf53e86,1
51880,component-a64492bf87a2f7ee,bd51e78d6760a3d4298f17c5dbbf2f96,0
51891,component-34d8400caea89518,a0a3c46df770074612b9c7fbcd5fef8a,1
51892,component-c139c104e92d79d5,dc79e02ffe7f240fd79b0d48b95062e3,0
51894,component-715753b2a2dceb9e,e11b32d2887a77ad4b6db41b44dd8394,0
51895,component-c3ae9e3269e9cd24,57fabe5b6d434c674f5a9a84ddda31af,1
51898,component-f1ffcaaacfe9cacd,c9bbf9567b8c244bf6b9d3c21a0f7307,2
5190,component-4b705c6c010d42c7,336295c4bd5cc5bda4b5acf254846882,0
51900,component-3835a90fb87a5678,0a0ff5489ca8718bd56048b8fabd3ea4,2
51903,component-c1b8a8262b80498e,545a61f98f7603b702c1b4e6cdcb02fa,0
51904,component-3759ea224bc5328c,170d579b41922cd1d8b49fdca1167dea,0
51905,component-2a51407e38dd394a,4ce481ce4841b318f5ea1f5f450b4af9,0
51909,component-05f2e4d87064d559,9a1c3fb2440455cc740c726ab35bd7a7,0
5191,component-9e655b0f4d45d0d1,02073d5eda68ccf97b7aa9e30598a555,0
51912,component-79f3f678b3376967,219621f541dd4fd9d6ee9d59d33f64db,1
51913,component-1b157d77275658a9,0a5eaf1d00672ba115ed5106b6335686,1
51917,component-9b7e8ce8dd8ef654,5849b6e92163d5ba0685cace8848f8fb,1
51923,component-a3b1989a041d8b4c,4100cda57dcd76fd39661b22e288d427,1
51931,component-75fefe60a773bdaa,992b75644c7657d7fb33cefd2ddb0e6f,2
51934,component-469a3e9c8dd91f11,dc60f2e045fa06d98420f5b5dcf53e86,1
51935,component-3f8858176719fbee,6f590e3da93b16b9d59e56971896b3b7,1
51937,component-b84437875bf63681,5ad6e242ba916665f879afd6af1f3f91,2
51939,component-444bcc250df89ecd,cc6f93e26305d3aec61b2ff0a9ebbe2f,1
51942,component-ce47862a93f4bfc6,30a7e32e8d75e2369bb0f71767be37dd,2
51943,component-b85a253b83621016,635d3ca3f3f6e743f534a0b1de4a1054,0
51947,component-db72824481a7e127,81b6cb037570c383c7c98c21019632b5,0
51948,component-febe6e7bdda399a3,ce6901eefc2e8986be8f63830a64b351,0
51951,component-2b872ce5ec01da3e,98421aa7893a4da72895be81b560213d,1
51955,component-eaa393e8949c085c,4ebacd93be427228c3fa39edff24b378,2
51956,component-3d3de3c277a64953,cdb2a7ac3da71d8620e4b4b8862b81f5,0
51960,component-8842972df45a5c58,fdee710106cc4f014532c02b9b49b79a,1
51963,component-9d39e042c016c544,3d69acd8f4d32fb77c3e3bd9a15aca70,2
51966,component-a4a88b5a12eec864,4810c79a6afc1136f49cbd19e5f2217f,0
51968,component-6caf6b538dd21eba,49a4b9005b68ba73b9010b0e62a6a5ae,1
5197,component-b85a253b83621016,635d3ca3f3f6e743f534a0b1de4a1054,0
51971,component-ca0060962598779e,2c7298623e10c324ce2bf2f38baab5f4,2
51972,component-44fe0a682facf708,798bedcf1edf8cd2fc9893c591e4f046,2
51973,component-ab78951914afbe50,762541e8b6229a53415950bdb02aaac1,2
51974,component-ce47862a93f4bfc6,30a7e32e8d75e2369bb0f71767be37dd,2
51975,component-57fc8cde141d45e3,d30a272a6f2c0e337381498d405e8aac,1
51977,component-62d369f43ccb415d,b40c0bf5a76d050ea2b687b90a3a21a4,1
51978,component-2b872ce5ec01da3e,98421aa7893a4da72895be81b560213d,1
51981,component-edf266febc60ad7f,40fbf9132a2451748823ede94f9ebf2f,2
51984,component-b992ea88d5ef53ac,fa2951acdf47d6b65ecce0079856832e,2
51986,component-0eaf6dd0415eece2,124164bf3ba2aa05ea48ab77bf655aa3,0
51987,component-1be4bbd648430a8d,d9f72aefd5a556f40c5bc9c4ecfb8e5c,0
51989,component-ce0b0bef2fa5030b,5fc0c26993d403f1166b860378a9ad0c,0
5199,component-ea5132b05b6a6e00,08f3a80eeda28e4b166735a0244de4a7,2
51991,component-5fd6e67d74c235f6,ef2b12aaeebe121afd9cc3c7f63aace8,2
51993,component-ce147889c647c0ac,87ab3b090e71ac42cf56d936674bb048,1
51997,component-c2153dac1309a1d4,a6b43c256ca8aef14ea14b9eb7d54ac3,2
51998,component-564aedfe18c4f189,b47a322d3201ad17b978bd1034da08ef,1
51999,component-8842972df45a5c58,fdee710106cc4f014532c02b9b49b79a,1
52,component-41cfc0d1f2d127b0,4ba79ee4081a5ea01076f26021296ae7,0
520,component-ce0b0bef2fa5030b,5fc0c26993d403f1166b860378a9ad0c,0
52000,component-5736c0df44097547,a9ef258796dc0e172c1c484175ba51f7,1
52009,component-07b743ea80266489,42c55fe4acbf1fe8e6866d999f57e439,0
5201,component-3784c6b8d1538123,e530bc78ba7c186c1810cfe62714540b,1
52010,component-469a3e9c8dd91f11,dc60f2e045fa06d98420f5b5dcf53e86,1
52022,component-1e5727a9f243278e,8f9191aef78add2d2c18bc7486de6caf,2
52026,component-ce47862a93f4bfc6,30a7e32e8d75e2369bb0f71767be37dd,2
52028,component-b84437875bf63681,5ad6e242ba916665f879afd6af1f3f91,2
52030,component-db72824481a7e127,81b6cb037570c383c7c98c21019632b5,0
52031,component-53aa3f8271195e32,43c20c56d1fecd261b292d746a084f68,0
52035,component-44fe0a682facf708,798bedcf1edf8cd2fc9893c591e4f046,2
52037,component-4299e0004602dea3,93a1a5e4ec5bc1e8c39e798513ccd31e,0
52038,component-de3cbfe9c65e0f3e,a388831c6399a009f6718d9acc08ca62,1
52039,component-7901dc376b0cd70a,49d498b5f467ba84b073f8950ac02005,2
5204,component-20163e7ba5ec5d6e,3c88e367f42e666466087bbba9933da8,0
52041,component-5b3c7e5d8691b875,27b2639324a15d7ba4f093c816cad336,0
52042,component-bfc0bcf030d72c7d,de9b21e9807f404bbc081334e24375c5,0
52047,component-e134a14184b69cb9,ee3f412cf31e4c2b2511c8f3395237ed,0
52048,component-22d18bdd8e09162b,41cb550aa28641bec0875c123183810a,1
5205,component-4d1aa10ffc5b9275,33aba783cd9f3fdbf70b7bb2aca53498,1
52052,component-bb5a420c243f6bca,c19e5358b4d473a7077f0f23b4e8a2a9,1
52053,component-31531096ad857db6,7288d7ec8a01d53165be949cedd92baf,2
52056,component-6caca9d6bb02270e,d6264ffd7ee0e0947f162a1871ef98be,2
52057,component-fbb7af43a9cd2cf3,8ffadaf301e26b2a2b8f4006fdf33627,1
52059,component-a3b1989a041d8b4c,4100cda57dcd76fd39661b22e288d427,1
52061,component-6315cc0c48739c85,d0466678169e0252d59df46e611e4a96,1
52065,component-bcd1632eb2009420,45c43eb5849ee5613944d55099ae9f80,2
52068,component-a64492bf87a2f7ee,bd51e78d6760a3d4298f17c5dbbf2f96,0
52072,component-7d436edb8a68a5ed,9ed209ecf7de1e62b379f395199d39b7,0
52075,component-5dc8dd3780289933,84627f70691a0e709615d4d7cd61bc82,0
52076,component-f1d1275e41309cd5,d290fe2c936fd63e1ad5bf4a111f0ea4,1
52080,component-2a51407e38dd394a,4ce481ce4841b318f5ea1f5f450b4af9,0
52082,component-fb3304097df8b2a0,add1c4bd0a37a9e3d44872e44985131d,2
52086,component-a7a809a54f4f76b0,49f2992b8d33eb0dd3f1714f2f9ab668,1
5209,component-0b3fe555ae8bd943,4012d270b165a399254c516dd423e377,2
52092,component-9f3dbaacd94ec0ed,c5d8f5185d75898bf8382c0713f1f770,1
52097,component-874d7f7eb7b65fb0,d99341c34da32e19e1103c9cfd5a737c,1
52098,component-83f2c170a2df21e4,2078c0fa5fe27342abf3513939bdac96,1
52099,component-7a6643fd688398e4,e4cdf9178388f6da8505de64f66a2cf8,0
52101,component-13382871067572d1,7b4220010b9512b30159d09752277f96,0
52108,component-f8613b024ebd786d,07798b7b590a6ff669d3b8abbf57feff,2
5211,component-a3b1989a041d8b4c,4100cda57dcd76fd39661b22e288d427,1
52111,component-2e278724785ff355,94b6652f0c5cc1327be9c45b274ee764,0
52112,component-2a51407e38dd394a,4ce481ce4841b318f5ea1f5f450b4af9,0
52115,component-1b157d77275658a9,0a5eaf1d00672ba115ed5106b6335686,1
52117,component-a920e3528fd78b20,bcc45358fe28eec328647feea4f36615,2
52120,component-b7609da7e6f650a6,23330bf5f63422925bff51d4ff647acd,2
52122,component-8c5197817bb38ce0,1e9957a383d7fc0017f5271c504ed0da,1
52125,component-b85a253b83621016,635d3ca3f3f6e743f534a0b1de4a1054,0
52127,component-4675cfa565f74ec5,5431c4b341e28a6904db271e5004259d,1
52130,component-59c6cefaf409a0c2,80c8434d215a6a3bf61a3501da26bfd9,0
52134,component-d74419f997431b42,3ace017f1e11563f5cdfa5d4ffc49a29,0
52135,component-72254c4062e4c8f1,274434a08e6f4761ac2828569de13e6a,1
52137,component-880c83bffde53255,61f99ad60f9d2e512b616546400ff950,2
52139,component-8ce0ee48539d58dc,bf317ff061957293b615bf57c815ce99,2
52140,component-3835a90fb87a5678,0a0ff5489ca8718bd56048b8fabd3ea4,2
52144,component-2a51407e38dd394a,4ce481ce4841b318f5ea1f5f450b4af9,0
52145,component-3759ea224bc5328c,170d579b41922cd1d8b49fdca1167dea,0
52146,component-469a3e9c8dd91f11,dc60f2e045fa06d98420f5b5dcf53e86,1
52153,component-4b705c6c010d42c7,336295c4bd5cc5bda4b5acf254846882,0
52158,component-afa319464ce77c4c,80235b5d7f502ec06cc2bf26040e4094,1
52161,component-9a4946dd5aac17ab,bf99086af1160c0e4b9574c5287d6a42,0
52163,component-fbb7af43a9cd2cf3,8ffadaf301e26b2a2b8f4006fdf33627,1
52167,component-9e655b0f4d45d0d1,02073d5eda68ccf97b7aa9e30598a555,0
52168,component-72254c4062e4c8f1,274434a08e6f4761ac2828569de13e6a,1
5217,component-3784c6b8d1538123,e530bc78ba7c186c1810cfe62714540b,1
52172,component-8842972df45a5c58,fdee710106cc4f014532c02b9b49b79a,1
52173,component-3f8858176719fbee,6f590e3da93b16b9d59e56971896b3b7,1
52178,component-ce47862a93f4bfc6,30a7e32e8d75e2369bb0f71767be37dd,2
52185,component-a4a88b5a12eec864,4810c79a6afc1136f49cbd19e5f2217f,0
5219,component-6caca9d6bb02270e,d6264ffd7ee0e0947f162a1871ef98be,2
52190,component-87e1d48cbc5e82f0,66f2608be0dcf739b74edb23bba26def,0
52191,component-20163e7ba5ec5d6e,3c88e367f42e666466087bbba9933da8,0
52192,component-fc9cbd7f51480d1b,d125f2cf3d4a15fd8868e57d903e22a2,1
52194,component-96722127a1d8440d,b08d2a0b0e4b675f8693d9fa5a24a81c,0
52195,component-33a325a08b2312c0,0b0c36da050395f12f64a121aca14d53,0
522,component-2a51407e38dd394a,4ce481ce4841b318f5ea1f5f450b4af9,0
5220,component-9f3dbaacd94ec0ed,c5d8f5185d75898bf8382c0713f1f770,1
52200,component-58c397bc121fbe6a,9966b1003278f8783c7270628ae1bb62,1
52201,component-c51ac92e820f4ed2,56f4a298ec64b692fad8983da9cea466,1
52203,component-8842972df45a5c58,fdee710106cc4f014532c02b9b49b79a,1
52205,component-b84437875bf63681,5ad6e242ba916665f879afd6af1f3f91,2
52206,component-469a3e9c8dd91f11,dc60f2e045fa06d98420f5b5dcf53e86,1
52209,component-44fe0a682facf708,798bedcf1edf8cd2fc9893c591e4f046,2
52210,component-5b3c7e5d8691b875,27b2639324a15d7ba4f093c816cad336,0
52214,component-ab78951914afbe50,762541e8b6229a53415950bdb02aaac1,2
5222,component-7a6643fd688398e4,e4cdf9178388f6da8505de64f66a2cf8,0
52222,component-b85a253b83621016,635d3ca3f3f6e743f534a0b1de4a1054,0
5223,component-e9c81a67c738e039,4de5823dfb977d5b7f248b9a45c68c1c,1
52233,component-5fd6e67d74c235f6,ef2b12aaeebe121afd9cc3c7f63aace8,2
52234,component-564aedfe18c4f189,b47a322d3201ad17b978bd1034da08ef,1
52236,component-8842972df45a5c58,fdee710106cc4f014532c02b9b49b79a,1
52238,component-75fefe60a773bdaa,992b75644c7657d7fb33cefd2ddb0e6f,2
5224,component-7603e9afb5dca0f8,b3220333d1e199607e9992420ea87f36,1
52241,component-db72824481a7e127,81b6cb037570c383c7c98c21019632b5,0
52246,component-338617c08e85ecf6,a1294f0793f28edc6641cb5f90374ec7,0
52248,component-7435b5700b89d0e5,b2e7b9c8a5b1fa399edc3637f60716c4,1
52255,component-7cd85f8573037c77,a27b9ac08f95b729677863f84319fcf1,0
52257,component-060f63c8be29d9e5,3ac6c72e4f374220c80ee58b9c83afa9,0
52258,component-f25bc871c2e474d9,ce508916a723b1124815cb93c74413bb,0
52262,component-3bf9b45d02a86b0d,88901e5345854244e540f777f5716507,1
52263,component-5736c0df44097547,a9ef258796dc0e172c1c484175ba51f7,1
52267,component-c9fc9e7213cb0fda,615e7bb8e2f767b526fa7e3e5ccb2cef,1
52268,component-8842972df45a5c58,fdee710106cc4f014532c02b9b49b79a,1
5227,component-fcfa49c32bd1c3f5,7ca2ed45d2f59093e250f0e1b00ea394,0
52271,component-ce47862a93f4bfc6,30a7e32e8d75e2369bb0f71767be37dd,2
52273,component-469a3e9c8dd91f11,dc60f2e045fa06d98420f5b5dcf53e86,1
52274,component-07b743ea80266489,42c55fe4acbf1fe8e6866d999f57e439,0
5228,component-b4349e0dcd4a59ec,445977fbf572dbb1a2a66da13a620e8c,2
52280,component-444bcc250df89ecd,cc6f93e26305d3aec61b2ff0a9ebbe2f,1
52281,component-a4a88b5a12eec864,4810c79a6afc1136f49cbd19e5f2217f,0
52285,component-6caf6b538dd21eba,49a4b9005b68ba73b9010b0e62a6a5ae,1
52291,component-cdc4cff450d2c46f,5ef572df9b4b7b5e890c3f594abcf111,1
52292,component-469a3e9c8dd91f11,dc60f2e045fa06d98420f5b5dcf53e86,1
52293,component-cd40f2235216d89b,e06d04b6af3822fcbedc0b3a3b33dbc7,0
52297,component-0aef6efee530802b,360870c658edc4c82b96bf6bb132cc56,1
5230,component-8796e3d1c762514a,cae6613fb32f812e9922d092fa29d58a,0
52300,component-05f2e4d87064d559,9a1c3fb2440455cc740c726ab35bd7a7,0
52302,component-0d2e61493232df5c,0c6efa8e1b069f5e636e7b6131744827,2
52303,component-3784c6b8d1538123,e530bc78ba7c186c1810cfe62714540b,1
52307,component-9a4946dd5aac17ab,bf99086af1160c0e4b9574c5287d6a42,0
52308,component-dcd615f2aa426e3e,1466818227f99bb65e7f7ad51b4c0b20,0
52315,component-a3b1989a041d8b4c,4100cda57dcd76fd39661b22e288d427,1
52318,component-ad35239f45b9feba,953f56458258bdc8d74735c7a62ff5a3,2
5232,component-0ff7c26930cf0af5,90de0b368761f9c4fe9a9d255892e6f9,1
52322,component-cdc4cff450d2c46f,5ef572df9b4b7b5e890c3f594abcf111,1
52325,component-725e56a769e19df0,c61be2829dd1dabc630b1daa0365dbe4,0
52326,component-3759ea224bc5328c,170d579b41922cd1d8b49fdca1167dea,0
52328,component-53aa3f8271195e32,43c20c56d1fecd261b292d746a084f68,0
52331,component-0aef6efee530802b,360870c658edc4c82b96bf6bb132cc56,1
52332,component-b2d2c921b957d0f3,6e5c7426a1469f75710ccf046dda7de9,1
5234,component-010fe501377e4422,4b19b06b778ecf8e5fa86fe26c907423,0
52340,component-9f59252aa685b585,d3c10f068bc2f9c8d53574e842c10b42,1
52342,component-56480461ad5b0f73,7972efb7fbbf2db6202c8c930780bad6,1
52344,component-18dd29b867435ad0,7f7fc18f2bde9535665135fab2864778,1
52346,component-9e655b0f4d45d0d1,02073d5eda68ccf97b7aa9e30598a555,0
52350,component-8f4153a3229c0d16,88d830317c58cdd39b396de3b98f90db,0
52351,component-715753b2a2dceb9e,e11b32d2887a77ad4b6db41b44dd8394,0
52352,component-8ce0ee48539d58dc,bf317ff061957293b615bf57c815ce99,2
52354,component-ae8acc4d6a2291d9,ea2b725e2ab5b4fb54fcc35c115642ee,0
5236,component-be63f17e4bceac26,1f9313bc146fa7f519722689a736b36a,2
52360,component-8842972df45a5c58,fdee710106cc4f014532c02b9b49b79a,1
52362,component-fcfa49c32bd1c3f5,7ca2ed45d2f59093e250f0e1b00ea394,0
52366,component-fb3304097df8b2a0,add1c4bd0a37a9e3d44872e44985131d,2
52367,component-7d436edb8a68a5ed,9ed209ecf7de1e62b379f395199d39b7,0
52375,component-39573c2ecbe22a60,7503042e3718d2c74d7a22c7cae245bf,1
52376,component-469a3e9c8dd91f11,dc60f2e045fa06d98420f5b5dcf53e86,1
52377,component-b85a253b83621016,635d3ca3f3f6e743f534a0b1de4a1054,0
52379,component-9c04011fe266faaa,56090ce66d6463b70a7f604ee670596e,1
52381,component-37a553d88bc9e0f0,488addb9c67d8d0d3dce536ffa69f694,1
52382,component-efdd6af6b763d125,6f51820069200f49fe32a3e9f1acbd36,1
52385,component-c913d468a812b00a,2c0b5e8ea5f249e08a19a0883a176390,1
52387,component-925383e5b1a4dabe,326dfa186762ff3e752145255d98a29a,1
52389,component-fea0098bb743c930,0001f9db4fb3039363cdef36e02508de,1
5239,component-b11fca347f8eabb8,40dfe4e48671d81e504cf39811131bd0,0
52390,component-8842972df45a5c58,fdee710106cc4f014532c02b9b49b79a,1
52395,component-db9ad06e2b12b5bd,652b039c6d7416eee602861b8037bc25,1
52397,component-b85a253b83621016,635d3ca3f3f6e743f534a0b1de4a1054,0
52399,component-20163e7ba5ec5d6e,3c88e367f42e666466087bbba9933da8,0
52402,component-1e9b0519f91f21ca,a731852174a5c1bb078192041f158d2e,2
52406,component-e5181b4de29b4da7,b8e2d07a00d587c889e5b6d789682c6b,0
52407,component-ca0060962598779e,2c7298623e10c324ce2bf2f38baab5f4,2
52408,component-386454048000c123,18675a3d836669a516f36227a97d50f8,0
52409,component-3b3740a22307495a,e7948f08b7177eab3ac845b0cf8732a4,0
5241,component-3759ea224bc5328c,170d579b41922cd1d8b49fdca1167dea,0
52412,component-1b157d77275658a9,0a5eaf1d00672ba115ed5106b6335686,1
52416,component-a3b1989a041d8b4c,4100cda57dcd76fd39661b22e288d427,1
52418,component-6315cc0c48739c85,d0466678169e0252d59df46e611e4a96,1
52419,component-a7a809a54f4f76b0,49f2992b8d33eb0dd3f1714f2f9ab668,1
52421,component-1e9b0519f91f21ca,a731852174a5c1bb078192041f158d2e,2
52427,component-9f3dbaacd94ec0ed,c5d8f5185d75898bf8382c0713f1f770,1
52431,component-20163e7ba5ec5d6e,3c88e367f42e666466087bbba9933da8,0
52432,component-874d7f7eb7b65fb0,d99341c34da32e19e1103c9cfd5a737c,1
52435,component-be63f17e4bceac26,1f9313bc146fa7f519722689a736b36a,2
52436,component-6d480eddbe6e8dbd,3a1795b08304889cd4872e92366c03c7,0
52437,component-c35e6a2e83153c76,7bd7938d143801488f3e97c5fd42302f,0
52439,component-ad9acece73d876fc,6699a2c8852686148c127d554201d62b,2
5244,component-a869c7850aebfc94,5d16291b4fe546a4989a430140bce28a,0
52440,component-3a083404e9108f56,0fd0b67e319e2b2633c735758edf0d4f,2
52446,component-7603e9afb5dca0f8,b3220333d1e199607e9992420ea87f36,1
52447,component-ea5132b05b6a6e00,08f3a80eeda28e4b166735a0244de4a7,2
52450,component-ae8acc4d6a2291d9,ea2b725e2ab5b4fb54fcc35c115642ee,0
52454,component-83f2c170a2df21e4,2078c0fa5fe27342abf3513939bdac96,1
52455,component-6e72304e3d901d03,f394c150bbee3ee111fb225a76a78a01,0
52456,component-715753b2a2dceb9e,e11b32d2887a77ad4b6db41b44dd8394,0
52459,component-c139c104e92d79d5,dc79e02ffe7f240fd79b0d48b95062e3,0
5246,component-51b2fe666731a196,cdb20b2c8f34b75a5d3cfa5ed5a96c4a,2
52461,component-db9ad06e2b12b5bd,652b039c6d7416eee602861b8037bc25,1
52463,component-7a6643fd688398e4,e4cdf9178388f6da8505de64f66a2cf8,0
52464,component-b4349e0dcd4a59ec,445977fbf572dbb1a2a66da13a620e8c,2
52469,component-192a0237464ef59d,440387e45f8639753d312829e432998b,2
52473,component-469a3e9c8dd91f11,dc60f2e045fa06d98420f5b5dcf53e86,1
52474,component-05f2e4d87064d559,9a1c3fb2440455cc740c726ab35bd7a7,0
52476,component-a920e3528fd78b20,bcc45358fe28eec328647feea4f36615,2
52477,component-2f716277b07a0668,21bd5d3108dbc506388fa9696ea29534,2
52479,component-8796e3d1c762514a,cae6613fb32f812e9922d092fa29d58a,0
5248,component-53aa3f8271195e32,43c20c56d1fecd261b292d746a084f68,0
52483,component-3bf9b45d02a86b0d,88901e5345854244e540f777f5716507,1
52486,component-bc5b1ecb7f76068b,dc85efaf017210bdc2c926b481e4653f,1
5249,component-3bc8772453c082ed,856ee76ae5b1f05850d66561240208fc,0
52494,component-55cf33f921d03357,21104c6202bc1bf2e181e71ab3aec8bb,1
52496,component-85cfcb059e0c3d73,66fd631cbbcda23138a8ae26f6571988,0
52498,component-1e9b0519f91f21ca,a731852174a5c1bb078192041f158d2e,2
5250,component-df4a90921b923329,46c596890064a76532f602936494eaf2,2
52500,component-955905943cf850ad,ae949abbc2b0e8f80624bc0dad838b1b,2
52505,component-3759ea224bc5328c,170d579b41922cd1d8b49fdca1167dea,0
52506,component-657b5fb4e2b0a733,d9e62e61cc151eab3cd5b2bedc08b381,2
52508,component-fb3304097df8b2a0,add1c4bd0a37a9e3d44872e44985131d,2
52510,component-6ec46c026c26bdea,10193abf0c99850c2bcf8906c6039b94,2
52514,component-52f3c372a09da1fb,2838c52c904a8b6a622a6c812af81213,0
52515,component-4675cfa565f74ec5,5431c4b341e28a6904db271e5004259d,1
52516,component-6caca9d6bb02270e,d6264ffd7ee0e0947f162a1871ef98be,2
52524,component-64a8a8998a261423,450ab661c5e8bec2032acc998992012f,2
52527,component-19d1a9c159408d43,41a4e667e51e6ce01289790242df7cf6,2
52528,component-bcd1632eb2009420,45c43eb5849ee5613944d55099ae9f80,2
52531,component-37a553d88bc9e0f0,488addb9c67d8d0d3dce536ffa69f694,1
52535,component-8842972df45a5c58,fdee710106cc4f014532c02b9b49b79a,1
52536,component-a4a88b5a12eec864,4810c79a6afc1136f49cbd19e5f2217f,0
52537,component-444bcc250df89ecd,cc6f93e26305d3aec61b2ff0a9ebbe2f,1
52538,component-edf266febc60ad7f,40fbf9132a2451748823ede94f9ebf2f,2
52542,component-ce47862a93f4bfc6,30a7e32e8d75e2369bb0f71767be37dd,2
52544,component-92c8627d3cd08328,ff00e507e97ae58148e5c48ef5f45fc7,1
52545,component-c46facd350d8b56e,8fc88aa45e7acaf545d4ea54c1c4d25f,0
52549,component-44fe0a682facf708,798bedcf1edf8cd2fc9893c591e4f046,2
52556,component-57fc8cde141d45e3,d30a272a6f2c0e337381498d405e8aac,1
52557,component-c46facd350d8b56e,7962caeb96101ea9be0b04d0cebeb160,0
52559,component-b85a253b83621016,635d3ca3f3f6e743f534a0b1de4a1054,0
5256,component-75980ffc4fe2c5f9,ef775b4b68f7af404034d998d09cfc38,2
52561,component-87a471e5f49ff9c0,1a683c4def2886b4fdef3cde7e5f11d3,2
52563,component-b5153611574070d3,5e1a2e23b4e387fb5cc7e82ae023d7cb,0
52564,component-b4b18fc776a3d429,e84c4b70141000aee37655df33718be0,1
52566,component-8842972df45a5c58,fdee710106cc4f014532c02b9b49b79a,1
52569,component-48be77e1f3af493e,a288c41d75239af1f20c21bf9bd0a2ff,1
52574,component-ce47862a93f4bfc6,30a7e32e8d75e2369bb0f71767be37dd,2
52576,component-7901dc376b0cd70a,49d498b5f467ba84b073f8950ac02005,2
52577,component-ab78951914afbe50,762541e8b6229a53415950bdb02aaac1,2
5258,component-b4da5ac1c8bef115,5c523efcc82be996cbbc65b994e64819,0
52580,component-9a4946dd5aac17ab,bf99086af1160c0e4b9574c5287d6a42,0
52582,component-fc9cbd7f51480d1b,d125f2cf3d4a15fd8868e57d903e22a2,1
52585,component-a4a88b5a12eec864,4810c79a6afc1136f49cbd19e5f2217f,0
52586,component-db72824481a7e127,81b6cb037570c383c7c98c21019632b5,0
52587,component-7cd85f8573037c77,a27b9ac08f95b729677863f84319fcf1,0
52588,component-c93d014b4c067efd,0149424243aa5008d8d75c6bd11e1ee5,1
5259,component-386454048000c123,18675a3d836669a516f36227a97d50f8,0
52595,component-c2153dac1309a1d4,a6b43c256ca8aef14ea14b9eb7d54ac3,2
52597,component-1e5727a9f243278e,8f9191aef78add2d2c18bc7486de6caf,2
52599,component-8842972df45a5c58,fdee710106cc4f014532c02b9b49b79a,1
5260,component-caca4d6ef3f4b9a7,8c6f6b7d3388f242ef2fcaa8206ff7f0,0
52601,component-3f8858176719fbee,6f590e3da93b16b9d59e56971896b3b7,1
52603,component-db72824481a7e127,81b6cb037570c383c7c98c21019632b5,0
52606,component-07b743ea80266489,42c55fe4acbf1fe8e6866d999f57e439,0
52607,component-44fe0a682facf708,798bedcf1edf8cd2fc9893c591e4f046,2
52608,component-4d1aa10ffc5b9275,33aba783cd9f3fdbf70b7bb2aca53498,1
52609,component-a4a88b5a12eec864,4810c79a6afc1136f49cbd19e5f2217f,0
52611,component-7901dc376b0cd70a,49d498b5f467ba84b073f8950ac02005,2
52615,component-ce47862a93f4bfc6,30a7e32e8d75e2369bb0f71767be37dd,2
52616,component-b85a253b83621016,635d3ca3f3f6e743f534a0b1de4a1054,0
52617,component-2b872ce5ec01da3e,98421aa7893a4da72895be81b560213d,1
52618,component-3c08b1d6af952c63,78f3c5112d988398c7528a55c2b9cdcd,0
5262,component-92c8627d3cd08328,ff00e507e97ae58148e5c48ef5f45fc7,1
52623,component-c93d014b4c067efd,0149424243aa5008d8d75c6bd11e1ee5,1
52629,component-15451dabf957bbc9,0fc8e4ebcdfeb3a66d67f3493b5671a8,0
52630,component-0778a4760722fc92,b1ebe5be59300fb6a84625bb2f02547c,1
52631,component-155c9d43a672d580,733794462e7f98f897bceeb0960bf597,0
52632,component-d1645e1718252881,dfdc8335dd2e5adcaf8d4d457e82f1ce,0
52636,component-ae78695f476c9bac,d600864158a0bd360ec2183169ec6135,1
52638,component-c7c31e1d6cfb149f,a27124c2cd4ea9562f8a544d4125b69e,2
52640,component-2a5eae114cd761e0,060bd21cb3da17d6c550acc5edf146dd,1
52641,component-abf2a65cfcab0df0,d22c9a2200911a3807a62bda320c8467,2
52642,component-cdd8d2472780b91c,07363c6e02e8df0dbe7a8a6dd95d72ce,1
52643,component-a5c4875cd45e4ba9,57a017f5881a5075e5663a242834cbfe,0
52644,component-0e5d544cfa46c3ef,21df1a677f40e42dd40f0b8614817235,1
52649,component-8842972df45a5c58,fdee710106cc4f014532c02b9b49b79a,1
5265,component-8c5197817bb38ce0,1e9957a383d7fc0017f5271c504ed0da,1
52650,component-ce47862a93f4bfc6,30a7e32e8d75e2369bb0f71767be37dd,2
52651,component-cd8313ee05aafec0,2099977d2f9bd501f78eaa975d4e5996,2
52655,component-05f2e4d87064d559,9a1c3fb2440455cc740c726ab35bd7a7,0
52659,component-6315cc0c48739c85,d0466678169e0252d59df46e611e4a96,1
5266,component-6db546079ff87bed,1b2025bf7c9a4a7e132f9c74cd42ec5f,1
52663,component-7a6643fd688398e4,e4cdf9178388f6da8505de64f66a2cf8,0
52665,component-83f2c170a2df21e4,2078c0fa5fe27342abf3513939bdac96,1
52666,component-fcfa49c32bd1c3f5,7ca2ed45d2f59093e250f0e1b00ea394,0
52668,component-5775c4fe6e3b8b19,81565a61151bc3589b9eaa1664acda81,2
52669,component-4d1aa10ffc5b9275,33aba783cd9f3fdbf70b7bb2aca53498,1
52670,component-cacfba01a42e47be,a71d5fb6dc86deda2656f6d002957b3b,0
52672,component-b4349e0dcd4a59ec,445977fbf572dbb1a2a66da13a620e8c,2
52673,component-6943da448d7fe003,1bd1328ea73e5cb11cc70fad9444ee6c,2
52675,component-010fe501377e4422,4b19b06b778ecf8e5fa86fe26c907423,0
52676,component-ad9acece73d876fc,6699a2c8852686148c127d554201d62b,2
5268,component-4b705c6c010d42c7,336295c4bd5cc5bda4b5acf254846882,0
52680,component-2d50a4f257a604dc,3f9c5b1326a1113ce3851a86e627b0ab,2
52681,component-c35e6a2e83153c76,7bd7938d143801488f3e97c5fd42302f,0
52682,component-9e878027fd8cef91,a46d744cb86cf54ee07da4f9d8bff3df,0
52691,component-be63f17e4bceac26,1f9313bc146fa7f519722689a736b36a,2
52694,component-4d1aa10ffc5b9275,33aba783cd9f3fdbf70b7bb2aca53498,1
52695,component-bc195607041805e6,e52e94dd2279794ae34b27ffb2af09a4,2
52696,component-83f2c170a2df21e4,2078c0fa5fe27342abf3513939bdac96,1
5270,component-43a0298ed7863ce8,a3f929eb977f2d5188b7e39c7fd48b7a,1
5271,component-6943da448d7fe003,1bd1328ea73e5cb11cc70fad9444ee6c,2
52712,component-d8e762bf4ab9bafe,aff71654fc56657647d2de34e7fd9cf4,0
52719,component-a920e3528fd78b20,bcc45358fe28eec328647feea4f36615,2
52721,component-4b705c6c010d42c7,336295c4bd5cc5bda4b5acf254846882,0
52724,component-192a0237464ef59d,440387e45f8639753d312829e432998b,2
52726,component-715753b2a2dceb9e,e11b32d2887a77ad4b6db41b44dd8394,0
52727,component-db9ad06e2b12b5bd,652b039c6d7416eee602861b8037bc25,1
52728,component-4d1aa10ffc5b9275,33aba783cd9f3fdbf70b7bb2aca53498,1
52729,component-615d8b054b5d80d5,633749006e19804c699cebb17dcfd78b,2
52734,component-7137f48669c7c0dd,f0a16d63bf6089e9becbf00af9025147,2
52736,component-ad9acece73d876fc,6699a2c8852686148c127d554201d62b,2
52745,component-3759ea224bc5328c,170d579b41922cd1d8b49fdca1167dea,0
52750,component-31531096ad857db6,7288d7ec8a01d53165be949cedd92baf,2
52753,component-a7a809a54f4f76b0,49f2992b8d33eb0dd3f1714f2f9ab668,1
52755,component-37a553d88bc9e0f0,488addb9c67d8d0d3dce536ffa69f694,1
52758,component-9f3dbaacd94ec0ed,c5d8f5185d75898bf8382c0713f1f770,1
52760,component-874d7f7eb7b65fb0,d99341c34da32e19e1103c9cfd5a737c,1
52761,component-83f2c170a2df21e4,2078c0fa5fe27342abf3513939bdac96,1
52764,component-c139c104e92d79d5,dc79e02ffe7f240fd79b0d48b95062e3,0
52767,component-be63f17e4bceac26,1f9313bc146fa7f519722689a736b36a,2
52769,component-6e72304e3d901d03,f394c150bbee3ee111fb225a76a78a01,0
52770,component-ea5132b05b6a6e00,08f3a80eeda28e4b166735a0244de4a7,2
52771,component-715753b2a2dceb9e,e11b32d2887a77ad4b6db41b44dd8394,0
52772,component-72254c4062e4c8f1,274434a08e6f4761ac2828569de13e6a,1
52775,component-28b7432034a98745,8b4eb1b6e2d88a09130eef410efcc05c,2
5278,component-c1b8a8262b80498e,545a61f98f7603b702c1b4e6cdcb02fa,0
52780,component-167017741c288aa8,1991845d8afd2958d174d7b44253a09b,1
52781,component-5401eaad2d960e79,9f5f75a4bef3ff4c9341991cf172d8fe,2
52783,component-bc40b011a8efd046,89e3e613e8bd71f66ea4e808a496df65,2
52788,component-96ae4c0dea56ca2a,e70d649a9cd124c378fd6333a5532e9e,0
52791,component-a4a88b5a12eec864,4810c79a6afc1136f49cbd19e5f2217f,0
52792,component-39e01ba774f77781,633726910ba73e0181236e44516c4603,0
52795,component-f6fe28200090edb5,aa018ca63d01205559ba35a3ef7c2266,2
52796,component-b85a253b83621016,635d3ca3f3f6e743f534a0b1de4a1054,0
52797,component-fc9cbd7f51480d1b,d125f2cf3d4a15fd8868e57d903e22a2,1
52799,component-7cd85f8573037c77,a27b9ac08f95b729677863f84319fcf1,0
52800,component-61ade091bc119820,c90f632189ee69533a9d5209abe5337b,0
52803,component-33a325a08b2312c0,0b0c36da050395f12f64a121aca14d53,0
52804,component-167017741c288aa8,1991845d8afd2958d174d7b44253a09b,1
52805,component-3f8858176719fbee,6f590e3da93b16b9d59e56971896b3b7,1
52806,component-caca4d6ef3f4b9a7,8c6f6b7d3388f242ef2fcaa8206ff7f0,0
52807,component-8842972df45a5c58,fdee710106cc4f014532c02b9b49b79a,1
52809,component-41020495d639b2ca,326d6135991bba3a542994805a4d7964,2
52812,component-7901dc376b0cd70a,49d498b5f467ba84b073f8950ac02005,2
52815,component-ce47862a93f4bfc6,30a7e32e8d75e2369bb0f71767be37dd,2
52819,component-a4a88b5a12eec864,4810c79a6afc1136f49cbd19e5f2217f,0
5282,component-75980ffc4fe2c5f9,ef775b4b68f7af404034d998d09cfc38,2
52820,component-2a51407e38dd394a,4ce481ce4841b318f5ea1f5f450b4af9,0
52824,component-60d4aba953959353,93b496d581a76ef9af49e3fdb10dc92c,2
52825,component-b85a253b83621016,635d3ca3f3f6e743f534a0b1de4a1054,0
52830,component-696017920121b1a0,e04de5912f48ac22ec6aee3735388a66,1
52832,component-b2fc65170657746e,5508e90366b26fab7759604984368258,1
52837,component-c7fe96bb85c3604a,c7a03efca57f3c58ebee744da9abe533,1
52838,component-3bf9b45d02a86b0d,88901e5345854244e540f777f5716507,1
52839,component-1e5727a9f243278e,8f9191aef78add2d2c18bc7486de6caf,2
52841,component-ce47862a93f4bfc6,30a7e32e8d75e2369bb0f71767be37dd,2
52842,component-8842972df45a5c58,fdee710106cc4f014532c02b9b49b79a,1
52843,component-444bcc250df89ecd,cc6f93e26305d3aec61b2ff0a9ebbe2f,1
52844,component-7901dc376b0cd70a,49d498b5f467ba84b073f8950ac02005,2
52845,component-07b743ea80266489,42c55fe4acbf1fe8e6866d999f57e439,0
52850,component-44fe0a682facf708,798bedcf1edf8cd2fc9893c591e4f046,2
52851,component-db72824481a7e127,81b6cb037570c383c7c98c21019632b5,0
52852,component-4d1aa10ffc5b9275,33aba783cd9f3fdbf70b7bb2aca53498,1
52858,component-dff4898b9ba69ca9,60cb4d3ad3b7eb74fc0988fff072a3ea,2
52864,component-37ea70ba6a579e5c,13a2bf7592784cfc6bf1d5eb358f61fe,2
52865,component-28b7432034a98745,8b4eb1b6e2d88a09130eef410efcc05c,2
52867,component-8842972df45a5c58,fdee710106cc4f014532c02b9b49b79a,1
52871,component-a4a88b5a12eec864,4810c79a6afc1136f49cbd19e5f2217f,0
52872,component-b85a253b83621016,635d3ca3f3f6e743f534a0b1de4a1054,0
52877,component-ce47862a93f4bfc6,30a7e32e8d75e2369bb0f71767be37dd,2
52879,component-db72824481a7e127,81b6cb037570c383c7c98c21019632b5,0
52880,component-7cd85f8573037c77,a27b9ac08f95b729677863f84319fcf1,0
52882,component-7901dc376b0cd70a,49d498b5f467ba84b073f8950ac02005,2
52884,component-61ade091bc119820,c90f632189ee69533a9d5209abe5337b,0
52885,component-92c8627d3cd08328,ff00e507e97ae58148e5c48ef5f45fc7,1
52888,component-57fc8cde141d45e3,d30a272a6f2c0e337381498d405e8aac,1
52889,component-b13266d0df4f5b89,d38624a39e762eeab8bd2eb451981344,1
52890,component-bca8729ed195d56a,9eaaaec2255c917e4fe96c14bdab2616,1
52894,component-15e3d537d4366466,a903403bf3558f1b891cf60db9fe83e8,0
529,component-8920a14a7f6469b9,0c1c88a55d71c3022ccc3e0c5b16cdec,2
5290,component-32768dc1b008847f,4d8fb04f4489f3ccca34ef69be28eeef,1
5292,component-8c5197817bb38ce0,1e9957a383d7fc0017f5271c504ed0da,1
5294,component-e71d3cc1a4848683,fcbfbd925bc44ac558dd1f7c274cd25a,2
5297,component-dfcb2b05e60a0f50,da36da44cbd920348d6a2a4a4f307761,0
5299,component-72254c4062e4c8f1,274434a08e6f4761ac2828569de13e6a,1
5302,component-469a3e9c8dd91f11,dc60f2e045fa06d98420f5b5dcf53e86,1
5303,component-7e737475f08780b0,e0e1980ad8b33487c53c48e57954ec79,1
5309,component-05f2e4d87064d559,9a1c3fb2440455cc740c726ab35bd7a7,0
5312,component-f57b0c6391fb054d,742491f022a171d1c352995e01243fd4,0
5315,component-b4da5ac1c8bef115,5c523efcc82be996cbbc65b994e64819,0
532,component-3759ea224bc5328c,170d579b41922cd1d8b49fdca1167dea,0
5323,component-386454048000c123,18675a3d836669a516f36227a97d50f8,0
5324,component-f1be679a31a5b497,3f06a5b131a8725da7128fab71cccdb8,1
5325,component-8f4153a3229c0d16,88d830317c58cdd39b396de3b98f90db,0
5327,component-2554da3fd36cab4d,197f480c553553ae2c69cb8168d86698,2
5331,component-3464bd2812affb1c,278847b36d48355f6409803ae21763d3,2
5332,component-55a730d6c2c4e251,055f085caf88db21d55fd5cb60a85b54,0
5333,component-b44e333111a02e63,17bb7154909ad5e044ee227dfabae81d,1
5334,component-cdc4cff450d2c46f,5ef572df9b4b7b5e890c3f594abcf111,1
5335,component-d09827d99ca75456,3d8b1ce0470a90934cfd6514c8ae15e7,1
5336,component-c7fe96bb85c3604a,c7a03efca57f3c58ebee744da9abe533,1
5338,component-7c0a961b936f3e98,eb062cb6df638002d7df9f1d518e81a9,0
534,component-b2d2c921b957d0f3,6e5c7426a1469f75710ccf046dda7de9,1
5340,component-49a48c483a4603ce,81342feb970f15997f7fb38ea8329fa0,1
5344,component-9bcb4c71c878d678,58265214319874b4b15aed6d8726338e,0
5345,component-f2895201481709ff,f6e71f410c6f7312a3d766e5046f4873,1
5348,component-78ea7d15880a2852,2f766b3eb844b4fa239436953498b036,0
5349,component-b2d2c921b957d0f3,6e5c7426a1469f75710ccf046dda7de9,1
5350,component-2a51407e38dd394a,4ce481ce4841b318f5ea1f5f450b4af9,0
5354,component-386454048000c123,18675a3d836669a516f36227a97d50f8,0
5357,component-cd40f2235216d89b,e06d04b6af3822fcbedc0b3a3b33dbc7,0
5358,component-dcd615f2aa426e3e,1466818227f99bb65e7f7ad51b4c0b20,0
5359,component-2d50a4f257a604dc,3f9c5b1326a1113ce3851a86e627b0ab,2
536,component-51b2fe666731a196,cdb20b2c8f34b75a5d3cfa5ed5a96c4a,2
5362,component-1b157d77275658a9,0a5eaf1d00672ba115ed5106b6335686,1
5364,component-ae8acc4d6a2291d9,ea2b725e2ab5b4fb54fcc35c115642ee,0
5369,component-a3b1989a041d8b4c,4100cda57dcd76fd39661b22e288d427,1
537,component-ce0b0bef2fa5030b,5fc0c26993d403f1166b860378a9ad0c,0
5377,component-b85a253b83621016,635d3ca3f3f6e743f534a0b1de4a1054,0
5380,component-ba250b77419c932a,4e0608008080cee193b03c90bdf72d33,0
5386,component-344d218378d662e7,822c0a1605a3b83e42f4dfe91f08f744,0
5387,component-6680aa5893022384,b3b1a748f8acfdb29d8403c344892899,0
539,component-cd40f2235216d89b,e06d04b6af3822fcbedc0b3a3b33dbc7,0
5390,component-1db01826cf7faf93,785b2f3815ab70afcb13a26a9d4d5069,2
5391,component-58aec6ba5dcbd401,3387744bf04695c74d0b4d817c0bb60c,2
5393,component-6e7177a83e701043,918e02b838bccb4fbf32612ad67ceffe,1
5395,component-8796e3d1c762514a,cae6613fb32f812e9922d092fa29d58a,0
54,component-2fca346db6561871,07f7881217e22797df0970a6a42b9853,1
540,component-5d0a3526b1e2cd94,d9b358425e79a55e6f68c8b65d053dd2,1
5401,component-db9ad06e2b12b5bd,652b039c6d7416eee602861b8037bc25,1
5402,component-192a0237464ef59d,440387e45f8639753d312829e432998b,2
5403,component-469a3e9c8dd91f11,dc60f2e045fa06d98420f5b5dcf53e86,1
5404,component-9f3dbaacd94ec0ed,c5d8f5185d75898bf8382c0713f1f770,1
5405,component-715753b2a2dceb9e,e11b32d2887a77ad4b6db41b44dd8394,0
541,component-5de664ef205f95d4,d13f17cd13a14e56a22b8ede2b72727d,2
5418,component-ad9acece73d876fc,6699a2c8852686148c127d554201d62b,2
542,component-2e278724785ff355,94b6652f0c5cc1327be9c45b274ee764,0
5423,component-f2069c4f9c32f376,c1d7ec40335bd97b1bb3f6677a017f81,0
5424,component-4675cfa565f74ec5,5431c4b341e28a6904db271e5004259d,1
5425,component-a3b1989a041d8b4c,4100cda57dcd76fd39661b22e288d427,1
543,component-469a3e9c8dd91f11,dc60f2e045fa06d98420f5b5dcf53e86,1
5432,component-20163e7ba5ec5d6e,3c88e367f42e666466087bbba9933da8,0
5433,component-874d7f7eb7b65fb0,d99341c34da32e19e1103c9cfd5a737c,1
5436,component-9f3dbaacd94ec0ed,c5d8f5185d75898bf8382c0713f1f770,1
5438,component-715753b2a2dceb9e,e11b32d2887a77ad4b6db41b44dd8394,0
544,component-d359f8b537f1888b,e3c99392790a5ce39f487fb9a790b4a3,1
5443,component-e9c81a67c738e039,4de5823dfb977d5b7f248b9a45c68c1c,1
5445,component-7603e9afb5dca0f8,b3220333d1e199607e9992420ea87f36,1
5447,component-517a3a173131000f,a9db07913633e328845f33c4ae668104,1
5459,component-7a6643fd688398e4,e4cdf9178388f6da8505de64f66a2cf8,0
5461,component-fcfa49c32bd1c3f5,7ca2ed45d2f59093e250f0e1b00ea394,0
5468,component-010fe501377e4422,4b19b06b778ecf8e5fa86fe26c907423,0
547,component-386454048000c123,18675a3d836669a516f36227a97d50f8,0
5470,component-ea5132b05b6a6e00,08f3a80eeda28e4b166735a0244de4a7,2
5474,component-3da028205aa8baec,b20ce4aea6e41e2c908601653a164498,2
5475,component-4886d17d100bde24,8475bf32912a4538cdac83451b9ca1a1,0
5477,component-fde14d5b0b8f8c94,c856c73856ce16fefa542456398a2e13,2
5483,component-3835a90fb87a5678,0a0ff5489ca8718bd56048b8fabd3ea4,2
5485,component-cd40f2235216d89b,e06d04b6af3822fcbedc0b3a3b33dbc7,0
5487,component-469a3e9c8dd91f11,dc60f2e045fa06d98420f5b5dcf53e86,1
5488,component-3267ef2a83a74905,3024a0a33efe573cde85e039f5accfb0,1
549,component-c7fe96bb85c3604a,c7a03efca57f3c58ebee744da9abe533,1
5492,component-dfcb2b05e60a0f50,da36da44cbd920348d6a2a4a4f307761,0
5495,component-9a4946dd5aac17ab,bf99086af1160c0e4b9574c5287d6a42,0
550,component-3bc8772453c082ed,856ee76ae5b1f05850d66561240208fc,0
5500,component-8f496feec94eb1ce,3f76cf12631e11bbd5dc3667e7d4270e,0
5503,component-22d18bdd8e09162b,41cb550aa28641bec0875c123183810a,1
5505,component-8796e3d1c762514a,cae6613fb32f812e9922d092fa29d58a,0
5507,component-21ff599d09cceede,3029ac515afd566c3ed285e1e2b46455,2
551,component-725e56a769e19df0,c61be2829dd1dabc630b1daa0365dbe4,0
5510,component-4b177cf57484bae0,67b97159b63edb1dae88ab60702235a8,2
5511,component-245e004c2c79d56b,7232fdf6568eeae9386dc7e94e097233,1
5514,component-5d0a3526b1e2cd94,d9b358425e79a55e6f68c8b65d053dd2,1
5516,component-05f2e4d87064d559,9a1c3fb2440455cc740c726ab35bd7a7,0
552,component-53aa3f8271195e32,43c20c56d1fecd261b292d746a084f68,0
5522,component-2554da3fd36cab4d,197f480c553553ae2c69cb8168d86698,2
5523,component-469a3e9c8dd91f11,dc60f2e045fa06d98420f5b5dcf53e86,1
5526,component-52f3c372a09da1fb,2838c52c904a8b6a622a6c812af81213,0
5528,component-f8711df5a3b25c4e,5bcb64c57791e00e876fe2eb0d511a48,0
5529,component-517a3a173131000f,a9db07913633e328845f33c4ae668104,1
5530,component-386454048000c123,18675a3d836669a516f36227a97d50f8,0
5531,component-9b7e8ce8dd8ef654,5849b6e92163d5ba0685cace8848f8fb,1
5537,component-657b5fb4e2b0a733,d9e62e61cc151eab3cd5b2bedc08b381,2
5539,component-20163e7ba5ec5d6e,3c88e367f42e666466087bbba9933da8,0
554,component-359d53872bf66c9e,9e5ca47acca1d9b1fa24c10a316b15a6,2
5541,component-56480461ad5b0f73,7972efb7fbbf2db6202c8c930780bad6,1
5543,component-9302a967cce44378,89833979768b4c32fb268f9d95c6bd66,2
5545,component-53aa3f8271195e32,43c20c56d1fecd261b292d746a084f68,0
5547,component-2a51407e38dd394a,4ce481ce4841b318f5ea1f5f450b4af9,0
5548,component-f1be679a31a5b497,3f06a5b131a8725da7128fab71cccdb8,1
5549,component-a7a809a54f4f76b0,49f2992b8d33eb0dd3f1714f2f9ab668,1
5551,component-cf9066adc6fd6711,e57dbcfe8d01b59495dbb3eebc086148,1
5552,component-0d2e61493232df5c,0c6efa8e1b069f5e636e7b6131744827,2
5554,component-3784c6b8d1538123,e530bc78ba7c186c1810cfe62714540b,1
5559,component-30c6570a99d5554c,226283ee5b566196f5d2450b7388dafd,0
5563,component-8f4153a3229c0d16,88d830317c58cdd39b396de3b98f90db,0
5570,component-be3d629f02589a09,4c4404ccd012bb6eb86bbbfb22410147,0
5571,component-27f07558f9dcb22f,b1d1dd1ce38a49f97ec3af3dc0ab7231,0
5574,component-cdc4cff450d2c46f,5ef572df9b4b7b5e890c3f594abcf111,1
5576,component-469a3e9c8dd91f11,dc60f2e045fa06d98420f5b5dcf53e86,1
5578,component-15e3d537d4366466,a903403bf3558f1b891cf60db9fe83e8,0
5579,component-3759ea224bc5328c,170d579b41922cd1d8b49fdca1167dea,0
5583,component-dcd615f2aa426e3e,1466818227f99bb65e7f7ad51b4c0b20,0
5585,component-2a51407e38dd394a,4ce481ce4841b318f5ea1f5f450b4af9,0
5586,component-b2d2c921b957d0f3,6e5c7426a1469f75710ccf046dda7de9,1
5589,component-caca4d6ef3f4b9a7,8c6f6b7d3388f242ef2fcaa8206ff7f0,0
5590,component-7e737475f08780b0,e0e1980ad8b33487c53c48e57954ec79,1
5592,component-eb16acba2df2d213,1559827f72c5d34bbcc7c8f8174376c1,0
5593,component-386454048000c123,18675a3d836669a516f36227a97d50f8,0
5594,component-12b2308cae07f789,abc9e99b710842e277976f0de3873eac,1
5598,component-1b4a7e5a5d11abef,7f05ddc630cd3e576404cc828ff4baa3,2
5599,component-8c5197817bb38ce0,1e9957a383d7fc0017f5271c504ed0da,1
56,component-469a3e9c8dd91f11,dc60f2e045fa06d98420f5b5dcf53e86,1
5602,component-4b705c6c010d42c7,336295c4bd5cc5bda4b5acf254846882,0
5604,component-92c8627d3cd08328,ff00e507e97ae58148e5c48ef5f45fc7,1
5606,component-fb3304097df8b2a0,add1c4bd0a37a9e3d44872e44985131d,2
5607,component-8b013b1be61b0047,6e3ac16fa2b2660ab660a1909b2b6c19,1
5610,component-a3b1989a041d8b4c,4100cda57dcd76fd39661b22e288d427,1
5613,component-c66c3e0c60205da6,62207273f773bebb901f3814bdf64660,1
5616,component-fea0098bb743c930,0001f9db4fb3039363cdef36e02508de,1
5617,component-9f3dbaacd94ec0ed,c5d8f5185d75898bf8382c0713f1f770,1
5618,component-db9ad06e2b12b5bd,652b039c6d7416eee602861b8037bc25,1
5621,component-2cca79c8bea8c45f,72f9c441dd4ad89db8b8c74e161304e9,2
5622,component-3da028205aa8baec,b20ce4aea6e41e2c908601653a164498,2
5624,component-c913d468a812b00a,2c0b5e8ea5f249e08a19a0883a176390,1
5626,component-20163e7ba5ec5d6e,3c88e367f42e666466087bbba9933da8,0
5633,component-6680aa5893022384,b3b1a748f8acfdb29d8403c344892899,0
5637,component-ea5132b05b6a6e00,08f3a80eeda28e4b166735a0244de4a7,2
5638,component-e9c81a67c738e039,4de5823dfb977d5b7f248b9a45c68c1c,1
5640,component-8e8a6e1c5cf5a496,c4108f864a66f1553123912e1668ddbf,1
5643,component-ba250b77419c932a,4e0608008080cee193b03c90bdf72d33,0
5645,component-9c04011fe266faaa,56090ce66d6463b70a7f604ee670596e,1
5646,component-4886d17d100bde24,8475bf32912a4538cdac83451b9ca1a1,0
5650,component-0aef6efee530802b,360870c658edc4c82b96bf6bb132cc56,1
5651,component-39ba72ca55f34a89,fcdb7a34c45d7698c162e9085182c1ac,1
5652,component-a0ba26635494e3c6,0cd5e8abdaec32157c32a069cd5eb70b,0
5655,component-febdc00125b065b5,478b13f7106655632b146b858615e32b,2
5656,component-83f2c170a2df21e4,2078c0fa5fe27342abf3513939bdac96,1
5657,component-2f71963a50636a5f,7c0f6d77d3422da4bda9db89180f0b02,1
5660,component-344d218378d662e7,822c0a1605a3b83e42f4dfe91f08f744,0
5662,component-31463ca37e9c81f5,9c38e96b54b5550d466a5c25d9523161,1
5664,component-8ce0ee48539d58dc,bf317ff061957293b615bf57c815ce99,2
5668,component-9f3dbaacd94ec0ed,c5d8f5185d75898bf8382c0713f1f770,1
5676,component-7a6643fd688398e4,e4cdf9178388f6da8505de64f66a2cf8,0
5679,component-6e72304e3d901d03,f394c150bbee3ee111fb225a76a78a01,0
568,component-a869c7850aebfc94,5d16291b4fe546a4989a430140bce28a,0
5681,component-a2800be5a55f8b53,5e3961162b0adaec6174af7dd8a9dc34,1
5685,component-715753b2a2dceb9e,e11b32d2887a77ad4b6db41b44dd8394,0
569,component-c7ce483fd1cc5fd4,755248fd7eb39843e71e610b595a1089,2
5690,component-83f2c170a2df21e4,2078c0fa5fe27342abf3513939bdac96,1
5692,component-8fe8defe29b0e67f,f4726703bc4997755da225011423f22f,1
5693,component-469a3e9c8dd91f11,dc60f2e045fa06d98420f5b5dcf53e86,1
5694,component-113276532f288c86,56b95f3de8666141d7c0090a069cc34e,0
5698,component-4b705c6c010d42c7,336295c4bd5cc5bda4b5acf254846882,0
57,component-78ea7d15880a2852,2f766b3eb844b4fa239436953498b036,0
5702,component-010fe501377e4422,4b19b06b778ecf8e5fa86fe26c907423,0
5706,component-31c784955084f775,1075d78e4b92c31d40eb512dafc049d7,2
5709,component-4886d17d100bde24,8475bf32912a4538cdac83451b9ca1a1,0
571,component-386454048000c123,18675a3d836669a516f36227a97d50f8,0
5714,component-0aef6efee530802b,360870c658edc4c82b96bf6bb132cc56,1
5715,component-3bf9b45d02a86b0d,88901e5345854244e540f777f5716507,1
5716,component-715753b2a2dceb9e,e11b32d2887a77ad4b6db41b44dd8394,0
5718,component-ad9acece73d876fc,6699a2c8852686148c127d554201d62b,2
5723,component-1716c39f345a096d,c701d3469f17805926d8ec549e01e078,2
5724,component-9bcb4c71c878d678,58265214319874b4b15aed6d8726338e,0
5726,component-0aef6efee530802b,360870c658edc4c82b96bf6bb132cc56,1
5728,component-cdc4cff450d2c46f,5ef572df9b4b7b5e890c3f594abcf111,1
5731,component-df4a90921b923329,46c596890064a76532f602936494eaf2,2
5736,component-05f2e4d87064d559,9a1c3fb2440455cc740c726ab35bd7a7,0
5739,component-386454048000c123,18675a3d836669a516f36227a97d50f8,0
574,component-657b5fb4e2b0a733,d9e62e61cc151eab3cd5b2bedc08b381,2
5741,component-0ff7c26930cf0af5,90de0b368761f9c4fe9a9d255892e6f9,1
5744,component-f1be679a31a5b497,3f06a5b131a8725da7128fab71cccdb8,1
5747,component-f8711df5a3b25c4e,5bcb64c57791e00e876fe2eb0d511a48,0
5748,component-8796e3d1c762514a,cae6613fb32f812e9922d092fa29d58a,0
575,component-3b3458ea0de7a022,25618ccc6131acfad27afe5d20a2c50e,1
5750,component-2554da3fd36cab4d,197f480c553553ae2c69cb8168d86698,2
5751,component-15e3d537d4366466,a903403bf3558f1b891cf60db9fe83e8,0
5756,component-cdc4cff450d2c46f,5ef572df9b4b7b5e890c3f594abcf111,1
5757,component-0aef6efee530802b,360870c658edc4c82b96bf6bb132cc56,1
5760,component-6bdc7939a97d44c2,0910cbdabc7f6b7fe11eb2feb6bdeeca,0
5761,component-21ff599d09cceede,3029ac515afd566c3ed285e1e2b46455,2
5762,component-52f3c372a09da1fb,2838c52c904a8b6a622a6c812af81213,0
5763,component-9a4946dd5aac17ab,bf99086af1160c0e4b9574c5287d6a42,0
5764,component-245e004c2c79d56b,7232fdf6568eeae9386dc7e94e097233,1
5767,component-b4da5ac1c8bef115,5c523efcc82be996cbbc65b994e64819,0
577,component-df4a90921b923329,46c596890064a76532f602936494eaf2,2
5770,component-22d18bdd8e09162b,41cb550aa28641bec0875c123183810a,1
5771,component-8f4153a3229c0d16,88d830317c58cdd39b396de3b98f90db,0
5772,component-359d53872bf66c9e,9e5ca47acca1d9b1fa24c10a316b15a6,2
578,component-2a51407e38dd394a,4ce481ce4841b318f5ea1f5f450b4af9,0
5780,component-3bf9b45d02a86b0d,88901e5345854244e540f777f5716507,1
5783,component-20163e7ba5ec5d6e,3c88e367f42e666466087bbba9933da8,0
5784,component-ce0b0bef2fa5030b,5fc0c26993d403f1166b860378a9ad0c,0
5786,component-a869c7850aebfc94,5d16291b4fe546a4989a430140bce28a,0
5788,component-0aef6efee530802b,360870c658edc4c82b96bf6bb132cc56,1
579,component-75980ffc4fe2c5f9,ef775b4b68f7af404034d998d09cfc38,2
5790,component-3b3458ea0de7a022,25618ccc6131acfad27afe5d20a2c50e,1
5794,component-0d2e61493232df5c,0c6efa8e1b069f5e636e7b6131744827,2
5797,component-cf9066adc6fd6711,e57dbcfe8d01b59495dbb3eebc086148,1
5799,component-1b4a7e5a5d11abef,7f05ddc630cd3e576404cc828ff4baa3,2
58,component-2d50a4f257a604dc,3f9c5b1326a1113ce3851a86e627b0ab,2
580,component-de0023e398111d43,5cf4d0ac0fce9550526e2e71fb1c2771,2
5800,component-5246272819cf9d3f,34ecd48f282b6bf93b8df012711a874a,0
5803,component-545d9107191cf6e9,ea150cd2c5c45f74b5b44cf7c1993ee6,0
5804,component-3784c6b8d1538123,e530bc78ba7c186c1810cfe62714540b,1
5806,component-72254c4062e4c8f1,274434a08e6f4761ac2828569de13e6a,1
5807,component-6989c356365e78e1,881f5de22f15776330501707cb8da395,1
581,component-4299da7466df0951,882632611f81bee066a779bedb5a2f69,0
5812,component-afa319464ce77c4c,80235b5d7f502ec06cc2bf26040e4094,1
5814,component-cdc4cff450d2c46f,5ef572df9b4b7b5e890c3f594abcf111,1
5818,component-3835a90fb87a5678,0a0ff5489ca8718bd56048b8fabd3ea4,2
5820,component-469a3e9c8dd91f11,dc60f2e045fa06d98420f5b5dcf53e86,1
5821,component-3759ea224bc5328c,170d579b41922cd1d8b49fdca1167dea,0
5824,component-2a51407e38dd394a,4ce481ce4841b318f5ea1f5f450b4af9,0
5825,component-cd40f2235216d89b,e06d04b6af3822fcbedc0b3a3b33dbc7,0
5826,component-51b2fe666731a196,cdb20b2c8f34b75a5d3cfa5ed5a96c4a,2
5827,component-5d0a3526b1e2cd94,d9b358425e79a55e6f68c8b65d053dd2,1
5829,component-53aa3f8271195e32,43c20c56d1fecd261b292d746a084f68,0
5831,component-b767749a5f38ac3d,f1fdc5aa50f4ae8144fe191a00aeb4e7,0
5832,component-fb3304097df8b2a0,add1c4bd0a37a9e3d44872e44985131d,2
5834,component-c1b8a8262b80498e,545a61f98f7603b702c1b4e6cdcb02fa,0
5835,component-b2d2c921b957d0f3,6e5c7426a1469f75710ccf046dda7de9,1
5836,component-b4da5ac1c8bef115,5c523efcc82be996cbbc65b994e64819,0
5837,component-7e737475f08780b0,e0e1980ad8b33487c53c48e57954ec79,1
5842,component-6db546079ff87bed,1b2025bf7c9a4a7e132f9c74cd42ec5f,1
585,component-b4da5ac1c8bef115,5c523efcc82be996cbbc65b994e64819,0
5850,component-a920e3528fd78b20,bcc45358fe28eec328647feea4f36615,2
5851,component-db9ad06e2b12b5bd,652b039c6d7416eee602861b8037bc25,1
5852,component-c913d468a812b00a,2c0b5e8ea5f249e08a19a0883a176390,1
5853,component-bc5b1ecb7f76068b,dc85efaf017210bdc2c926b481e4653f,1
5855,component-4d1aa10ffc5b9275,33aba783cd9f3fdbf70b7bb2aca53498,1
5857,component-8842972df45a5c58,fdee710106cc4f014532c02b9b49b79a,1
5858,component-7603e9afb5dca0f8,b3220333d1e199607e9992420ea87f36,1
5859,component-6e7177a83e701043,918e02b838bccb4fbf32612ad67ceffe,1
586,component-113276532f288c86,56b95f3de8666141d7c0090a069cc34e,0
5863,component-b4da5ac1c8bef115,5c523efcc82be996cbbc65b994e64819,0
5864,component-b85a253b83621016,635d3ca3f3f6e743f534a0b1de4a1054,0
5865,component-4886d17d100bde24,8475bf32912a4538cdac83451b9ca1a1,0
5866,component-577f5c091150c984,77d9d851f8de8a9c1f1a1fdd38060ffd,1
5867,component-be63f17e4bceac26,1f9313bc146fa7f519722689a736b36a,2
5868,component-1716c39f345a096d,c701d3469f17805926d8ec549e01e078,2
587,component-82a93b152b275d4c,a3a77a30d1694f9bafe26ca10f28d93d,2
5870,component-77d84ff69f7804ed,43aa7dc92dfc1eeb65b277c45b8f2da8,2
5872,component-c7fe96bb85c3604a,c7a03efca57f3c58ebee744da9abe533,1
5874,component-efdd6af6b763d125,6f51820069200f49fe32a3e9f1acbd36,1
5877,component-d74419f997431b42,3ace017f1e11563f5cdfa5d4ffc49a29,0
5879,component-192a0237464ef59d,440387e45f8639753d312829e432998b,2
5881,component-fcfa49c32bd1c3f5,7ca2ed45d2f59093e250f0e1b00ea394,0
5882,component-1f64a0fe2e17d079,30531ed055c4789b8de4674ce43dca51,2
5884,component-1fea5fa18b50c3ee,1afb525737d1351d4b9176210520de72,0
5885,component-8470e27de1197a48,541e823c967e9ab61df1e6736be4f3b4,0
5887,component-fea0098bb743c930,0001f9db4fb3039363cdef36e02508de,1
5890,component-ba250b77419c932a,4e0608008080cee193b03c90bdf72d33,0
5894,component-ad9acece73d876fc,6699a2c8852686148c127d554201d62b,2
5896,component-9c04011fe266faaa,56090ce66d6463b70a7f604ee670596e,1
5899,component-14d50a4ddc86ebe3,af6947e54879bdcee0655a22ca1e455b,1
590,component-e6fcc0253ed7a328,bb9349c46275c504c930db2854d63adc,2
5900,component-db72824481a7e127,81b6cb037570c383c7c98c21019632b5,0
5902,component-6be7d4d30e3abcc3,9747368fd243b2c1efeeda9d1318937d,1
5904,component-726319add660a877,28605702c3e35a5ff0c480c2624fcbbb,2
5905,component-8ce0ee48539d58dc,bf317ff061957293b615bf57c815ce99,2
5906,component-1b157d77275658a9,0a5eaf1d00672ba115ed5106b6335686,1
5907,component-c876e39ec3d65528,eb9ed8441facc5e057834515c8d50c7f,0
5909,component-0fbeb65cfe2f0474,94438aa07c864f3458a8869da8ccb3fa,1
591,component-55a730d6c2c4e251,055f085caf88db21d55fd5cb60a85b54,0
5912,component-3b5becbb1c2ca62c,d002afcb8cb7d393582c8f7dad983513,1
5913,component-90112f7f2ad89d67,a4f863ec514077c6b6364eaa47d4522d,2
5915,component-010fe501377e4422,4b19b06b778ecf8e5fa86fe26c907423,0
5919,component-be63f17e4bceac26,1f9313bc146fa7f519722689a736b36a,2
592,component-3835a90fb87a5678,0a0ff5489ca8718bd56048b8fabd3ea4,2
5922,component-8842972df45a5c58,fdee710106cc4f014532c02b9b49b79a,1
5923,component-ea5132b05b6a6e00,08f3a80eeda28e4b166735a0244de4a7,2
5924,component-49d3cbd1fb66e247,b6d14ee6a9500b2909cf1adfd5783734,2
5927,component-b85a253b83621016,635d3ca3f3f6e743f534a0b1de4a1054,0
593,component-cdc4cff450d2c46f,5ef572df9b4b7b5e890c3f594abcf111,1
5930,component-469a3e9c8dd91f11,dc60f2e045fa06d98420f5b5dcf53e86,1
5932,component-37a553d88bc9e0f0,488addb9c67d8d0d3dce536ffa69f694,1
5933,component-ca0060962598779e,2c7298623e10c324ce2bf2f38baab5f4,2
5934,component-469a3e9c8dd91f11,dc60f2e045fa06d98420f5b5dcf53e86,1
5937,component-0718b5188109465d,ad95926a8675c33a4d1a7584f8b0629e,2
5938,component-4b705c6c010d42c7,336295c4bd5cc5bda4b5acf254846882,0
5939,component-fc706fa640046c03,f723e9124ab25afc9ec7689413d366b8,0
5940,component-e9c81a67c738e039,4de5823dfb977d5b7f248b9a45c68c1c,1
5942,component-be63f17e4bceac26,1f9313bc146fa7f519722689a736b36a,2
5943,component-d3204debaba6a4bc,2c9076f1040e200a7d104d48c35454e5,0
5946,component-d71871956804a866,9737faef2240ccf6d5873b0b2a991f8c,0
5948,component-7a6643fd688398e4,e4cdf9178388f6da8505de64f66a2cf8,0
5952,component-1adb67461a4c3739,f3414b3abbd2588f3904b3aeec729329,2
5954,component-2612775eacdbf729,54aa1da7754327b37e3bb2b27592a54c,0
5956,component-264abd655a956146,782dafaad43671458e45e6a51743d058,2
5958,component-b6cbf3829f323ff9,537d5a1eaab9f6db997a1d49720b79d7,1
596,component-58c397bc121fbe6a,9966b1003278f8783c7270628ae1bb62,1
5963,component-b7609da7e6f650a6,23330bf5f63422925bff51d4ff647acd,2
5965,component-35f5885eea291f85,3ade2a45f840c4abf914e03f446f9e2c,1
5966,component-7e737475f08780b0,e0e1980ad8b33487c53c48e57954ec79,1
5968,component-0aef6efee530802b,360870c658edc4c82b96bf6bb132cc56,1
5970,component-05f2e4d87064d559,9a1c3fb2440455cc740c726ab35bd7a7,0
5972,component-0d2e61493232df5c,0c6efa8e1b069f5e636e7b6131744827,2
5973,component-fb3304097df8b2a0,add1c4bd0a37a9e3d44872e44985131d,2
5975,component-9f59252aa685b585,d3c10f068bc2f9c8d53574e842c10b42,1
5978,component-245e004c2c79d56b,7232fdf6568eeae9386dc7e94e097233,1
5979,component-56480461ad5b0f73,7972efb7fbbf2db6202c8c930780bad6,1
598,component-7c0a961b936f3e98,eb062cb6df638002d7df9f1d518e81a9,0
5980,component-ad35239f45b9feba,953f56458258bdc8d74735c7a62ff5a3,2
5983,component-72254c4062e4c8f1,274434a08e6f4761ac2828569de13e6a,1
5985,component-27f07558f9dcb22f,b1d1dd1ce38a49f97ec3af3dc0ab7231,0
5989,component-4b705c6c010d42c7,336295c4bd5cc5bda4b5acf254846882,0
5990,component-1fea5fa18b50c3ee,1afb525737d1351d4b9176210520de72,0
5991,component-715753b2a2dceb9e,e11b32d2887a77ad4b6db41b44dd8394,0
5992,component-15e3d537d4366466,a903403bf3558f1b891cf60db9fe83e8,0
5993,component-37a553d88bc9e0f0,488addb9c67d8d0d3dce536ffa69f694,1
5995,component-cdc4cff450d2c46f,5ef572df9b4b7b5e890c3f594abcf111,1
5999,component-dcd615f2aa426e3e,1466818227f99bb65e7f7ad51b4c0b20,0
61009,component-094c38d2f45bb985,5b8cb71de665da5eb17bccdfd15a87b3,1
61010,component-83bdd07a3de44a56,9b1e5aa24a6644e4d11bed84e913d6ed,1
61011,component-e905bc1338e81ac2,d4c3d7060f3b58dad2519bdb28d66718,1
61012,component-f03764a1a54e25a6,8c3d218a077cbe882fd16ea70e51b809,1
61015,component-ddfbe2f7651bbf73,f5bb7cfb1ff362e4d928bac0d607d497,1
61019,component-a1881dc9122db0a3,c311c9f7d4fa84952f86c83253b6817e,2
6102,component-a43e03c03cddf6b4,993013445db5dd43610a92de556cbc74,0
61023,component-158afece57abf72f,518c9890bc48cb46c04c1ae9e6cf64a5,1
61027,component-d51991c5663aa625,e4ada780b952b8c9312b5c24f35e9a08,0
61032,component-f3adc356e7a02b32,cea86c8eb1fd7944f68b9254a181378b,1
61034,component-158afece57abf72f,518c9890bc48cb46c04c1ae9e6cf64a5,1
61035,component-69477d41ceaa7d83,e7ff1ce2d52086fdf839e730cd57bf6d,2
6104,component-8679b80c2611a9dc,6d3b991764d9996e5f6733d77165ef8d,2
61040,component-a43e03c03cddf6b4,993013445db5dd43610a92de556cbc74,0
61046,component-a90e99394dfcaea2,d315da33bbb2335823b685699ceff1ad,1
61048,component-72017363183f52e9,5ee66062382c50f6c928b3e9242898c2,2
61050,component-094c38d2f45bb985,5b8cb71de665da5eb17bccdfd15a87b3,1
61051,component-e905bc1338e81ac2,d4c3d7060f3b58dad2519bdb28d66718,1
61052,component-f03764a1a54e25a6,8c3d218a077cbe882fd16ea70e51b809,1
61053,component-ddfbe2f7651bbf73,f5bb7cfb1ff362e4d928bac0d607d497,1
61056,component-2a0e94d99b4ec376,0ada35d8a7e5cd92aba73179742a823a,0
61058,component-d9f0c76f5afe06a4,c815fdee45474b4157cbb87579be31c6,1
61063,component-54b8b53fbf9384b0,a0ffe1354d87969c20462d421b0f5266,0
61065,component-191a4de91af01056,59c599f3d79472fad44688aadc7fe03b,2
61066,component-625b8f78e6bb0e5d,964425d6b36da5699c4c11d381017165,2
61067,component-bc09efa484c5d708,23a30729b1f0f266fb9cfc5b20b429b2,2
61069,component-83bdd07a3de44a56,9b1e5aa24a6644e4d11bed84e913d6ed,1
61070,component-be2b81a5467d6e28,166d00da6e03247d1c3f0efc4fbe4258,0
61072,component-d0e2d1dfd1c120a1,fedbcae7c8505f38ff4a0a44a74a650f,2
61074,component-05ccadef125ac591,163bedab4d408dfb3112844b527bb9f4,0
61076,component-bc869a20ceec284b,95544bdba80a4651c22ce5dc33fe4ee9,0
61078,component-c107d32e72150e74,ec3f97c17c09b5191901ca926a52993e,0
61079,component-48f6448c77aec3e6,a53ca1611c89559fa136da26b12e19df,1
6108,component-53ced9e681679c65,45d5eaec43b0aa347aa24eb58e3b3e9a,0
61080,component-6f79802a36d3c6dc,b1b59c29063aa93559982c95c0970a09,2
61081,component-a1881dc9122db0a3,c311c9f7d4fa84952f86c83253b6817e,2
61084,component-beb36745da48fdf0,5a19eea7429388a3fc37f0fa9b3d9720,1
61086,component-548e0f8cfe8bac3e,3ad338ca30bcfef4eb409bdfc143af25,0
61087,component-7142fea0a0e48e73,978d2804632cf2b3ef1575a970bb70b8,0
61088,component-87a471e5f49ff9c0,1a683c4def2886b4fdef3cde7e5f11d3,2
61090,component-58ff241aec981a8a,94eaebe55246c4633689e606e54dd4b1,0
61091,component-69927f2145684158,07b6bff23fede84ae7e9061668059e97,2
61092,component-b05baae00b5ca574,7c2534bc158afdc42e6d448fd1e91171,0
61093,component-8de2d005330c9262,93b1f25b01817b4828a62b076d4c5b02,0
61100,component-57b400ef62fe09f4,81dbb16bb5c84ce33a60e71396c17cb0,2
61102,component-857a7c9fdf28ca12,5271d4d5e8db6f2d589e78070350d4d3,2
6112,component-cb7593a6adb4b633,08d456ca02ee68d9ad5c0879617e81e8,0
6114,component-47dd9599d562ebb7,5ececc29e364886a669a0a58fe097bd2,1
6119,component-d76d87a7b92386b9,61e71fa68b067922f6bbfdb6b58399d2,2
6121,component-bf54f1b66e171127,ebc9cc336f9035ae5b6162d7473bed4c,0
6131,component-a772693075eaf8a6,b761ba6ce958d47b50aaeac0bc316b16,0
6132,component-0ec9160b2e012a8d,d94dcf0d108c97c7a669f007834751cd,0
6133,component-1cdb5a52898b4147,91fc8eb5efa88ac3b0a5719752a6ce06,1
6140,component-545d9107191cf6e9,ea150cd2c5c45f74b5b44cf7c1993ee6,0
6141,component-12b53eb6087d7edf,1d0429d2bea6891f04d875a5ab61977d,1
6142,component-f11346709a86f015,bcd5f7b0f1a42b074fb49a0be9f8a4e8,2
6145,component-094c38d2f45bb985,5b8cb71de665da5eb17bccdfd15a87b3,1
6146,component-69477d41ceaa7d83,e7ff1ce2d52086fdf839e730cd57bf6d,2
6147,component-c8a0103e43ede4f3,0146f3272f3daea4d715fcfa0c96f252,2
6148,component-ffaa7f2a702d005e,a223a04c4e704de72246dc80cf68b6db,0
615,component-edfc1aeeeec657c5,c19b148db0b9638263ff45b34add8e62,1
6150,component-edfc1aeeeec657c5,c19b148db0b9638263ff45b34add8e62,1
6151,component-0a6ac7af764df6dd,ec32fa1c605e76766036149416675ba9,1
6153,component-16d5164c6ff6bf72,d0445bb2b1c366e48b261c641f2154bc,1
6157,component-bd16867ad212808c,08a85ac33fbf8c3712ce11e732036c1e,0
6163,component-a953c30e476ae308,2989644b02a38bf7a11c26d725089663,2
6166,component-e17048119e86c59f,b6753d4b8cdab5d89c49613cdae63da6,0
6169,component-35c7a070e74b4380,fda999e75105bf595517ac15054b4d09,0
6172,component-f5768156fa8178cc,55d2ec55593e63f879aa588303ca2c0f,0
6175,component-11635d781f8038cf,63d0b19fe74d6835d830f2b00f437062,2
618,component-526654022e88d0cd,3e83a33f7cbca744c17a5925b63b5286,0
6180,component-c4b2398ae8a65e63,e8e3c121745b5d24183936f6c8046a55,1
6182,component-158afece57abf72f,518c9890bc48cb46c04c1ae9e6cf64a5,1
6183,component-7b80a03af63570cc,abe7bb7889e9fdb39e787421dd84b512,1
6187,component-72017363183f52e9,5ee66062382c50f6c928b3e9242898c2,2
619,component-86a3f9b13a5b652f,6ce0415427136d529405c57f8b1fd1a4,0
6195,component-e905bc1338e81ac2,d4c3d7060f3b58dad2519bdb28d66718,1
6196,component-5bb740682fae86d1,90b0cf2e680c4b17fe820b9d0eebc0f1,0
6197,component-981f122ef83bbf77,88e3dc54855ac6c88acdd06caa957336,2
62,component-81b8a03f97e8787c,2c62f13d5e627875ac30ed4b761a4a38,1
6206,component-d665027f19beea7c,38210610c0ab64592a7a490187e78588,1
6207,component-2514cbcf638447f1,c70545578fc3b54febc56b0336eb105e,2
6208,component-ddfbe2f7651bbf73,f5bb7cfb1ff362e4d928bac0d607d497,1
621,component-c307a88c0796ee26,d2406d630f07fd9a1f5fbce6ea262956,0
6212,component-fc68db482144dc59,ba3504dd6740c5e0e2f68599aad2cc1c,2
6213,component-01b8e9eaf7988b79,9342e11325aab70543873144ba44e100,2
6216,component-57b400ef62fe09f4,81dbb16bb5c84ce33a60e71396c17cb0,2
6217,component-f50c8eb95b1167aa,835bf5106abea1c01deeca7e3a7c33aa,1
6220,component-d51991c5663aa625,e4ada780b952b8c9312b5c24f35e9a08,0
6225,component-edfc1aeeeec657c5,c19b148db0b9638263ff45b34add8e62,1
6226,component-a43e03c03cddf6b4,993013445db5dd43610a92de556cbc74,0
6229,component-53ced9e681679c65,45d5eaec43b0aa347aa24eb58e3b3e9a,0
6232,component-70252984654c35f9,a8ee0f07576681c3be520d21c0d35dc7,0
6233,component-0b4d2494a6f6e0ef,10804533408e4d884c29ee072a358a0c,1
6234,component-90b29d78ca9305a0,2c78871d572738cd9f00fcdd4f712940,0
6238,component-0ec9160b2e012a8d,d94dcf0d108c97c7a669f007834751cd,0
624,component-1b3c33580f2e2094,d31ec6a60bac882e945a60304a3cc54f,0
6241,component-d76d87a7b92386b9,61e71fa68b067922f6bbfdb6b58399d2,2
6243,component-fffa3c9cadf877ee,76853d13517619e2c25cf01396fb15b6,1
6247,component-70cc44b2ed0ef98b,ad8212d329949642d35e0a1d5415eb9d,1
625,component-90b29d78ca9305a0,2c78871d572738cd9f00fcdd4f712940,0
6250,component-094c38d2f45bb985,5b8cb71de665da5eb17bccdfd15a87b3,1
6252,component-c8a0103e43ede4f3,0146f3272f3daea4d715fcfa0c96f252,2
6253,component-a772693075eaf8a6,b761ba6ce958d47b50aaeac0bc316b16,0
6254,component-4281ea51c5e7ba19,6ff637ee4e5c7eb4875ebf4e5385974c,1
6256,component-504a660fa7a6d3fc,3832d9ea8a8b25cb740a2a2b27ab6716,2
626,component-87acb1e183a2b0f7,91a71a1989c91a417997c7ebc92546f7,1
6260,component-e51ad5b4431f3e69,e99c962d052b02622b0ada5ba889ed54,0
6265,component-58bf62e65034219a,a1e0f933dee3d4ecbd21c0403f540743,1
6266,component-ae21574bc4482e9c,bc598349b24548495e10f756b2b29b88,1
6267,component-f5768156fa8178cc,55d2ec55593e63f879aa588303ca2c0f,0
6269,component-12387fae8391114d,e5b5f01fa4d169dc0637ee3d860f3738,2
6275,component-5bb740682fae86d1,90b0cf2e680c4b17fe820b9d0eebc0f1,0
6278,component-88be096564d631b8,004f9a3b2609fbd6ff45cc17c46fc519,2
6286,component-be2b81a5467d6e28,166d00da6e03247d1c3f0efc4fbe4258,0
629,component-37ec0f2e002a6521,ccde28f16aa53752f0dafbd492fd115b,0
6291,component-da116a1410326702,ad8a32c7beb2992c82b63a033c98551b,1
6292,component-cf275d22796dc485,397258726a55122aee4869a996a94b15,1
6295,component-625b8f78e6bb0e5d,964425d6b36da5699c4c11d381017165,2
6297,component-faaf30f9e60ee4a7,916d610456a1fd5c1c26a81583357957,2
6299,component-d0e2d1dfd1c120a1,fedbcae7c8505f38ff4a0a44a74a650f,2
63,component-d51991c5663aa625,e4ada780b952b8c9312b5c24f35e9a08,0
6300,component-ddfbe2f7651bbf73,f5bb7cfb1ff362e4d928bac0d607d497,1
6301,component-6b8c8e86d96a1243,482f3430cf38c18fc3f922303b007475,1
6302,component-9caf3d2bb1361a1f,6d3235bf685230edfbb5cda15204b58e,1
6305,component-ea78d55c363bf4af,111b9b54f7d929fb0a7375ea0916a491,0
631,component-7b81eb727ed48055,1287b095f4b15990445b4422ebe916c6,0
6312,component-9a1f2555b1eb8226,d84b59ec5d1b7e47de986f92cb5ad2ec,0
6314,component-d51991c5663aa625,e4ada780b952b8c9312b5c24f35e9a08,0
6317,component-a43e03c03cddf6b4,993013445db5dd43610a92de556cbc74,0
632,component-3bcc1340d90b3d55,6d5f297432d376b41f01aced83554c4b,1
6322,component-c307a88c0796ee26,d2406d630f07fd9a1f5fbce6ea262956,0
6323,component-53ced9e681679c65,45d5eaec43b0aa347aa24eb58e3b3e9a,0
6326,component-90b29d78ca9305a0,2c78871d572738cd9f00fcdd4f712940,0
633,component-69477d41ceaa7d83,e7ff1ce2d52086fdf839e730cd57bf6d,2
6331,component-762d531ad8492be9,81a19e425a2ef5819843c463c7eeb28f,2
6334,component-f11346709a86f015,bcd5f7b0f1a42b074fb49a0be9f8a4e8,2
6335,component-d76d87a7b92386b9,61e71fa68b067922f6bbfdb6b58399d2,2
6336,component-a64161b3517bd9cb,18dd84166fe43fa6ea5cd183e5594220,0
6340,component-fffa3c9cadf877ee,76853d13517619e2c25cf01396fb15b6,1
6343,component-12b53eb6087d7edf,1d0429d2bea6891f04d875a5ab61977d,1
6344,component-c92f9b202e7baad7,3d3388753abb67aa491eac65f716b1ef,0
6345,component-094c38d2f45bb985,5b8cb71de665da5eb17bccdfd15a87b3,1
6349,component-c8a0103e43ede4f3,0146f3272f3daea4d715fcfa0c96f252,2
635,component-d76d87a7b92386b9,61e71fa68b067922f6bbfdb6b58399d2,2
6351,component-012209c94a0f36c7,5e94f26778d57054b113f5210aec50b9,0
6352,component-504a660fa7a6d3fc,3832d9ea8a8b25cb740a2a2b27ab6716,2
6355,component-7b80a03af63570cc,abe7bb7889e9fdb39e787421dd84b512,1
6357,component-158afece57abf72f,518c9890bc48cb46c04c1ae9e6cf64a5,1
6358,component-e905bc1338e81ac2,d4c3d7060f3b58dad2519bdb28d66718,1
6359,component-72017363183f52e9,5ee66062382c50f6c928b3e9242898c2,2
6360,component-bc09efa484c5d708,23a30729b1f0f266fb9cfc5b20b429b2,2
6365,component-39687f105016f991,367d12ba8c92fec0eda87d78f0a89613,0
6367,component-2369aefe8ec3cdae,7a7fb7b3a41df434bd620ebe86d7c497,2
6369,component-4172aaf430744b53,0ca220e661b29c9882adde383120d7de,1
637,component-bda584056eb9957d,1a0f06d6181cb666b3675d3c1bf419d2,1
6373,component-ddfbe2f7651bbf73,f5bb7cfb1ff362e4d928bac0d607d497,1
6377,component-d9f0c76f5afe06a4,c815fdee45474b4157cbb87579be31c6,1
6378,component-de36e013f13d0340,d215b68448ab626c0b0f978f5460c794,0
638,component-53ced9e681679c65,45d5eaec43b0aa347aa24eb58e3b3e9a,0
6380,component-857a7c9fdf28ca12,5271d4d5e8db6f2d589e78070350d4d3,2
6383,component-01b8e9eaf7988b79,9342e11325aab70543873144ba44e100,2
6385,component-d665027f19beea7c,38210610c0ab64592a7a490187e78588,1
6387,component-35981ee332f219af,f15188c1071e9fe2bfb27c3c0fe2f212,0
6388,component-e78ade91a0871b50,a1d3e456525700a5030602bf73d97127,1
639,component-0ec9160b2e012a8d,d94dcf0d108c97c7a669f007834751cd,0
6391,component-d51991c5663aa625,e4ada780b952b8c9312b5c24f35e9a08,0
6395,component-526654022e88d0cd,3e83a33f7cbca744c17a5925b63b5286,0
6399,component-53ced9e681679c65,45d5eaec43b0aa347aa24eb58e3b3e9a,0
64,component-a68b412c4282555f,7177979a1998deecee14863a9c36e3ec,1
640,component-857a7c9fdf28ca12,5271d4d5e8db6f2d589e78070350d4d3,2
6401,component-a43e03c03cddf6b4,993013445db5dd43610a92de556cbc74,0
6406,component-d76d87a7b92386b9,61e71fa68b067922f6bbfdb6b58399d2,2
6408,component-ae35377f9c85f860,262a863fbbb46868a39ea19086f133bc,1
6409,component-44544e0d6770664c,3eedabaeacbed044b1ac4514c0daaffb,0
6411,component-12d70e2f2165adeb,f4fa5887b555f27a137e076a6f2c9015,1
6413,component-8242e532584cd172,e724d5baee2c8f072fa640b606545e83,2
6421,component-f11346709a86f015,bcd5f7b0f1a42b074fb49a0be9f8a4e8,2
6425,component-fffa3c9cadf877ee,76853d13517619e2c25cf01396fb15b6,1
6426,component-094c38d2f45bb985,5b8cb71de665da5eb17bccdfd15a87b3,1
6427,component-2f302204c451cd9a,da814f5a423416d2d18b3e5fdcdf4808,0
643,component-62e66f3e99369069,3a83fb33d2b143e66c4adeb953bb7ec9,0
6430,component-aa71543206a78cb1,c23a3064dbf296e98fcb13b9dadeb9c9,0
6432,component-d51991c5663aa625,e4ada780b952b8c9312b5c24f35e9a08,0
6435,component-40aa43e1259e0e79,d7a3add373de0dcb46c1efe3647962fe,0
6438,component-a43e03c03cddf6b4,993013445db5dd43610a92de556cbc74,0
644,component-87e50b28705900bb,eec62ec25ac5c2b1d142f553712dfc1c,1
6449,component-094c38d2f45bb985,5b8cb71de665da5eb17bccdfd15a87b3,1
6454,component-11635d781f8038cf,63d0b19fe74d6835d830f2b00f437062,2
6455,component-72017363183f52e9,5ee66062382c50f6c928b3e9242898c2,2
6456,component-a90e99394dfcaea2,d315da33bbb2335823b685699ceff1ad,1
6457,component-e51ad5b4431f3e69,e99c962d052b02622b0ada5ba889ed54,0
6458,component-44021a167f13d094,da70f30ba4e73862871a14ca002d192d,2
6459,component-b4659ba19064b95e,009e6efa03b57add7dd8ce6926b7c548,0
646,component-ed0b853bd9c28435,5fde53ff0d96c22ca8cf9613309f5f09,2
6462,component-f5768156fa8178cc,55d2ec55593e63f879aa588303ca2c0f,0
6465,component-857a7c9fdf28ca12,5271d4d5e8db6f2d589e78070350d4d3,2
6469,component-c8a0103e43ede4f3,0146f3272f3daea4d715fcfa0c96f252,2
6473,component-4281ea51c5e7ba19,6ff637ee4e5c7eb4875ebf4e5385974c,1
6477,component-158afece57abf72f,518c9890bc48cb46c04c1ae9e6cf64a5,1
648,component-c86a2932e1c79343,26f2d5e1cb496bf41c3fdc84ca33c930,0
6482,component-5bb740682fae86d1,90b0cf2e680c4b17fe820b9d0eebc0f1,0
6483,component-f03764a1a54e25a6,8c3d218a077cbe882fd16ea70e51b809,1
6484,component-4172aaf430744b53,0ca220e661b29c9882adde383120d7de,1
6487,component-625b8f78e6bb0e5d,964425d6b36da5699c4c11d381017165,2
649,component-5480ab857f30bc9a,58a7b9d4e306007b294a82592732bde4,2
6493,component-9caf3d2bb1361a1f,6d3235bf685230edfbb5cda15204b58e,1
6494,component-d0e2d1dfd1c120a1,fedbcae7c8505f38ff4a0a44a74a650f,2
6505,component-a7a84d7ed00e48b8,b86af9ccdc1bfc0216039125b62ffd1b,2
6507,component-ea78d55c363bf4af,111b9b54f7d929fb0a7375ea0916a491,0
6509,component-6f79802a36d3c6dc,b1b59c29063aa93559982c95c0970a09,2
6510,component-05ccadef125ac591,163bedab4d408dfb3112844b527bb9f4,0
6512,component-12d70e2f2165adeb,f4fa5887b555f27a137e076a6f2c9015,1
6513,component-69927f2145684158,07b6bff23fede84ae7e9061668059e97,2
6515,component-d9f0c76f5afe06a4,c815fdee45474b4157cbb87579be31c6,1
6517,component-f805ea44dffeddd2,8e8f7f0b82ca3d659f8336b7209474ff,1
6520,component-44653f535f367dd0,ef2f9c019a7712c4871eb8e99bdfa748,0
6521,component-a1881dc9122db0a3,c311c9f7d4fa84952f86c83253b6817e,2
6527,component-01b8e9eaf7988b79,9342e11325aab70543873144ba44e100,2
6528,component-450d7f44d39e166b,dde6617b13262c8335f86f2e5031b2dc,2
6529,component-ac2a41af69b8320d,d4e821437dc3d77c53cfe98fcea4ffdd,2
653,component-1cdb5a52898b4147,91fc8eb5efa88ac3b0a5719752a6ce06,1
6530,component-5828f81e4e1a30fc,c5fa277fcccde2c22f2783e7c9d4d749,2
6532,component-a43e03c03cddf6b4,993013445db5dd43610a92de556cbc74,0
6533,component-d51991c5663aa625,e4ada780b952b8c9312b5c24f35e9a08,0
654,component-fffa3c9cadf877ee,76853d13517619e2c25cf01396fb15b6,1
6542,component-d76d87a7b92386b9,61e71fa68b067922f6bbfdb6b58399d2,2
6543,component-c8a0103e43ede4f3,0146f3272f3daea4d715fcfa0c96f252,2
6547,component-094c38d2f45bb985,5b8cb71de665da5eb17bccdfd15a87b3,1
6550,component-e905bc1338e81ac2,d4c3d7060f3b58dad2519bdb28d66718,1
6551,component-f462d26aa077aadb,6775315da50be89ba2c1628c55c6c313,1
6553,component-6b8c8e86d96a1243,482f3430cf38c18fc3f922303b007475,1
6555,component-863f200187cc21fc,00b76a0769cc4e2d7788343df37aeda7,1
6556,component-72017363183f52e9,5ee66062382c50f6c928b3e9242898c2,2
656,component-d62a7b3da232bd0a,44e2b823d6a2200adfe27756c13d2d34,0
6562,component-d9f0c76f5afe06a4,c815fdee45474b4157cbb87579be31c6,1
6568,component-625b8f78e6bb0e5d,964425d6b36da5699c4c11d381017165,2
6570,component-ae21574bc4482e9c,bc598349b24548495e10f756b2b29b88,1
6572,component-d0e2d1dfd1c120a1,fedbcae7c8505f38ff4a0a44a74a650f,2
6577,component-5bb740682fae86d1,90b0cf2e680c4b17fe820b9d0eebc0f1,0
6580,component-e571c88356b811ec,a9fad72c726c5c7c4d066dc770d1fd22,0
6585,component-a3d57f079f0fbe71,9d1315ae2603a859f8fadc9b7db9ebb0,1
6588,component-44653f535f367dd0,ef2f9c019a7712c4871eb8e99bdfa748,0
6591,component-158afece57abf72f,518c9890bc48cb46c04c1ae9e6cf64a5,1
6594,component-5275b1fbcc871e2f,993bfce78427e284d0e553c49942104f,0
6596,component-bc869a20ceec284b,95544bdba80a4651c22ce5dc33fe4ee9,0
6597,component-bd7c7a01d9584a84,ce7f0eb4a617916c588c9f4d6e4d066e,2
6599,component-c107d32e72150e74,ec3f97c17c09b5191901ca926a52993e,0
6600,component-1ff474b06c92dfea,11b23176e43be670d8275ffceea00edb,1
6604,component-f79b48b7d3381499,3e3ee242c3c200792912bbcf7600a0d0,1
6605,component-da7b878e5a6662bd,6c200b9ac0ae288f7baa4c0ad82f2d7d,2
6606,component-05ccadef125ac591,163bedab4d408dfb3112844b527bb9f4,0
6607,component-a1881dc9122db0a3,c311c9f7d4fa84952f86c83253b6817e,2
6608,component-2a0e94d99b4ec376,0ada35d8a7e5cd92aba73179742a823a,0
6610,component-87a471e5f49ff9c0,1a683c4def2886b4fdef3cde7e5f11d3,2
6612,component-191a4de91af01056,59c599f3d79472fad44688aadc7fe03b,2
6615,component-eeab23fccdc4f500,a1cb26da4dd93305eef8569ed0f2c5e8,0
6616,component-20073d61961071df,80742be5187b2eeb225cae1c9fc73a73,1
6617,component-6f79802a36d3c6dc,b1b59c29063aa93559982c95c0970a09,2
662,component-f11346709a86f015,bcd5f7b0f1a42b074fb49a0be9f8a4e8,2
6620,component-7142fea0a0e48e73,978d2804632cf2b3ef1575a970bb70b8,0
6621,component-868447a1b9c7bea6,dad53f4c1a6fe74ad38c61f00c79b39d,0
6622,component-d9adbf211a24cb1b,c04e8c3b3615a47bb17b6ae9ae97d723,2
6623,component-04ccbbfcc42066a0,c5947755c0adc4180dec21da42c028a7,0
6624,component-01b8e9eaf7988b79,9342e11325aab70543873144ba44e100,2
6627,component-e4a1f54d2d2430e6,290feeb9128056c60c11cde727b1c698,1
6628,component-7636f4f8ac1a321c,47f670e37024e6aeb06f5d2613e8e5f4,0
6632,component-d51991c5663aa625,e4ada780b952b8c9312b5c24f35e9a08,0
6633,component-a43e03c03cddf6b4,993013445db5dd43610a92de556cbc74,0
6637,component-53ced9e681679c65,45d5eaec43b0aa347aa24eb58e3b3e9a,0
664,component-504a660fa7a6d3fc,3832d9ea8a8b25cb740a2a2b27ab6716,2
6641,component-8242e532584cd172,e724d5baee2c8f072fa640b606545e83,2
6642,component-0ec9160b2e012a8d,d94dcf0d108c97c7a669f007834751cd,0
6645,component-d76d87a7b92386b9,61e71fa68b067922f6bbfdb6b58399d2,2
6648,component-c8a0103e43ede4f3,0146f3272f3daea4d715fcfa0c96f252,2
665,component-545d9107191cf6e9,ea150cd2c5c45f74b5b44cf7c1993ee6,0
6654,component-4172aaf430744b53,0ca220e661b29c9882adde383120d7de,1
6658,component-52f3df9e5b286d9a,b42f3e7739a104532a6bfbffa9164003,2
6660,component-7b80a03af63570cc,abe7bb7889e9fdb39e787421dd84b512,1
6661,component-a90e99394dfcaea2,d315da33bbb2335823b685699ceff1ad,1
6663,component-5bb740682fae86d1,90b0cf2e680c4b17fe820b9d0eebc0f1,0
6665,component-094c38d2f45bb985,5b8cb71de665da5eb17bccdfd15a87b3,1
667,component-a64161b3517bd9cb,18dd84166fe43fa6ea5cd183e5594220,0
6671,component-72017363183f52e9,5ee66062382c50f6c928b3e9242898c2,2
6676,component-158afece57abf72f,518c9890bc48cb46c04c1ae9e6cf64a5,1
6678,component-f03764a1a54e25a6,8c3d218a077cbe882fd16ea70e51b809,1
6679,component-c03cd77a31b20f4f,e30d6427ec2a069c3e41992239fbbef9,1
6681,component-76a30972876b875c,6f2fb781a85ebcf5ad44e5216b1a3fdc,1
6682,component-ae21574bc4482e9c,bc598349b24548495e10f756b2b29b88,1
6685,component-6b8c8e86d96a1243,482f3430cf38c18fc3f922303b007475,1
6687,component-bc09efa484c5d708,23a30729b1f0f266fb9cfc5b20b429b2,2
669,component-094c38d2f45bb985,5b8cb71de665da5eb17bccdfd15a87b3,1
6694,component-625b8f78e6bb0e5d,964425d6b36da5699c4c11d381017165,2
6699,component-d0e2d1dfd1c120a1,fedbcae7c8505f38ff4a0a44a74a650f,2
67,component-49d180ecf5613281,b982925e9d5020db5a93edab78f6a0c7,0
6701,component-83bdd07a3de44a56,9b1e5aa24a6644e4d11bed84e913d6ed,1
6703,component-4ad1e50d0c45dfbf,99dc2f7f63dfeb2d80785a21bc976247,1
6705,component-bc869a20ceec284b,95544bdba80a4651c22ce5dc33fe4ee9,0
6706,component-6f79802a36d3c6dc,b1b59c29063aa93559982c95c0970a09,2
6707,component-a1881dc9122db0a3,c311c9f7d4fa84952f86c83253b6817e,2
671,component-f3adc356e7a02b32,cea86c8eb1fd7944f68b9254a181378b,1
6711,component-8d0f7d0d1cca71a4,c340b2e0ac0bc61c3fa27292d610e8e2,1
6712,component-2a0e94d99b4ec376,0ada35d8a7e5cd92aba73179742a823a,0
6718,component-01b8e9eaf7988b79,9342e11325aab70543873144ba44e100,2
672,component-ffaa7f2a702d005e,a223a04c4e704de72246dc80cf68b6db,0
6721,component-bd7c7a01d9584a84,ce7f0eb4a617916c588c9f4d6e4d066e,2
673,component-f4466a4b51d21014,f36ac3213eec46ff8cf83c15c90add9d,2
6730,component-0a3455a92d990abf,2a38a3f698550f653bb6745304070d9b,2
6734,component-d51991c5663aa625,e4ada780b952b8c9312b5c24f35e9a08,0
6739,component-a43e03c03cddf6b4,993013445db5dd43610a92de556cbc74,0
674,component-c8a0103e43ede4f3,0146f3272f3daea4d715fcfa0c96f252,2
6740,component-53ced9e681679c65,45d5eaec43b0aa347aa24eb58e3b3e9a,0
6744,component-f5d2825fffa0e81e,eb3d7c5d6bfbe79cb5947cde15aa390b,1
6749,component-c92f9b202e7baad7,3d3388753abb67aa491eac65f716b1ef,0
675,component-a772693075eaf8a6,b761ba6ce958d47b50aaeac0bc316b16,0
6750,component-e905bc1338e81ac2,d4c3d7060f3b58dad2519bdb28d66718,1
6751,component-c8a0103e43ede4f3,0146f3272f3daea4d715fcfa0c96f252,2
6753,component-094c38d2f45bb985,5b8cb71de665da5eb17bccdfd15a87b3,1
6755,component-57b400ef62fe09f4,81dbb16bb5c84ce33a60e71396c17cb0,2
6756,component-a90e99394dfcaea2,d315da33bbb2335823b685699ceff1ad,1
6757,component-72017363183f52e9,5ee66062382c50f6c928b3e9242898c2,2
6758,component-5bb740682fae86d1,90b0cf2e680c4b17fe820b9d0eebc0f1,0
676,component-012209c94a0f36c7,5e94f26778d57054b113f5210aec50b9,0
6764,component-158afece57abf72f,518c9890bc48cb46c04c1ae9e6cf64a5,1
6765,component-d9f0c76f5afe06a4,c815fdee45474b4157cbb87579be31c6,1
6769,component-f03764a1a54e25a6,8c3d218a077cbe882fd16ea70e51b809,1
677,component-c92f9b202e7baad7,3d3388753abb67aa491eac65f716b1ef,0
6771,component-be2b81a5467d6e28,166d00da6e03247d1c3f0efc4fbe4258,0
6774,component-bc09efa484c5d708,23a30729b1f0f266fb9cfc5b20b429b2,2
6776,component-625b8f78e6bb0e5d,964425d6b36da5699c4c11d381017165,2
6777,component-12d70e2f2165adeb,f4fa5887b555f27a137e076a6f2c9015,1
6780,component-bb9d987697f96a88,fab5617fec90463795d6b1fd8cfa1189,1
6786,component-83bdd07a3de44a56,9b1e5aa24a6644e4d11bed84e913d6ed,1
6788,component-d0e2d1dfd1c120a1,fedbcae7c8505f38ff4a0a44a74a650f,2
679,component-12d70e2f2165adeb,f4fa5887b555f27a137e076a6f2c9015,1
6790,component-a1881dc9122db0a3,c311c9f7d4fa84952f86c83253b6817e,2
6791,component-ae21574bc4482e9c,bc598349b24548495e10f756b2b29b88,1
6792,component-5c461f26cf51540f,9991e9635040eea4bafd7791e45eb5bd,2
6793,component-6f79802a36d3c6dc,b1b59c29063aa93559982c95c0970a09,2
6794,component-8de2d005330c9262,93b1f25b01817b4828a62b076d4c5b02,0
6795,component-2a0e94d99b4ec376,0ada35d8a7e5cd92aba73179742a823a,0
680,component-a4c6af0cb6f02dff,29b370ed7ad752669b747d1b0e48a810,2
6802,component-35981ee332f219af,f15188c1071e9fe2bfb27c3c0fe2f212,0
6805,component-c107d32e72150e74,ec3f97c17c09b5191901ca926a52993e,0
6806,component-f79b48b7d3381499,3e3ee242c3c200792912bbcf7600a0d0,1
6807,component-4ad1e50d0c45dfbf,99dc2f7f63dfeb2d80785a21bc976247,1
6809,component-fe6d650abc0d9df9,d010fd843a6a7c196d153f39f5571264,2
681,component-11635d781f8038cf,63d0b19fe74d6835d830f2b00f437062,2
6811,component-3093cd4a889c179e,28df704a89a60ab8ec4006b205d71faa,1
6812,component-7536db66480f6a7c,fe99efdde5a0b2616416a09b4af93118,0
6814,component-5498901f83fb7f17,96a6977e10588c08f42b31f378a6062e,1
6817,component-bd7c7a01d9584a84,ce7f0eb4a617916c588c9f4d6e4d066e,2
6819,component-d51991c5663aa625,e4ada780b952b8c9312b5c24f35e9a08,0
682,component-158afece57abf72f,518c9890bc48cb46c04c1ae9e6cf64a5,1
6820,component-a43e03c03cddf6b4,993013445db5dd43610a92de556cbc74,0
6826,component-37ec0f2e002a6521,ccde28f16aa53752f0dafbd492fd115b,0
6828,component-f3adc356e7a02b32,cea86c8eb1fd7944f68b9254a181378b,1
683,component-4281ea51c5e7ba19,6ff637ee4e5c7eb4875ebf4e5385974c,1
6837,component-e591039a2a86c20b,347a2c940a81abebbe9c90823126423b,2
6843,component-c92f9b202e7baad7,3d3388753abb67aa491eac65f716b1ef,0
6844,component-863f200187cc21fc,00b76a0769cc4e2d7788343df37aeda7,1
6849,component-8de2d005330c9262,93b1f25b01817b4828a62b076d4c5b02,0
685,component-bb9b8ef813475d1e,179693cce6407a2ed92c0de5192882ef,2
6850,component-9caf3d2bb1361a1f,6d3235bf685230edfbb5cda15204b58e,1
6856,component-094c38d2f45bb985,5b8cb71de665da5eb17bccdfd15a87b3,1
6867,component-5bb740682fae86d1,90b0cf2e680c4b17fe820b9d0eebc0f1,0
687,component-bfee79a4d391f566,42d15239a8985c514fc3b6437be1e5ef,2
6871,component-f03764a1a54e25a6,8c3d218a077cbe882fd16ea70e51b809,1
6875,component-be2b81a5467d6e28,166d00da6e03247d1c3f0efc4fbe4258,0
688,component-a90e99394dfcaea2,d315da33bbb2335823b685699ceff1ad,1
6883,component-ddfbe2f7651bbf73,f5bb7cfb1ff362e4d928bac0d607d497,1
6884,component-05ccadef125ac591,163bedab4d408dfb3112844b527bb9f4,0
6887,component-4ad1e50d0c45dfbf,99dc2f7f63dfeb2d80785a21bc976247,1
6888,component-d0e2d1dfd1c120a1,fedbcae7c8505f38ff4a0a44a74a650f,2
6890,component-5c461f26cf51540f,9991e9635040eea4bafd7791e45eb5bd,2
6892,component-54e54c775717bcde,810b84692fe81efe25580eaf69344c4c,2
6894,component-bc869a20ceec284b,95544bdba80a4651c22ce5dc33fe4ee9,0
6896,component-158afece57abf72f,518c9890bc48cb46c04c1ae9e6cf64a5,1
6897,component-bd7c7a01d9584a84,ce7f0eb4a617916c588c9f4d6e4d066e,2
6900,component-a1881dc9122db0a3,c311c9f7d4fa84952f86c83253b6817e,2
6901,component-2a0e94d99b4ec376,0ada35d8a7e5cd92aba73179742a823a,0
6903,component-191a4de91af01056,59c599f3d79472fad44688aadc7fe03b,2
6909,component-e7bf10c44f4b9e20,93f1668b4dea42287c93f0e4a994a22c,1
6910,component-754c0acf2e4022aa,6a2760e57247830daea0b565b5ea60cb,0
6911,component-87a471e5f49ff9c0,1a683c4def2886b4fdef3cde7e5f11d3,2
6912,component-548e0f8cfe8bac3e,3ad338ca30bcfef4eb409bdfc143af25,0
6917,component-12d70e2f2165adeb,f4fa5887b555f27a137e076a6f2c9015,1
6923,component-ac040af5197fec5b,c2d24f60ef8d818c691efaf09af78330,1
6924,component-ba740deaf5506829,57aff4220daaed8e86b457e086c6f460,0
6926,component-5275b1fbcc871e2f,993bfce78427e284d0e553c49942104f,0
6931,component-54b8b53fbf9384b0,a0ffe1354d87969c20462d421b0f5266,0
6932,component-0ab1922f8f4a8108,d8364255468c18342ea924e9e5853f4f,0
6935,component-d51991c5663aa625,e4ada780b952b8c9312b5c24f35e9a08,0
6940,component-a43e03c03cddf6b4,993013445db5dd43610a92de556cbc74,0
6941,component-d76d87a7b92386b9,61e71fa68b067922f6bbfdb6b58399d2,2
6942,component-012209c94a0f36c7,5e94f26778d57054b113f5210aec50b9,0
6946,component-a90e99394dfcaea2,d315da33bbb2335823b685699ceff1ad,1
6947,component-c8a0103e43ede4f3,0146f3272f3daea4d715fcfa0c96f252,2
6951,component-72017363183f52e9,5ee66062382c50f6c928b3e9242898c2,2
6952,component-ae21574bc4482e9c,bc598349b24548495e10f756b2b29b88,1
6956,component-a1881dc9122db0a3,c311c9f7d4fa84952f86c83253b6817e,2
6959,component-83bdd07a3de44a56,9b1e5aa24a6644e4d11bed84e913d6ed,1
6960,component-7b80a03af63570cc,abe7bb7889e9fdb39e787421dd84b512,1
6962,component-e905bc1338e81ac2,d4c3d7060f3b58dad2519bdb28d66718,1
6965,component-57b400ef62fe09f4,81dbb16bb5c84ce33a60e71396c17cb0,2
6966,component-b8c3aaba4f8e9d43,a31a2c62c02e23a6adcddd82bbc41e59,1
6969,component-d51991c5663aa625,e4ada780b952b8c9312b5c24f35e9a08,0
6970,component-9689b85f503ae431,9285f3fd1b88fcec57da1f0e5e97f7f7,1
6978,component-f3adc356e7a02b32,cea86c8eb1fd7944f68b9254a181378b,1
6982,component-8242e532584cd172,e724d5baee2c8f072fa640b606545e83,2
6983,component-d76d87a7b92386b9,61e71fa68b067922f6bbfdb6b58399d2,2
6985,component-ea2db9f92dc6cc9f,6afd55fa46ce6d1d2c1f7d6dea497eeb,1
6986,component-012209c94a0f36c7,5e94f26778d57054b113f5210aec50b9,0
6990,component-bfee79a4d391f566,42d15239a8985c514fc3b6437be1e5ef,2
6991,component-c8a0103e43ede4f3,0146f3272f3daea4d715fcfa0c96f252,2
6993,component-87b99ff27b5d7f00,9e476dce42d8e09cbcd1fe143834d438,0
6994,component-e591039a2a86c20b,347a2c940a81abebbe9c90823126423b,2
6995,component-0ec9160b2e012a8d,d94dcf0d108c97c7a669f007834751cd,0
70,component-ff5a1ae012afa5d4,3938e0f9ce7dab06627a355f37b7a89d,0
710,component-8275c4a9f61cfd6a,bbd4b774fe54f5fc946a24ac54059520,0
7107,component-ec2e115c168367b1,a068c41780b40f1031001b0c5812f945,2
7108,component-fbf3a50b9f5ed1e1,a156921632273f27094f71d795008edd,0
7109,component-bb1bd9e4349e6691,a21dc66cf3687b1f51b58d5a8fbd2cd4,0
7111,component-94a4096e17404807,4fc4a5629563658a89aa0f519d77450b,0
7124,component-4d378aa7873acb30,c655ef09b046ee11481247a0c933fd4f,1
7130,component-46d97df9a80168d4,3a7382231ca5753b3b4221f9fe477185,2
7131,component-2ef4d28b2edb9582,b9d8027c6b0655234368f49bf0ab22f1,1
7136,component-6c2362e0931d2f61,86d14735e1936f4a8c54140061efcdc7,1
7138,component-c95118c20c208c0b,a2ce4335bd96d38ffd039fa2e4cf78ed,1
7139,component-490c26c3fb996a0f,c5d17490ce3c01dea2f9313fff8df3c0,0
7142,component-fbf3a50b9f5ed1e1,a156921632273f27094f71d795008edd,0
7145,component-769ce52a0423048b,37f30bbcd560fa4f0a46aaab3d63ca81,1
715,component-bb1bd9e4349e6691,a21dc66cf3687b1f51b58d5a8fbd2cd4,0
7152,component-bb1bd9e4349e6691,a21dc66cf3687b1f51b58d5a8fbd2cd4,0
7173,component-46d97df9a80168d4,3a7382231ca5753b3b4221f9fe477185,2
7176,component-2884aad1030f58e0,39f5647cc07975bc12005ed0d8a52272,1
7178,component-6c2362e0931d2f61,86d14735e1936f4a8c54140061efcdc7,1
7182,component-2ef4d28b2edb9582,b9d8027c6b0655234368f49bf0ab22f1,1
7183,component-882555fb1b4a06b0,6a9e90d42aa88352cbec45c7cc146fcb,1
7184,component-d18b5caf055f72de,a6a4af1fd0caa6d408ae8389121205f6,2
7186,component-490c26c3fb996a0f,c5d17490ce3c01dea2f9313fff8df3c0,0
7188,component-e2688cb007b9ecd1,bffb5712803ab00f2fe3860385b41f4f,2
7191,component-5d935a36c301b60a,3aa6c7fd9bc33a91d933bcb6996d9a59,1
7194,component-4aaf3134cd70f84a,040964e94b1cc2254dcc2a6cba3427ae,2
7197,component-fbf3a50b9f5ed1e1,a156921632273f27094f71d795008edd,0
72,component-98188de834a33471,b0c29df027c9c3949df466ee0971b79d,2
723,component-fbf3a50b9f5ed1e1,a156921632273f27094f71d795008edd,0
727,component-cabe0b4f094bf2b2,b075c1035c66a225fe535e11ccc7c848,1
730,component-d5ca8ebe7d5ec58c,b4e1f3a1a21b5c53357be4b327309e61,2
731,component-f24f1a64b591544a,216a8232ee36496b9895d2d51e8a51be,2
737,component-bc8db39f614342b7,c5d463109ada557ad63c2aaef9c4b4ef,2
741,component-75f7313c20144e39,153db25dc43052e718740e7b87e4f6c5,2
742,component-ccbcd0d62f439eac,7cfe0028ac54d8eaeae2c9dc48ec07ef,1
747,component-98188de834a33471,b0c29df027c9c3949df466ee0971b79d,2
748,component-0c658eb5d61e88c8,90dd6392423ee0459bf32e562e92faf0,1
750,component-8275c4a9f61cfd6a,bbd4b774fe54f5fc946a24ac54059520,0
755,component-fbf3a50b9f5ed1e1,a156921632273f27094f71d795008edd,0
757,component-ec2e115c168367b1,a068c41780b40f1031001b0c5812f945,2
76,component-f74efabef12ea619,1948cc47e6503bdb9dbf76e5cf45fbe1,1
763,component-8275c4a9f61cfd6a,bbd4b774fe54f5fc946a24ac54059520,0
765,component-a67063986e67b7dd,2b72037040f5386830ffb06c7999728f,2
771,component-ec2e115c168367b1,a068c41780b40f1031001b0c5812f945,2
773,component-bb1bd9e4349e6691,a21dc66cf3687b1f51b58d5a8fbd2cd4,0
775,component-94a4096e17404807,4fc4a5629563658a89aa0f519d77450b,0
776,component-3daebbc6dfd81355,7358728e526e7718df8a0aa630a919bc,1
777,component-eaf89db7108470dc,1d49020a9377ba8c2ac4db429088d395,1
782,component-fbf3a50b9f5ed1e1,a156921632273f27094f71d795008edd,0
792,component-cabe0b4f094bf2b2,b075c1035c66a225fe535e11ccc7c848,1
795,component-c032851ed192d8ac,fc8145cdf816105ab4ac8fcfda8f0bd3,2
796,component-724213d95916de04,fabbd15b7d6681ca864d355abb90b0e5,0
799,component-d5ca8ebe7d5ec58c,b4e1f3a1a21b5c53357be4b327309e61,2
812,component-313c938e0103b56b,b3a364783c6dd3128e42b97f92c98c0d,2
813,component-477d8dffaf92d265,08694f91220a5bf5992574db6ea104cc,0
823,component-7a84ae249fa744b8,a414985e067aa4451a7a78349761a40a,0
91,component-1da51b8d8ff98f6a,558cd57a9d5c1a8feff2b181a1fd1fee,1
911,component-a5ccb1c538e34663,5b469547468905b00cd8f3c39c5367f3,2
914,component-576ab0c93d6dab00,4929cea298d43ba0170a26c8857b4ee0,1
92,component-8241649609f88ccd,98c7896b2ce86d8cac0f2a86d291f84e,0
920,component-576ab0c93d6dab00,4929cea298d43ba0170a26c8857b4ee0,1
94,component-e3d6c4d4599e0088,255eafbdc4415fd65dfc5624f0929b2b,0
98,component-576ab0c93d6dab00,4929cea298d43ba0170a26c8857b4ee0,1
