outer_fold,item_id,group_id,writer_id,validation_fold
0,21,component-6f4b6612125fb3a0,56a75bcc6a524cfd42ed603bef923e85,0
0,2105,component-9c93522c01b6a1b5,50ca28f275838edf4b8744a629543dd2,2
0,2109,component-62fb418140a7ee41,205b46648f147e1a5ef52ea07af00af6,0
0,2115,component-4459b2909cef1e99,1960761e30eaf699ec8320c5fca813dc,1
0,2117,component-23147de999739184,35c0585a748521e4e02f2cb0b1c5a670,0
0,2118,component-1788c74b1c926286,c079d2fd7e1214f5a318eeb1cee5a7db,1
0,2120,component-016562d2d357325c,4005ca6527b27dc147853df3387fca12,2
0,2129,component-33f849de3622f07a,e0eb5b76296e8afea61767d14c2885cd,1
0,213,component-d48ff4b2f68a10fd,f8347c3a2b59b3bdd27a1b275ceef1af,0
0,2134,component-daab3aa68185b677,36542ad464958db9867f6a7844234c35,0
0,2138,component-b3773ecbf7494c6f,69451de02e2c26787d69a77def43c5be,0
0,2142,component-8c9089be2f18fb28,adce8547f81fd2a416f48e56ce784a72,1
0,2144,component-db6529e972a44a4d,89e5c16e9c4661550ca5a49007af19b5,1
0,2145,component-41332273b0913dad,cb83b6f7181863ab7ccd76e203fb2a9e,2
0,2158,component-f06ca10f4977ea7a,82f4ae46a51f902d2c5d146f3b8d49e8,0
0,2163,component-5e9abe7a56edadad,97d57987632cff989a344d1fc4640dd5,2
0,2168,component-59933d776452c8a5,e62a8e7687dd09e9edb49cdd79ac81b9,0
0,2172,component-77334823791bea53,c102a012748e4ac784229ac8f1932777,1
0,2179,component-9e6296be2bb963df,b0cc72b05e56c62f78c7417f5c0fc7cd,2
0,2180,component-25dbd7ca6d959934,e1cef712b112981646a3a7af02072884,1
0,2187,component-2d2c33c52e3df492,fe5e7b6eb0d92b112cb558c9628546c0,0
0,2193,component-d1b0b7687f7bca92,b871e5cc66f76ca04b55866a15dd4665,1
0,2194,component-24210acff902c1fa,175f826e4bf4ef42ee78185537248c81,2
0,2198,component-815106adc7256d3f,a5ffc196aa062589df3cdaf7adae5f8b,0
0,220,component-36790ecd55c2030d,f29aa2d9930b2c3005e4176f70479f9e,0
0,2210,component-4321a844ee760ee6,60fad6da449d8bcc404eeb07b1bb643a,0
0,2212,component-05c8bd5d4dcdb18b,5898c37a9a46b8c9b289c24611253043,0
0,2213,component-88cf986449b61aeb,5cb2ac870c6c24a267d36411c5eee617,1
0,2218,component-58763bceaddcad67,8bf45189c0cd6ac9db540664ab032a25,2
0,2224,component-9d9f3c4ea93d3640,21b28f3c505cb053361b9073227889b0,0
0,2225,component-90d441ee3fce238c,7a8267f910ceb6f68f247156d7efac4d,0
0,2226,component-cf2661b79280502b,0cb857d86212393e9ad6d210ed3e343c,0
0,2227,component-2730a07b09001328,c2df42f2a4614a641d097d558dc2e0c6,2
0,2230,component-903a4207be29cb52,c68ece4523fd19464605632c3632e0dc,1
0,224,component-84a5092e4a5b6fe9,1a294e5ade965c4d599b18c0dae9fc70,0
0,23,component-535fa30d7e25dd8a,2ec85e1f6cef3d83e8d87b3119640cfa,0
0,230,component-a0eaec5a55dc2f5b,db66ca2f0446d1b946f395b720b518ec,2
0,249,component-9f484139a27415ae,1a6e7c698caf805c2ef14127b6c528dc,1
0,255,component-9556b82499cc0aaf,18fa800cc02bc318c94d6415c23172cd,1
0,256,component-51e8ea280b44e169,2475d464084cccf82ac3e72ea8721a5c,0
0,26,component-5f9c4ab08cac7457,fa0a4aca7afe8e9562355122b283d553,1
0,261,component-e888a676e1926d0c,09dcac2ca489e8cd6bc7c1b0c78fa8e9,0
0,271,component-3635a91e3da857f7,29c04fe1c8b2c4bc979ee3ea2ded76bf,2
0,272,component-1c6c0bb2c7ecdc3b,0772472833698004228e919149c69701,1
0,276,component-c76b405781134be1,5ad9062554ff2bc84868c1e4ce072aae,1
0,281,component-71a1c003a2b855d8,7941a524af14db5fab1eb72f815781bd,0
0,287,component-d7cdaa5ca0582076,ca219a7015d8f23e3760343f213f27c5,1
0,289,component-af180e4359fc6179,a898deab1798d35f3befeb7ddee39ebd,2
0,30,component-624b60c58c9d8bfb,65846af3dc8205fc45821efda37a6b44,2
0,31009,component-62685f4ccf56fe93,dafb1d4eefc26050cf648702aeaf3e3e,1
0,31015,component-816bc02fbbf88f8d,47a9c1bffcd06af0b4c7222592e6e71c,1
0,31021,component-984810c200880c15,4d82215ac84dc6962609bce7dde2ab5e,2
0,31029,component-b01ad0e16a64d27d,cc22064d0f2e9dc107b71f128d12132f,2
0,31034,component-6276525dfe8042ee,d7a91519f90cf0516f1fb288a4e63730,0
0,31060,component-536ad0fe2c3a10bb,65195ccb68b996e59a59b8113029fc06,1
0,3107,component-e68adee72e4d3c42,21f3f81fbdf331fdc8eef7c975079d3c,2
0,31077,component-8cccfd6feb340e4c,9c63d643a2337f34ef45e442786aea86,2
0,31083,component-0f1f13ef2ed5183e,627f2acba04973368b49d632795f2762,0
0,31089,component-715e8d519610db31,d577a94864ba13e0ccc1efa7fc6d5d73,2
0,31114,component-2be8ef0e6d06b373,8344bfb2762619cffe50d45469ad0799,2
0,31116,component-c26417a92eda5be6,8c86dc5847881aa923ade7023b47b2cb,2
0,31118,component-f6fb5309a1e357ce,0908acdb1bf458e9692cabe5fca0ab77,1
0,31124,component-86be1e022f34aae2,737684e5c8756849c4caf4dc75bc72d0,0
0,31129,component-00797780986dfc5a,70156a26f765ebf26e0089b01b76089c,2
0,3113,component-1a67316dfbb24cbd,f05e045c8ed31280a52970d8ae8a0235,1
0,31141,component-c3111bc677b90c56,d498bfc4525861a58ce664bece576d2b,1
0,31143,component-aa350cd9c8591625,9a41dab4afa2b127c83eb9325948ec9b,1
0,31145,component-37b7d328d51f88bc,cf70ee1b8f701d19a837aa230097eb3a,1
0,31146,component-a7233acf9f73483c,39e08f30e2d19ae3e10e3c1269647f79,2
0,31147,component-a7a10aa77202fc10,f7bd16b5a26dadc65d362f5d0fe0ba10,2
0,31154,component-4b30823e8e3a82df,8e8334b3b8232a6feb1cd72f5935cb2c,1
0,3117,component-a7371e91d028d2aa,94b6229d5895208ff9529888a4cd4070,2
0,31174,component-e154f3b0e8666247,c6d7568dc8ae8811b077c444876a835c,2
0,31179,component-7759489f703ee03e,0765dd660474a38631f419d84d3483b2,0
0,3118,component-15d84d60575e5e65,94122fbc9f7c40882d583faed3fcb6e9,0
0,31180,component-2d3f2d14c058e044,1a7a889d7acdeaa79db9f740c3c18028,0
0,31181,component-e801fdfd3b134a34,e25108a3f107a3b2441a428ba648bf68,2
0,31203,component-eaf3a2df0fc44d5f,9900dbb92da294971fd781c3f4829d6d,2
0,31207,component-413305cffb6af6aa,0dbf4a58cf4e4951e686be68bbc767e9,0
0,31227,component-7e5ee7fe75e70ebe,6af6d5435c069428dd27e2f4f3c0dbda,0
0,31233,component-c55e87c102a3c7e6,6037d3ee8c41899a6f997a1984844dfd,2
0,31234,component-9845d84fa4365361,5d84053b1c1cad5134d4579a6e2670ba,1
0,31240,component-79f785da0b1593cc,819e766397b0c59dcd16cc5bb1c81f73,0
0,31269,component-082f83a7e6a08543,60d1c55e8f834c7f7cf6c82e2dbf7783,0
0,31285,component-bf9e705d0081f269,c9e94b23bc222429a71db651222cf8e3,2
0,31286,component-7a98d3f7e87c5408,9c8b7ce012f7eeb888991b08957bf13d,2
0,31292,component-fe9081daaba2f26e,fc7db518aa49aa9f215c17bab866de4b,0
0,313,component-8efbbe9bc19ad2e0,8c706a521445f742de4e47bab1bbb07b,0
0,31304,component-99b8a24ff27e0983,5851f856cc4711d06cdf0215b39f06b8,0
0,31307,component-fc7b82f53c0af408,c8bb3385421b223591a5daafa7cb016b,2
0,3131,component-656d5be9b8439710,1d6a3902de214de4307b74fd3f6463a0,0
0,31317,component-0aa2440ee35bb5a4,2224be84c23256a31a7ffa18ac9e93a9,2
0,31330,component-a35080474fc86908,15314af09ca00111816e02dda2ccbd7b,2
0,31346,component-c42b889c9b09651c,779ffc5af31d8a273a59ce1cadc36be4,2
0,31360,component-d00188e643170f07,0d863f1e297c7f6ef64d9118e87fa281,1
0,31361,component-f54ff4900bfc30d7,1398250c781dea5b21132884d11e0fb1,2
0,3137,component-1f023880f785dbb4,436f454fd7bb0d7c2caf10d688d1f558,1
0,3138,component-206b16537b0e6534,5c36db4b5537c20a412437ff0d2766a3,0
0,31382,component-1f41a4cbd46ab745,0c473eb316694327d26b4bcd43197359,0
0,31387,component-099e0e3971a4fbd3,255e9414afca4d8219d1079a138a19d7,1
0,31390,component-55eaa72f053b1044,9cf2c2d10125638b812caa1191258add,1
0,3140,component-3a892eea646c4e4f,844f6334def3ae73d68941293ba1a810,0
0,31415,component-9183c29ea013b982,c90357d94c1520bc121a94cdbe43dd93,0
0,3143,component-7dbc9e01698ff644,9e79caa0730d9cdf96f9094e682cbbae,1
0,3150,component-4d364fbb3786fc31,49ff1270771704b00cca6db35dbc34df,0
0,3157,component-0b9dad0346d25b6b,642204b130994203de0c9cfe69d7f798,0
0,3159,component-ef5839d610a3567e,4d40af8f54708f087b458f72b12ecf11,0
0,3170,component-d7827558d408d7af,f16f0823f2cf06570f8a255ea9ca7dfa,0
0,3187,component-d5b5fab21d68556e,2c4c0412800a34a81e2a322ed7cbadd3,1
0,3189,component-ca0f11ca98da8843,19c1037bf616bb87dceb485d85397519,2
0,3192,component-59f6c59d4e41b4a7,4d896f417fde9960a21f24dfbc5285a2,2
0,3195,component-fdd25b9aeb3d9e62,d993af4d86740fefa7a4a942936a9d15,2
0,3207,component-098ce5419c70dd06,0b1cd984d5019e2e4668dd86cc08882e,0
0,3211,component-4a8ed6268c1741e4,e1b2c1b21ad212cdb9ae245a10afdb13,2
0,3220,component-698eddbc91b225fd,3622f68751202a46a5f49dfc35df2418,0
0,3223,component-94f802729d9e69d6,de9011087cbe34112d9b3b614637caf0,2
0,3225,component-283fb243c9b850e7,0ebc9b51f550456f8b204d869b67dfbb,1
0,323,component-3949ac1596ec7710,f1879899027c06fb429e503e60f5c1c4,0
0,3231,component-3c2ef1901bee3a48,3bf078ac893453d3294dda602fcc4b4d,1
0,3237,component-078468f27b81b84b,31a243dfd89737490e25545aa6240d74,0
0,3248,component-59ae69c1396f6995,e359348a342d04b3eb4cbf89abb9da69,1
0,3254,component-d67e8edaa3a287c3,c1be029bf06d713615883687f7016a40,2
0,3260,component-2fac394011e7d326,ea5637f9b20a8d9c102fee7963b08aec,0
0,3263,component-5b23e77bcbfd4804,c7098f0a126b134fb549783b6e58846a,1
0,3264,component-587887b1f664c61a,2da58b964ceb167942487b363a674f66,0
0,3267,component-f35bdfbc3b7e089e,ab2cfc1c998249d47f74dfe08f5f45b1,2
0,3272,component-f0ca4b323465b546,97a9b9096695cd89f6444982de2c0fbf,1
0,3274,component-e118593a973128c9,0ba8f65361474523ae17bf128c8d972f,0
0,3283,component-9ca5e9b3a5cce0e6,7813a970112c652806926c7650e4ce6c,1
0,3285,component-aff4b5855447e95d,5a384f5d903d44931e23a4af13556b8a,1
0,3287,component-bd7f4d53f4b1c920,dada0db86a587491505f54eea24204de,2
0,3290,component-8a9745162300f3c1,3b84c8847b0949094005c2d62bac5f2d,0
0,3292,component-7ca2552ffd0e38de,86657bc676b304780e53116e81d6868f,2
0,3302,component-8b0a2da322fa2e15,8078038a8fd5392eca0f8ed2c50193d9,0
0,3315,component-715da20ae91a9708,bf414e1bf3a80f40cca0781cdd656fd7,1
0,3319,component-e40f403944f152f7,b6a29188bfe6d4920991ba77f0a97bcd,1
0,3320,component-d146f0489a920009,ae14713aad43a0e9eae27490de1264db,0
0,3321,component-eb9cf4c533aed16e,eb24699639abad4587fca7fc383f6788,1
0,3325,component-f025893712b09869,ca523250243fc5d9c72e2e473b4ea24d,2
0,3328,component-944db51d0e31fc3a,af78e4c65e499777d22103159e58380c,1
0,3338,component-312e13097f2ab4e2,2a29fb3de5f49909667cf9939e9e25e0,0
0,3339,component-4cf84afda7c7875b,d97dc54a2c25bdf65f63104ec2692954,2
0,3347,component-3380f3fe3a5641b1,3999aacbd21da1c524c3ddd97ad380d0,1
0,3348,component-33d88765a856314f,3753946c36ebe0221408b7bd1ca31ada,2
0,3361,component-e8202f39fad74acd,5c25fa05ca9355cd7c5a12b496bf1eba,1
0,3366,component-0db1804a6beaabd4,c2bdfbcff7b28b7dde3d44cc4e7dccca,0
0,3370,component-b4587def7726374a,53f0cfb20da565fe22ed2094edb51767,2
0,3378,component-1877fbda982a46b7,593de5599e140fabebbad2fa9d3c2107,1
0,3399,component-5f829f9e9b41706a,464789c8934478e0442aff6211fcb0f9,2
0,340,component-9644294ac4ffb309,18d8b25877207b22581f5fbf7fe34219,1
0,3404,component-ecb2c5cd363bd77c,7235dec8655da557fef3de3ce9f14446,2
0,3422,component-885bf40616bf1c2c,3c5fc7340c6f3d5ea1703a2741cb877f,1
0,3427,component-724d2f1a49d590b2,efa02650d90d390afb01485a2071b6ae,2
0,3431,component-06071662e6313f87,cac3c222de539870723d01b1994957da,1
0,3436,component-a26dc55ddff93202,0801f04c0539a325f08eeafa3cff42eb,0
0,3437,component-5b36c44d19053f9d,9dbdddaedf5579a186ca16415244fe0a,2
0,3442,component-82bd3b63e2f8767c,285bb66b15c6accb61564b375dec9616,0
0,3443,component-3504a42dccf2276b,979390a9aec1ff760cf604e95d447e10,2
0,3450,component-62f73707683b924b,d7aacc4c77407217837b6a409d3fe3e8,1
0,3451,component-bb551a7a1524e2ef,83eeea7979a11469533b005eabf2f0d6,1
0,3467,component-8db4f214b0974db7,7ced2323f1a5d003442e57af94f3c91f,2
0,3469,component-895ea7bfb9e6d993,45aa0a5990ec5816238a4e737c619c83,1
0,347,component-2289b221b39605c3,51c39d7ac8d8b75145b10349d2df7d3e,2
0,3474,component-5d8a509aff5247a5,40ef96a5c8dc99f6085d227673b1d39c,0
0,348,component-06b2d82840e43ed8,44df00c24df3b61eeb74c17c21608b11,0
0,3480,component-75000e2a4f87a5ff,1b4be0d0b6fc2b97d98c171642563ce8,1
0,3481,component-f23ab45f058247a0,c355d01d74c969a7fea5427a2f604d0b,0
0,349,component-72ba187b05e705de,bb46ac8766b986c34e28e966c52152be,0
0,3492,component-9652ec3b28f1be86,2f459a8cbd3965567d35533dd81cf790,2
0,3493,component-24a05f4d1305d667,6d9356466d4ccc111606048aa95c901d,1
0,3498,component-2cde073b39dd6bb1,4842edea737bffbd8e1fae0b82c19cd0,0
0,3502,component-a1aef9f42364b8de,05282735dfa0171dda4d23fc253127c1,0
0,3514,component-8da11e8a75ed23fc,a040182b12f96c7d659c47c74c6029b6,0
0,3519,component-ab04a0144aaf727c,ac451462169e4c6b916c411803d2fd3a,1
0,352,component-9a72c24f2fd76561,70cf4755ba6aba2812416d5f42ecc585,0
0,3523,component-c6fab63609e8a0b0,2e44d900cc00a651d9192e2fa952322a,2
0,3525,component-00603386e3314670,0637222f7162615aa65daa358e9a53f7,0
0,3528,component-137c149a3ed18d3a,1f34dc9886091167ffc17d0482b49675,2
0,3533,component-e1fe15b6ce5ddcc2,71af8bb46ef69de23c41da6247f1044d,2
0,3536,component-1e320cf3281868c2,10bbba2a38164cfd6f71a5cd7a4cddb4,0
0,3538,component-112b89e61925b93e,3d587ca262d7f159d20cf9d0fac7ed3e,2
0,3542,component-5edd8f8493edeb02,301022441efbf7f564c660620bb45eea,2
0,3546,component-e8743787bbef7d5f,0889f2b63f67fd03b79160416399f7f1,0
0,3576,component-e3680aff4c3e0fd6,6adaa43dc3c97c4b9b19b6d7b7788633,1
0,3579,component-cc49091e6a3fa59a,0250cd8de92836b9a3d006a53130c935,2
0,358,component-62a0eae98b9fc0bd,26b48660443a492f76a7f1842d447822,1
0,3586,component-8a915123f912f456,a96772645bbe9f00bfd8ee7e5b314f1f,2
0,3587,component-04ad14d9946a767e,5914280eef69e7aca0430b8463512ecd,0
0,3601,component-1d8090bacab301ca,bc32782fc94a6596584dc11181b14e1d,1
0,3603,component-94de49d59371e3a9,850198ef052440d2c56bfc1d87b47bcf,1
0,3604,component-df6443e4bc9ed495,c694cf29c59e3ac15ba65b5ad092a36e,0
0,3605,component-d3c03b39626cf31b,d679319d92bf8321625f3955cc56543d,1
0,3612,component-704c308726bba772,cfa5edd903d4c6510b79df504dd78a0b,1
0,3615,component-120e52d7b556d767,4b38da19ce624989435efbd3775b600f,1
0,3618,component-9931f287c490c562,0cf31c4ef33e3f322fa807936ef22031,2
0,363,component-a43231c2216f23db,62b7d439f290de1db0295d6a70262065,2
0,3639,component-44a91994cce74ed2,7f079511a0dd0a6503eb3d8090ceb95b,0
0,3641,component-d41fcbf17a8ad37c,4cf916a427fb4f70f0f2d7297308285a,2
0,3644,component-487e4a2ed2f8e9b2,76a99dd0d4e7a4e463a3580cbcdedc45,1
0,3647,component-aaa33494ff99c63d,be838a93179309be9091e57ba80137db,2
0,3649,component-dc4aa707636ec734,ec0cc2abe3052fcbf7beef3ce7d002ab,2
0,3651,component-0ab77c56eece2d24,fe9a35bb16e51a399f38093c351471cd,0
0,367,component-0788979fc9366e21,44f2e5ed07d458560fe14bf392aaa678,0
0,3672,component-9e40f86360ba8c10,4b4d927b8db69b7c284b8abda631b0fd,1
0,3676,component-e9627bf1367d542b,11324192e1d691e1fb531092c0d41498,2
0,3686,component-023998ba5a1bc02b,6d63c155ea9fb47807fbe70db367d531,1
0,3697,component-72abacb094771a0a,a1b0856e7b568c348d3641fec178f7f3,1
0,3701,component-21872bbd9f73229a,1f787f0e33f5e4f90bb0146214d09d89,0
0,3704,component-f12c70c1cdb1ce6b,d51550ee0188773e09945240995e0a11,1
0,3706,component-7af919df0d6f22df,1d1c3f3353981109bc0263dc8455e2bc,1
0,3709,component-ace104f589733dc0,9543238c92e2ea0cd7b304e61800fb6d,1
0,3712,component-95a10e2b95576e13,256f9623142a836ab2375b1c292e4195,2
0,3734,component-cf8a6f1162e27586,db42613bac99c60e14c337e848846f7e,0
0,3737,component-f021014960c5f61b,a8a9d64618129b6a9b783c312b42b049,1
0,3748,component-8d7c658f9476ff2c,270f3d4ebec20fcc04550a4f3e47e82c,1
0,3779,component-5b382a8191264f07,75120f03a6e9a13e0f9a98684618ca13,1
0,378,component-21ef779311a43f0e,dae593682d1bcfeba08fd58a4b2d12be,2
0,3797,component-38a0ddf1476fb458,9db630844b3a38b2330fd4a010cbe3fd,0
0,3811,component-52c5a260883bb901,d425d3b4def164c7566dbe9e740ae260,2
0,3819,component-349a066f98abb7d6,338fa3ad51627a8783f81e6adbd0e855,0
0,382,component-f65ccfbfec288565,68419c60622ff630cb626e437b12bab7,0
0,3827,component-bf1889006d18a1b4,b1616f572a184173b8f7cd7b6e0583c5,0
0,3830,component-c096d44ca5d254a4,a3ead00ed6f06cf68ac6a268281ef243,1
0,3833,component-93495fae156b6769,8bdc2d55bec27ffd4d557987a1140d44,0
0,3836,component-395a0b5c72874497,ac6a4e91d29b7f329db3f3f2c1d56a01,1
0,3850,component-756a6524cdb2d4ea,d4a573ba03d78407fc5815a5355b58b0,2
0,3857,component-e3aa235a10ec0805,c7644636064f41de40397e04e6e0b4be,0
0,3859,component-17d30b9a2e6f98d3,16a19cfb9689e316964d28efe8f9f283,0
0,3864,component-3eaeaacc5acf161a,0d69def37fecc0210469aa08d6fc7a89,0
0,3866,component-e41e141d6715f7ad,0fd18794c0d66bee87d07ea076ea77cd,2
0,387,component-25dac95b8f595046,61a5a00396bcf2496532f063af217ba7,2
0,3873,component-dc57c1fc055e30ee,aec41bb370485e144fe2895b079d62d3,1
0,3882,component-af8637ccf1fe693c,b562dbc1f17ef6d3a38de55e078bfe50,1
0,3887,component-2f9fdc64dc673132,5fdad8a083ed83e130ecf4e7f0d2d0f4,2
0,3890,component-6903260f1db7eaa2,80d0da88b815fa371376a13c56be158b,1
0,3893,component-678f2f24525785e9,301c4dc0758718cf8758792414529ab5,0
0,3919,component-defaef0cc4def073,e93a3decf6ea38c7f8b332b75503149b,2
0,3923,component-b46d9a5ffd681235,c1b003a4a1886553385fe86cf886d32f,0
0,3926,component-c62b377fa3d3a0f4,a9a8c2de70fcfd9981709404bd1b527a,2
0,393,component-99a0b871c9047c4f,02a20905af388a1319c2c8a7a6cad5b8,2
0,3936,component-9cfc3099e52f8b31,698435d43e44a1dea285c502ad191449,2
0,3937,component-9c67d3b75b1e8364,a3c17def286f05ae71c49a47dcf0f146,0
0,3942,component-7c2355534ecc3a59,3a8ebf96bbff5e2c3467e635f6394225,0
0,3944,component-63d5537f693522a8,12699782791b5b35d015ed67656517c9,1
0,3948,component-24a47a476d5cbb0d,e58601efb669db0301e97138cc41bb71,0
0,3964,component-ac216dbb3b7e01be,7ee2de3076a65bbe1a98a23ad35bb706,1
0,3966,component-e41bb15d9efcd5aa,a80bd0f77baa316c49b865da5b963922,0
0,3969,component-023735e650550f29,6208adbd6814fafd6f90b440a8cc6fb7,2
0,3973,component-979d26d3a739d909,80b01fd16d746b85f2102a15b39d6025,0
0,399,component-0f78540965a86402,5759d24a9ea77d492f7ea1da175c3f20,1
0,3991,component-7e5b72c6fcb59280,e6eb05bff93b643ee4d1a94be7a6c648,0
0,3998,component-08a05c4b716c9953,8c39bf80f05dfc165e9963c68813ae77,2
0,41006,component-b6f535b24402e79e,7a58476569647e0f68445641ace26af2,2
0,41013,component-d404630527115191,f4878d85362bd80fed048c0e80b5059f,1
0,41017,component-12bc2a70750ea03b,0c6aa6fdebac70b4ff1cfb362768f790,2
0,41018,component-552f4faabc0578cd,d0cb3a1f0a5621ba48886bfc3b56de18,0
0,41020,component-c12cd05cd01bc855,d78125ac7d7100554426602c191efa8b,2
0,41023,component-389dad3d3c5d0561,824207123b7a0659d765c20454586d83,2
0,41045,component-e5d23408ebfb05b1,fa6d3d2f11f5f0c536b2fc0708266458,0
0,41049,component-ecf799bb7a4b7c32,d233dc8f06512ffc4db2c594a600312d,0
0,41082,component-d0d8dc11918f76a5,be9308aa3fc8794c17b2372c9bd1c48d,2
0,41097,component-5eb1d9910d4fd579,85d200070f3c79eb7c81515e6707b3ad,0
0,41111,component-e651f85f0d814e18,3a519dba1a7fb1c2c22292fed7efc767,0
0,41128,component-797e4154bac64e20,8297d4a776345e142dc6b938bdbc25f2,2
0,41142,component-a62f5afc49ae82d8,1143e571c7089330eeb4611bb2be8602,1
0,41167,component-cebf29097c0d5deb,1cb863e33eeba6a48e66f4a7e1fed59f,1
0,4117,component-1115fd804c829549,aca121986fd49ebc08be2d0b956084f7,1
0,41201,component-74832cae18cad741,c7972fe87baaad12d1bb739fd0b9bbb2,1
0,41208,component-1fa21f417d947e05,1d28e31999abb23c0ce87baead18bdf4,2
0,41209,component-123bb1e9ca37efe4,3296c019be701257152e6bb6a846c4f1,2
0,41210,component-69bf59c08157f7b5,f9e5d9d4bd1d838a77bcd266d48d4f65,0
0,41220,component-88e28f5076eee109,b61d0beadc70551a1dd6bd1f83f50c70,2
0,41225,component-99690a38f2e60684,94b948689921d6ec222db646176fb279,1
0,41228,component-c9c1d1f5dd331cf4,a5ff5d998a8665d6971f2641df1ebcea,1
0,41236,component-8010ef9c6aa47675,9017bc8c4cec34f1aed5aedee2bbc9fa,2
0,41239,component-7c3c0c742b8f6988,d2d3a4fd6baf8b213200270e5486f738,1
0,41251,component-324d5608076381aa,7eb489bf921726aa2f13abedb9be343f,0
0,41260,component-d6b73b483e218448,c165762b5c9fef0e2b3f3b5767680756,0
0,41262,component-3193d02a7794d80d,14c248aa866d099a20e7e8d124f9fef7,1
0,41287,component-f91b5c748db58af7,8630ca2b8f0d070072d9230513f47356,1
0,41296,component-e8f826d2f7923304,1992865c4025f049908ecfb90c379f57,1
0,41299,component-664ba5b88c82af91,a0285a4f669101d5e1b350a0d2c39a9a,0
0,41311,component-64b31115dcd64f0c,a8efbc2fbbad5f14e8e905e7308368af,1
0,41319,component-768fc3757aca6101,e1b31557aa7f0e809b8e1f75f89f9b18,0
0,41343,component-2e32d9a3cf2aa309,d9fcf60ba537a00a4eda094949c1b77c,2
0,41348,component-ab6190ba05030357,5b8fca4a832dc2d3b543282c5b4f82b5,2
0,41349,component-5d9c363f9190be1f,f49ae8b42bf07268b034272c2a7b5fdd,1
0,41352,component-626aedda5c9109f5,6f294f7cbd08fc3c5d39858ff2af1fa6,2
0,41360,component-60cdbf584232e830,bb7e8d04e430f461f122252eaeabed20,0
0,41363,component-40d9ff5beffd2fd7,6cf3bc8000adc283c232147b322cd076,2
0,41377,component-76620015a5071d8c,c61520f0f8eaf8309ac3557c8824e6f0,1
0,41378,component-529d65a4c6239e47,12a21ca381cd05df6086b5b722766773,1
0,414,component-8111eb1556229541,5359ff3b0463e1d20889d86ef17030d8,2
0,41402,component-9d2419f588dfcde3,0c65e1cd4ba5121a39a81eeea420806f,2
0,41407,component-3e5c195a5f070176,ca5e7e8a0640fdf8a40f53cf62176310,1
0,41415,component-90054efe091d8333,90c3b020bbf4fcbae99fe7a0d21ca057,1
0,41425,component-eb1ab7d63ead80cf,e10170f51b9ea21fe36a77b0ecda6583,1
0,41448,component-eae438248d2964ca,145542f73bfcb2c9577d249345d6c60e,0
0,4146,component-cbaa265082e8b534,605cf3a43d414a6e952cf17e69f7fbfa,1
0,41479,component-54bda11c8607ba75,a58f95b5afd380c122fcfaf889f2ffda,1
0,41481,component-e99ca5c140e3e831,7b127119b469019d03283e38449b2045,2
0,4150,component-84bdcd156603935b,07a363578b647beffaa1a4f5701ca0d3,2
0,41503,component-8e221b472f53cc87,b96f9c7134bece931790c19a185d44c2,1
0,41507,component-ff5c5014adad0371,4faaa8c925c2d98e38b4f1e268c01096,1
0,4151,component-b3658670d2a52e2c,6428be347990d20a948c355a32e2afa8,2
0,41548,component-297e5ba93c5c9d5a,6708924e5a5154ab55b9ccbd95e9c641,0
0,4155,component-c3aba2c5aaffce50,a9283e4106af55a42113f894a1315ac9,1
0,41581,component-b210207f71146de6,0783aa00dd59fdb5fd9c48f639541d0f,2
0,41586,component-725a8a4e3dc691b5,6c540422a42aaed2f9243f21ebccedae,1
0,41589,component-e5174e01c3eaf72b,3c4ff564fa0d96a7e23fde743f3579a4,0
0,41600,component-d3fd845cf18b1c1c,2690dbaef50844137318cafb4876dfc0,0
0,41606,component-a2e3e8f109583496,64b3fe83956c67dfe1a02d828926dde9,1
0,41607,component-a2aa7377c8b9814a,9e92c09bad62c5db783ee889d7a685e0,1
0,41628,component-f8719764e4611518,9952403bd4790329b3ab7b4987260191,0
0,4163,component-95d4362bd3cd4315,6f0101c3af4979061d05736f54d20612,0
0,41630,component-7c79679b3b8ebcce,2e5d0d8e8b1d1d27568448747db6f88d,1
0,41632,component-e6858dd99d23974d,e1f025a4c6bf710866d8d4496189feb8,1
0,41642,component-181d1fe2f0deba7d,68420290d6e5b0f79da491c1d3fd0e30,1
0,41648,component-60f0a4a20cd20bf3,2c077a7281999a57ae0ae07a48eee490,2
0,41651,component-8895a4611dc1371e,c9337ee638a8300ad7f32457223278b2,2
0,41654,component-949f49985cd7217e,2606bcbe3565f6d0fadfa31ac6ef7d31,0
0,41658,component-8ad878d1a0976246,893f73c75d78b0eb0e6521f3d83cff4e,1
0,41660,component-f1f930c1a284a8f7,afbce142bf7928146251f7d6f7cb8bbd,0
0,41661,component-87c1028bbd22f557,e4849383b72ff84dab291ea30a300c9f,1
0,41664,component-3b47cce4925a6d25,b26dc264f0336d533fe6d45dbfb6676d,2
0,41671,component-f4d663daacabae8d,935710ca0bb32adab0c0f9c500539351,1
0,41674,component-eaa795442ebb77a4,f3bc391df942e0dc8ee81d2d04eeaba7,1
0,41681,component-1d0b2e53c7e2835c,3418dadf04fd49f7b23700e792f12fcb,1
0,41688,component-97e40ce0a486700d,8c61655d176dd68bd598e90f0ac533c8,1
0,41693,component-fb3daaf295c3cfd2,d87555995f7c34047850c1bcac861a22,1
0,417,component-afcf8bc077e68eb9,98f58d2c5d6850fdb180a5623b8bfb9d,0
0,4170,component-a77bd5e6de66e9e1,2312d2d8829be52512e8206ba471aa3e,0
0,41744,component-1e984a2a119827d9,8c3252e7582b80b87f3ef38657258b6a,1
0,41759,component-dc7d59ade65702d9,e117b8f53adb2c9e503e00f90d1e0d5a,2
0,41760,component-6b690fa3cc58bad7,acc198604dee0f812b5922c35449a39f,1
0,41763,component-b0e096c78d3efd3b,ccc8918fc6f2bc6d2dbe462337d150fa,0
0,41769,component-32efe367209c9365,ded15943d65442314339bb0e96e576e3,2
0,41778,component-fee515163fb0037d,8e2f5cd15cda37395635b35781a3f07f,1
0,41779,component-07593f249ce4008d,751486584cb569ff1d66a76c74b5aee4,2
0,41791,component-2571f70d255d1d35,499ad61db0363eed4f2511f6963a8f60,1
0,41794,component-b455df77af035725,5169f7b9ce9906cb54f39bf9777e7a38,1
0,41795,component-2d0cb16b44632a5a,51e0d7c1c250f9d59ee8417cded48c6c,1
0,41801,component-61a385ece3681b86,14c8230f19a3e3f5ac2ea47b82781f11,0
0,41814,component-d53d170a0d38b2c7,369cabd109be78fce2770dd20d6b47bb,0
0,41830,component-75d0224ebe15542d,593cee189afbf9a433a24c80b6dc1a04,0
0,41835,component-e0d6cbbecacc89f3,a7a1d21b8f90bb88bf8886b0f5e14f8f,1
0,41840,component-8950101d9f3e8417,a83590a6c24eb7ff26277c55ae3b201e,0
0,41844,component-86d007a4ca471554,6e3157f654b75226e054270c25d3064a,0
0,41847,component-cd5ca9eb959dd4f3,1e945d6d30a31e8ae30b7a50d2a829f6,2
0,41857,component-5987530b2358454b,112f7a6fc629ad732858c9d80440ee13,2
0,41872,component-afc0251364629f6e,9fd46b787a01e63b5ccf4bfb1c0a90d5,2
0,41882,component-48a48a1fe457d1f5,1d47a86db38d4a419e4def3fea55d0d4,0
0,41895,component-9acaa103a8e3c665,fe41201a6f4f7fac69671278909b9fc9,2
0,4213,component-28789a01958becdb,8f8e58fa7f8a23a1f1b6d763369fc2a2,2
0,4217,component-7ec7bbd3677bee60,1ef1a576e3fe5ac4610bc28be4446946,1
0,4254,component-357c08aaae039838,62d0fec7bc5789b32d4dadc7ff3d60bb,1
0,428,component-cbf2f7864f1c9883,c8663b26d1bcefd687a81550c24c2820,1
0,4281,component-878993918fc2c416,0047e5ea491e69bb2e33e71102c45656,2
0,4288,component-907cfead4ffffecf,4c066d72d2e5a596629fe5d3c236dedd,2
0,429,component-2d1007980f492153,a6984cd37cac6ef3b6dbaee53d5ffb9c,2
0,4290,component-cc28d893176b8cd8,417b95fc4fd547ef5aa58aed9511be0d,0
0,4304,component-eb1633fa9519afd7,82ba383f5e5958184b6bf32a3c010cd3,2
0,4306,component-0d4a81d212f55a14,95f6ba82430a5b44af213101370eadee,1
0,4317,component-49a57aab5a13e055,15162cb7943674d2049c2839f4785675,1
0,4327,component-4babc876be86317d,5615fe4cd21d9e641916c61d57bd0235,1
0,4337,component-2657482116a56061,be6e26bbb8a266e12fa6f34aba549f68,1
0,4343,component-3e7c3d4cf5be91ec,155102d7ed2b054b51d8707b93f9a127,1
0,4348,component-9f91572d9d23f29b,f3bb1f8c71e7611b4bcee1473cc638f5,0
0,4364,component-bdf67436ad540597,6bfd2605e536e41673a5e5a2e3052c7d,1
0,437,component-0ef962215cc05578,5e61c4631083c5af606ae125dc55aeb6,0
0,438,component-18d37c950a3e810d,70a45d14a025014d69c48954f8a50bbf,2
0,4387,component-9430301e26927415,82246ac3998389eb0da5d5e0736ee969,2
0,439,component-050a010ce24d0896,a7dfe4e998476a35844f9bc9c7b35bc3,2
0,4400,component-936d1dafd8b1b6e7,478cd81e67a5208ca52ff5a84aa15f77,1
0,4410,component-07df47f485722980,96501d9dc125ba2ec54954cd909cac19,2
0,4431,component-8818fd6d967f8810,33b622e0e1d315c54fad94ed3e893d68,1
0,4461,component-fe36bba93dc4e44b,702986e4c5392b786c01ae8da985a79b,0
0,4475,component-1b95c8a0dad14118,b476c476c533bda26750d938499a924a,0
0,449,component-4a30a219a9d7663f,64e908bbd6c6203abfe37df7e671acf9,0
0,4490,component-44489ca1033a2925,fa75a7a38a23f63886ac214a8839e501,2
0,4496,component-82ba9b272ce795cd,2fc8a2681a2ed038015abe42ce9904a2,1
0,4497,component-1f9a1de3220e9c87,8cffb0b29bdc89c7190141c2ab939ac4,1
0,4504,component-6659c30f0631de14,cbc314a699457bb6b33270f2d8c06142,2
0,4510,component-d9d628292c7f805e,fdaa9bfdaf387bdc7eba1cd886a0ea12,2
0,4517,component-5f5e771dcb7bd8b6,ccc752921ca1df4b711524baf5b236b6,0
0,4519,component-f36e412aea00d7c6,6be6bcc85667d1a83ff0624211afaca2,0
0,4538,component-888686c56da0a589,7a2adaf93f8f0b58b59067df60e12e0d,2
0,4539,component-012b946b1029081b,88de000c4daa6aa84250f96f0ae76dac,1
0,454,component-48f89b630677c2cb,b7c50f1b16cb63234a0e1616a26f30db,2
0,4571,component-2c6b7bf2a4ef2fc8,473cb889d5251e5d1db3426994eff442,2
0,4573,component-f3a6399711da0b03,9348bc10ae64a08fe3268c8707a6a41f,2
0,4582,component-486ea85278bd246c,2bb0b2dc21ebcd1255f295143e524967,2
0,4583,component-eb7539924cf4b8b6,5ddcf78fc19d8b21a9f75120d15f45ed,0
0,4592,component-5edd6b7ba99be850,7e7dc4499fa555ceafe948193258df31,0
0,4594,component-d96e16834162dac2,4eee79944e097965f493b3e01b4379d6,1
0,4600,component-404c93bdee16f75b,cd23a4feab2d0a07ff3da24e3b410d08,1
0,4609,component-cf2e8ef59ca7a4e4,08b6ee3a8bbb21c6032fece716abfd48,2
0,4633,component-6656cb1339533eec,5ea8c124cbe263175a016940365b9ccb,2
0,4636,component-9daa98ce3a24c226,0cf3b383874589b5f7c7da880cac90c8,2
0,4639,component-fd7d77de225b3254,c31a325614977f833856e51a136918a0,1
0,4649,component-69aa50d0821a7741,fba2177fcf1c169dd45e575b55cad8d1,0
0,4655,component-4014e91c398f3fe2,6d15beea63a99a3c9b9b0b6512c2be4b,2
0,4659,component-ac8c1aa79856748c,3edaa1f54c1726e4e17874448b20ed83,2
0,466,component-826e27285307a923,fd5173cc96b187b865bcfb84d627020d,2
0,4666,component-dd2c71582793ed12,c8044bbfa502fb17156cf7790696af59,2
0,4671,component-997719bc7307a990,89571a55c88b97dc64fd6a85a4e60ad1,1
0,468,component-1e5ee5e58c8f490a,58283fe5f4646af3cdfa4f0337ab6aba,2
0,4692,component-a883209b00f5f926,b618459f1d9e71eb8adeb1fd73da9e23,0
0,47,component-31489056e0916d59,e3f32cc147a77ba2bda4602890833651,1
0,4706,component-2334b98bcb4ab2c5,257318ce48008e4c0842b375467274a0,2
0,4745,component-3baf3ab2c95ce1d8,0611e66d605953ba8be6a678735ea284,0
0,476,component-e73cb135243c08ab,e0d67b3e88881b6a2e648c1a5fde6037,0
0,4763,component-6e73a9ee394de721,d7eedb3b7795cbc2451f6aa28a929547,2
0,4768,component-1900b07bf0e92e67,a5934a16cf7f623fc7a3ff56151b41f0,2
0,4780,component-259748e36ea45836,14ef2feddc450b804262c7c44470f69b,0
0,479,component-9869a8a3a11a3328,43d8d88220fd31e8cec0b53d663fcc6b,0
0,4802,component-d19828eb64fa5dea,27b0e4e07532d4b27b2dd70e37c757a6,0
0,4814,component-51d4f462cbd884ce,4bb73d8f1fb4865b7218d703893a8a01,1
0,4842,component-d9a0a87140e95aec,08be7a93714c5f118a8f2dd828d09cc9,0
0,4874,component-a4324d88baf52d56,26574ba9d5340f075cb4874fd937ce56,0
0,4925,component-f4fc1ac61a9e62b9,51d331e3e2722a42bfd75146c57262d8,0
0,4928,component-23850eb82a923c69,8b8bffee163dd1d0f14749f64a385090,2
0,4929,component-d0f0593601de6483,3d5ee1fec67399d85f5c089b8b3e4483,2
0,4930,component-afb36973671a3f3a,5a048dd797c1fa19347714cad356a282,1
0,4940,component-468aa3110cc68497,63d8b9fe38e60fda2232513fcbcbdccb,1
0,4943,component-603153b43d01f9f0,df44f94367f6644e1f8700d422cdfdbe,0
0,495,component-ac1270c5058af650,7ff59110a5fd1ee6949b5dfc80994317,0
0,4976,component-716f129dc3414142,d6bfb552f0707e92b2892080a1c5a9ca,0
0,4981,component-5050ad1713516785,97e9078feb357c2a6862c277d98e0bb6,2
0,4987,component-23ed5d9b3c1e3abd,da638e19e2384b58c5b02a570072198e,1
0,510,component-5e5c743a015ff8d8,1cbfad3ee7a96a6c0307561930158daa,2
0,51005,component-a962e1bb2c60f5d6,0ccfa19dc196884957c05ae3fd9d284d,0
0,51017,component-d5f4256a046bcdc0,df087a56d8f0f7e54f6daae909dce389,2
0,51023,component-77ab752336739824,78fb403756b87a8972f67b7bd96050a4,1
0,5103,component-fb7fb643eff7a6fe,d4ce16a5f5457f0aba6e883df33977d2,2
0,51047,component-5dfb12bf172b105e,4dc37ade30b85ae0e90a3ed9f25cd43f,2
0,5105,component-e5f18bac25227fc0,eef4d848d7f616ed2295e4a70aa5c5b2,2
0,51051,component-9450c7cfdba1ab42,c4a8e743b16e855676cd8cef60f7e156,0
0,51053,component-573bdf99980c0419,365dc3086db91499b050dfb15f86c4ab,1
0,51054,component-b81ca87e62366b8f,06c2724938be0a581d9b762756346ec3,0
0,51061,component-4e120bc719a8ee5f,9cdf093b9aa9b71367f7dafdc5c807c3,1
0,51065,component-533b7580635a336f,103c8fc7fb71a40a9894e87651351a56,0
0,51081,component-a505e6091b11b1a7,bcbc3f1d0122c1d67fd0eee990fcd40e,0
0,51085,component-2afd10071a787a71,37f0a89361e1d1bd70ea9f207699a812,1
0,51092,component-5a3689c22259973b,cc0228170d03303a554681871faebe1a,1
0,51111,component-9681ca8abbba9627,b58717abbb0d2c9e8776f2c75a86df01,1
0,51131,component-7a3c14dcf2f87c27,7da96ec9d055e0768fb28f1d2d3a9555,2
0,51136,component-6f18896aa93c4f02,9254bacfd5861de4731f71cc8edbe7d3,2
0,51139,component-7d6a69d4af190c7c,04e5d9c6391ffd168ae955c68b92cba9,0
0,51145,component-e41b72e6f669ac44,02a0135e22dc5c6aece75fb1b2a75a81,2
0,51153,component-f2ad9fb953cba5b3,daaf1dbf1796e8f0e410092f93d312e5,2
0,51178,component-94c7660d05a7f46f,bfa2edce4489561275f2f9487c2488b7,2
0,51184,component-40b8b931b6309755,974541a47fd0817eb8957057b6a6cf9f,1
0,51208,component-af8b422447fce1f5,ff8cde5c9f7beeef773904edeb2fa523,0
0,51227,component-7fbef7dcd68d546d,cb793f3c5307a9f5545f7f560e0bfff7,0
0,5123,component-4f9eb48d371e25b0,edce390643cc1e73785b5aa6c9db70c9,1
0,51231,component-63b1a404f621b892,73ffbf08fbbabcf4a11338cb3e3209a6,2
0,51236,component-c915987362b5a4d6,ff4090f41a5f24883f23e2ef3ba30499,1
0,51240,component-e23fff0a01f61e25,014c88c28182d81219a1115c4616225c,1
0,51258,component-48bad9686aadcf56,8bdb7968a04f811310d098919c612443,1
0,51259,component-ce7c040081069cc6,7e11c4b6902eccead104e3fdfc212ec8,0
0,51268,component-0566c03c82e2944e,50a4538ceb5a1726538b3a03e6556560,0
0,51275,component-00acafc4d0de05d5,a7a195a617f784985ee4396a124c04fb,0
0,51276,component-f959ca35a9d5f619,cc74321cbe7fdd43288d25acf2ca92a6,2
0,51278,component-004458cbb83d3aef,83ef20d7fa8bcbc1da80e73c88d5b74b,0
0,51285,component-aeb6187c9611e593,f6a35865ce01413df4d2bfec528995d8,0
0,51287,component-c88199903a99c166,a8cab2382addbc6f01291b09cb5121fa,0
0,51289,component-6e533b96149930db,69390987d9c38ba7ffda4a559cbde645,1
0,51292,component-b959485b75c28602,cc90e968a14ad70a16218c6facfc863e,2
0,51294,component-70c91480aa80ea7c,2e34c0711e92fa35e723d76601fd34ac,2
0,5130,component-ec34d6f17350fb4b,539add386cef76bdd95c1bbe1e88a9b9,0
0,51300,component-f88a751202f8f87c,b0196ea5d7b122e3345b808c6a23139c,2
0,51302,component-ca8ae4c850221976,6ccf914138419c76b5917da5f5356479,0
0,51324,component-9ca498220650a7ef,ab43180791ec24f87acb53a6570c3a93,0
0,51328,component-cc66947f1686cb8b,2857a21ad0f2540d4433991560e11b0f,0
0,51329,component-1e7df5084672220f,420977b16095f1c0d60eb22827089ff3,0
0,51346,component-176990e7bdbe218f,10a5b9e4d9d08330b05d764e27efc1bf,0
0,51355,component-77cb542a9d19e47b,5a769e299fee249e6980907a358cdada,0
0,51390,component-e5917c941a6a02b0,c5c97ea38bba2778931e44e8f5ed80e3,2
0,51394,component-f1eaeb8715121d08,a0e368f3b72bfd3c29b623e22c1a5097,2
0,51395,component-c69c8f30d1fe6b7e,c408372ac6aadc63e988eedb7dd1e3ab,0
0,51414,component-b33b2c2165197959,a34cd7579ca6766458246c6b3df49e4b,0
0,51415,component-41c20d6b7a87b0ff,09ad8f49e450c52020bc8a029d98dc70,0
0,51435,component-0b6ceddb45db7863,480c4bf9349d65b64880ff349dafbec2,1
0,51436,component-51532d13b1c47f01,d0fcbbbf26567769723f5fe75b10ad2b,0
0,51441,component-88c387db3e4a19f1,034bb12696eb7f4e7b155459c1d5fd57,0
0,51442,component-1b3cccb586a60baa,3c090e7882ba871b75fc330f9ca76fac,2
0,51445,component-bf5fe018f15322c1,786b693d7e912096d544c9b0872c34fd,1
0,51454,component-55131876673e78d1,1285fd0163576e1e1c0d5bc4883b6864,0
0,51458,component-d93ca0bd09735cfe,20b24d7ee85796761e18812e59eae3b1,2
0,51465,component-11cc7417f3cd1149,38f85958ae9fd3e9d90217d234e8a148,0
0,51472,component-03b5c1838a9a157c,fbd0605103c20676fa89c0f672191504,2
0,51479,component-12dcaa39bcc841d1,63693797c949fdf4980b6ca5c615d7f5,1
0,51484,component-2a9de50e2a9e9347,c2f16ad76423078944945e1d4f2fe2c8,2
0,51487,component-e4a351fd89b1d940,4c7493023ddb562af710949053136216,1
0,5149,component-6a96ab0bd63cade3,b0458f57958f8a8db93c72072ce90b3e,2
0,51524,component-ad9d6f67d0fad3e8,3f1c40fdb05758328f0cd02ffff4fcd5,0
0,51534,component-4c44b76e3fb67f62,d47f0b0d85700dfb5a967d685e90edb8,2
0,51541,component-ccd1ba092789592b,e417ef90a9f19d723ad871bda207fe16,2
0,51556,component-fac5459b9e06ded6,86d1336e3cc4f30ed8a0a422b29f72a8,0
0,51575,component-be59fcb0220b5a14,b07d02ba5ecef323eaa1012c1e6cd900,2
0,51577,component-0afcc44cbe3633bc,1e2ad1bb6355854c8a949ccf11eb063b,2
0,51593,component-ac4276df94711175,fa792fc5b648b0bea65b9b016b96a38c,0
0,51595,component-dd605a6821e1c9f2,24cf38b7d06e5381628e735e9ec9e6fb,0
0,51597,component-8f4b93e4fc0b6702,00034184710b94e6586d0f9faab491d2,2
0,51598,component-c68b1c018d4c163c,8d29255aa97ff08aa24ccd25a3564131,0
0,51607,component-349a066f98abb7d6,015eae8795c5cdba83dbc96a9d5baa17,0
0,51611,component-a55353c35b0acb13,4a7672a8b0351496bc599077e7afbdb9,0
0,51613,component-ef8043c8de9c3325,9c1d1a1708fd110cdf4e64dbada079c9,2
0,51624,component-84645ab696f158a7,1afc511610765efcad51b6b635d77771,1
0,51626,component-e7e4f9888e9721e5,8ea15b11ebbafbdc516588f0398f2ea1,1
0,51632,component-c73c72950b5007d3,07210d2331f9b6bfda48de8961046928,1
0,51635,component-8015b1a25fb0621d,305e9c38370f6298b67f84eda13cd83d,1
0,51639,component-7f5990b261369967,964d0a6959e678067717625ecf91c94c,1
0,51652,component-f128a31d01052e0b,0b48163ae76b12c0f1a905e652046b25,2
0,51653,component-b4a06456d54ad866,14c5fcf878f9200e09fb7ecbb6786220,1
0,5166,component-d41c8abd2a10a194,f93ffe53dd51e7a915c1f96f707bc423,0
0,51674,component-349a066f98abb7d6,566e6d9fa0b6225c29df8a4e9e7413a7,0
0,51687,component-937bc92a52c1d0ed,054396fe94d5f6f915eea3119464ccd9,2
0,51688,component-c60ef315fd3f8d85,1103ecac4be8cfaf0e71990e6bca9d9d,2
0,51694,component-3f05848854150344,cda3eec34e2d9b2bcade1c5e6f4fb516,1
0,517,component-5088c1bc42f5cc6a,1dc19b61acf079dba18b671c6933e4cc,1
0,51705,component-41c0528aaa5cb4bd,b3b22203dd5e49b84d772220896c4c0e,2
0,51708,component-e59964448e9f5fa2,2a378d799841ffbeb904de044c53659a,0
0,51710,component-007632531494616a,49f47a8501eb291cfbe4dd9431cefc58,1
0,51713,component-97110d93d5403e08,1d57bbd24d25d9c122d7e278358b9daf,2
0,51730,component-6b9d3d0bc8bfc78a,e0c24280b61594e75bf070a0f6bea820,0
0,51732,component-3d9cb864289d105d,b2ef3bb8eed55622f8e59a8c0c626755,2
0,51758,component-e9a7a6f058b465e9,a367a8dc05a002140c24c16f9a998afc,1
0,51768,component-8c08d9676d4501a4,87062dc25b8bb51df5b78117e95ee4f7,1
0,51774,component-b22cb2291342d0fe,0eec71e8d4a2bcfb7dad9a584f4277f0,1
0,51775,component-1c4cf2359f0122e3,7ccc925617b524fb0ba6a60b1ad243ad,2
0,51792,component-63d63dda992999b1,1a9c5e3dbfa60bb7b90e80f7fa114cdb,0
0,51795,component-178fd1ba3f980d49,d615170c34d7342ebb05f9416089610f,2
0,51799,component-72559806cfabeb13,6b5b32a05a05260eb21f169a923ddfd8,1
0,51801,component-5c8a7954391c774b,d9964b222a7a2cd21874e0cdd5e39706,1
0,51807,component-d889b6df09ed453a,0021b1c889de4f4e2db3e4e24d8f32c8,1
0,51808,component-ea3e9d799560bc8a,5a66831678e39731d1ed8e54182656a9,0
0,51821,component-066b4827aa3bea2d,a3c092b9ee02d1ce0d368c18fd3ec508,1
0,51826,component-582a3ccee2024c28,a579784a1d81222bec680d9c0b8d8d6b,1
0,51835,component-e1b484baf04da8dc,be7480b116c7bb75ca98c746f0e71824,0
0,51837,component-208ef87679937e6d,5a89825629aa98328f2e028b3b6be8a9,2
0,51849,component-10ea1e541f751c41,3dd2b01bf1348a7595d08b07c54a47a1,2
0,51857,component-ea7812cfeb7b019a,aeee29237995449ad45d5b9a3634dd52,2
0,51881,component-dd19c417c706af93,f284247960d4d5342415dfd1a1f11cc3,2
0,51882,component-db006cc7e0aff0d8,c5b2c9fe31d03165b538088560a34cb2,0
0,51883,component-0f8fad48738bc07b,dc27b4d37f2857ea0acff098cc1e7794,2
0,51896,component-12949c5269289e57,4373f9abbce0d45299f8d69c507f80af,1
0,51915,component-1cbe56f90cf2258c,05772477b053ac778ef01f75a5fca2ab,0
0,51918,component-99ea1021b96f4f59,ef9b6a7f4e596b154807030cc620a3fb,1
0,51922,component-4ee4ab2da8e7da16,bf99938f99d43bb8398245e53cf4e99b,2
0,51926,component-a71c50cd045b5926,4a557012d8927eb84ca0e3be9d2d5883,0
0,51929,component-7e6fb043e91029f2,4acfb76f0090f1c24ce488a98f7bc309,1
0,51930,component-db972e7351cc12d7,7939e5b600a696f6bddbee26ad74f3e3,0
0,51945,component-0e0d9ac152ee9b45,89ff341bd600c6c98fb9801e1f510ede,2
0,51946,component-219dc1b78c44cafa,58c9501662f4e2597c759c99e9e443dc,1
0,51949,component-8fdae7c19756a599,721837f7b642e356e959ae0159969662,0
0,51953,component-2a3a2c910955a0d8,b623a96085d29a480b4fdcec515bce1f,1
0,51957,component-c758f58b02894ca7,25e76848631aa5425f9360c7cc04c5cb,0
0,51962,component-1b8c795088d76588,fbc298868241bd8816321b462c9b746c,2
0,51982,component-adf0110a4b26a30e,91256ace12190bf656bfb70d18620098,1
0,51992,component-c503d40e85fb21fe,7a727abcb9224f1ac0ab85a14cbac70c,1
0,51996,component-049339fbfce445b5,9c77b3dc36e45013a24eb786e72e7705,1
0,52004,component-e35f32c8d1a144e4,5bbb42d2ee563f9943a77911642c9665,0
0,52012,component-ac03b273abe86202,89dbeb1e59f29e5b0cb2ced8c5ad809d,1
0,52015,component-e621062d08db34a2,4b4fc1118a86ed8a7faa30b830a2b4b4,2
0,52018,component-15eab93f1acf69e2,2438cd643c51de6d6fc6aa4931503b81,1
0,52020,component-2069c088fb881182,a04998a1d11145e3e9d7d55998d7e177,2
0,52036,component-d67a2706c4494ae3,4dba89cfeea8217128d6c04a9a6393ed,1
0,52045,component-317f75c80fdcb0e0,d10a450a90b2457c13c5147e3428ed0e,2
0,52046,component-6eb441f67fd166aa,b1ddad87bc314f5bcad26c8c64961e70,0
0,52049,component-350dc03cabd7de17,33365294913704799442239f3e6229f3,0
0,52050,component-2163e2efd0c9fed9,a8d10476ad85d025e0cbd0b9f55b0a04,2
0,52051,component-e98aca9739949355,533c0a2343f9c80fbee115d283c32f82,0
0,5206,component-4541a289057b2f3e,33d0a083fe008da4dc5d2aebdeb6004a,1
0,52064,component-40ade328662d0e9f,dab09d366040e74bc84b76a9ae99b7d8,2
0,52077,component-4496f74e0f5afaa7,9dfc27158dad785f5ea382bef5bf5561,2
0,52079,component-b507ccd25172b638,4afe7a89d3a52957efdcc75e1388f297,2
0,5208,component-b343addd7aa6b85a,4a0e546ca9df7b3982a81e3004d6adbf,1
0,521,component-72933e3b31f0070a,2f737a841c713dcb56b4bdebf7e67ef1,2
0,52118,component-7ee635a1d99b6aca,d0d29d60abd5ff57581df56a03d0ea53,1
0,52132,component-5e0dfe4f4edb759f,e8156d41578a3218aefbb588e6663046,2
0,52138,component-cee090934a55fdaa,b8d249cf51de034248b510f2b0a04aeb,0
0,52149,component-77cef7575082dc8f,7f501143c209868e51b449fb0a6dac73,2
0,52157,component-5e01e57300c02781,d25dfce505bdd1f8c8f790c1a88e049b,0
0,52176,component-a9956d44cbfb4517,9590d3522e529b1e2e4fbd0ecf0056f7,2
0,52184,component-248ec0c20e656dbc,1c3069f705c22dc71f0f214adcca3e7a,0
0,52196,component-94ac2f51d976cc38,fbe6b49ed7894303821b20bac35a48c7,1
0,52197,component-bb18ae0615fceb2a,a8f047e20738cee032632eab83447099,2
0,52198,component-1ec075d4fcf37dcb,4f1d1bb68b81deb7dbdaec2d291a4af7,1
0,52202,component-3a67656b1643216c,a217925a6c26fdd9c592af72db5ad4e0,2
0,52225,component-8dc0bd2d3ec689d8,ff5291b1e302c75f9a45a36b65489a03,0
0,5225,component-0d0fa5f5d36a2fc2,619d09ff04c1ed3f51a6196768111b4c,1
0,52251,component-0793f29c4a999ba0,f4e577491a3e6a390231687500bf89b6,1
0,52252,component-00185f50ae7380e7,d9892d37ecb15f18660b00b25240af95,1
0,52256,component-46aa7ef6f51843c7,03d2291b7d7b57ee50200048d8795d7b,2
0,52282,component-e985109a75b135b5,9338b01fa496553a2d89a6fcb579697b,2
0,52289,component-02eb922615d8157b,8f8996df09cbd9ddf04e5c6b503d770d,2
0,52305,component-a6128c7b76a2a440,8dde6ecd5ac53bdf3a77db0ac14f4adc,0
0,52312,component-e5cf812e971d5a47,9cda62b1542d957e5ae1fecf5344e2a3,1
0,52323,component-13ff25af414b5ecc,3a9d991d1d9ec6f1a0edca04e2d5f65a,2
0,52327,component-1177a3b95e568e7b,aa0a1450b6486e827cbb38ace6fa0b51,0
0,52330,component-19e8b3a67aa1172e,e044a588a9ea08a45e2f014e9fd74d7a,2
0,52337,component-4704a6c14733d8dc,5a7c3cfa88020a446f88743e51738b79,1
0,52338,component-dca34748cb3d1e22,50558e8110441f643f2d71df797e358b,0
0,52339,component-7590ba79ec6b9a2f,149bae629b8d8388d7c2a575a2e104ce,2
0,52341,component-cf87016bd9f51b22,fbdb23888a1972479aa185040f62a93b,2
0,52343,component-881827ebf12f03f5,f583e7bedaa3e242c30009ca3380e20a,2
0,52347,component-d2557d18de87f85f,3c16dcf15474cff351d0e9fb41ee8478,2
0,52356,component-3e57a1bd650b0f98,ee9f6a1d1d55ed0383207b7fc8e4ef9d,2
0,52368,component-4665f18f29fdac33,2048431d13e370e98a414cabd25bd32c,0
0,52369,component-ac3b7868f13ff106,36bb7162e6f595ee230f499524a9d843,2
0,52371,component-af6ac72448804a1d,253933341d6fcde74b166662b044d320,2
0,52373,component-14f0b65e974e355e,80c1c591dce0c5b9b2702ee148dc1be7,0
0,52374,component-f94ffcc8822d8e98,f20da0bdcba5f881a113f78685409535,1
0,52378,component-95c87684f7d7e40c,3e994a38d0cd49385716f715df5639d8,0
0,5238,component-f34eb9d345d7d40d,346b6455e4b23dbcd9784ab58faa6536,1
0,52396,component-169a440d6ec7ed9f,e56ed71b15ae07d83bd51ed26becfe94,2
0,52398,component-a3b14d2bf378c1bd,e7072031bb25f783a77a93888374a95e,1
0,5240,component-953abe48dfdfa8e2,afb63d6512ef2c54af089316d287c3f3,0
0,52420,component-2b4d01a777179c1e,27c33e67198b69da8b1fe91febbd925d,1
0,52428,component-d68af65b0a2b7788,50157fd24223733e15dfed5f6336cf16,2
0,5243,component-e206dd002a594e55,73c6ddaf0851b39253d07600754fc5df,2
0,52434,component-5bbdb8c1dc51fba1,0633991271d70f09da9fb54dcdecb06e,0
0,52441,component-418065f128fabd11,ba2b5f805f17b674e96120b9dd61eea9,2
0,52444,component-2eaeef7149100861,3ffdc17458a6d717ba8444354fa223a3,1
0,52448,component-c25ed685608ee2bc,2bb2aab01c4ea9cc9b3783e6ce4bc7ce,0
0,52451,component-28aaf2fb39d46513,c5023e014863b13bf87e14fa86db34af,0
0,52452,component-3a1fdd45819cea20,3b1bdf3c53fb76bbcabbc8bce6978460,1
0,52458,component-d77fc5e98667c5ef,30575af44e3890048707aebf0f9f75b1,1
0,52467,component-f846ccb2626ba40d,a63710d89d2df0dd40f0449d8b58f01b,2
0,5247,component-cc8583c9721b171d,e9b4eedc521bdd525f4beb51fa54ed79,1
0,52472,component-7ea8a871696f361d,4825ce3c3b578dfc6e69fbe62f2d04ab,2
0,52488,component-51b3297af64e66f4,bac912309df7167c7e9f14a2fa09130a,0
0,525,component-c32ffef1ae0cabc0,a795c084e13746a4490803f5aabfda11,0
0,52501,component-0ca75f98c68f5903,c19bd3fa53fcb1d52058a87504786798,0
0,52502,component-322bffaaa9f8e1d8,91f6da72fd12a378d637a42606a6c0e1,0
0,52520,component-a5f6a41cbfc2867b,4ac0d3b12a2e47b3dea0c235ccdd67a3,1
0,52521,component-8163315de2931965,a5721664008addc54b44fa16c66cfbc8,2
0,52533,component-e3b22ac966532a78,ed9dcdbcf8ec80433c892c3e477e7bcc,2
0,52534,component-addcec4fdac212ee,83cb38a6995db9d06cfa0482383bf5e8,1
0,5254,component-20d1d87c0dd1176a,12b34e75dddea2fd4bf74e8f1461738d,1
0,52541,component-5d1fb105e02ed138,011fccd64ae65f5df97b33b31d5b1df8,2
0,52550,component-80fb26d33c49bddc,366270f81fbfc77cb8ad9ae4a1ed0966,1
0,52551,component-7bacceb61ad8b278,45524034ba7ff92d3d49217ffa1ffd2e,1
0,52558,component-19e9c9746c9b14ed,dce6436825a4785e9776e0b716a900a4,0
0,52562,component-4748c5c3ccafd84c,b9ec3607074e61ccfb64f853c9035394,0
0,5257,component-53677d2d33ed62c2,8a0a2873c87e3902399d46574599c996,2
0,52571,component-409547fa19730c41,aac35a682097b80a1258d3f2e50a6f77,0
0,52578,component-82f4c7cd8e187875,8bbae9193e6e765c96deb4f859dbdc55,2
0,52584,component-7cd19f076c5d9903,5e7d49dbe86b301bfc98dd421ed6392c,2
0,52591,component-438858795b07b106,0fff769efb723849e7fd45afb7c372fa,2
0,52594,component-0e2f61fb0eeb4940,e204bd6f80191846b5db5b0b94b46dc1,1
0,52596,component-516546b099341758,d489de81c97caa99cbc2c3816219de01,2
0,52614,component-65f140f34f8bbc2f,ce8e65f525d3875fa1d7622291299836,1
0,52625,component-bad63b0e6e0e93ff,217b33ca99ba66e60722285703f575ae,1
0,52626,component-3f9e41385792567d,f9c2bbe4c9df95deb85d296431768914,0
0,52627,component-d08a1480321ec095,4fffbf4739093e036ce890bc474ad2db,1
0,52628,component-5ae6cb42c927e193,0fbe4a9ba8635831fe1e5551a7ee9865,0
0,52635,component-8b984f2a80148daf,1efa65b6dfe2fa46e283416ac3b969b3,2
0,52637,component-a753c54f38d09bbb,1d4091767b13dafd3fd436bcdbf9f589,1
0,52645,component-d487c1eadfea0ad4,384d1faa260fb289fe627c3e18c0658e,1
0,52658,component-f35c6f152786c5f6,7bf636672236402583d5cb804a954174,2
0,52679,component-ee8962ef31c7aa78,f2d4271ba5fbed6dafa42439169bfd82,0
0,52703,component-5e9ab7954bf04142,c23bd3ceac224d91a224394ad14820a3,1
0,52709,component-8ddec6a871b9e147,34a080a5544d76530c70a8988f2d2fee,2
0,52716,component-041ecb6747dbe5db,75ff2441794c680313a00fc96c8aa1fa,0
0,52731,component-55f3e831f9a70154,4fac5f9fe78f2c561bf11719669aa940,2
0,52732,component-72ac13fa6e329700,c014283810a2966fbee95a45aaf8cfdb,2
0,52739,component-468bc0172c794930,7638c6ce4d23d9ed5f6bc07eb3af02a3,0
0,52742,component-538f79643bbb5c32,89747d6420f6aa2cd8e5095189a11565,2
0,5276,component-1d653df7edb962b6,eba4f19a2360a426d81530e67f7b5a52,0
0,52777,component-eb7b8afb3d67757e,104014b2a1c71c2eda44f482309ec0f3,1
0,52778,component-68aa3667434682fc,b1fa70f5755a4712b89f8db36b626997,0
0,52802,component-a7d5711d09dd2283,700e4b12377f44a2a81243eab728d170,1
0,52821,component-79c1edae7046caae,ee3caa301e6934b6d94dee7e0342da08,1
0,52822,component-995a5cc253e7678f,d2ca0f029b2c65f4ca0e4573dcc136f0,2
0,52827,component-19c19c785c14bbc0,336eaa3ba4a7d6ede88bb882d305fb4f,0
0,52828,component-7c462d6e8a9a1a1f,eb3aa51e9142b5abcb6363c783990fe8,0
0,52829,component-1983f724b30ddd26,012237654d2e96699fb98968f6d66fe5,0
0,52857,component-7a30fcb898da8c5b,464f5f8e55def712621adf1fe373009e,2
0,52859,component-e10a90bc0476516a,2a8161b777c17f733df9e4355cfc0f07,1
0,52866,component-11c15f0e44a68d4a,bc02bf044dcc6528b4cb3115290fa5af,2
0,52874,component-b527b196f488e3a3,372b8f5b870de2017d840d90b345b316,0
0,52895,component-ed1594a32cac525c,3bf6d0bdf4a389fcd1d913684e36f2ed,1
0,5298,component-d08553fbe31da772,12c4ff90790dd296d76eeba7e553410e,0
0,5306,component-d4038d81b261ec58,6592be8f54599819419d3768f5f3b6c6,2
0,5329,component-7385cae611099e13,44c05eb42a769f607123e1f418b52d67,2
0,5339,component-09b48c75998cdc00,035f4dcaf50da26176ba09f8f6164493,1
0,5371,component-6bc538975ee49598,359da9a83525262d91d5be24f11fb6f2,2
0,5382,component-80dd61da7ce1edcc,aa8980cf91c087c41830a1d56ef8e6f8,0
0,5388,component-b797d397acb6b79e,49870fb50755b7911d3eca71c78cf935,0
0,5389,component-a165b612de1a4c89,972db4497846d39685b5f4f54f7e65fc,1
0,5413,component-7ddcb477f73010cf,c3149f8833584a98dc0a8a33ec34fc8a,0
0,5420,component-74a86f62d0acd138,1d758fc15d0164833599e6e56c8c2d84,2
0,5454,component-5ad0e75a5119ff6d,eb52d852f303cd803cf73241da475902,2
0,5456,component-36b0207bd8d835af,cc28c409666cb84a4d9ff710b7a72317,1
0,5471,component-d308ddc557e77418,7b84c0b62dc53ece586b04f88a886ee6,1
0,548,component-6e2d4d3a3d4c4bb2,226544e8c0502050b089828badaaa4ce,0
0,5481,component-03b07ca887edb311,cfafddbeb527d7a4c13b413f4fe515af,0
0,5502,component-536b9ac36d9adc0b,3f266c8ae80f227d219f5f9e21bb3f53,2
0,5515,component-eacc30a21d89f388,775c77e695323d272464bad404a065ed,0
0,5517,component-5078bca8d0b0f7f9,4b8fdfcea400d6cf59d7560bc8eed62a,2
0,5524,component-a7371e91d028d2aa,6eaa8dd5104e4d806c966d33edcd38aa,2
0,553,component-d40fbd13d527595c,4530870664df9014a76313ce1fd75a0e,2
0,5538,component-9162dedf2f66de62,475389b642e5532ddaf7f9fa06b72fa3,1
0,5546,component-81792906f17d7bc4,991fa042911c65038ca5da96b182c7d1,0
0,5556,component-cf7dd1665f80520a,120dc768c7aa6e2443da0b171367b852,1
0,5561,component-f3058bcbb026a692,105cf7b2741fe509169ac80ecf20c0e8,0
0,5567,component-0da728f5d368de45,eae4a33312cb2126261c641f9e6e5eac,1
0,5568,component-e0e72896f2d07d13,f6fb51c611614030ef77fa7ddffbdd9a,2
0,5572,component-0409acd934fb893f,bd7b582e2dcfcb472fc671c4c2b01389,2
0,5575,component-69c53542ac9ee1fc,9e90a3680e4360c5bd5b85389a927b3a,1
0,5577,component-65ab749279c8fbe6,15e5d686d1d9e529e25098f1e5cc6f2d,1
0,5580,component-284c8d9831e1ac59,e7c02ca341153ac6a24e26cf0b1c67c8,2
0,559,component-0d6f9709edaeba4b,80591ba05b4252c4aa3db13f7620c557,2
0,560,component-6bcaea9882504292,286bdbdd3341c22029594aa1dabc5984,1
0,5600,component-e3be6803d0ccd399,b69cfc266e7449dce2f533abcbdad4d1,1
0,5601,component-8d049a1326c454ad,16eba3e3b93326861f0b6022005075b3,0
0,5605,component-cd52c325c5f219df,a9c2d057461545cf9d65cb8d0f757b2c,1
0,5609,component-47080160e9f8708d,9d107151e0695369bdd3f9dcc26369c4,2
0,562,component-4eef24c6b8248c22,a0283fd47b9d01659b59553ac6b26a91,0
0,5632,component-74e5927a9ac14891,f8484fc4bd173d75268414bfcf9a4eb9,0
0,5639,component-84fb124302f44af1,9151c98cf3e0e41fe1c385fe4ac4e17a,1
0,564,component-621cb5d0bdea9584,14dea25706a904ed8d04218502aeecd4,1
0,5641,component-80aa9e4f3014c3d9,a012b6a80431050f9667cc66aa1cf066,2
0,5653,component-307faca131557ba3,9024ad1d7d82c3d65f6b1be591d760c0,2
0,5654,component-2d5b95fe919779c4,09941a0af7f422229f41cf0a1b462c80,0
0,5658,component-d283fc7ed27a618f,5863af1f6acc6561c6c41a0a8bc70e14,0
0,5680,component-40c4fad484744b31,4f74b34df09369e00ea4281063993ba7,0
0,5684,component-4ac48f96076672ba,f148ad9727c230884d90f5ce9656b78f,0
0,5688,component-8dca256af296945f,413248667062c71e2191f161f7a6acce,1
0,5689,component-d8bed4cdd2528879,e6738ad90211266b298dd4023d88d137,0
0,5700,component-0a8e1918dfba7f19,cfe2bd2f16bc82256699fcb6ef11f284,0
0,5704,component-744cb589264c9630,57ad3adf0a8fed0671c15d150ad67a1b,1
0,5705,component-a1defa0ee34a2a89,c77d357b388385fd0150481f1703ace8,2
0,5720,component-a2691968bc4ee478,d612d936fa15630c5e9847b078f870e1,2
0,5730,component-521d35aa435e73b5,b4892c3eef632d22ae412f18481f2dd5,2
0,5734,component-96ab6152cb421b4d,a480ef42c713fbf98c77b16f3808fca5,2
0,5752,component-ca476f632e7e3cc9,f1dd0f6c49cd6d81fc6edd74edec41e9,2
0,5753,component-a969134526e51e5f,b6b4c719bcdbc1c1acb67577866d8267,1
0,5754,component-16608390f96063e7,574b8e5093e2421bfd88d9f6849ed5a8,1
0,5766,component-2f5499ef14ae06e8,b391b43a04429e88355e17a31d035e30,0
0,5769,component-a6ea31161f3e76c1,5ae74878889cf967feaefbcd14175431,2
0,5773,component-3cccd7068e486dd5,f4a65d6c4bf6eea6795eefab95860b30,2
0,5774,component-79e52fa433672c06,e262b9f79527e999569cf23809fd3191,2
0,5798,component-abfd15f46882bba8,621e25f2702fdfc9633896603a7d6762,0
0,5802,component-ddca54a1cb9cfc5a,342573dfc32bfc0954682692c52ed461,1
0,5810,component-04b4b3a7ae750771,15d559c815e27d6e62725340ba894fcc,1
0,5813,component-c4beddcf557f06a5,6050086dfef3dd80ce1923cb92aea523,1
0,583,component-62bfa285013f0880,256662ada5344c7b4f55fef018bd3162,2
0,5830,component-12ce6d8c7cd5e52f,17f6993f922fc8d56eae4c09c456a677,0
0,5841,component-b096558638428e20,6f599cfc8eae98ccea99a4dbc66fcea6,0
0,5848,component-000c15d0ea8224c9,923406087831b56238ce55ccbb5c8621,1
0,5856,component-6ef6a4c45ebe0bc7,0dda78c89c82dc919ead678d0be9f01e,1
0,5873,component-70d0c93f75ab1367,8da0b6985f06d13f41ef7378f643f7f2,0
0,588,component-a917ca757ac59f9d,57594c2ef2127edc4087108f34b9e866,1
0,5880,component-c45c01c3885bc086,88ceb9e561527a229d0bd40d844dbd6e,0
0,589,component-fbe697429f16141b,5380577c89d3a340dc16a1bc965e8e9a,0
0,5892,component-1e12c1e01097cf38,e2997dc6717330c1f2f656f514c2c26a,1
0,5901,component-b329c24bcd7aeba2,cfe19b61843c9763f6e2329eaafafd60,2
0,5914,component-24250bf69bbdf1a9,34e2c4539312b61e3c5520f800f248f7,0
0,5916,component-996d7e2bc68410d1,20a3078bb09a4384e0bbd2d18f25f494,0
0,5929,component-87a8ea2f9437b153,6061bd1852ba5e2c6cf839d87fdfef22,1
0,5931,component-c069c53811124ed0,4b260767dc441653e40e95ef77019d27,0
0,5936,component-3d1d7ba7ee26cca4,7ad2e2173d83d1b7a08f777663c4725d,1
0,594,component-e2fa8f5b4364b8ef,3297e66fd68292a41092d0e8520d3a45,1
0,5951,component-37d2c05e6320b12b,bd28f7945476511eae2715b3bd657cf6,0
0,5953,component-5e5e556737725010,7a6561846ca6a0563c1211f1110fa932,1
0,5955,component-4d0c876fd1af1b91,67f565d3b79e453822b96131f58b1aff,1
0,5964,component-4e3f79891e92947d,a83edf417bb628db86e4fdba69ba1bb2,2
0,5981,component-fcee7e430b7b0618,582314a144b050561dc547dd42daba27,0
0,5986,component-b6b004752453d0a8,ec215380200661786412b2d771cf952f,1
0,5996,component-68fb74e20a2f3197,b637519ab9e8b101089be3cc36ea50dd,2
0,61018,component-1a631c665823467a,31f653ce4e4f9cde008e9d0ea738ab09,0
0,61021,component-a3d936fd66830572,0f28591ac9c7420ac86d75cc5171b6f4,2
0,61031,component-112d357dfc9cb0b1,e42ba214cd678174790af580d8b5c81f,1
0,61055,component-55065d42c367e7b4,46f32d689b7b7f7177a94e6c6e83e523,2
0,61071,component-b1ab66fd3ed34bc9,7e59fbd806c4a9c73fd3691a0c7ef0a4,1
0,61094,component-1a513c3c7e396f08,7d8ae8ff93a4b5bbaf394f882af5e131,1
0,61097,component-fccc0f9fe8edccf6,0c304618bea367dffd78dcdc350407cc,1
0,61098,component-735a5f506fe8695e,bbf65f1a4be433567a88eb19eacbd626,1
0,6110,component-7263af08814e1178,60a51c06c5dbaf3d60a1e60d57296a65,0
0,612,component-55f0124bb79f5c53,e5859deaeca879794110a86d3a9a9b2b,1
0,6122,component-4c1ebc7f52836d8f,2cccc2011afdce4df8b137e14175b7bd,0
0,6124,component-4da12d0182c80c95,879e7d7e90b3ee4098d85dcbfd17f1ad,0
0,614,component-fa7aec4efb728534,4524eed1deac78a6d9d3ccddca234900,0
0,6143,component-8cf09082d6b1526e,1946087f24e740f4a5e054f16f8ccb1d,0
0,6154,component-15bbc4915ea98440,4c9a2ae36698996740daa8a0b8049056,1
0,6161,component-9317824a5a58e32b,7946c270d36bf72fca0423c5c8ac7a0d,2
0,6162,component-519b10be54472758,2339af551c2d872e9571d6d44dff1ae7,1
0,617,component-85ea151b8c5b5ab0,ffb58ce2ce3231787c4a13cdfcf21833,2
0,6170,component-b7280f4e20f4971e,0d730320479178bbce0856c337d92596,1
0,6174,component-982cba6c0950686e,efb6a328f9a9ba885c960c102f38ef89,1
0,6181,component-d7a15df874f004db,d9f288fe764e86acfae008e68a716c3a,0
0,6192,component-ce1f9e5f2424aceb,38bc0220b98aa8b509cea77a3f83fdb4,2
0,620,component-524148f24802f8c6,21b5e86baa425dd06691d000b32885d8,1
0,6204,component-f56ec1c042b23c79,ac9b58fbbf3829def5e7dd36d41a2ba0,2
0,6210,component-8e8f006b6cf920b2,0ae8916e8789174608433820de9e0658,2
0,6218,component-eedb339e78fb2457,cfe4f82b3904d43d3ced92ddacdf2a25,1
0,6221,component-ffe8cdb5245e8084,45a31cf20f75c43fda2ca02e13d8ccaa,2
0,6228,component-5b328cf43d53a589,bdaf929c82a6392444ff313f24cb34f8,0
0,623,component-fc71f2d6d38dbfc7,c2e4767ce04f2da01785fb4e30486dc3,1
0,6249,component-335a0d3403d56481,02191cb179e2c047659852f26854fccc,0
0,6258,component-27a9f593af9ca21f,12f7b9d29189a2a9c1a6bc74ddf7390c,0
0,628,component-67c312330b0371a0,0a9b698d92153cf30bf625a7d173e99c,1
0,6281,component-9b723fbd36690298,a37f551b7dd551db9d59e1470e1b2d04,2
0,6288,component-9be87048f0913385,34effbdaee47d4de96c8181dafb1b255,1
0,6290,component-416c6556e9aac3ef,2d17ba2b01fa56ed14a9656280a66aa9,1
0,6304,component-328de8c25c7c7d67,ae3f3bae24603361447b9093e6cd56d9,1
0,6306,component-01eab8520dfa9544,5a414921c30fd06fd92ce906719b9907,0
0,6308,component-20bc9a3dbbc8e2f1,025c0649ca93efdcbaf314a5725840bd,0
0,6315,component-37353e9f8e1ec72d,252512c5d017f3c854d0557faa52a26a,2
0,6320,component-d1f3eb45593b9a49,fa1de1473d24d0f1a5a3fa8b4d2331d6,2
0,6324,component-d934ef5cf6f98730,74c6856c112bb15614d61b36d40c8027,1
0,6329,component-cbd542e4e0644115,ac45efb21addfed9b6d0a3f710ed72be,0
0,6333,component-bac14ac9731aad85,5991005bcef35566d93e970f70defbf4,0
0,6337,component-ea6dfc7c35c52fb7,6e82ff7c5977236ce6b81c215673b268,1
0,6339,component-64f363361a0acc78,1a23a403ff7c60919c048c1261b9721b,2
0,6364,component-527ebf43ec3e2c83,84dc50ddb9fa089e1bbfa0cac849d97e,0
0,6366,component-4a2d50e1553586ea,572151767d57b81f026dac64da18a412,2
0,6374,component-759bbc81f28f218b,31186e7126446689680f04eb237c03ea,0
0,6375,component-a08926502ba797de,8d2d09c60f3d9eefc7c36e74c19cfcc0,0
0,6389,component-44fe5cd136d507c0,3300bdc8d2582f66a85da006378e71a4,0
0,6392,component-05fe5789313b00ea,31d982922ee73a86795918b1c6476a26,2
0,6397,component-808d3b2985495841,a3c1cbe4f8ba3ccc11c9120d5cdb985e,0
0,6403,component-6377f13d75cae9f3,e62e3fcc8bfd760fd8ee6265dcc82d4b,2
0,6418,component-277fb860522930c1,515d346898f8fcbdceabab8eb3281d05,1
0,6422,component-e9a82b29d0a30975,f7d89906c6d77cdf4ef7a34a9c41cc06,0
0,6423,component-95d3a6437b56fbcc,09a34e1f54b940f2a4466d691f4d2596,1
0,6436,component-f670e8a5860878cd,b450a295b481be6717f6fe92c7078685,0
0,6440,component-ec00669143d20646,d4ccf7a35397c75c04f6ab50399c8888,2
0,6443,component-996379383479fea3,1fa3b533d51fe2660e6d7c406b0dd38c,0
0,6468,component-9d0f9740bf708828,1f582cc049e05f4b4c3505e9822db8a7,1
0,6472,component-a058442fa0f684b0,4809b5b6d8393f9e6400c258e59d51e1,2
0,6492,component-229d778e0fbe6de1,766409fb208a77a8ba677803cc3ee4d9,1
0,6499,component-08500acfbe7cf012,25c5563ad5b1ab6b39732b55945ecc7b,2
0,6508,component-b978553db8fafbe2,f10cc048d6f78ceb8444891af0458953,0
0,6519,component-402ad93001ce8b99,c6ce5071967ff49ae07a4b70d287d65d,0
0,6535,component-9e41f0b66ee4706a,330eff07059322d61334313e1568915a,1
0,6537,component-09e2a24866a292c6,802f8faf4cce87dc035075e49cb7d0b1,2
0,6546,component-9d5105a5f4cd1839,3b141ab032140aa3de0c2b42b4029b4a,0
0,6565,component-0ae3305415102d36,4215bbdfac740fed2071dbd11d3511eb,2
0,657,component-24be8ee76308afb9,7e9cf76484c9cb9f4d8d3b254bbe7b2a,1
0,6573,component-845548b9529063b5,dcea6d5ce2ae24a6c32308d7cee63a8a,0
0,6575,component-0cf9e335a07c2901,f6599dbc5ff01ff84356a88d406b5bba,0
0,6579,component-c7ee488de027cdf2,cea10dfefdf560107ff136583674621b,2
0,6582,component-7446b0b2cec27cb5,c01ff3e3272227c80fa9bac66cec3b74,0
0,6590,component-6033790b521dfe27,32f5d8b89e0c39e93a9ed701e3163dc4,1
0,6595,component-c9c0d0bbde6dd877,019791146613cf50e73fff667eda85a0,0
0,6598,component-01f41d718fd7622a,3d67d8a159a2c7725d6150367d84db8b,1
0,6602,component-42ce7d82d38d27c5,5f8d45777b4ad355365f24b8fffadda4,0
0,6603,component-6b7439e60b94dd17,34c152af8509fbdc07e5a4322565f469,1
0,6609,component-7f629c62b406f68b,1068c62c829432f0e3ca3b42a13c1033,2
0,6613,component-3901949960a83f31,1e9818a4048994e35e0128ae8ac522d3,1
0,6619,component-fdab00ab9bee9fae,6015a1f726df265644488a4b16fc89a7,2
0,6625,component-e09178c40736ccaa,47e633f96a583e6243b779e86f8029c1,1
0,6629,component-1db7a6b2880db3b9,dac64b7877c6418d3f4f43ba6574f467,2
0,6630,component-e5ae436f9a1603d3,a6a3f8dc0b3a78d009289debdb062518,1
0,6649,component-be67fb66b3bea87e,3d7981070ce2b8079ca83e5375297a3c,0
0,6652,component-97fdcbef753427f4,050389e093cc9a3b6295e61276ded4bc,0
0,670,component-172e1676eda470ed,6cc8a4c920f33f781ee68f733a654c5f,0
0,6716,component-2502b2dc9bc65b9b,1440728ee0b21fd5c42931f271b11bcc,2
0,6717,component-089d6b2fbd5ecaf2,e1b70e4a2a8e7bbef9a9f8ec760e7f61,1
0,6720,component-3e8ab67ce1b66389,d41afd1eff3ad1c4f34c9e32dafb34d5,0
0,6728,component-ad90e46468712810,39b6816d784149660c957044e2ef85f3,2
0,6729,component-9dec6a96c55e8889,d8205beeabc0fa1993d04a0755ed814c,1
0,6732,component-c4be3389854d34a8,10b7f9f0d67f973654d9b44fc8301d57,0
0,6736,component-15aefc83749af078,9ed2894f4bddd155ed12ee9d16f56d32,0
0,6752,component-4f5966fcb2f57653,6fac1d36ef059da1d5626be26ef66c52,0
0,6761,component-fbb22a4931787115,a3c630d16b28401b856adbbf01228490,1
0,6768,component-42f8dba2c87626c4,f6d1324a5f369fe3b29dcc42eb5195c9,1
0,6773,component-03713c9bbf6502fc,5e96aed1fa22b375d0fbd7de509298ac,1
0,6779,component-0376a3d5aeb3a471,c7ed8ef66917af06f693955c21240f92,2
0,6789,component-499bc7df9d8873c1,6c85ecfe528b074c82dfe5c5aca29ae0,0
0,6796,component-97edd9d31897ea17,0b4653d6904b84c666e99f58c5bcdff1,2
0,68,component-a21855da08cb102d,ee01bac1b12787cc4cc330995663ff0d,1
0,6801,component-30577c46e2620652,03d7888fed2dc5ef5d1f084c672b2cd8,1
0,6804,component-82246180d04068a0,e69a720752b92aeb6855ac2cfd33192a,1
0,6808,component-f2c8c2a5b93d7e3f,bc8d4d01e411ae6a18b8e3dddc257614,0
0,6810,component-77264818a004f870,7d1650db049e815d1bafc341373dbd65,2
0,6835,component-1caca1f2422580ca,951deb15da82d23cc374b6382ec99895,1
0,6836,component-6da57e02084e6145,6b23be67994ed1ae6d0f645f55e1acb8,2
0,6848,component-2dc366499884c061,b9f7cf4a4cb6df2699f4daf461ae5a37,1
0,6852,component-3fcda963bdda4c3e,b1b566983d22b3511356261598fdb44a,2
0,686,component-162753c27c8b3297,be60218eaf6355894a2f0bcbc1528250,2
0,6869,component-053d7b9eef98fc65,267d19f5e9e50b9d92dc22ed3997b93f,1
0,6879,component-d7a0f216c42519bc,4f91cce1a565afd27d467d27645b65cf,2
0,6885,component-3d1a10b227a0d642,0bb43f845c64748b939f5d2f34c46690,0
0,689,component-fc4fb94d36f45aa9,fcb70b41b54f7aa6e618a30891fde569,0
0,6899,component-5eda48e9e42e8308,9a0126bc7cda3a0c3697fbdb522e38e8,1
0,69,component-c75cb66ae28d8ebc,2ce627f7e15258453a2597dae1243380,2
0,690,component-f6103ca1e01bd200,91443febf09e634c70296aedf754f93c,1
0,6907,component-f4c93868660b399e,4ed403ccd069a7cca5fb13541036f896,1
0,6915,component-dc345d015a47a211,f0f5503feb7fe11e2f5b6be104dbdfb5,1
0,6916,component-07e3e42e2e438468,01ca0e6b8ec4b6ac4e3e75b3527ed945,1
0,6920,component-28c83f4635d193b3,0743877ee40f4b9ec5bf92195381ed2b,2
0,6928,component-f0713c25aafce007,00c9af4e83d550744163f3ccafec182a,1
0,6933,component-22c670b196b60cc7,249381d40f57de9b59374015e96bc9b6,0
0,6944,component-918ef45edb9f5d08,b57b9f3fbce1097d104dbc1c80bc0f1d,1
0,6950,component-da7ad11e10c38239,ee785e665ef15db7eff9b9e0d499ba51,2
0,6953,component-443935a0199700ef,0037e33c90e66d45636edc6fdecc8d83,1
0,6954,component-da6a103cafcf90f7,6763930a378155c7dd52f6d39b1700c9,1
0,6957,component-310acd4ad5174912,823918414dfd0b4e63c8d35d33a35187,1
0,6968,component-663f73f8af157c15,baeabbf8a61fa6fd6ea2b8bf3fc74c72,2
0,697,component-d6723fa996ced477,29b15cab603b32dfa151eec40dd536c5,0
0,6981,component-5ba38c9dc42999c4,f7ca72b2f3d9a3277cbcab517cdb7e06,2
0,6987,component-413285aad9a95e1a,93388072cb20e201c4f1bdebd724e134,2
0,6989,component-88c821898c75be84,726e1d5b6fd7eabeae1dd8a77a34e961,0
0,6992,component-a9ca10b9f6d8a742,b15015598dcf7c7e1bc8a85946beffca,0
0,71,component-7f2253d7e228b22a,981b6f65021cf763c4127f1b4b0866f5,2
0,7100,component-e36deec09aa73922,0c97b67a603ce9215a7de851072b0745,0
0,7113,component-e02be5962e51741e,6b01709a93a0b4923b66edced579cca5,0
0,7118,component-eace48a195da1586,db5f8888fefccf99ca331c81200a224d,1
0,7125,component-5a21a541e4ca70c5,ce40a9b3457639cc44130044670ace29,0
0,7128,component-2e2195595695ad1b,189129d640e627171201045cb3a5fd5b,2
0,713,component-40f8d6d22b99ea33,3f4858508beaff4eca0d8b8a8111b0c1,1
0,7134,component-1cf48271e12d3b2d,6e238108bbf1fdea87e90fdedadfe697,2
0,7135,component-43908979b8b2d28d,86ab6aa773eadc55d4034928e050cfa5,0
0,7143,component-62d1c8c930d1593c,3222a9dba4d08a27563c955022aecc5f,0
0,7144,component-025f8e0fc8234530,f78ea9843aef72714da760b86302c51e,0
0,7146,component-3b66ce5fb84c09be,3bde2e5473c55aac3513e7cdde442058,0
0,7147,component-2542d2e97f798ab5,880f5d6437a5d7571a88ad121b529e83,0
0,7157,component-4cad08c00f2b8586,a663e77fbd8571eba57e1f28950ffc89,1
0,7160,component-b65c621c6c0b4755,91f299ae61bb6dd99b4abe4d1ebc1c8d,2
0,7161,component-a30a53f725617a62,7d0c63aea4111055e9db2ca4cdaa11ec,2
0,7164,component-31d77204192be71d,b26ce8b57b7a06edab8e0ee65177d1ca,2
0,7175,component-aaf696dfb23bda5f,5e156cc1a36cab5c71a9971b42d45c6f,0
0,7192,component-0bf74c7a20edc358,54ee5b41e9d49ee7d5fcccba2b991657,2
0,7193,component-3fe9eb6564da9fb4,50ca4d48c8ce8f4f2f2381aaf31b00c3,1
0,7198,component-0068ddd8e47ab646,2e502068883db0ba0da4bc3391d424ee,1
0,720,component-d829857eb1366e70,6de9ceb4404531323a4f408d1d0a775b,2
0,7200,component-3c5d8ca315f8c36d,d03c1b634958b432d30976ea42e5ba46,2
0,7204,component-ed12f17149c7e7b5,c12f3d49cc74731bbba3b59659c19cb0,2
0,726,component-9dcbe7e30f0bd608,a9fdb79945ed7c654fee9c0d33cdacc8,0
0,734,component-c2a181d8178a9f75,f43b469e12ec98b2c43c5111d1aedcde,1
0,736,component-2b9449f314bf9314,86008fc112d5c10511094ba6515927ff,0
0,74,component-eb624dbe56eb6620,78439edbe407f8312b14e372065de66c,2
0,743,component-0df5486b7bca884d,30b486a78abed1ba462568819fa51202,0
0,744,component-a15faf6f6c7e4c11,3f0df18637d41657c051007fb58ded25,0
0,745,component-42c6024940120036,d30290f62cd4e7fbf24d51be6848f92b,1
0,762,component-9b6c13f0d182b253,01501eec54f6f0f9286f079c7b23b589,1
0,764,component-aaee0ce51abf0849,fda6ca4b816e64a5449378118ce36a59,2
0,781,component-28955b1fb53203e2,12d42f727bc3ae2020335c9cea2890f6,0
0,783,component-5620e84be3e51418,a0e9c7c256f139f192101dac20dbce8f,0
0,784,component-ff108b68b0e9bc1e,6adb16ac50459f21f6e6c1ff0c11d6a4,2
0,786,component-87c7965a1cc6c11a,c0a04e6c9b4213291797365785fc23eb,0
0,787,component-fc091d39524c9d4b,15969c5b5703200c0b795d90c0c10798,2
0,816,component-96bb293aaa330ef3,8225e1062d1f8912df9df82738258f15,0
0,822,component-f391e014b2ee3a42,84e2f6a26a59966ad3f60bab3f3aeb11,1
0,825,component-10e4e7caf8b07842,ac9a3d6f8c0164d98df07c8d21efe239,1
0,84,component-44c8031cb036a735,99812541ba69283a4cbdd3de8beef141,2
0,86,component-434c9b5ae514646b,47ded9f3cca503dfcab257e55a58ad68,1
0,89,component-cd70bea023f752a0,e7693678bb150760f47273a438b37c38,1
0,90,component-69f59c273b6e669a,93b780725b847bf731be2817fa8fa74f,2
0,910,component-39e18a493b913441,5812d0c9932e64c2a83b87e287edcf78,2
0,912,component-9284d61c8c2ba62b,d3b0dae6a014108cccb1807163ba7d6c,2
0,916,component-953815689985e39a,6400e301c29e3158a43975430d9d0138,0
0,922,component-b312d5fbcfab403a,d3b5e6cede9960b1e75bf85c1feaa844,0
0,923,component-b5a9ede9a93528be,41e9d0a7b7e43fc3b15e1b67287279da,1
0,96,component-7b1a278f5abe8e9d,409fc7a72d5d8f3eb2df0bcb7fcd5da4,0
0,99,component-8c1f1046219ddd21,c0d0589e8879fc136b912b0597e327b1,2
1,2109,component-62fb418140a7ee41,205b46648f147e1a5ef52ea07af00af6,2
1,2115,component-4459b2909cef1e99,1960761e30eaf699ec8320c5fca813dc,0
1,2117,component-23147de999739184,35c0585a748521e4e02f2cb0b1c5a670,0
1,2120,component-016562d2d357325c,4005ca6527b27dc147853df3387fca12,1
1,2129,component-33f849de3622f07a,e0eb5b76296e8afea61767d14c2885cd,1
1,213,component-d48ff4b2f68a10fd,f8347c3a2b59b3bdd27a1b275ceef1af,2
1,2138,component-b3773ecbf7494c6f,69451de02e2c26787d69a77def43c5be,2
1,2142,component-8c9089be2f18fb28,adce8547f81fd2a416f48e56ce784a72,1
1,2143,component-21113a3f71a6ecda,605bb37881140f45cfecadf22e83eac7,0
1,2144,component-db6529e972a44a4d,89e5c16e9c4661550ca5a49007af19b5,0
1,2145,component-41332273b0913dad,cb83b6f7181863ab7ccd76e203fb2a9e,0
1,2158,component-f06ca10f4977ea7a,82f4ae46a51f902d2c5d146f3b8d49e8,2
1,2161,component-f2bdda2192b2a979,ab32e118a4221396910a04bd1b42e3fe,2
1,2163,component-5e9abe7a56edadad,97d57987632cff989a344d1fc4640dd5,0
1,2169,component-e2135c76ca7863e5,e5950c8af106349d3bde77b92b587c32,2
1,2172,component-77334823791bea53,c102a012748e4ac784229ac8f1932777,1
1,2182,component-93989d0f14e7ec63,052c3661f71366f3b0bbb798cf69de98,1
1,2193,component-d1b0b7687f7bca92,b871e5cc66f76ca04b55866a15dd4665,0
1,2195,component-5bc05e241527d767,b862b6c8067666d74b0e1aface0b0d3e,0
1,2198,component-815106adc7256d3f,a5ffc196aa062589df3cdaf7adae5f8b,0
1,220,component-36790ecd55c2030d,f29aa2d9930b2c3005e4176f70479f9e,1
1,2210,component-4321a844ee760ee6,60fad6da449d8bcc404eeb07b1bb643a,1
1,2211,component-ac1964eb089654e0,8ed96462e14b7e08362c992268b31ef3,0
1,2212,component-05c8bd5d4dcdb18b,5898c37a9a46b8c9b289c24611253043,0
1,2213,component-88cf986449b61aeb,5cb2ac870c6c24a267d36411c5eee617,1
1,2218,component-58763bceaddcad67,8bf45189c0cd6ac9db540664ab032a25,2
1,2225,component-90d441ee3fce238c,7a8267f910ceb6f68f247156d7efac4d,2
1,2228,component-3f14a60b7590cb27,b446e82d7880da2ac09bdfa1fcca6753,2
1,2231,component-b847856411aef26f,b9a4169a759025fb6031d204a5f82aa1,0
1,228,component-9d693eeee1d1899c,b83c0d7f087ed2c736f31962ea1d8e17,2
1,23,component-535fa30d7e25dd8a,2ec85e1f6cef3d83e8d87b3119640cfa,2
1,249,component-9f484139a27415ae,1a6e7c698caf805c2ef14127b6c528dc,0
1,253,component-e7866fdc6672f827,6ea358bdd2bb85cd3a1d85667dce65c9,0
1,255,component-9556b82499cc0aaf,18fa800cc02bc318c94d6415c23172cd,2
1,256,component-51e8ea280b44e169,2475d464084cccf82ac3e72ea8721a5c,2
1,26,component-5f9c4ab08cac7457,fa0a4aca7afe8e9562355122b283d553,2
1,272,component-1c6c0bb2c7ecdc3b,0772472833698004228e919149c69701,1
1,276,component-c76b405781134be1,5ad9062554ff2bc84868c1e4ce072aae,2
1,280,component-7f0a22117f8fe017,7e151ab9958bec33ff7d260c0003c16a,2
1,281,component-71a1c003a2b855d8,7941a524af14db5fab1eb72f815781bd,2
1,287,component-d7cdaa5ca0582076,ca219a7015d8f23e3760343f213f27c5,2
1,294,component-2cfc8ccbd7c0b176,2fbef97d89a05cfd623bc37ddd434d5f,2
1,299,component-308831041ea4863c,a684c0272177a378423eaf691dc51863,1
1,30,component-624b60c58c9d8bfb,65846af3dc8205fc45821efda37a6b44,2
1,31015,component-816bc02fbbf88f8d,47a9c1bffcd06af0b4c7222592e6e71c,0
1,31021,component-984810c200880c15,4d82215ac84dc6962609bce7dde2ab5e,2
1,31029,component-b01ad0e16a64d27d,cc22064d0f2e9dc107b71f128d12132f,2
1,31034,component-6276525dfe8042ee,d7a91519f90cf0516f1fb288a4e63730,1
1,31056,component-f1b86817730760df,1c22eb9ac3587afa26de83acc19b5772,0
1,31060,component-536ad0fe2c3a10bb,65195ccb68b996e59a59b8113029fc06,0
1,31062,component-625d5d53a985d0b3,e7d632e4fd32c99001a812bd686b3786,1
1,31067,component-1587a463ee5e41bb,3e52cecfb9079ca67b8369f67164b402,0
1,3107,component-e68adee72e4d3c42,21f3f81fbdf331fdc8eef7c975079d3c,2
1,31070,component-479184ba020423a6,67f4391809a0901097f29c9d82f9d418,2
1,31083,component-0f1f13ef2ed5183e,627f2acba04973368b49d632795f2762,0
1,31089,component-715e8d519610db31,d577a94864ba13e0ccc1efa7fc6d5d73,0
1,31098,component-8a963628795cc850,520b2c51459c7023be14937957e51f7c,0
1,31114,component-2be8ef0e6d06b373,8344bfb2762619cffe50d45469ad0799,1
1,31116,component-c26417a92eda5be6,8c86dc5847881aa923ade7023b47b2cb,0
1,31118,component-f6fb5309a1e357ce,0908acdb1bf458e9692cabe5fca0ab77,0
1,31129,component-00797780986dfc5a,70156a26f765ebf26e0089b01b76089c,2
1,3113,component-1a67316dfbb24cbd,f05e045c8ed31280a52970d8ae8a0235,1
1,31143,component-aa350cd9c8591625,9a41dab4afa2b127c83eb9325948ec9b,0
1,31145,component-37b7d328d51f88bc,cf70ee1b8f701d19a837aa230097eb3a,0
1,31146,component-a7233acf9f73483c,39e08f30e2d19ae3e10e3c1269647f79,2
1,31147,component-a7a10aa77202fc10,f7bd16b5a26dadc65d362f5d0fe0ba10,1
1,3117,component-a7371e91d028d2aa,94b6229d5895208ff9529888a4cd4070,1
1,31174,component-e154f3b0e8666247,c6d7568dc8ae8811b077c444876a835c,2
1,31177,component-0a82de0b9561ea87,f3ec2a1bc9c25030d4e35b7ca1444a71,0
1,3118,component-15d84d60575e5e65,94122fbc9f7c40882d583faed3fcb6e9,1
1,31180,component-2d3f2d14c058e044,1a7a889d7acdeaa79db9f740c3c18028,0
1,31181,component-e801fdfd3b134a34,e25108a3f107a3b2441a428ba648bf68,0
1,31183,component-f5fcd155b5f58783,2c0dcf6ab7c40921f0150f31ce6f5182,0
1,31220,component-cd110b42369c38b0,6398fbae4d2734fb10ada0c1e48f0af4,2
1,31233,component-c55e87c102a3c7e6,6037d3ee8c41899a6f997a1984844dfd,2
1,31234,component-9845d84fa4365361,5d84053b1c1cad5134d4579a6e2670ba,2
1,31240,component-79f785da0b1593cc,819e766397b0c59dcd16cc5bb1c81f73,0
1,31280,component-03826f1c0aca055d,5e594e58b21e03bf20982bf5728c6b77,1
1,31286,component-7a98d3f7e87c5408,9c8b7ce012f7eeb888991b08957bf13d,0
1,31292,component-fe9081daaba2f26e,fc7db518aa49aa9f215c17bab866de4b,0
1,313,component-8efbbe9bc19ad2e0,8c706a521445f742de4e47bab1bbb07b,0
1,31304,component-99b8a24ff27e0983,5851f856cc4711d06cdf0215b39f06b8,2
1,31307,component-fc7b82f53c0af408,c8bb3385421b223591a5daafa7cb016b,2
1,31313,component-1875853a561ecb98,85c92d61e2a959e80696cb20cc93e434,1
1,31317,component-0aa2440ee35bb5a4,2224be84c23256a31a7ffa18ac9e93a9,0
1,31330,component-a35080474fc86908,15314af09ca00111816e02dda2ccbd7b,0
1,31332,component-965e70fde48279c6,6f1cce838f89fbe78b3ddc400382dd77,1
1,31338,component-59dac82d866bbc1e,f2baf9e0c987e8edf95bd34d44130f26,0
1,31340,component-b448a663632994ad,18d6da91e10697b3ec732d56bd68fd8d,1
1,31347,component-e62117f7b8d2cbdb,ff1ef95b11f2c2ac7bc6dc67f7099add,0
1,31360,component-d00188e643170f07,0d863f1e297c7f6ef64d9118e87fa281,1
1,3137,component-1f023880f785dbb4,436f454fd7bb0d7c2caf10d688d1f558,0
1,31378,component-6f351bbf526aa8cd,a833bb6b0ef78c9ae86b3da33e4dee5f,1
1,3138,component-206b16537b0e6534,5c36db4b5537c20a412437ff0d2766a3,1
1,31387,component-099e0e3971a4fbd3,255e9414afca4d8219d1079a138a19d7,2
1,31390,component-55eaa72f053b1044,9cf2c2d10125638b812caa1191258add,2
1,31398,component-4d8800f32f42bdcf,918798c6920d19e67c74c5cd63bb44f8,2
1,314,component-748064be03a08df8,3d2a1bc8fa490df3df22c9e2e844a381,2
1,3140,component-3a892eea646c4e4f,844f6334def3ae73d68941293ba1a810,2
1,31415,component-9183c29ea013b982,c90357d94c1520bc121a94cdbe43dd93,1
1,31421,component-e066ecc2de42566a,4c7ec460b8dcf3e8bdd3bb41f34cf1a8,2
1,315,component-377adeb4cd4096ad,61e938e732787ffc421ec63cc232865e,2
1,3150,component-4d364fbb3786fc31,49ff1270771704b00cca6db35dbc34df,0
1,3170,component-d7827558d408d7af,f16f0823f2cf06570f8a255ea9ca7dfa,0
1,3187,component-d5b5fab21d68556e,2c4c0412800a34a81e2a322ed7cbadd3,1
1,3192,component-59f6c59d4e41b4a7,4d896f417fde9960a21f24dfbc5285a2,2
1,3207,component-098ce5419c70dd06,0b1cd984d5019e2e4668dd86cc08882e,0
1,3211,component-4a8ed6268c1741e4,e1b2c1b21ad212cdb9ae245a10afdb13,2
1,3214,component-1ef3f6149e996293,d21853a98ab1f510c35880b76d670d35,2
1,3220,component-698eddbc91b225fd,3622f68751202a46a5f49dfc35df2418,0
1,3223,component-94f802729d9e69d6,de9011087cbe34112d9b3b614637caf0,1
1,3225,component-283fb243c9b850e7,0ebc9b51f550456f8b204d869b67dfbb,0
1,3231,component-3c2ef1901bee3a48,3bf078ac893453d3294dda602fcc4b4d,2
1,3233,component-84d133d968520db5,4e7e8267143b96616ad6890d9b42ad19,0
1,3248,component-59ae69c1396f6995,e359348a342d04b3eb4cbf89abb9da69,1
1,3254,component-d67e8edaa3a287c3,c1be029bf06d713615883687f7016a40,1
1,3260,component-2fac394011e7d326,ea5637f9b20a8d9c102fee7963b08aec,1
1,3263,component-5b23e77bcbfd4804,c7098f0a126b134fb549783b6e58846a,0
1,3264,component-587887b1f664c61a,2da58b964ceb167942487b363a674f66,0
1,3267,component-f35bdfbc3b7e089e,ab2cfc1c998249d47f74dfe08f5f45b1,0
1,3272,component-f0ca4b323465b546,97a9b9096695cd89f6444982de2c0fbf,1
1,3285,component-aff4b5855447e95d,5a384f5d903d44931e23a4af13556b8a,0
1,3287,component-bd7f4d53f4b1c920,dada0db86a587491505f54eea24204de,1
1,3290,component-8a9745162300f3c1,3b84c8847b0949094005c2d62bac5f2d,2
1,3292,component-7ca2552ffd0e38de,86657bc676b304780e53116e81d6868f,2
1,3302,component-8b0a2da322fa2e15,8078038a8fd5392eca0f8ed2c50193d9,0
1,3319,component-e40f403944f152f7,b6a29188bfe6d4920991ba77f0a97bcd,2
1,3321,component-eb9cf4c533aed16e,eb24699639abad4587fca7fc383f6788,2
1,3325,component-f025893712b09869,ca523250243fc5d9c72e2e473b4ea24d,0
1,3338,component-312e13097f2ab4e2,2a29fb3de5f49909667cf9939e9e25e0,2
1,3339,component-4cf84afda7c7875b,d97dc54a2c25bdf65f63104ec2692954,1
1,3344,component-15fc36b3e80b9d7f,7b2933330a967478611fd03043a726cf,1
1,3347,component-3380f3fe3a5641b1,3999aacbd21da1c524c3ddd97ad380d0,0
1,3348,component-33d88765a856314f,3753946c36ebe0221408b7bd1ca31ada,1
1,3360,component-5abc1ce2653dcfb7,921813ea6601b06858909c4fe811e281,2
1,3361,component-e8202f39fad74acd,5c25fa05ca9355cd7c5a12b496bf1eba,2
1,3366,component-0db1804a6beaabd4,c2bdfbcff7b28b7dde3d44cc4e7dccca,1
1,3373,component-5ed4cae00638d8a9,2d384f65ce2bffbe4e1d34791d2a901b,1
1,3378,component-1877fbda982a46b7,593de5599e140fabebbad2fa9d3c2107,2
1,3399,component-5f829f9e9b41706a,464789c8934478e0442aff6211fcb0f9,0
1,340,component-9644294ac4ffb309,18d8b25877207b22581f5fbf7fe34219,0
1,3401,component-6e04efee3c6eca4b,a70384f0a87af21a5fdbd773ef208372,1
1,3404,component-ecb2c5cd363bd77c,7235dec8655da557fef3de3ce9f14446,0
1,3414,component-801f8522550bb910,038a95cda68a9de574ae6924e69bf88c,0
1,3422,component-885bf40616bf1c2c,3c5fc7340c6f3d5ea1703a2741cb877f,2
1,3423,component-7312fa1be2ea65d6,14d3088c97e8f11acf5af177d840992b,2
1,3426,component-4c5f863a279220d8,c078dad552281489dddf4177f9a4d42e,0
1,3431,component-06071662e6313f87,cac3c222de539870723d01b1994957da,2
1,3440,component-d55f9f377e5f6239,21e5c3c6029cf205ceb6f19af9d507be,0
1,3442,component-82bd3b63e2f8767c,285bb66b15c6accb61564b375dec9616,0
1,3443,component-3504a42dccf2276b,979390a9aec1ff760cf604e95d447e10,0
1,3450,component-62f73707683b924b,d7aacc4c77407217837b6a409d3fe3e8,0
1,3462,component-04ad2618a7fe10a3,e0fbdb818424b810b14f6347bd434087,0
1,3467,component-8db4f214b0974db7,7ced2323f1a5d003442e57af94f3c91f,0
1,3469,component-895ea7bfb9e6d993,45aa0a5990ec5816238a4e737c619c83,2
1,347,component-2289b221b39605c3,51c39d7ac8d8b75145b10349d2df7d3e,1
1,348,component-06b2d82840e43ed8,44df00c24df3b61eeb74c17c21608b11,1
1,3480,component-75000e2a4f87a5ff,1b4be0d0b6fc2b97d98c171642563ce8,2
1,3481,component-f23ab45f058247a0,c355d01d74c969a7fea5427a2f604d0b,1
1,349,component-72ba187b05e705de,bb46ac8766b986c34e28e966c52152be,1
1,3492,component-9652ec3b28f1be86,2f459a8cbd3965567d35533dd81cf790,1
1,3498,component-2cde073b39dd6bb1,4842edea737bffbd8e1fae0b82c19cd0,0
1,3502,component-a1aef9f42364b8de,05282735dfa0171dda4d23fc253127c1,1
1,3514,component-8da11e8a75ed23fc,a040182b12f96c7d659c47c74c6029b6,2
1,352,component-9a72c24f2fd76561,70cf4755ba6aba2812416d5f42ecc585,0
1,3522,component-3b37ef6a1be31e06,8dec4402cddf6256cf897e50b2ab54e6,0
1,3523,component-c6fab63609e8a0b0,2e44d900cc00a651d9192e2fa952322a,2
1,3525,component-00603386e3314670,0637222f7162615aa65daa358e9a53f7,2
1,3528,component-137c149a3ed18d3a,1f34dc9886091167ffc17d0482b49675,1
1,3533,component-e1fe15b6ce5ddcc2,71af8bb46ef69de23c41da6247f1044d,0
1,3538,component-112b89e61925b93e,3d587ca262d7f159d20cf9d0fac7ed3e,1
1,3542,component-5edd8f8493edeb02,301022441efbf7f564c660620bb45eea,1
1,3546,component-e8743787bbef7d5f,0889f2b63f67fd03b79160416399f7f1,1
1,3576,component-e3680aff4c3e0fd6,6adaa43dc3c97c4b9b19b6d7b7788633,0
1,3579,component-cc49091e6a3fa59a,0250cd8de92836b9a3d006a53130c935,2
1,358,component-62a0eae98b9fc0bd,26b48660443a492f76a7f1842d447822,0
1,3584,component-9955f4a562efd60e,c6b484c6efc767630cb7768d8ede925e,0
1,3586,component-8a915123f912f456,a96772645bbe9f00bfd8ee7e5b314f1f,0
1,3587,component-04ad14d9946a767e,5914280eef69e7aca0430b8463512ecd,2
1,3589,component-eed67fb12c02e975,c36cef7dce54a6343a80775f6744f9dc,1
1,3601,component-1d8090bacab301ca,bc32782fc94a6596584dc11181b14e1d,1
1,3603,component-94de49d59371e3a9,850198ef052440d2c56bfc1d87b47bcf,0
1,3604,component-df6443e4bc9ed495,c694cf29c59e3ac15ba65b5ad092a36e,0
1,3605,component-d3c03b39626cf31b,d679319d92bf8321625f3955cc56543d,2
1,3612,component-704c308726bba772,cfa5edd903d4c6510b79df504dd78a0b,0
1,3615,component-120e52d7b556d767,4b38da19ce624989435efbd3775b600f,2
1,3618,component-9931f287c490c562,0cf31c4ef33e3f322fa807936ef22031,2
1,3620,component-c9666ca719574009,beadad75c8c905128d177b93586ca6d3,0
1,363,component-a43231c2216f23db,62b7d439f290de1db0295d6a70262065,0
1,3645,component-62fe739825059f30,c75ebfc467708e37479bdf945c1a21d6,2
1,3651,component-0ab77c56eece2d24,fe9a35bb16e51a399f38093c351471cd,1
1,3662,component-989e93d58ab9eaa3,a7722b7f8213371b3249419c3a245362,0
1,367,component-0788979fc9366e21,44f2e5ed07d458560fe14bf392aaa678,1
1,3672,component-9e40f86360ba8c10,4b4d927b8db69b7c284b8abda631b0fd,0
1,3676,component-e9627bf1367d542b,11324192e1d691e1fb531092c0d41498,0
1,3686,component-023998ba5a1bc02b,6d63c155ea9fb47807fbe70db367d531,2
1,3687,component-2fbf317387d52ebc,e16fa97e33ba606da9723572e36e072a,2
1,3697,component-72abacb094771a0a,a1b0856e7b568c348d3641fec178f7f3,2
1,3701,component-21872bbd9f73229a,1f787f0e33f5e4f90bb0146214d09d89,0
1,3704,component-f12c70c1cdb1ce6b,d51550ee0188773e09945240995e0a11,1
1,3706,component-7af919df0d6f22df,1d1c3f3353981109bc0263dc8455e2bc,1
1,3708,component-aaf68675c4bea560,c058b823df2d0ba594f6719ce1992542,1
1,3709,component-ace104f589733dc0,9543238c92e2ea0cd7b304e61800fb6d,1
1,3710,component-ec995be98212e07c,990a6823e96f84580f55412ceba84030,2
1,3725,component-8b088301586d31d3,0fd4ac8303bf7f133df00bde32bf7eb6,1
1,3726,component-66c2d265640dfd6d,5256fa39a161999c15097bc72e35c63b,0
1,3733,component-d6c29d5bb1162b7b,7069e66063226ff50087982c7607fa2e,1
1,3734,component-cf8a6f1162e27586,db42613bac99c60e14c337e848846f7e,0
1,3737,component-f021014960c5f61b,a8a9d64618129b6a9b783c312b42b049,1
1,3773,component-3ca74779bdf0f0ba,b33cb65d7be029c7e95444af944ec638,1
1,378,component-21ef779311a43f0e,dae593682d1bcfeba08fd58a4b2d12be,2
1,3797,component-38a0ddf1476fb458,9db630844b3a38b2330fd4a010cbe3fd,0
1,3804,component-c2bebd7cefa36811,3136ac6bff1ab827a48b9323b80c2c44,2
1,381,component-392a52e4f77c40bf,1d1fe85f33ce84be14716ba3ca1d4341,2
1,3811,component-52c5a260883bb901,d425d3b4def164c7566dbe9e740ae260,2
1,3816,component-14cf3f00fb27765f,3e71c1cc7111b653dacc02cfd1cabb47,1
1,382,component-f65ccfbfec288565,68419c60622ff630cb626e437b12bab7,2
1,3827,component-bf1889006d18a1b4,b1616f572a184173b8f7cd7b6e0583c5,0
1,3830,component-c096d44ca5d254a4,a3ead00ed6f06cf68ac6a268281ef243,2
1,3833,component-93495fae156b6769,8bdc2d55bec27ffd4d557987a1140d44,0
1,3836,component-395a0b5c72874497,ac6a4e91d29b7f329db3f3f2c1d56a01,2
1,3850,component-756a6524cdb2d4ea,d4a573ba03d78407fc5815a5355b58b0,2
1,3859,component-17d30b9a2e6f98d3,16a19cfb9689e316964d28efe8f9f283,1
1,3864,component-3eaeaacc5acf161a,0d69def37fecc0210469aa08d6fc7a89,0
1,3866,component-e41e141d6715f7ad,0fd18794c0d66bee87d07ea076ea77cd,2
1,3868,component-2a2005a19dd5b0c0,65d198f46cb2987870b3c812b1215f77,1
1,387,component-25dac95b8f595046,61a5a00396bcf2496532f063af217ba7,0
1,3873,component-dc57c1fc055e30ee,aec41bb370485e144fe2895b079d62d3,0
1,3882,component-af8637ccf1fe693c,b562dbc1f17ef6d3a38de55e078bfe50,1
1,3884,component-b023673aa0a8e809,1ccf016c08865d974a5e65100cbda8b2,1
1,3887,component-2f9fdc64dc673132,5fdad8a083ed83e130ecf4e7f0d2d0f4,2
1,3893,component-678f2f24525785e9,301c4dc0758718cf8758792414529ab5,1
1,39,component-0b918943df0962bc,27546657bcdd0b4631395177f1b0ed47,1
1,3923,component-b46d9a5ffd681235,c1b003a4a1886553385fe86cf886d32f,0
1,3926,component-c62b377fa3d3a0f4,a9a8c2de70fcfd9981709404bd1b527a,1
1,3934,component-57e8be94618ed550,efa8b3a5e362640649324da4bcdd7469,1
1,3936,component-9cfc3099e52f8b31,698435d43e44a1dea285c502ad191449,2
1,3937,component-9c67d3b75b1e8364,a3c17def286f05ae71c49a47dcf0f146,2
1,3944,component-63d5537f693522a8,12699782791b5b35d015ed67656517c9,1
1,3948,component-24a47a476d5cbb0d,e58601efb669db0301e97138cc41bb71,2
1,3964,component-ac216dbb3b7e01be,7ee2de3076a65bbe1a98a23ad35bb706,1
1,3966,component-e41bb15d9efcd5aa,a80bd0f77baa316c49b865da5b963922,1
1,3969,component-023735e650550f29,6208adbd6814fafd6f90b440a8cc6fb7,2
1,3975,component-7ca01a22d3f94bb2,37f80ae3edd7b808761aef4466758daf,2
1,3983,component-c7e92bac8729cf4c,21149172feef2cedb44d6ce23f050028,0
1,399,component-0f78540965a86402,5759d24a9ea77d492f7ea1da175c3f20,1
1,3991,component-7e5b72c6fcb59280,e6eb05bff93b643ee4d1a94be7a6c648,1
1,3998,component-08a05c4b716c9953,8c39bf80f05dfc165e9963c68813ae77,1
1,410,component-612111a352a571cb,dbc18d4796ac193330a9f60b00ab0127,1
1,41006,component-b6f535b24402e79e,7a58476569647e0f68445641ace26af2,0
1,41007,component-43d1c17d2ab607ca,05fd528c954fe19225979a074367085f,0
1,41017,component-12bc2a70750ea03b,0c6aa6fdebac70b4ff1cfb362768f790,0
1,41049,component-ecf799bb7a4b7c32,d233dc8f06512ffc4db2c594a600312d,2
1,41051,component-6777772cd815e0a8,ef0a8b92c9ce18ea6282e12620ad5adf,1
1,41052,component-5603e9983b780c8b,76a9f0f03d16ab7ca003f8e083ea7795,1
1,41058,component-334d7a48f90ac7e3,a4a64918c8d7eed4c1e0ccd1f98e4698,2
1,41082,component-d0d8dc11918f76a5,be9308aa3fc8794c17b2372c9bd1c48d,1
1,41097,component-5eb1d9910d4fd579,85d200070f3c79eb7c81515e6707b3ad,2
1,41102,component-42e879bc6f6e6eba,296c55a7afa8004543fe1b6d2f63ed00,0
1,41109,component-431fa2a42f808eac,1736a1e60b2dc54a832b1f7f7f265a89,2
1,41111,component-e651f85f0d814e18,3a519dba1a7fb1c2c22292fed7efc767,1
1,41128,component-797e4154bac64e20,8297d4a776345e142dc6b938bdbc25f2,1
1,41142,component-a62f5afc49ae82d8,1143e571c7089330eeb4611bb2be8602,0
1,41201,component-74832cae18cad741,c7972fe87baaad12d1bb739fd0b9bbb2,0
1,41202,component-e9b0f45b8c5c6f43,5af673219f4e6c0d5c55848c69e658e7,0
1,41208,component-1fa21f417d947e05,1d28e31999abb23c0ce87baead18bdf4,0
1,41209,component-123bb1e9ca37efe4,3296c019be701257152e6bb6a846c4f1,2
1,41225,component-99690a38f2e60684,94b948689921d6ec222db646176fb279,0
1,41228,component-c9c1d1f5dd331cf4,a5ff5d998a8665d6971f2641df1ebcea,0
1,41236,component-8010ef9c6aa47675,9017bc8c4cec34f1aed5aedee2bbc9fa,1
1,41239,component-7c3c0c742b8f6988,d2d3a4fd6baf8b213200270e5486f738,2
1,41260,component-d6b73b483e218448,c165762b5c9fef0e2b3f3b5767680756,0
1,41262,component-3193d02a7794d80d,14c248aa866d099a20e7e8d124f9fef7,2
1,41271,component-c3685182a9d7e3f5,f1dc7d72f2e87cf64fedf50cb33f5b76,0
1,41278,component-02ea05f0ab3c27ce,dbdcf55b72c3eeb6828f6717be44d89f,0
1,41296,component-e8f826d2f7923304,1992865c4025f049908ecfb90c379f57,2
1,41299,component-664ba5b88c82af91,a0285a4f669101d5e1b350a0d2c39a9a,0
1,41311,component-64b31115dcd64f0c,a8efbc2fbbad5f14e8e905e7308368af,2
1,41319,component-768fc3757aca6101,e1b31557aa7f0e809b8e1f75f89f9b18,0
1,41343,component-2e32d9a3cf2aa309,d9fcf60ba537a00a4eda094949c1b77c,0
1,41348,component-ab6190ba05030357,5b8fca4a832dc2d3b543282c5b4f82b5,2
1,41349,component-5d9c363f9190be1f,f49ae8b42bf07268b034272c2a7b5fdd,0
1,41352,component-626aedda5c9109f5,6f294f7cbd08fc3c5d39858ff2af1fa6,2
1,41363,component-40d9ff5beffd2fd7,6cf3bc8000adc283c232147b322cd076,2
1,41397,component-27ffaa2f33c3f98d,b76e1496f3ac8b0beabfceaf275f35ec,0
1,41402,component-9d2419f588dfcde3,0c65e1cd4ba5121a39a81eeea420806f,0
1,41415,component-90054efe091d8333,90c3b020bbf4fcbae99fe7a0d21ca057,0
1,41425,component-eb1ab7d63ead80cf,e10170f51b9ea21fe36a77b0ecda6583,2
1,41448,component-eae438248d2964ca,145542f73bfcb2c9577d249345d6c60e,1
1,4146,component-cbaa265082e8b534,605cf3a43d414a6e952cf17e69f7fbfa,2
1,41479,component-54bda11c8607ba75,a58f95b5afd380c122fcfaf889f2ffda,0
1,41481,component-e99ca5c140e3e831,7b127119b469019d03283e38449b2045,1
1,4150,component-84bdcd156603935b,07a363578b647beffaa1a4f5701ca0d3,1
1,41503,component-8e221b472f53cc87,b96f9c7134bece931790c19a185d44c2,2
1,4151,component-b3658670d2a52e2c,6428be347990d20a948c355a32e2afa8,1
1,41515,component-b5e1aec530bb3b7a,872c7bc2029a07f5c883bbed03410f12,0
1,41529,component-1b696d6a6d5f077c,bcad003995d4e814070301bd7c26fad5,2
1,41548,component-297e5ba93c5c9d5a,6708924e5a5154ab55b9ccbd95e9c641,2
1,4155,component-c3aba2c5aaffce50,a9283e4106af55a42113f894a1315ac9,2
1,41583,component-1a3056c81c49b8e4,77d408038f851b86fdb40a2905d51531,2
1,41586,component-725a8a4e3dc691b5,6c540422a42aaed2f9243f21ebccedae,1
1,41589,component-e5174e01c3eaf72b,3c4ff564fa0d96a7e23fde743f3579a4,0
1,41600,component-d3fd845cf18b1c1c,2690dbaef50844137318cafb4876dfc0,1
1,41606,component-a2e3e8f109583496,64b3fe83956c67dfe1a02d828926dde9,1
1,41607,component-a2aa7377c8b9814a,9e92c09bad62c5db783ee889d7a685e0,2
1,41621,component-94e81022ef1658a0,9305528551e2becb3e3ea5799ff5ee00,1
1,41628,component-f8719764e4611518,9952403bd4790329b3ab7b4987260191,1
1,41629,component-db9e85c33e907d9f,f18fae4282d088159a050ba40566dfcf,1
1,4163,component-95d4362bd3cd4315,6f0101c3af4979061d05736f54d20612,0
1,41632,component-e6858dd99d23974d,e1f025a4c6bf710866d8d4496189feb8,1
1,41641,component-ae85f6fb2325f343,e029eaff698bf2cee7e8739d77adf0b3,1
1,41642,component-181d1fe2f0deba7d,68420290d6e5b0f79da491c1d3fd0e30,0
1,41648,component-60f0a4a20cd20bf3,2c077a7281999a57ae0ae07a48eee490,2
1,4165,component-0fe1ddab30b57543,dbde34eeb2f1290609ca6bffac1a5180,2
1,41651,component-8895a4611dc1371e,c9337ee638a8300ad7f32457223278b2,1
1,41660,component-f1f930c1a284a8f7,afbce142bf7928146251f7d6f7cb8bbd,0
1,41661,component-87c1028bbd22f557,e4849383b72ff84dab291ea30a300c9f,1
1,41671,component-f4d663daacabae8d,935710ca0bb32adab0c0f9c500539351,0
1,41674,component-eaa795442ebb77a4,f3bc391df942e0dc8ee81d2d04eeaba7,0
1,41681,component-1d0b2e53c7e2835c,3418dadf04fd49f7b23700e792f12fcb,1
1,41688,component-97e40ce0a486700d,8c61655d176dd68bd598e90f0ac533c8,2
1,417,component-afcf8bc077e68eb9,98f58d2c5d6850fdb180a5623b8bfb9d,1
1,4170,component-a77bd5e6de66e9e1,2312d2d8829be52512e8206ba471aa3e,1
1,41722,component-ae23091a656dafcf,b84391b003d389c33182f636e2426533,0
1,4174,component-9c27727c109abd00,5324a621b5521ec98a35b770c383461c,0
1,41744,component-1e984a2a119827d9,8c3252e7582b80b87f3ef38657258b6a,2
1,41759,component-dc7d59ade65702d9,e117b8f53adb2c9e503e00f90d1e0d5a,2
1,41763,component-b0e096c78d3efd3b,ccc8918fc6f2bc6d2dbe462337d150fa,0
1,41769,component-32efe367209c9365,ded15943d65442314339bb0e96e576e3,1
1,41778,component-fee515163fb0037d,8e2f5cd15cda37395635b35781a3f07f,1
1,41779,component-07593f249ce4008d,751486584cb569ff1d66a76c74b5aee4,2
1,41780,component-e87a117a1d795484,dca29c5e9bb9803a72fe9994608d28b3,2
1,41789,component-1d1fdf2c039458c6,619e94fca794036846e70938b329cc61,0
1,41791,component-2571f70d255d1d35,499ad61db0363eed4f2511f6963a8f60,1
1,41794,component-b455df77af035725,5169f7b9ce9906cb54f39bf9777e7a38,2
1,41795,component-2d0cb16b44632a5a,51e0d7c1c250f9d59ee8417cded48c6c,1
1,41801,component-61a385ece3681b86,14c8230f19a3e3f5ac2ea47b82781f11,0
1,41826,component-51f326e6d02dd21a,f1d21497cae22f9fd783ba6f266cc2fe,0
1,41830,component-75d0224ebe15542d,593cee189afbf9a433a24c80b6dc1a04,0
1,41835,component-e0d6cbbecacc89f3,a7a1d21b8f90bb88bf8886b0f5e14f8f,2
1,41840,component-8950101d9f3e8417,a83590a6c24eb7ff26277c55ae3b201e,2
1,41844,component-86d007a4ca471554,6e3157f654b75226e054270c25d3064a,0
1,41847,component-cd5ca9eb959dd4f3,1e945d6d30a31e8ae30b7a50d2a829f6,0
1,41857,component-5987530b2358454b,112f7a6fc629ad732858c9d80440ee13,2
1,41862,component-bd849a81c2bab2be,f52966aa53c6de1eea9111b7d0feaffb,1
1,41871,component-070681f15422fef0,eb1394dd5d20125ff509519ff7f1bd10,0
1,41882,component-48a48a1fe457d1f5,1d47a86db38d4a419e4def3fea55d0d4,2
1,41895,component-9acaa103a8e3c665,fe41201a6f4f7fac69671278909b9fc9,2
1,41912,component-1f646d92d4a92898,457c50b77ea38d6238f6d7185a380418,1
1,4213,component-28789a01958becdb,8f8e58fa7f8a23a1f1b6d763369fc2a2,1
1,4215,component-08f88745513481ca,f3a3da13b3482fdbedf2e67b8df02a06,2
1,4217,component-7ec7bbd3677bee60,1ef1a576e3fe5ac4610bc28be4446946,2
1,4254,component-357c08aaae039838,62d0fec7bc5789b32d4dadc7ff3d60bb,0
1,4269,component-d5358ec522f20c55,550c443415c3203dffb8798f9b400ba6,2
1,428,component-cbf2f7864f1c9883,c8663b26d1bcefd687a81550c24c2820,1
1,4281,component-878993918fc2c416,0047e5ea491e69bb2e33e71102c45656,1
1,4288,component-907cfead4ffffecf,4c066d72d2e5a596629fe5d3c236dedd,0
1,429,component-2d1007980f492153,a6984cd37cac6ef3b6dbaee53d5ffb9c,0
1,4290,component-cc28d893176b8cd8,417b95fc4fd547ef5aa58aed9511be0d,0
1,4304,component-eb1633fa9519afd7,82ba383f5e5958184b6bf32a3c010cd3,1
1,4306,component-0d4a81d212f55a14,95f6ba82430a5b44af213101370eadee,0
1,4317,component-49a57aab5a13e055,15162cb7943674d2049c2839f4785675,1
1,4327,component-4babc876be86317d,5615fe4cd21d9e641916c61d57bd0235,0
1,4337,component-2657482116a56061,be6e26bbb8a266e12fa6f34aba549f68,0
1,4343,component-3e7c3d4cf5be91ec,155102d7ed2b054b51d8707b93f9a127,0
1,4364,component-bdf67436ad540597,6bfd2605e536e41673a5e5a2e3052c7d,2
1,437,component-0ef962215cc05578,5e61c4631083c5af606ae125dc55aeb6,0
1,438,component-18d37c950a3e810d,70a45d14a025014d69c48954f8a50bbf,1
1,4387,component-9430301e26927415,82246ac3998389eb0da5d5e0736ee969,2
1,439,component-050a010ce24d0896,a7dfe4e998476a35844f9bc9c7b35bc3,1
1,4400,component-936d1dafd8b1b6e7,478cd81e67a5208ca52ff5a84aa15f77,0
1,4408,component-c9f5d1117c2eaf86,a7226d1e5a4d68e7453486aed4ad5e18,0
1,441,component-2dfe70c43208f52b,1a866d1ca818b066fc8f8d9d7997606b,1
1,4410,component-07df47f485722980,96501d9dc125ba2ec54954cd909cac19,0
1,4431,component-8818fd6d967f8810,33b622e0e1d315c54fad94ed3e893d68,0
1,4454,component-4fef435542047269,b22dfa8a0ee80d248313d8f49507ee19,1
1,4461,component-fe36bba93dc4e44b,702986e4c5392b786c01ae8da985a79b,2
1,4475,component-1b95c8a0dad14118,b476c476c533bda26750d938499a924a,0
1,449,component-4a30a219a9d7663f,64e908bbd6c6203abfe37df7e671acf9,1
1,4497,component-1f9a1de3220e9c87,8cffb0b29bdc89c7190141c2ab939ac4,2
1,4504,component-6659c30f0631de14,cbc314a699457bb6b33270f2d8c06142,1
1,4510,component-d9d628292c7f805e,fdaa9bfdaf387bdc7eba1cd886a0ea12,2
1,4517,component-5f5e771dcb7bd8b6,ccc752921ca1df4b711524baf5b236b6,1
1,4519,component-f36e412aea00d7c6,6be6bcc85667d1a83ff0624211afaca2,2
1,4539,component-012b946b1029081b,88de000c4daa6aa84250f96f0ae76dac,0
1,454,component-48f89b630677c2cb,b7c50f1b16cb63234a0e1616a26f30db,1
1,4571,component-2c6b7bf2a4ef2fc8,473cb889d5251e5d1db3426994eff442,2
1,4573,component-f3a6399711da0b03,9348bc10ae64a08fe3268c8707a6a41f,1
1,4579,component-0dc732c14f4b4da3,004c4f6a6aada43370aa40650db0415a,2
1,458,component-ad21a2b810af49a8,6326c487961afdde9349c4cda0e7792e,2
1,4582,component-486ea85278bd246c,2bb0b2dc21ebcd1255f295143e524967,1
1,4592,component-5edd6b7ba99be850,7e7dc4499fa555ceafe948193258df31,0
1,4594,component-d96e16834162dac2,4eee79944e097965f493b3e01b4379d6,1
1,4600,component-404c93bdee16f75b,cd23a4feab2d0a07ff3da24e3b410d08,0
1,4609,component-cf2e8ef59ca7a4e4,08b6ee3a8bbb21c6032fece716abfd48,1
1,4636,component-9daa98ce3a24c226,0cf3b383874589b5f7c7da880cac90c8,0
1,4639,component-fd7d77de225b3254,c31a325614977f833856e51a136918a0,1
1,4649,component-69aa50d0821a7741,fba2177fcf1c169dd45e575b55cad8d1,2
1,4655,component-4014e91c398f3fe2,6d15beea63a99a3c9b9b0b6512c2be4b,0
1,4659,component-ac8c1aa79856748c,3edaa1f54c1726e4e17874448b20ed83,0
1,466,component-826e27285307a923,fd5173cc96b187b865bcfb84d627020d,1
1,4671,component-997719bc7307a990,89571a55c88b97dc64fd6a85a4e60ad1,2
1,468,component-1e5ee5e58c8f490a,58283fe5f4646af3cdfa4f0337ab6aba,0
1,4692,component-a883209b00f5f926,b618459f1d9e71eb8adeb1fd73da9e23,0
1,47,component-31489056e0916d59,e3f32cc147a77ba2bda4602890833651,2
1,4706,component-2334b98bcb4ab2c5,257318ce48008e4c0842b375467274a0,0
1,4745,component-3baf3ab2c95ce1d8,0611e66d605953ba8be6a678735ea284,2
1,4759,component-e0a19cbdac9fda12,48a27f0fe7cc59049eee459745132562,0
1,4763,component-6e73a9ee394de721,d7eedb3b7795cbc2451f6aa28a929547,0
1,4768,component-1900b07bf0e92e67,a5934a16cf7f623fc7a3ff56151b41f0,2
1,4773,component-53b1751856e39e4b,a94006237e7bae02cebc85f1e9d49c67,0
1,4778,component-449cac0b61bf9dbf,95d601432aa69808b0d7e38e18bc54e6,1
1,4780,component-259748e36ea45836,14ef2feddc450b804262c7c44470f69b,1
1,4802,component-d19828eb64fa5dea,27b0e4e07532d4b27b2dd70e37c757a6,0
1,4804,component-dcbff8f66de95d7c,b536f5ff163a5a385715bb26d42cce50,0
1,481,component-51d089cdaf0c968c,e8fb240e17ceaa713857f960ec937286,1
1,4814,component-51d4f462cbd884ce,4bb73d8f1fb4865b7218d703893a8a01,0
1,4817,component-1112c695b7e5eab3,0841b6fb321a4994b4da4acecfb8a903,0
1,4821,component-a388f562e286fdf2,df294e885e24a7c38204818e10a9369c,2
1,4842,component-d9a0a87140e95aec,08be7a93714c5f118a8f2dd828d09cc9,0
1,4868,component-d0d54d0f71b3607b,eb7219ef230f68ff0102a9aa66da4ba1,0
1,4874,component-a4324d88baf52d56,26574ba9d5340f075cb4874fd937ce56,2
1,4904,component-35a08ecb0a7969b4,427ac9dd9e646db4508665a30fa32990,1
1,4925,component-f4fc1ac61a9e62b9,51d331e3e2722a42bfd75146c57262d8,2
1,4928,component-23850eb82a923c69,8b8bffee163dd1d0f14749f64a385090,0
1,4929,component-d0f0593601de6483,3d5ee1fec67399d85f5c089b8b3e4483,2
1,4930,component-afb36973671a3f3a,5a048dd797c1fa19347714cad356a282,0
1,494,component-d18b29d80a8bd366,5787615bf16967511eb9e48dff781d64,1
1,4940,component-468aa3110cc68497,63d8b9fe38e60fda2232513fcbcbdccb,0
1,4943,component-603153b43d01f9f0,df44f94367f6644e1f8700d422cdfdbe,0
1,495,component-ac1270c5058af650,7ff59110a5fd1ee6949b5dfc80994317,0
1,4976,component-716f129dc3414142,d6bfb552f0707e92b2892080a1c5a9ca,2
1,4981,component-5050ad1713516785,97e9078feb357c2a6862c277d98e0bb6,0
1,4987,component-23ed5d9b3c1e3abd,da638e19e2384b58c5b02a570072198e,1
1,510,component-5e5c743a015ff8d8,1cbfad3ee7a96a6c0307561930158daa,1
1,51005,component-a962e1bb2c60f5d6,0ccfa19dc196884957c05ae3fd9d284d,2
1,51014,component-b5f5fd3ea6365101,1ed362afa825e8f5aa5b03e7ebdb6a03,1
1,51023,component-77ab752336739824,78fb403756b87a8972f67b7bd96050a4,2
1,5103,component-fb7fb643eff7a6fe,d4ce16a5f5457f0aba6e883df33977d2,2
1,51041,component-8d3675a8f8b09455,23b0b01a0b3e028f8172c1549655e418,0
1,5105,component-e5f18bac25227fc0,eef4d848d7f616ed2295e4a70aa5c5b2,0
1,51053,component-573bdf99980c0419,365dc3086db91499b050dfb15f86c4ab,2
1,51054,component-b81ca87e62366b8f,06c2724938be0a581d9b762756346ec3,2
1,51061,component-4e120bc719a8ee5f,9cdf093b9aa9b71367f7dafdc5c807c3,2
1,51067,component-d0dff2d4ab8c4d11,92561b3e4c36067e38bef20773dc3b92,1
1,51081,component-a505e6091b11b1a7,bcbc3f1d0122c1d67fd0eee990fcd40e,2
1,51082,component-7c548489455533b1,0a80613635966262fa1b26286f47cf6f,1
1,51085,component-2afd10071a787a71,37f0a89361e1d1bd70ea9f207699a812,0
1,5109,component-894a8d014804accb,ac4076a240c48e99510d6f6e64460b40,1
1,51092,component-5a3689c22259973b,cc0228170d03303a554681871faebe1a,2
1,51096,component-e4142eb42d0c2f12,02f999be521c967cde6ffb5e6e52deb7,1
1,51111,component-9681ca8abbba9627,b58717abbb0d2c9e8776f2c75a86df01,2
1,51136,component-6f18896aa93c4f02,9254bacfd5861de4731f71cc8edbe7d3,1
1,51139,component-7d6a69d4af190c7c,04e5d9c6391ffd168ae955c68b92cba9,0
1,51145,component-e41b72e6f669ac44,02a0135e22dc5c6aece75fb1b2a75a81,1
1,51153,component-f2ad9fb953cba5b3,daaf1dbf1796e8f0e410092f93d312e5,1
1,51176,component-c100388c9328b30b,61310d503e6ffcb1d260c8630ee2fae0,1
1,51178,component-94c7660d05a7f46f,bfa2edce4489561275f2f9487c2488b7,2
1,51184,component-40b8b931b6309755,974541a47fd0817eb8957057b6a6cf9f,0
1,51185,component-8dfdb150842d68f8,1bb737d061a40a301b22b4ff2dc12d58,0
1,51208,component-af8b422447fce1f5,ff8cde5c9f7beeef773904edeb2fa523,2
1,5123,component-4f9eb48d371e25b0,edce390643cc1e73785b5aa6c9db70c9,2
1,51231,component-63b1a404f621b892,73ffbf08fbbabcf4a11338cb3e3209a6,0
1,51236,component-c915987362b5a4d6,ff4090f41a5f24883f23e2ef3ba30499,0
1,51240,component-e23fff0a01f61e25,014c88c28182d81219a1115c4616225c,0
1,51241,component-711edeba2839aeef,05041c6e41f42a9fb76ab92736205314,1
1,51249,component-8cb6a036c8e35fc3,a74c7e03b36527253f259d8be5b35944,1
1,51258,component-48bad9686aadcf56,8bdb7968a04f811310d098919c612443,0
1,51259,component-ce7c040081069cc6,7e11c4b6902eccead104e3fdfc212ec8,2
1,51263,component-eb35acfd346379e2,57998c1f7889f8e43e82597b7616701f,1
1,51268,component-0566c03c82e2944e,50a4538ceb5a1726538b3a03e6556560,2
1,51276,component-f959ca35a9d5f619,cc74321cbe7fdd43288d25acf2ca92a6,2
1,51278,component-004458cbb83d3aef,83ef20d7fa8bcbc1da80e73c88d5b74b,1
1,51281,component-054176d194dfbc7d,6a917a955f59c176220497261f41cc21,0
1,51285,component-aeb6187c9611e593,f6a35865ce01413df4d2bfec528995d8,2
1,51289,component-6e533b96149930db,69390987d9c38ba7ffda4a559cbde645,0
1,51292,component-b959485b75c28602,cc90e968a14ad70a16218c6facfc863e,1
1,51294,component-70c91480aa80ea7c,2e34c0711e92fa35e723d76601fd34ac,1
1,5130,component-ec34d6f17350fb4b,539add386cef76bdd95c1bbe1e88a9b9,2
1,51302,component-ca8ae4c850221976,6ccf914138419c76b5917da5f5356479,1
1,51324,component-9ca498220650a7ef,ab43180791ec24f87acb53a6570c3a93,1
1,51329,component-1e7df5084672220f,420977b16095f1c0d60eb22827089ff3,1
1,51346,component-176990e7bdbe218f,10a5b9e4d9d08330b05d764e27efc1bf,2
1,51353,component-2f65026a0c934c6d,2a50b27a34de0c45ebd8075716e9f8b5,0
1,51355,component-77cb542a9d19e47b,5a769e299fee249e6980907a358cdada,2
1,51390,component-e5917c941a6a02b0,c5c97ea38bba2778931e44e8f5ed80e3,2
1,51395,component-c69c8f30d1fe6b7e,c408372ac6aadc63e988eedb7dd1e3ab,0
1,51414,component-b33b2c2165197959,a34cd7579ca6766458246c6b3df49e4b,0
1,51415,component-41c20d6b7a87b0ff,09ad8f49e450c52020bc8a029d98dc70,0
1,51416,component-b12d9481b4ef60e9,b08b63dfe26bbf4fb56e0a874e6077c9,1
1,51435,component-0b6ceddb45db7863,480c4bf9349d65b64880ff349dafbec2,0
1,51441,component-88c387db3e4a19f1,034bb12696eb7f4e7b155459c1d5fd57,2
1,51442,component-1b3cccb586a60baa,3c090e7882ba871b75fc330f9ca76fac,2
1,51445,component-bf5fe018f15322c1,786b693d7e912096d544c9b0872c34fd,1
1,5145,component-766af62a6275002e,5958951f8006fc540194ebfa16c3754e,2
1,51454,component-55131876673e78d1,1285fd0163576e1e1c0d5bc4883b6864,1
1,51465,component-11cc7417f3cd1149,38f85958ae9fd3e9d90217d234e8a148,0
1,51472,component-03b5c1838a9a157c,fbd0605103c20676fa89c0f672191504,2
1,51474,component-2937e285ebe58f54,7e89fe7fe0a9d65a9fec941805b62c92,2
1,51484,component-2a9de50e2a9e9347,c2f16ad76423078944945e1d4f2fe2c8,2
1,5149,component-6a96ab0bd63cade3,b0458f57958f8a8db93c72072ce90b3e,0
1,51503,component-5d44dc75edad78ee,6eae0d25b81a090a11bec6910c5c7b29,2
1,51515,component-848a77d2a85dd525,e5a486d1c82b3c6d83d5f49279623bcc,2
1,51524,component-ad9d6f67d0fad3e8,3f1c40fdb05758328f0cd02ffff4fcd5,2
1,51530,component-d468c45c892ffa7c,e6bf2ba42a6ee80705aa0c44eda512dc,1
1,51531,component-fd55cd82908a60dd,01167ad269fcb9de47bfe7ddedb2bfb5,2
1,51534,component-4c44b76e3fb67f62,d47f0b0d85700dfb5a967d685e90edb8,2
1,51539,component-e5575f7a7acfb0ba,14d56eb119951dacb6df3e3b2398637f,1
1,51541,component-ccd1ba092789592b,e417ef90a9f19d723ad871bda207fe16,1
1,51556,component-fac5459b9e06ded6,86d1336e3cc4f30ed8a0a422b29f72a8,1
1,51562,component-22a63080e482e2fa,d252bc6b60d575ecb06d8957b5d7a270,2
1,51575,component-be59fcb0220b5a14,b07d02ba5ecef323eaa1012c1e6cd900,0
1,51577,component-0afcc44cbe3633bc,1e2ad1bb6355854c8a949ccf11eb063b,1
1,5158,component-d705884aebb3235a,734ffd22b298c21763dd1a63c7f52173,2
1,51591,component-813e11dbe788f69a,88d14545329230d0cf62c98d6e95f2e7,2
1,51592,component-6b449b265f9da73a,008fadaf5d61324565edabfb84fa1c91,2
1,51593,component-ac4276df94711175,fa792fc5b648b0bea65b9b016b96a38c,2
1,51595,component-dd605a6821e1c9f2,24cf38b7d06e5381628e735e9ec9e6fb,2
1,51624,component-84645ab696f158a7,1afc511610765efcad51b6b635d77771,0
1,51626,component-e7e4f9888e9721e5,8ea15b11ebbafbdc516588f0398f2ea1,1
1,51632,component-c73c72950b5007d3,07210d2331f9b6bfda48de8961046928,1
1,51635,component-8015b1a25fb0621d,305e9c38370f6298b67f84eda13cd83d,2
1,51639,component-7f5990b261369967,964d0a6959e678067717625ecf91c94c,0
1,5166,component-d41c8abd2a10a194,f93ffe53dd51e7a915c1f96f707bc423,0
1,51670,component-9485d5d8599b957e,c2059b052e196663ab0ef8ab3de71b33,2
1,51687,component-937bc92a52c1d0ed,054396fe94d5f6f915eea3119464ccd9,1
1,517,component-5088c1bc42f5cc6a,1dc19b61acf079dba18b671c6933e4cc,1
1,51705,component-41c0528aaa5cb4bd,b3b22203dd5e49b84d772220896c4c0e,2
1,51708,component-e59964448e9f5fa2,2a378d799841ffbeb904de044c53659a,1
1,51710,component-007632531494616a,49f47a8501eb291cfbe4dd9431cefc58,0
1,51720,component-7ff760f4d0c5a304,137d0ec16217b426a5e1e5df55453ff9,2
1,51732,component-3d9cb864289d105d,b2ef3bb8eed55622f8e59a8c0c626755,2
1,51738,component-e85b7c375459aaa2,a2de2008d09f3e9c4a3c6bd711d3c08b,0
1,51751,component-4a515f7569398701,da97457de08705fbb071a80f4fc9a1e2,0
1,51758,component-e9a7a6f058b465e9,a367a8dc05a002140c24c16f9a998afc,2
1,51768,component-8c08d9676d4501a4,87062dc25b8bb51df5b78117e95ee4f7,2
1,51774,component-b22cb2291342d0fe,0eec71e8d4a2bcfb7dad9a584f4277f0,1
1,51775,component-1c4cf2359f0122e3,7ccc925617b524fb0ba6a60b1ad243ad,0
1,51792,component-63d63dda992999b1,1a9c5e3dbfa60bb7b90e80f7fa114cdb,1
1,51795,component-178fd1ba3f980d49,d615170c34d7342ebb05f9416089610f,2
1,51799,component-72559806cfabeb13,6b5b32a05a05260eb21f169a923ddfd8,0
1,51801,component-5c8a7954391c774b,d9964b222a7a2cd21874e0cdd5e39706,0
1,51804,component-72b4282a5a93d842,777c6681923ef7cfa751dfbda81b2c69,0
1,51805,component-c6b1fbd2a1f130d1,7c27c7899c168f0b8961031dcfd24430,0
1,51807,component-d889b6df09ed453a,0021b1c889de4f4e2db3e4e24d8f32c8,2
1,51826,component-582a3ccee2024c28,a579784a1d81222bec680d9c0b8d8d6b,1
1,51849,component-10ea1e541f751c41,3dd2b01bf1348a7595d08b07c54a47a1,2
1,51866,component-2c6418c47e2a0b79,8ea2e9c86e17208ce0b35f15ae78330f,1
1,51881,component-dd19c417c706af93,f284247960d4d5342415dfd1a1f11cc3,1
1,51882,component-db006cc7e0aff0d8,c5b2c9fe31d03165b538088560a34cb2,0
1,51883,component-0f8fad48738bc07b,dc27b4d37f2857ea0acff098cc1e7794,1
1,51889,component-a819ee7f83f27dd3,ae25de8a9e637786071340b89e59d189,2
1,5189,component-9b5e89a3d2e2e518,b2c138edf2f0389c58151161bf6c3c81,1
1,51896,component-12949c5269289e57,4373f9abbce0d45299f8d69c507f80af,0
1,51897,component-8f027e77a83d7544,5629873239b168908db225abbf88fc7d,2
1,51901,component-888b6a5fde2b6db5,4fe083101fde9456971f6c2e1325dfe0,0
1,51915,component-1cbe56f90cf2258c,05772477b053ac778ef01f75a5fca2ab,0
1,51918,component-99ea1021b96f4f59,ef9b6a7f4e596b154807030cc620a3fb,1
1,51919,component-e31054efaa417515,c9bdc3e4fd7466dd06239985efa99c08,1
1,51926,component-a71c50cd045b5926,4a557012d8927eb84ca0e3be9d2d5883,0
1,51929,component-7e6fb043e91029f2,4acfb76f0090f1c24ce488a98f7bc309,1
1,51930,component-db972e7351cc12d7,7939e5b600a696f6bddbee26ad74f3e3,1
1,51945,component-0e0d9ac152ee9b45,89ff341bd600c6c98fb9801e1f510ede,2
1,51946,component-219dc1b78c44cafa,58c9501662f4e2597c759c99e9e443dc,1
1,51949,component-8fdae7c19756a599,721837f7b642e356e959ae0159969662,1
1,51982,component-adf0110a4b26a30e,91256ace12190bf656bfb70d18620098,1
1,51992,component-c503d40e85fb21fe,7a727abcb9224f1ac0ab85a14cbac70c,0
1,52004,component-e35f32c8d1a144e4,5bbb42d2ee563f9943a77911642c9665,2
1,52012,component-ac03b273abe86202,89dbeb1e59f29e5b0cb2ced8c5ad809d,0
1,52015,component-e621062d08db34a2,4b4fc1118a86ed8a7faa30b830a2b4b4,2
1,52018,component-15eab93f1acf69e2,2438cd643c51de6d6fc6aa4931503b81,0
1,52029,component-863c6a819c3fe909,33c084a89f9efe0b48b8a549a41e4533,1
1,52036,component-d67a2706c4494ae3,4dba89cfeea8217128d6c04a9a6393ed,0
1,52045,component-317f75c80fdcb0e0,d10a450a90b2457c13c5147e3428ed0e,0
1,52049,component-350dc03cabd7de17,33365294913704799442239f3e6229f3,2
1,52050,component-2163e2efd0c9fed9,a8d10476ad85d025e0cbd0b9f55b0a04,1
1,52051,component-e98aca9739949355,533c0a2343f9c80fbee115d283c32f82,1
1,5206,component-4541a289057b2f3e,33d0a083fe008da4dc5d2aebdeb6004a,1
1,52064,component-40ade328662d0e9f,dab09d366040e74bc84b76a9ae99b7d8,2
1,52077,component-4496f74e0f5afaa7,9dfc27158dad785f5ea382bef5bf5561,1
1,52079,component-b507ccd25172b638,4afe7a89d3a52957efdcc75e1388f297,2
1,5208,component-b343addd7aa6b85a,4a0e546ca9df7b3982a81e3004d6adbf,2
1,52087,component-f8edcbdd224db319,69a851dfbba74a6e2e76d491ff4b6932,2
1,52088,component-d1375b566385083d,102ebcdb14383e94e72f2ccf78ebd898,2
1,521,component-72933e3b31f0070a,2f737a841c713dcb56b4bdebf7e67ef1,0
1,5210,component-9f8917ad86101b4a,ad23e427fe3d4dc775c564f4ab83a4e9,0
1,52102,component-b272e47bbfbd211d,950665777b108dc27e9ceb3796a13211,0
1,52116,component-aaf2c035e69034e5,ee6fb93c3d264d87f75114aaf57f4fc8,0
1,52118,component-7ee635a1d99b6aca,d0d29d60abd5ff57581df56a03d0ea53,1
1,52132,component-5e0dfe4f4edb759f,e8156d41578a3218aefbb588e6663046,0
1,52138,component-cee090934a55fdaa,b8d249cf51de034248b510f2b0a04aeb,0
1,52149,component-77cef7575082dc8f,7f501143c209868e51b449fb0a6dac73,1
1,52157,component-5e01e57300c02781,d25dfce505bdd1f8c8f790c1a88e049b,2
1,52176,component-a9956d44cbfb4517,9590d3522e529b1e2e4fbd0ecf0056f7,2
1,52184,component-248ec0c20e656dbc,1c3069f705c22dc71f0f214adcca3e7a,2
1,52196,component-94ac2f51d976cc38,fbe6b49ed7894303821b20bac35a48c7,0
1,52197,component-bb18ae0615fceb2a,a8f047e20738cee032632eab83447099,1
1,52198,component-1ec075d4fcf37dcb,4f1d1bb68b81deb7dbdaec2d291a4af7,1
1,52202,component-3a67656b1643216c,a217925a6c26fdd9c592af72db5ad4e0,1
1,52217,component-6526513b7517cd86,d67bda86cadf53519482583b00f80d5d,1
1,5225,component-0d0fa5f5d36a2fc2,619d09ff04c1ed3f51a6196768111b4c,1
1,52251,component-0793f29c4a999ba0,f4e577491a3e6a390231687500bf89b6,1
1,52252,component-00185f50ae7380e7,d9892d37ecb15f18660b00b25240af95,2
1,52256,component-46aa7ef6f51843c7,03d2291b7d7b57ee50200048d8795d7b,0
1,52284,component-fce053c68f3393d7,17b1ede16396cd9f8085575ae82c0b77,0
1,52290,component-f059dac24d299354,c2dbfce6341966116a5fcfc947e09a70,2
1,52305,component-a6128c7b76a2a440,8dde6ecd5ac53bdf3a77db0ac14f4adc,1
1,52312,component-e5cf812e971d5a47,9cda62b1542d957e5ae1fecf5344e2a3,2
1,52316,component-a788b3172e928dc1,0d3418bf3065f3b360cea09cb2c3ac79,1
1,52323,component-13ff25af414b5ecc,3a9d991d1d9ec6f1a0edca04e2d5f65a,2
1,52330,component-19e8b3a67aa1172e,e044a588a9ea08a45e2f014e9fd74d7a,0
1,52337,component-4704a6c14733d8dc,5a7c3cfa88020a446f88743e51738b79,1
1,52338,component-dca34748cb3d1e22,50558e8110441f643f2d71df797e358b,0
1,52341,component-cf87016bd9f51b22,fbdb23888a1972479aa185040f62a93b,2
1,52343,component-881827ebf12f03f5,f583e7bedaa3e242c30009ca3380e20a,1
1,52356,component-3e57a1bd650b0f98,ee9f6a1d1d55ed0383207b7fc8e4ef9d,1
1,52365,component-7aefe0ecc4c2037e,33dc5e2395d3e1151e84aea285e62c0c,1
1,52368,component-4665f18f29fdac33,2048431d13e370e98a414cabd25bd32c,0
1,52371,component-af6ac72448804a1d,253933341d6fcde74b166662b044d320,0
1,52373,component-14f0b65e974e355e,80c1c591dce0c5b9b2702ee148dc1be7,2
1,52374,component-f94ffcc8822d8e98,f20da0bdcba5f881a113f78685409535,1
1,52378,component-95c87684f7d7e40c,3e994a38d0cd49385716f715df5639d8,2
1,5238,component-f34eb9d345d7d40d,346b6455e4b23dbcd9784ab58faa6536,1
1,52396,component-169a440d6ec7ed9f,e56ed71b15ae07d83bd51ed26becfe94,0
1,52398,component-a3b14d2bf378c1bd,e7072031bb25f783a77a93888374a95e,1
1,5240,component-953abe48dfdfa8e2,afb63d6512ef2c54af089316d287c3f3,1
1,52428,component-d68af65b0a2b7788,50157fd24223733e15dfed5f6336cf16,2
1,5243,component-e206dd002a594e55,73c6ddaf0851b39253d07600754fc5df,1
1,52434,component-5bbdb8c1dc51fba1,0633991271d70f09da9fb54dcdecb06e,1
1,52448,component-c25ed685608ee2bc,2bb2aab01c4ea9cc9b3783e6ce4bc7ce,2
1,52451,component-28aaf2fb39d46513,c5023e014863b13bf87e14fa86db34af,2
1,52467,component-f846ccb2626ba40d,a63710d89d2df0dd40f0449d8b58f01b,0
1,5247,component-cc8583c9721b171d,e9b4eedc521bdd525f4beb51fa54ed79,0
1,52472,component-7ea8a871696f361d,4825ce3c3b578dfc6e69fbe62f2d04ab,0
1,52487,component-31448cde84ea1d00,486ce66e9d9a920b1c03d5eb1203462a,1
1,52488,component-51b3297af64e66f4,bac912309df7167c7e9f14a2fa09130a,2
1,525,component-c32ffef1ae0cabc0,a795c084e13746a4490803f5aabfda11,1
1,52501,component-0ca75f98c68f5903,c19bd3fa53fcb1d52058a87504786798,0
1,52520,component-a5f6a41cbfc2867b,4ac0d3b12a2e47b3dea0c235ccdd67a3,0
1,52530,component-01dc04de4623f0dc,848f7ecb2dc1258d21f60e458849986c,2
1,52533,component-e3b22ac966532a78,ed9dcdbcf8ec80433c892c3e477e7bcc,0
1,52534,component-addcec4fdac212ee,83cb38a6995db9d06cfa0482383bf5e8,0
1,5254,component-20d1d87c0dd1176a,12b34e75dddea2fd4bf74e8f1461738d,2
1,52541,component-5d1fb105e02ed138,011fccd64ae65f5df97b33b31d5b1df8,1
1,52550,component-80fb26d33c49bddc,366270f81fbfc77cb8ad9ae4a1ed0966,2
1,52551,component-7bacceb61ad8b278,45524034ba7ff92d3d49217ffa1ffd2e,2
1,52558,component-19e9c9746c9b14ed,dce6436825a4785e9776e0b716a900a4,0
1,52562,component-4748c5c3ccafd84c,b9ec3607074e61ccfb64f853c9035394,0
1,5257,component-53677d2d33ed62c2,8a0a2873c87e3902399d46574599c996,1
1,52578,component-82f4c7cd8e187875,8bbae9193e6e765c96deb4f859dbdc55,2
1,52579,component-195cf30c2ca64d61,04774222dc51e387c1f852c98baaac52,0
1,52584,component-7cd19f076c5d9903,5e7d49dbe86b301bfc98dd421ed6392c,0
1,52591,component-438858795b07b106,0fff769efb723849e7fd45afb7c372fa,1
1,52593,component-1814921c99a58e86,66b549960d864d33d5bb039390a2e766,0
1,52596,component-516546b099341758,d489de81c97caa99cbc2c3816219de01,0
1,52598,component-efa22b4a645d1a1a,d7c3fc6b12a8d6de98768a7794ac13e6,2
1,52614,component-65f140f34f8bbc2f,ce8e65f525d3875fa1d7622291299836,0
1,52625,component-bad63b0e6e0e93ff,217b33ca99ba66e60722285703f575ae,0
1,52626,component-3f9e41385792567d,f9c2bbe4c9df95deb85d296431768914,1
1,52627,component-d08a1480321ec095,4fffbf4739093e036ce890bc474ad2db,1
1,52628,component-5ae6cb42c927e193,0fbe4a9ba8635831fe1e5551a7ee9865,1
1,5263,component-125cc8fa41714df3,1609562bf063649c69fb5220d60fd7d4,1
1,52633,component-50d520664d6df3fb,4569562a4de36571d2b5fd0e9a0ebafe,2
1,52635,component-8b984f2a80148daf,1efa65b6dfe2fa46e283416ac3b969b3,0
1,52645,component-d487c1eadfea0ad4,384d1faa260fb289fe627c3e18c0658e,0
1,52648,component-119d8b26f733d3ea,a07bdcb40e5105ef16550928306ff4f7,2
1,52658,component-f35c6f152786c5f6,7bf636672236402583d5cb804a954174,0
1,52667,component-87e570f3a8bda377,7da61b14ac2d58703528b02bcee2e042,2
1,52679,component-ee8962ef31c7aa78,f2d4271ba5fbed6dafa42439169bfd82,0
1,52689,component-415165610c1305e4,e127e02236fc96fa07e1489da3d096b6,1
1,52704,component-81339bf52e9c1dde,5de363c3bd54f4f7f7541de98faeeaa2,2
1,52706,component-494c9d609614bfbf,b1034d4bbf2f4123a80612e92c981e04,0
1,52709,component-8ddec6a871b9e147,34a080a5544d76530c70a8988f2d2fee,2
1,52716,component-041ecb6747dbe5db,75ff2441794c680313a00fc96c8aa1fa,1
1,52718,component-4e58c35d7d7ea9b1,3be08637e33b2f3ceffdbfcb5bfb8f8f,2
1,52731,component-55f3e831f9a70154,4fac5f9fe78f2c561bf11719669aa940,0
1,52732,component-72ac13fa6e329700,c014283810a2966fbee95a45aaf8cfdb,1
1,52738,component-763436845a98a394,0f278d92c223087f08433fa332bf658c,1
1,52742,component-538f79643bbb5c32,89747d6420f6aa2cd8e5095189a11565,1
1,5276,component-1d653df7edb962b6,eba4f19a2360a426d81530e67f7b5a52,2
1,52768,component-0501139cf700fc8f,e92880e5e49eceddbdf8afd15c49ca07,2
1,52777,component-eb7b8afb3d67757e,104014b2a1c71c2eda44f482309ec0f3,0
1,52778,component-68aa3667434682fc,b1fa70f5755a4712b89f8db36b626997,2
1,52782,component-91ff0045af911319,b13cfa90a89e2bbd33c737d750b40f15,2
1,52784,component-99b75f5982b83dd8,7ae7cf8027501971993de76b06f3005c,1
1,52802,component-a7d5711d09dd2283,700e4b12377f44a2a81243eab728d170,0
1,52821,component-79c1edae7046caae,ee3caa301e6934b6d94dee7e0342da08,2
1,52822,component-995a5cc253e7678f,d2ca0f029b2c65f4ca0e4573dcc136f0,1
1,52823,component-ea7daea6675b0bc6,69cc932ffd2a62c0590c8db4f2e4b49d,2
1,52826,component-eac51efbccf39d46,18578f5982df6ba4c56c9b1ce0702d9d,0
1,52827,component-19c19c785c14bbc0,336eaa3ba4a7d6ede88bb882d305fb4f,1
1,52828,component-7c462d6e8a9a1a1f,eb3aa51e9142b5abcb6363c783990fe8,0
1,52833,component-780f51a1f91c7de6,d6e66a8ecae79205d84924c606f36384,0
1,5284,component-7e5cbdfe81560262,7187e81b71e3ece29c2f6067341ef2c0,2
1,52857,component-7a30fcb898da8c5b,464f5f8e55def712621adf1fe373009e,1
1,52859,component-e10a90bc0476516a,2a8161b777c17f733df9e4355cfc0f07,1
1,52860,component-4679a706b00fceb1,9f2ed77edd6465d08f466393cb06fa3f,2
1,52866,component-11c15f0e44a68d4a,bc02bf044dcc6528b4cb3115290fa5af,0
1,52874,component-b527b196f488e3a3,372b8f5b870de2017d840d90b345b316,0
1,52895,component-ed1594a32cac525c,3bf6d0bdf4a389fcd1d913684e36f2ed,1
1,5306,component-d4038d81b261ec58,6592be8f54599819419d3768f5f3b6c6,1
1,5307,component-baf64c5bd986d792,cf4f0a99d39802b4f97b29049af97076,2
1,5339,component-09b48c75998cdc00,035f4dcaf50da26176ba09f8f6164493,1
1,5341,component-955dfe160f51eb72,a3271d8674248e7dd530e89a41ea7354,0
1,5356,component-9e25d9e0feebb921,f378c6cffa5b086ecb013c968695c6f8,2
1,5361,component-a68a5f2e3a4446bf,7a8e93cff0d3a94ccb25ce1a36ff7dc8,2
1,5371,component-6bc538975ee49598,359da9a83525262d91d5be24f11fb6f2,2
1,5382,component-80dd61da7ce1edcc,aa8980cf91c087c41830a1d56ef8e6f8,1
1,5388,component-b797d397acb6b79e,49870fb50755b7911d3eca71c78cf935,1
1,5389,component-a165b612de1a4c89,972db4497846d39685b5f4f54f7e65fc,0
1,5413,component-7ddcb477f73010cf,c3149f8833584a98dc0a8a33ec34fc8a,1
1,5454,component-5ad0e75a5119ff6d,eb52d852f303cd803cf73241da475902,0
1,5456,component-36b0207bd8d835af,cc28c409666cb84a4d9ff710b7a72317,2
1,5471,component-d308ddc557e77418,7b84c0b62dc53ece586b04f88a886ee6,1
1,548,component-6e2d4d3a3d4c4bb2,226544e8c0502050b089828badaaa4ce,2
1,5502,component-536b9ac36d9adc0b,3f266c8ae80f227d219f5f9e21bb3f53,2
1,5515,component-eacc30a21d89f388,775c77e695323d272464bad404a065ed,1
1,5524,component-a7371e91d028d2aa,6eaa8dd5104e4d806c966d33edcd38aa,1
1,553,component-d40fbd13d527595c,4530870664df9014a76313ce1fd75a0e,2
1,5538,component-9162dedf2f66de62,475389b642e5532ddaf7f9fa06b72fa3,1
1,5546,component-81792906f17d7bc4,991fa042911c65038ca5da96b182c7d1,0
1,5550,component-c4b606ff15bd9b86,9dc726ebb7c8085dda42cdc8df20a500,0
1,5556,component-cf7dd1665f80520a,120dc768c7aa6e2443da0b171367b852,2
1,5567,component-0da728f5d368de45,eae4a33312cb2126261c641f9e6e5eac,1
1,5568,component-e0e72896f2d07d13,f6fb51c611614030ef77fa7ddffbdd9a,0
1,5572,component-0409acd934fb893f,bd7b582e2dcfcb472fc671c4c2b01389,0
1,5575,component-69c53542ac9ee1fc,9e90a3680e4360c5bd5b85389a927b3a,0
1,5577,component-65ab749279c8fbe6,15e5d686d1d9e529e25098f1e5cc6f2d,2
1,5580,component-284c8d9831e1ac59,e7c02ca341153ac6a24e26cf0b1c67c8,1
1,560,component-6bcaea9882504292,286bdbdd3341c22029594aa1dabc5984,2
1,5600,component-e3be6803d0ccd399,b69cfc266e7449dce2f533abcbdad4d1,0
1,5601,component-8d049a1326c454ad,16eba3e3b93326861f0b6022005075b3,2
1,5603,component-a0d641ce6e7d9599,1d5cdcb6377fc9b0bac05ed5d7d4f44a,1
1,5605,component-cd52c325c5f219df,a9c2d057461545cf9d65cb8d0f757b2c,2
1,562,component-4eef24c6b8248c22,a0283fd47b9d01659b59553ac6b26a91,0
1,5627,component-1ba3c39b667caa93,59dc99ce97f69f2a74576467b47bb55f,1
1,5629,component-f39d455f5d389073,74cac88e8edee6b5b34456426d8cb3f4,0
1,5632,component-74e5927a9ac14891,f8484fc4bd173d75268414bfcf9a4eb9,0
1,5639,component-84fb124302f44af1,9151c98cf3e0e41fe1c385fe4ac4e17a,2
1,564,component-621cb5d0bdea9584,14dea25706a904ed8d04218502aeecd4,0
1,5642,component-0c98f95c5d88709f,23dfe429c56c4d7de31af4138a557add,2
1,5653,component-307faca131557ba3,9024ad1d7d82c3d65f6b1be591d760c0,0
1,5658,component-d283fc7ed27a618f,5863af1f6acc6561c6c41a0a8bc70e14,0
1,5661,component-62b4a761bd43e388,16fc3c82b34bee49709b3b608c9bed3e,1
1,5680,component-40c4fad484744b31,4f74b34df09369e00ea4281063993ba7,1
1,5688,component-8dca256af296945f,413248667062c71e2191f161f7a6acce,1
1,5689,component-d8bed4cdd2528879,e6738ad90211266b298dd4023d88d137,0
1,5691,component-264fd4d30b6f069d,4dea40a4bf2d1ca22f362c6be38cea02,2
1,5700,component-0a8e1918dfba7f19,cfe2bd2f16bc82256699fcb6ef11f284,2
1,5720,component-a2691968bc4ee478,d612d936fa15630c5e9847b078f870e1,0
1,5725,component-9cd990a7894fcb3a,391b3d1b20d2603658f442faf7209cd9,1
1,5727,component-226912ab42a1c1a4,43e9c0527fd5f76935814c27fb30c82e,0
1,5752,component-ca476f632e7e3cc9,f1dd0f6c49cd6d81fc6edd74edec41e9,2
1,5753,component-a969134526e51e5f,b6b4c719bcdbc1c1acb67577866d8267,1
1,5754,component-16608390f96063e7,574b8e5093e2421bfd88d9f6849ed5a8,2
1,5766,component-2f5499ef14ae06e8,b391b43a04429e88355e17a31d035e30,2
1,5773,component-3cccd7068e486dd5,f4a65d6c4bf6eea6795eefab95860b30,0
1,5796,component-f516cec15df8e1a5,e3b3c6bb07aaf362b31b7f9aba40fc35,2
1,5798,component-abfd15f46882bba8,621e25f2702fdfc9633896603a7d6762,1
1,5802,component-ddca54a1cb9cfc5a,342573dfc32bfc0954682692c52ed461,2
1,5810,component-04b4b3a7ae750771,15d559c815e27d6e62725340ba894fcc,1
1,5813,component-c4beddcf557f06a5,6050086dfef3dd80ce1923cb92aea523,1
1,583,component-62bfa285013f0880,256662ada5344c7b4f55fef018bd3162,2
1,5848,component-000c15d0ea8224c9,923406087831b56238ce55ccbb5c8621,1
1,5856,component-6ef6a4c45ebe0bc7,0dda78c89c82dc919ead678d0be9f01e,2
1,5873,component-70d0c93f75ab1367,8da0b6985f06d13f41ef7378f643f7f2,0
1,5880,component-c45c01c3885bc086,88ceb9e561527a229d0bd40d844dbd6e,1
1,5892,component-1e12c1e01097cf38,e2997dc6717330c1f2f656f514c2c26a,2
1,5901,component-b329c24bcd7aeba2,cfe19b61843c9763f6e2329eaafafd60,2
1,5914,component-24250bf69bbdf1a9,34e2c4539312b61e3c5520f800f248f7,1
1,5916,component-996d7e2bc68410d1,20a3078bb09a4384e0bbd2d18f25f494,1
1,5920,component-ed46f81f54d1ac6c,0b13e7e863fb098020f26095425c2aea,0
1,5929,component-87a8ea2f9437b153,6061bd1852ba5e2c6cf839d87fdfef22,0
1,5931,component-c069c53811124ed0,4b260767dc441653e40e95ef77019d27,0
1,5936,component-3d1d7ba7ee26cca4,7ad2e2173d83d1b7a08f777663c4725d,2
1,5951,component-37d2c05e6320b12b,bd28f7945476511eae2715b3bd657cf6,1
1,5953,component-5e5e556737725010,7a6561846ca6a0563c1211f1110fa932,2
1,5964,component-4e3f79891e92947d,a83edf417bb628db86e4fdba69ba1bb2,0
1,5981,component-fcee7e430b7b0618,582314a144b050561dc547dd42daba27,0
1,5996,component-68fb74e20a2f3197,b637519ab9e8b101089be3cc36ea50dd,1
1,60,component-39fa9ec190eee7b6,f7fcfeb95b834fcab672a02e7419696a,0
1,61003,component-1e156ca779506278,8c66b1414808f8ca9ec4b8b6defd2400,0
1,6101,component-da1b5fe23d21956f,414301242fa14b2f12c73ff0a81e4b2b,1
1,61031,component-112d357dfc9cb0b1,e42ba214cd678174790af580d8b5c81f,1
1,6106,component-5e81d4d4d1bece8d,a35aff3566ebda6accea4a23eb28738e,2
1,61071,component-b1ab66fd3ed34bc9,7e59fbd806c4a9c73fd3691a0c7ef0a4,2
1,61094,component-1a513c3c7e396f08,7d8ae8ff93a4b5bbaf394f882af5e131,1
1,61096,component-5daeac19ba275180,b94ce93c696b59e5d37ea83caf818754,1
1,61097,component-fccc0f9fe8edccf6,0c304618bea367dffd78dcdc350407cc,1
1,61098,component-735a5f506fe8695e,bbf65f1a4be433567a88eb19eacbd626,1
1,61099,component-d871458a1c9e1976,c44a7a3a8e9a0373c45a26709d59263e,0
1,6110,component-7263af08814e1178,60a51c06c5dbaf3d60a1e60d57296a65,2
1,61101,component-75421ec9b6c5bf7e,bd61bf1c3f44626bb926b5565a1053e7,0
1,612,component-55f0124bb79f5c53,e5859deaeca879794110a86d3a9a9b2b,0
1,6122,component-4c1ebc7f52836d8f,2cccc2011afdce4df8b137e14175b7bd,1
1,6124,component-4da12d0182c80c95,879e7d7e90b3ee4098d85dcbfd17f1ad,1
1,6135,component-fbd7e6d85ff9f6db,001319e50afc4414ad0a30665c1e7ed1,1
1,614,component-fa7aec4efb728534,4524eed1deac78a6d9d3ccddca234900,0
1,6143,component-8cf09082d6b1526e,1946087f24e740f4a5e054f16f8ccb1d,1
1,6144,component-0ac51e0dae7572ff,f41c0110e44796ffe13bc502a8aa63c9,2
1,6154,component-15bbc4915ea98440,4c9a2ae36698996740daa8a0b8049056,2
1,6156,component-fea2ab9d009eebd1,1028a6bf17807755817458b07d7cba72,1
1,6161,component-9317824a5a58e32b,7946c270d36bf72fca0423c5c8ac7a0d,1
1,6162,component-519b10be54472758,2339af551c2d872e9571d6d44dff1ae7,1
1,617,component-85ea151b8c5b5ab0,ffb58ce2ce3231787c4a13cdfcf21833,1
1,6174,component-982cba6c0950686e,efb6a328f9a9ba885c960c102f38ef89,1
1,6178,component-db6479551754db9b,ba0dc03172c25e6d5447ed43324a7021,2
1,6192,component-ce1f9e5f2424aceb,38bc0220b98aa8b509cea77a3f83fdb4,1
1,620,component-524148f24802f8c6,21b5e86baa425dd06691d000b32885d8,1
1,6204,component-f56ec1c042b23c79,ac9b58fbbf3829def5e7dd36d41a2ba0,1
1,6210,component-8e8f006b6cf920b2,0ae8916e8789174608433820de9e0658,1
1,6218,component-eedb339e78fb2457,cfe4f82b3904d43d3ced92ddacdf2a25,0
1,6221,component-ffe8cdb5245e8084,45a31cf20f75c43fda2ca02e13d8ccaa,2
1,6224,component-25472dbf66be1e82,5a6003fe205f42fe57576f14476c3eab,1
1,6228,component-5b328cf43d53a589,bdaf929c82a6392444ff313f24cb34f8,1
1,6235,component-f91f00516f6b9a94,cc085e1450b076f7d4bc7f794acfaff4,0
1,6258,component-27a9f593af9ca21f,12f7b9d29189a2a9c1a6bc74ddf7390c,0
1,6277,component-aa0f7dcb54c74ab0,4502756acab2f4f12ebcb8ddba6fe6b4,1
1,628,component-67c312330b0371a0,0a9b698d92153cf30bf625a7d173e99c,0
1,6283,component-0810d383f0c33cf4,4922ca43e281498aca318f9cc9203b90,2
1,6288,component-9be87048f0913385,34effbdaee47d4de96c8181dafb1b255,2
1,6294,component-4050734752b34be0,a79a40ae33c364e0c26a9bf9aeb5ef26,1
1,6304,component-328de8c25c7c7d67,ae3f3bae24603361447b9093e6cd56d9,0
1,6307,component-cc5ccfce8c22d754,3e52f65d1156650803127ec37852b880,1
1,6315,component-37353e9f8e1ec72d,252512c5d017f3c854d0557faa52a26a,0
1,6320,component-d1f3eb45593b9a49,fa1de1473d24d0f1a5a3fa8b4d2331d6,2
1,6324,component-d934ef5cf6f98730,74c6856c112bb15614d61b36d40c8027,2
1,6337,component-ea6dfc7c35c52fb7,6e82ff7c5977236ce6b81c215673b268,0
1,6339,component-64f363361a0acc78,1a23a403ff7c60919c048c1261b9721b,2
1,6364,component-527ebf43ec3e2c83,84dc50ddb9fa089e1bbfa0cac849d97e,0
1,6370,component-a36f81f0501a061d,91a623833d8f2a4ccdf50da9baeeb008,1
1,6374,component-759bbc81f28f218b,31186e7126446689680f04eb237c03ea,1
1,6375,component-a08926502ba797de,8d2d09c60f3d9eefc7c36e74c19cfcc0,2
1,6389,component-44fe5cd136d507c0,3300bdc8d2582f66a85da006378e71a4,2
1,6392,component-05fe5789313b00ea,31d982922ee73a86795918b1c6476a26,1
1,6397,component-808d3b2985495841,a3c1cbe4f8ba3ccc11c9120d5cdb985e,1
1,6407,component-a3244ad461cefcce,5301eb39ed694f5cebd519ad0143fdff,2
1,641,component-455ae2dfc77dd775,58739bbf0a3a31bb9d081f32ead884c3,1
1,6418,component-277fb860522930c1,515d346898f8fcbdceabab8eb3281d05,2
1,6422,component-e9a82b29d0a30975,f7d89906c6d77cdf4ef7a34a9c41cc06,1
1,6423,component-95d3a6437b56fbcc,09a34e1f54b940f2a4466d691f4d2596,2
1,6424,component-66dcb4a67145fb49,261202a946f30f0fc56f0b480f1d5d05,2
1,6436,component-f670e8a5860878cd,b450a295b481be6717f6fe92c7078685,1
1,6440,component-ec00669143d20646,d4ccf7a35397c75c04f6ab50399c8888,0
1,6443,component-996379383479fea3,1fa3b533d51fe2660e6d7c406b0dd38c,1
1,6450,component-343a813f39acb703,127a4ea6509038f4f4b1a81fe88a62e6,2
1,6468,component-9d0f9740bf708828,1f582cc049e05f4b4c3505e9822db8a7,0
1,6472,component-a058442fa0f684b0,4809b5b6d8393f9e6400c258e59d51e1,1
1,6492,component-229d778e0fbe6de1,766409fb208a77a8ba677803cc3ee4d9,2
1,6499,component-08500acfbe7cf012,25c5563ad5b1ab6b39732b55945ecc7b,0
1,6502,component-724229f1cb241cfc,9fea6db3829ec09f64c987dfddbd801d,1
1,6508,component-b978553db8fafbe2,f10cc048d6f78ceb8444891af0458953,2
1,6519,component-402ad93001ce8b99,c6ce5071967ff49ae07a4b70d287d65d,1
1,6524,component-9807fe182f3dc625,440365343708d30a1794fb5f70ba7ffb,0
1,6535,component-9e41f0b66ee4706a,330eff07059322d61334313e1568915a,2
1,6546,component-9d5105a5f4cd1839,3b141ab032140aa3de0c2b42b4029b4a,1
1,6573,component-845548b9529063b5,dcea6d5ce2ae24a6c32308d7cee63a8a,2
1,6575,component-0cf9e335a07c2901,f6599dbc5ff01ff84356a88d406b5bba,2
1,6579,component-c7ee488de027cdf2,cea10dfefdf560107ff136583674621b,2
1,6582,component-7446b0b2cec27cb5,c01ff3e3272227c80fa9bac66cec3b74,1
1,6595,component-c9c0d0bbde6dd877,019791146613cf50e73fff667eda85a0,1
1,6598,component-01f41d718fd7622a,3d67d8a159a2c7725d6150367d84db8b,0
1,6602,component-42ce7d82d38d27c5,5f8d45777b4ad355365f24b8fffadda4,1
1,6603,component-6b7439e60b94dd17,34c152af8509fbdc07e5a4322565f469,1
1,6609,component-7f629c62b406f68b,1068c62c829432f0e3ca3b42a13c1033,0
1,6613,component-3901949960a83f31,1e9818a4048994e35e0128ae8ac522d3,1
1,6619,component-fdab00ab9bee9fae,6015a1f726df265644488a4b16fc89a7,1
1,6625,component-e09178c40736ccaa,47e633f96a583e6243b779e86f8029c1,1
1,6649,component-be67fb66b3bea87e,3d7981070ce2b8079ca83e5375297a3c,2
1,6696,component-a2e06365327c0511,1431a479600cb7cff94fef842fea47c5,1
1,6716,component-2502b2dc9bc65b9b,1440728ee0b21fd5c42931f271b11bcc,2
1,6717,component-089d6b2fbd5ecaf2,e1b70e4a2a8e7bbef9a9f8ec760e7f61,0
1,6720,component-3e8ab67ce1b66389,d41afd1eff3ad1c4f34c9e32dafb34d5,0
1,6729,component-9dec6a96c55e8889,d8205beeabc0fa1993d04a0755ed814c,1
1,6732,component-c4be3389854d34a8,10b7f9f0d67f973654d9b44fc8301d57,1
1,6752,component-4f5966fcb2f57653,6fac1d36ef059da1d5626be26ef66c52,1
1,6761,component-fbb22a4931787115,a3c630d16b28401b856adbbf01228490,0
1,6768,component-42f8dba2c87626c4,f6d1324a5f369fe3b29dcc42eb5195c9,2
1,6773,component-03713c9bbf6502fc,5e96aed1fa22b375d0fbd7de509298ac,1
1,6779,component-0376a3d5aeb3a471,c7ed8ef66917af06f693955c21240f92,0
1,678,component-cebe3d9d614ba5c1,afb2180c56fb5edd5609e42cb126a8b2,0
1,6789,component-499bc7df9d8873c1,6c85ecfe528b074c82dfe5c5aca29ae0,2
1,6796,component-97edd9d31897ea17,0b4653d6904b84c666e99f58c5bcdff1,0
1,6799,component-cb317a98d4027545,af6c6842b65f4c881b9094c4bf8a0e41,2
1,68,component-a21855da08cb102d,ee01bac1b12787cc4cc330995663ff0d,0
1,6804,component-82246180d04068a0,e69a720752b92aeb6855ac2cfd33192a,1
1,6810,component-77264818a004f870,7d1650db049e815d1bafc341373dbd65,0
1,6815,component-905daf4b6cccc722,be8820d9148efc2275f245486d71729c,2
1,6829,component-7bb674da8d83afb8,d952df87c1d99a415140db3ea7d18bfc,0
1,6831,component-55635dfb6830783b,084a961b703576a50e36f2850f29cad0,2
1,6836,component-6da57e02084e6145,6b23be67994ed1ae6d0f645f55e1acb8,0
1,6848,component-2dc366499884c061,b9f7cf4a4cb6df2699f4daf461ae5a37,2
1,6852,component-3fcda963bdda4c3e,b1b566983d22b3511356261598fdb44a,2
1,6864,component-3e80bf742e71a2f2,baa6e0aebfb108b83887ea4039713021,2
1,6879,component-d7a0f216c42519bc,4f91cce1a565afd27d467d27645b65cf,1
1,689,component-fc4fb94d36f45aa9,fcb70b41b54f7aa6e618a30891fde569,0
1,69,component-c75cb66ae28d8ebc,2ce627f7e15258453a2597dae1243380,1
1,6906,component-3dab31dab247d9ae,7a7d87d76d2cec9fe5372d83d158bd3a,1
1,6907,component-f4c93868660b399e,4ed403ccd069a7cca5fb13541036f896,2
1,6915,component-dc345d015a47a211,f0f5503feb7fe11e2f5b6be104dbdfb5,2
1,6920,component-28c83f4635d193b3,0743877ee40f4b9ec5bf92195381ed2b,1
1,6928,component-f0713c25aafce007,00c9af4e83d550744163f3ccafec182a,2
1,6938,component-62022fde6ff91597,f7dff1a8f636366c76cddabbe1fd5021,1
1,6944,component-918ef45edb9f5d08,b57b9f3fbce1097d104dbc1c80bc0f1d,0
1,6950,component-da7ad11e10c38239,ee785e665ef15db7eff9b9e0d499ba51,1
1,6953,component-443935a0199700ef,0037e33c90e66d45636edc6fdecc8d83,2
1,6957,component-310acd4ad5174912,823918414dfd0b4e63c8d35d33a35187,0
1,697,component-d6723fa996ced477,29b15cab603b32dfa151eec40dd536c5,2
1,6981,component-5ba38c9dc42999c4,f7ca72b2f3d9a3277cbcab517cdb7e06,2
1,6987,component-413285aad9a95e1a,93388072cb20e201c4f1bdebd724e134,2
1,6989,component-88c821898c75be84,726e1d5b6fd7eabeae1dd8a77a34e961,0
1,6997,component-40f7da9e28560522,f36c4c9508f9ae22f2f9b3033fdc60cc,0
1,711,component-2499d690642faa4d,6afdf6852ed91a22cca496c28bd01ea8,0
1,7113,component-e02be5962e51741e,6b01709a93a0b4923b66edced579cca5,1
1,7118,component-eace48a195da1586,db5f8888fefccf99ca331c81200a224d,2
1,7128,component-2e2195595695ad1b,189129d640e627171201045cb3a5fd5b,1
1,713,component-40f8d6d22b99ea33,3f4858508beaff4eca0d8b8a8111b0c1,1
1,7134,component-1cf48271e12d3b2d,6e238108bbf1fdea87e90fdedadfe697,2
1,7135,component-43908979b8b2d28d,86ab6aa773eadc55d4034928e050cfa5,2
1,7144,component-025f8e0fc8234530,f78ea9843aef72714da760b86302c51e,1
1,7146,component-3b66ce5fb84c09be,3bde2e5473c55aac3513e7cdde442058,1
1,7147,component-2542d2e97f798ab5,880f5d6437a5d7571a88ad121b529e83,2
1,7157,component-4cad08c00f2b8586,a663e77fbd8571eba57e1f28950ffc89,2
1,7160,component-b65c621c6c0b4755,91f299ae61bb6dd99b4abe4d1ebc1c8d,2
1,7161,component-a30a53f725617a62,7d0c63aea4111055e9db2ca4cdaa11ec,2
1,7164,component-31d77204192be71d,b26ce8b57b7a06edab8e0ee65177d1ca,1
1,7175,component-aaf696dfb23bda5f,5e156cc1a36cab5c71a9971b42d45c6f,2
1,7179,component-e474339b073f48a0,dbe29a9af5d7ca8304d8d11101d5393c,2
1,7180,component-de0472d2dd790e06,4ab68e84fd25c897228910a47d6bf35e,1
1,7187,component-6493b0d4884a8d45,c0dac2e8062e9ab35a21862e88cef130,0
1,7192,component-0bf74c7a20edc358,54ee5b41e9d49ee7d5fcccba2b991657,2
1,7198,component-0068ddd8e47ab646,2e502068883db0ba0da4bc3391d424ee,1
1,720,component-d829857eb1366e70,6de9ceb4404531323a4f408d1d0a775b,1
1,7200,component-3c5d8ca315f8c36d,d03c1b634958b432d30976ea42e5ba46,1
1,7204,component-ed12f17149c7e7b5,c12f3d49cc74731bbba3b59659c19cb0,1
1,726,component-9dcbe7e30f0bd608,a9fdb79945ed7c654fee9c0d33cdacc8,1
1,734,component-c2a181d8178a9f75,f43b469e12ec98b2c43c5111d1aedcde,2
1,736,component-2b9449f314bf9314,86008fc112d5c10511094ba6515927ff,0
1,740,component-234666d765f4c0a2,70946d0c0877898101024abae8b93a85,1
1,744,component-a15faf6f6c7e4c11,3f0df18637d41657c051007fb58ded25,2
1,751,component-d3b913cdf3e8a797,1f52006a564815250203ee9a1c709670,0
1,762,component-9b6c13f0d182b253,01501eec54f6f0f9286f079c7b23b589,0
1,764,component-aaee0ce51abf0849,fda6ca4b816e64a5449378118ce36a59,2
1,784,component-ff108b68b0e9bc1e,6adb16ac50459f21f6e6c1ff0c11d6a4,0
1,787,component-fc091d39524c9d4b,15969c5b5703200c0b795d90c0c10798,2
1,797,component-f7abf2a084c3668c,b56186090e9efc6ae70059bd40ea41f4,1
1,81,component-5316ca1c5ddca8e6,d489bc879f6b845ceee7a6754cc89b4b,1
1,815,component-96da2f8885ba92c9,9cbde785a2db62d8e7952ee8b442470d,1
1,816,component-96bb293aaa330ef3,8225e1062d1f8912df9df82738258f15,0
1,822,component-f391e014b2ee3a42,84e2f6a26a59966ad3f60bab3f3aeb11,2
1,825,component-10e4e7caf8b07842,ac9a3d6f8c0164d98df07c8d21efe239,0
1,84,component-44c8031cb036a735,99812541ba69283a4cbdd3de8beef141,2
1,86,component-434c9b5ae514646b,47ded9f3cca503dfcab257e55a58ad68,0
1,90,component-69f59c273b6e669a,93b780725b847bf731be2817fa8fa74f,1
1,910,component-39e18a493b913441,5812d0c9932e64c2a83b87e287edcf78,0
1,915,component-b9dafef03fc90f65,9038aebf03eef8a2ef2fe00fd688bed7,0
1,923,component-b5a9ede9a93528be,41e9d0a7b7e43fc3b15e1b67287279da,1
1,93,component-6e4001871c0cf27c,9f24629b03b67fcfde96922ed826c636,2
1,96,component-7b1a278f5abe8e9d,409fc7a72d5d8f3eb2df0bcb7fcd5da4,2
2,21,component-6f4b6612125fb3a0,56a75bcc6a524cfd42ed603bef923e85,2
2,2105,component-9c93522c01b6a1b5,50ca28f275838edf4b8744a629543dd2,0
2,2109,component-62fb418140a7ee41,205b46648f147e1a5ef52ea07af00af6,0
2,2115,component-4459b2909cef1e99,1960761e30eaf699ec8320c5fca813dc,2
2,2118,component-1788c74b1c926286,c079d2fd7e1214f5a318eeb1cee5a7db,2
2,2120,component-016562d2d357325c,4005ca6527b27dc147853df3387fca12,2
2,2129,component-33f849de3622f07a,e0eb5b76296e8afea61767d14c2885cd,0
2,213,component-d48ff4b2f68a10fd,f8347c3a2b59b3bdd27a1b275ceef1af,1
2,2134,component-daab3aa68185b677,36542ad464958db9867f6a7844234c35,2
2,2138,component-b3773ecbf7494c6f,69451de02e2c26787d69a77def43c5be,1
2,2143,component-21113a3f71a6ecda,605bb37881140f45cfecadf22e83eac7,2
2,2144,component-db6529e972a44a4d,89e5c16e9c4661550ca5a49007af19b5,2
2,2145,component-41332273b0913dad,cb83b6f7181863ab7ccd76e203fb2a9e,0
2,2161,component-f2bdda2192b2a979,ab32e118a4221396910a04bd1b42e3fe,2
2,2168,component-59933d776452c8a5,e62a8e7687dd09e9edb49cdd79ac81b9,0
2,2169,component-e2135c76ca7863e5,e5950c8af106349d3bde77b92b587c32,0
2,2172,component-77334823791bea53,c102a012748e4ac784229ac8f1932777,1
2,2179,component-9e6296be2bb963df,b0cc72b05e56c62f78c7417f5c0fc7cd,0
2,2180,component-25dbd7ca6d959934,e1cef712b112981646a3a7af02072884,2
2,2182,component-93989d0f14e7ec63,052c3661f71366f3b0bbb798cf69de98,0
2,2187,component-2d2c33c52e3df492,fe5e7b6eb0d92b112cb558c9628546c0,1
2,2193,component-d1b0b7687f7bca92,b871e5cc66f76ca04b55866a15dd4665,1
2,2194,component-24210acff902c1fa,175f826e4bf4ef42ee78185537248c81,0
2,2195,component-5bc05e241527d767,b862b6c8067666d74b0e1aface0b0d3e,1
2,2210,component-4321a844ee760ee6,60fad6da449d8bcc404eeb07b1bb643a,0
2,2211,component-ac1964eb089654e0,8ed96462e14b7e08362c992268b31ef3,0
2,2212,component-05c8bd5d4dcdb18b,5898c37a9a46b8c9b289c24611253043,1
2,2218,component-58763bceaddcad67,8bf45189c0cd6ac9db540664ab032a25,2
2,2224,component-9d9f3c4ea93d3640,21b28f3c505cb053361b9073227889b0,1
2,2226,component-cf2661b79280502b,0cb857d86212393e9ad6d210ed3e343c,1
2,2227,component-2730a07b09001328,c2df42f2a4614a641d097d558dc2e0c6,0
2,2228,component-3f14a60b7590cb27,b446e82d7880da2ac09bdfa1fcca6753,2
2,2230,component-903a4207be29cb52,c68ece4523fd19464605632c3632e0dc,2
2,2231,component-b847856411aef26f,b9a4169a759025fb6031d204a5f82aa1,2
2,224,component-84a5092e4a5b6fe9,1a294e5ade965c4d599b18c0dae9fc70,0
2,228,component-9d693eeee1d1899c,b83c0d7f087ed2c736f31962ea1d8e17,0
2,23,component-535fa30d7e25dd8a,2ec85e1f6cef3d83e8d87b3119640cfa,2
2,230,component-a0eaec5a55dc2f5b,db66ca2f0446d1b946f395b720b518ec,0
2,253,component-e7866fdc6672f827,6ea358bdd2bb85cd3a1d85667dce65c9,0
2,255,component-9556b82499cc0aaf,18fa800cc02bc318c94d6415c23172cd,1
2,26,component-5f9c4ab08cac7457,fa0a4aca7afe8e9562355122b283d553,0
2,261,component-e888a676e1926d0c,09dcac2ca489e8cd6bc7c1b0c78fa8e9,2
2,271,component-3635a91e3da857f7,29c04fe1c8b2c4bc979ee3ea2ded76bf,0
2,272,component-1c6c0bb2c7ecdc3b,0772472833698004228e919149c69701,2
2,280,component-7f0a22117f8fe017,7e151ab9958bec33ff7d260c0003c16a,1
2,281,component-71a1c003a2b855d8,7941a524af14db5fab1eb72f815781bd,2
2,287,component-d7cdaa5ca0582076,ca219a7015d8f23e3760343f213f27c5,2
2,289,component-af180e4359fc6179,a898deab1798d35f3befeb7ddee39ebd,1
2,294,component-2cfc8ccbd7c0b176,2fbef97d89a05cfd623bc37ddd434d5f,2
2,299,component-308831041ea4863c,a684c0272177a378423eaf691dc51863,2
2,30,component-624b60c58c9d8bfb,65846af3dc8205fc45821efda37a6b44,0
2,31009,component-62685f4ccf56fe93,dafb1d4eefc26050cf648702aeaf3e3e,2
2,31015,component-816bc02fbbf88f8d,47a9c1bffcd06af0b4c7222592e6e71c,2
2,31021,component-984810c200880c15,4d82215ac84dc6962609bce7dde2ab5e,0
2,31029,component-b01ad0e16a64d27d,cc22064d0f2e9dc107b71f128d12132f,2
2,31056,component-f1b86817730760df,1c22eb9ac3587afa26de83acc19b5772,0
2,31062,component-625d5d53a985d0b3,e7d632e4fd32c99001a812bd686b3786,1
2,31067,component-1587a463ee5e41bb,3e52cecfb9079ca67b8369f67164b402,0
2,3107,component-e68adee72e4d3c42,21f3f81fbdf331fdc8eef7c975079d3c,0
2,31070,component-479184ba020423a6,67f4391809a0901097f29c9d82f9d418,1
2,31077,component-8cccfd6feb340e4c,9c63d643a2337f34ef45e442786aea86,0
2,31083,component-0f1f13ef2ed5183e,627f2acba04973368b49d632795f2762,0
2,31098,component-8a963628795cc850,520b2c51459c7023be14937957e51f7c,2
2,31116,component-c26417a92eda5be6,8c86dc5847881aa923ade7023b47b2cb,0
2,31118,component-f6fb5309a1e357ce,0908acdb1bf458e9692cabe5fca0ab77,2
2,31124,component-86be1e022f34aae2,737684e5c8756849c4caf4dc75bc72d0,0
2,31141,component-c3111bc677b90c56,d498bfc4525861a58ce664bece576d2b,2
2,31147,component-a7a10aa77202fc10,f7bd16b5a26dadc65d362f5d0fe0ba10,2
2,31154,component-4b30823e8e3a82df,8e8334b3b8232a6feb1cd72f5935cb2c,2
2,3117,component-a7371e91d028d2aa,94b6229d5895208ff9529888a4cd4070,2
2,31174,component-e154f3b0e8666247,c6d7568dc8ae8811b077c444876a835c,0
2,31177,component-0a82de0b9561ea87,f3ec2a1bc9c25030d4e35b7ca1444a71,2
2,31179,component-7759489f703ee03e,0765dd660474a38631f419d84d3483b2,0
2,3118,component-15d84d60575e5e65,94122fbc9f7c40882d583faed3fcb6e9,1
2,31180,component-2d3f2d14c058e044,1a7a889d7acdeaa79db9f740c3c18028,0
2,31183,component-f5fcd155b5f58783,2c0dcf6ab7c40921f0150f31ce6f5182,1
2,31203,component-eaf3a2df0fc44d5f,9900dbb92da294971fd781c3f4829d6d,1
2,31207,component-413305cffb6af6aa,0dbf4a58cf4e4951e686be68bbc767e9,2
2,31220,component-cd110b42369c38b0,6398fbae4d2734fb10ada0c1e48f0af4,1
2,31227,component-7e5ee7fe75e70ebe,6af6d5435c069428dd27e2f4f3c0dbda,1
2,31233,component-c55e87c102a3c7e6,6037d3ee8c41899a6f997a1984844dfd,1
2,31234,component-9845d84fa4365361,5d84053b1c1cad5134d4579a6e2670ba,2
2,31269,component-082f83a7e6a08543,60d1c55e8f834c7f7cf6c82e2dbf7783,1
2,31280,component-03826f1c0aca055d,5e594e58b21e03bf20982bf5728c6b77,1
2,31285,component-bf9e705d0081f269,c9e94b23bc222429a71db651222cf8e3,2
2,313,component-8efbbe9bc19ad2e0,8c706a521445f742de4e47bab1bbb07b,2
2,3131,component-656d5be9b8439710,1d6a3902de214de4307b74fd3f6463a0,0
2,31313,component-1875853a561ecb98,85c92d61e2a959e80696cb20cc93e434,0
2,31332,component-965e70fde48279c6,6f1cce838f89fbe78b3ddc400382dd77,0
2,31338,component-59dac82d866bbc1e,f2baf9e0c987e8edf95bd34d44130f26,2
2,31340,component-b448a663632994ad,18d6da91e10697b3ec732d56bd68fd8d,2
2,31346,component-c42b889c9b09651c,779ffc5af31d8a273a59ce1cadc36be4,1
2,31347,component-e62117f7b8d2cbdb,ff1ef95b11f2c2ac7bc6dc67f7099add,1
2,31360,component-d00188e643170f07,0d863f1e297c7f6ef64d9118e87fa281,0
2,31361,component-f54ff4900bfc30d7,1398250c781dea5b21132884d11e0fb1,2
2,31378,component-6f351bbf526aa8cd,a833bb6b0ef78c9ae86b3da33e4dee5f,1
2,3138,component-206b16537b0e6534,5c36db4b5537c20a412437ff0d2766a3,2
2,31382,component-1f41a4cbd46ab745,0c473eb316694327d26b4bcd43197359,0
2,31387,component-099e0e3971a4fbd3,255e9414afca4d8219d1079a138a19d7,1
2,31398,component-4d8800f32f42bdcf,918798c6920d19e67c74c5cd63bb44f8,0
2,314,component-748064be03a08df8,3d2a1bc8fa490df3df22c9e2e844a381,2
2,3140,component-3a892eea646c4e4f,844f6334def3ae73d68941293ba1a810,1
2,31421,component-e066ecc2de42566a,4c7ec460b8dcf3e8bdd3bb41f34cf1a8,2
2,3143,component-7dbc9e01698ff644,9e79caa0730d9cdf96f9094e682cbbae,1
2,315,component-377adeb4cd4096ad,61e938e732787ffc421ec63cc232865e,2
2,3157,component-0b9dad0346d25b6b,642204b130994203de0c9cfe69d7f798,2
2,3159,component-ef5839d610a3567e,4d40af8f54708f087b458f72b12ecf11,1
2,3187,component-d5b5fab21d68556e,2c4c0412800a34a81e2a322ed7cbadd3,0
2,3189,component-ca0f11ca98da8843,19c1037bf616bb87dceb485d85397519,2
2,3192,component-59f6c59d4e41b4a7,4d896f417fde9960a21f24dfbc5285a2,2
2,3195,component-fdd25b9aeb3d9e62,d993af4d86740fefa7a4a942936a9d15,1
2,3211,component-4a8ed6268c1741e4,e1b2c1b21ad212cdb9ae245a10afdb13,2
2,3214,component-1ef3f6149e996293,d21853a98ab1f510c35880b76d670d35,0
2,323,component-3949ac1596ec7710,f1879899027c06fb429e503e60f5c1c4,2
2,3233,component-84d133d968520db5,4e7e8267143b96616ad6890d9b42ad19,2
2,3237,component-078468f27b81b84b,31a243dfd89737490e25545aa6240d74,1
2,3248,component-59ae69c1396f6995,e359348a342d04b3eb4cbf89abb9da69,1
2,3260,component-2fac394011e7d326,ea5637f9b20a8d9c102fee7963b08aec,2
2,3267,component-f35bdfbc3b7e089e,ab2cfc1c998249d47f74dfe08f5f45b1,1
2,3272,component-f0ca4b323465b546,97a9b9096695cd89f6444982de2c0fbf,0
2,3274,component-e118593a973128c9,0ba8f65361474523ae17bf128c8d972f,1
2,3283,component-9ca5e9b3a5cce0e6,7813a970112c652806926c7650e4ce6c,2
2,3285,component-aff4b5855447e95d,5a384f5d903d44931e23a4af13556b8a,0
2,3287,component-bd7f4d53f4b1c920,dada0db86a587491505f54eea24204de,1
2,3292,component-7ca2552ffd0e38de,86657bc676b304780e53116e81d6868f,0
2,3302,component-8b0a2da322fa2e15,8078038a8fd5392eca0f8ed2c50193d9,0
2,3315,component-715da20ae91a9708,bf414e1bf3a80f40cca0781cdd656fd7,2
2,3319,component-e40f403944f152f7,b6a29188bfe6d4920991ba77f0a97bcd,0
2,3320,component-d146f0489a920009,ae14713aad43a0e9eae27490de1264db,1
2,3325,component-f025893712b09869,ca523250243fc5d9c72e2e473b4ea24d,2
2,3328,component-944db51d0e31fc3a,af78e4c65e499777d22103159e58380c,1
2,3338,component-312e13097f2ab4e2,2a29fb3de5f49909667cf9939e9e25e0,1
2,3339,component-4cf84afda7c7875b,d97dc54a2c25bdf65f63104ec2692954,1
2,3344,component-15fc36b3e80b9d7f,7b2933330a967478611fd03043a726cf,2
2,3348,component-33d88765a856314f,3753946c36ebe0221408b7bd1ca31ada,2
2,3360,component-5abc1ce2653dcfb7,921813ea6601b06858909c4fe811e281,1
2,3361,component-e8202f39fad74acd,5c25fa05ca9355cd7c5a12b496bf1eba,1
2,3366,component-0db1804a6beaabd4,c2bdfbcff7b28b7dde3d44cc4e7dccca,0
2,3370,component-b4587def7726374a,53f0cfb20da565fe22ed2094edb51767,0
2,3373,component-5ed4cae00638d8a9,2d384f65ce2bffbe4e1d34791d2a901b,1
2,3399,component-5f829f9e9b41706a,464789c8934478e0442aff6211fcb0f9,2
2,3401,component-6e04efee3c6eca4b,a70384f0a87af21a5fdbd773ef208372,0
2,3414,component-801f8522550bb910,038a95cda68a9de574ae6924e69bf88c,2
2,3422,component-885bf40616bf1c2c,3c5fc7340c6f3d5ea1703a2741cb877f,1
2,3423,component-7312fa1be2ea65d6,14d3088c97e8f11acf5af177d840992b,1
2,3426,component-4c5f863a279220d8,c078dad552281489dddf4177f9a4d42e,1
2,3427,component-724d2f1a49d590b2,efa02650d90d390afb01485a2071b6ae,1
2,3436,component-a26dc55ddff93202,0801f04c0539a325f08eeafa3cff42eb,1
2,3437,component-5b36c44d19053f9d,9dbdddaedf5579a186ca16415244fe0a,0
2,3440,component-d55f9f377e5f6239,21e5c3c6029cf205ceb6f19af9d507be,2
2,3443,component-3504a42dccf2276b,979390a9aec1ff760cf604e95d447e10,0
2,3451,component-bb551a7a1524e2ef,83eeea7979a11469533b005eabf2f0d6,1
2,3462,component-04ad2618a7fe10a3,e0fbdb818424b810b14f6347bd434087,2
2,3469,component-895ea7bfb9e6d993,45aa0a5990ec5816238a4e737c619c83,0
2,3474,component-5d8a509aff5247a5,40ef96a5c8dc99f6085d227673b1d39c,0
2,348,component-06b2d82840e43ed8,44df00c24df3b61eeb74c17c21608b11,1
2,3480,component-75000e2a4f87a5ff,1b4be0d0b6fc2b97d98c171642563ce8,0
2,3481,component-f23ab45f058247a0,c355d01d74c969a7fea5427a2f604d0b,0
2,3493,component-24a05f4d1305d667,6d9356466d4ccc111606048aa95c901d,1
2,3498,component-2cde073b39dd6bb1,4842edea737bffbd8e1fae0b82c19cd0,0
2,3502,component-a1aef9f42364b8de,05282735dfa0171dda4d23fc253127c1,2
2,3514,component-8da11e8a75ed23fc,a040182b12f96c7d659c47c74c6029b6,1
2,3519,component-ab04a0144aaf727c,ac451462169e4c6b916c411803d2fd3a,0
2,352,component-9a72c24f2fd76561,70cf4755ba6aba2812416d5f42ecc585,2
2,3522,component-3b37ef6a1be31e06,8dec4402cddf6256cf897e50b2ab54e6,2
2,3523,component-c6fab63609e8a0b0,2e44d900cc00a651d9192e2fa952322a,2
2,3533,component-e1fe15b6ce5ddcc2,71af8bb46ef69de23c41da6247f1044d,1
2,3536,component-1e320cf3281868c2,10bbba2a38164cfd6f71a5cd7a4cddb4,2
2,3542,component-5edd8f8493edeb02,301022441efbf7f564c660620bb45eea,0
2,3546,component-e8743787bbef7d5f,0889f2b63f67fd03b79160416399f7f1,2
2,3576,component-e3680aff4c3e0fd6,6adaa43dc3c97c4b9b19b6d7b7788633,2
2,3579,component-cc49091e6a3fa59a,0250cd8de92836b9a3d006a53130c935,2
2,358,component-62a0eae98b9fc0bd,26b48660443a492f76a7f1842d447822,2
2,3584,component-9955f4a562efd60e,c6b484c6efc767630cb7768d8ede925e,2
2,3586,component-8a915123f912f456,a96772645bbe9f00bfd8ee7e5b314f1f,0
2,3589,component-eed67fb12c02e975,c36cef7dce54a6343a80775f6744f9dc,2
2,3601,component-1d8090bacab301ca,bc32782fc94a6596584dc11181b14e1d,2
2,3605,component-d3c03b39626cf31b,d679319d92bf8321625f3955cc56543d,2
2,3615,component-120e52d7b556d767,4b38da19ce624989435efbd3775b600f,1
2,3618,component-9931f287c490c562,0cf31c4ef33e3f322fa807936ef22031,2
2,3620,component-c9666ca719574009,beadad75c8c905128d177b93586ca6d3,0
2,3639,component-44a91994cce74ed2,7f079511a0dd0a6503eb3d8090ceb95b,1
2,3641,component-d41fcbf17a8ad37c,4cf916a427fb4f70f0f2d7297308285a,0
2,3644,component-487e4a2ed2f8e9b2,76a99dd0d4e7a4e463a3580cbcdedc45,2
2,3645,component-62fe739825059f30,c75ebfc467708e37479bdf945c1a21d6,2
2,3647,component-aaa33494ff99c63d,be838a93179309be9091e57ba80137db,0
2,3649,component-dc4aa707636ec734,ec0cc2abe3052fcbf7beef3ce7d002ab,0
2,3651,component-0ab77c56eece2d24,fe9a35bb16e51a399f38093c351471cd,0
2,3662,component-989e93d58ab9eaa3,a7722b7f8213371b3249419c3a245362,1
2,367,component-0788979fc9366e21,44f2e5ed07d458560fe14bf392aaa678,1
2,3672,component-9e40f86360ba8c10,4b4d927b8db69b7c284b8abda631b0fd,2
2,3676,component-e9627bf1367d542b,11324192e1d691e1fb531092c0d41498,0
2,3686,component-023998ba5a1bc02b,6d63c155ea9fb47807fbe70db367d531,0
2,3687,component-2fbf317387d52ebc,e16fa97e33ba606da9723572e36e072a,0
2,3701,component-21872bbd9f73229a,1f787f0e33f5e4f90bb0146214d09d89,0
2,3704,component-f12c70c1cdb1ce6b,d51550ee0188773e09945240995e0a11,1
2,3706,component-7af919df0d6f22df,1d1c3f3353981109bc0263dc8455e2bc,1
2,3708,component-aaf68675c4bea560,c058b823df2d0ba594f6719ce1992542,2
2,3709,component-ace104f589733dc0,9543238c92e2ea0cd7b304e61800fb6d,2
2,3710,component-ec995be98212e07c,990a6823e96f84580f55412ceba84030,0
2,3712,component-95a10e2b95576e13,256f9623142a836ab2375b1c292e4195,2
2,3725,component-8b088301586d31d3,0fd4ac8303bf7f133df00bde32bf7eb6,0
2,3726,component-66c2d265640dfd6d,5256fa39a161999c15097bc72e35c63b,0
2,3733,component-d6c29d5bb1162b7b,7069e66063226ff50087982c7607fa2e,0
2,3734,component-cf8a6f1162e27586,db42613bac99c60e14c337e848846f7e,2
2,3737,component-f021014960c5f61b,a8a9d64618129b6a9b783c312b42b049,2
2,3748,component-8d7c658f9476ff2c,270f3d4ebec20fcc04550a4f3e47e82c,0
2,3773,component-3ca74779bdf0f0ba,b33cb65d7be029c7e95444af944ec638,1
2,3779,component-5b382a8191264f07,75120f03a6e9a13e0f9a98684618ca13,2
2,378,component-21ef779311a43f0e,dae593682d1bcfeba08fd58a4b2d12be,2
2,3797,component-38a0ddf1476fb458,9db630844b3a38b2330fd4a010cbe3fd,0
2,3804,component-c2bebd7cefa36811,3136ac6bff1ab827a48b9323b80c2c44,1
2,381,component-392a52e4f77c40bf,1d1fe85f33ce84be14716ba3ca1d4341,1
2,3811,component-52c5a260883bb901,d425d3b4def164c7566dbe9e740ae260,2
2,3816,component-14cf3f00fb27765f,3e71c1cc7111b653dacc02cfd1cabb47,2
2,3819,component-349a066f98abb7d6,338fa3ad51627a8783f81e6adbd0e855,2
2,3830,component-c096d44ca5d254a4,a3ead00ed6f06cf68ac6a268281ef243,0
2,3833,component-93495fae156b6769,8bdc2d55bec27ffd4d557987a1140d44,1
2,3836,component-395a0b5c72874497,ac6a4e91d29b7f329db3f3f2c1d56a01,0
2,3857,component-e3aa235a10ec0805,c7644636064f41de40397e04e6e0b4be,2
2,3859,component-17d30b9a2e6f98d3,16a19cfb9689e316964d28efe8f9f283,1
2,3864,component-3eaeaacc5acf161a,0d69def37fecc0210469aa08d6fc7a89,1
2,3866,component-e41e141d6715f7ad,0fd18794c0d66bee87d07ea076ea77cd,0
2,3868,component-2a2005a19dd5b0c0,65d198f46cb2987870b3c812b1215f77,2
2,3882,component-af8637ccf1fe693c,b562dbc1f17ef6d3a38de55e078bfe50,1
2,3884,component-b023673aa0a8e809,1ccf016c08865d974a5e65100cbda8b2,2
2,3887,component-2f9fdc64dc673132,5fdad8a083ed83e130ecf4e7f0d2d0f4,0
2,3890,component-6903260f1db7eaa2,80d0da88b815fa371376a13c56be158b,1
2,3893,component-678f2f24525785e9,301c4dc0758718cf8758792414529ab5,2
2,39,component-0b918943df0962bc,27546657bcdd0b4631395177f1b0ed47,0
2,3919,component-defaef0cc4def073,e93a3decf6ea38c7f8b332b75503149b,1
2,3923,component-b46d9a5ffd681235,c1b003a4a1886553385fe86cf886d32f,0
2,3926,component-c62b377fa3d3a0f4,a9a8c2de70fcfd9981709404bd1b527a,0
2,393,component-99a0b871c9047c4f,02a20905af388a1319c2c8a7a6cad5b8,2
2,3934,component-57e8be94618ed550,efa8b3a5e362640649324da4bcdd7469,0
2,3936,component-9cfc3099e52f8b31,698435d43e44a1dea285c502ad191449,1
2,3942,component-7c2355534ecc3a59,3a8ebf96bbff5e2c3467e635f6394225,0
2,3944,component-63d5537f693522a8,12699782791b5b35d015ed67656517c9,0
2,3964,component-ac216dbb3b7e01be,7ee2de3076a65bbe1a98a23ad35bb706,1
2,3966,component-e41bb15d9efcd5aa,a80bd0f77baa316c49b865da5b963922,1
2,3969,component-023735e650550f29,6208adbd6814fafd6f90b440a8cc6fb7,2
2,3973,component-979d26d3a739d909,80b01fd16d746b85f2102a15b39d6025,2
2,3975,component-7ca01a22d3f94bb2,37f80ae3edd7b808761aef4466758daf,2
2,3983,component-c7e92bac8729cf4c,21149172feef2cedb44d6ce23f050028,2
2,3991,component-7e5b72c6fcb59280,e6eb05bff93b643ee4d1a94be7a6c648,0
2,410,component-612111a352a571cb,dbc18d4796ac193330a9f60b00ab0127,0
2,41006,component-b6f535b24402e79e,7a58476569647e0f68445641ace26af2,2
2,41007,component-43d1c17d2ab607ca,05fd528c954fe19225979a074367085f,0
2,41013,component-d404630527115191,f4878d85362bd80fed048c0e80b5059f,1
2,41017,component-12bc2a70750ea03b,0c6aa6fdebac70b4ff1cfb362768f790,2
2,41018,component-552f4faabc0578cd,d0cb3a1f0a5621ba48886bfc3b56de18,2
2,41020,component-c12cd05cd01bc855,d78125ac7d7100554426602c191efa8b,0
2,41023,component-389dad3d3c5d0561,824207123b7a0659d765c20454586d83,2
2,41045,component-e5d23408ebfb05b1,fa6d3d2f11f5f0c536b2fc0708266458,0
2,41049,component-ecf799bb7a4b7c32,d233dc8f06512ffc4db2c594a600312d,1
2,41051,component-6777772cd815e0a8,ef0a8b92c9ce18ea6282e12620ad5adf,2
2,41052,component-5603e9983b780c8b,76a9f0f03d16ab7ca003f8e083ea7795,0
2,41058,component-334d7a48f90ac7e3,a4a64918c8d7eed4c1e0ccd1f98e4698,2
2,41082,component-d0d8dc11918f76a5,be9308aa3fc8794c17b2372c9bd1c48d,0
2,41097,component-5eb1d9910d4fd579,85d200070f3c79eb7c81515e6707b3ad,2
2,41102,component-42e879bc6f6e6eba,296c55a7afa8004543fe1b6d2f63ed00,1
2,41109,component-431fa2a42f808eac,1736a1e60b2dc54a832b1f7f7f265a89,1
2,41128,component-797e4154bac64e20,8297d4a776345e142dc6b938bdbc25f2,1
2,41142,component-a62f5afc49ae82d8,1143e571c7089330eeb4611bb2be8602,1
2,41167,component-cebf29097c0d5deb,1cb863e33eeba6a48e66f4a7e1fed59f,0
2,4117,component-1115fd804c829549,aca121986fd49ebc08be2d0b956084f7,0
2,41201,component-74832cae18cad741,c7972fe87baaad12d1bb739fd0b9bbb2,0
2,41202,component-e9b0f45b8c5c6f43,5af673219f4e6c0d5c55848c69e658e7,1
2,41208,component-1fa21f417d947e05,1d28e31999abb23c0ce87baead18bdf4,2
2,41209,component-123bb1e9ca37efe4,3296c019be701257152e6bb6a846c4f1,2
2,41210,component-69bf59c08157f7b5,f9e5d9d4bd1d838a77bcd266d48d4f65,0
2,41220,component-88e28f5076eee109,b61d0beadc70551a1dd6bd1f83f50c70,2
2,41228,component-c9c1d1f5dd331cf4,a5ff5d998a8665d6971f2641df1ebcea,1
2,41236,component-8010ef9c6aa47675,9017bc8c4cec34f1aed5aedee2bbc9fa,0
2,41239,component-7c3c0c742b8f6988,d2d3a4fd6baf8b213200270e5486f738,1
2,41251,component-324d5608076381aa,7eb489bf921726aa2f13abedb9be343f,0
2,41260,component-d6b73b483e218448,c165762b5c9fef0e2b3f3b5767680756,1
2,41262,component-3193d02a7794d80d,14c248aa866d099a20e7e8d124f9fef7,1
2,41271,component-c3685182a9d7e3f5,f1dc7d72f2e87cf64fedf50cb33f5b76,0
2,41278,component-02ea05f0ab3c27ce,dbdcf55b72c3eeb6828f6717be44d89f,1
2,41287,component-f91b5c748db58af7,8630ca2b8f0d070072d9230513f47356,0
2,41343,component-2e32d9a3cf2aa309,d9fcf60ba537a00a4eda094949c1b77c,2
2,41348,component-ab6190ba05030357,5b8fca4a832dc2d3b543282c5b4f82b5,1
2,41352,component-626aedda5c9109f5,6f294f7cbd08fc3c5d39858ff2af1fa6,0
2,41360,component-60cdbf584232e830,bb7e8d04e430f461f122252eaeabed20,2
2,41377,component-76620015a5071d8c,c61520f0f8eaf8309ac3557c8824e6f0,1
2,41378,component-529d65a4c6239e47,12a21ca381cd05df6086b5b722766773,1
2,41397,component-27ffaa2f33c3f98d,b76e1496f3ac8b0beabfceaf275f35ec,0
2,414,component-8111eb1556229541,5359ff3b0463e1d20889d86ef17030d8,0
2,41402,component-9d2419f588dfcde3,0c65e1cd4ba5121a39a81eeea420806f,0
2,41407,component-3e5c195a5f070176,ca5e7e8a0640fdf8a40f53cf62176310,2
2,41425,component-eb1ab7d63ead80cf,e10170f51b9ea21fe36a77b0ecda6583,1
2,4146,component-cbaa265082e8b534,605cf3a43d414a6e952cf17e69f7fbfa,0
2,4150,component-84bdcd156603935b,07a363578b647beffaa1a4f5701ca0d3,1
2,41507,component-ff5c5014adad0371,4faaa8c925c2d98e38b4f1e268c01096,0
2,4151,component-b3658670d2a52e2c,6428be347990d20a948c355a32e2afa8,2
2,41515,component-b5e1aec530bb3b7a,872c7bc2029a07f5c883bbed03410f12,0
2,41529,component-1b696d6a6d5f077c,bcad003995d4e814070301bd7c26fad5,1
2,41548,component-297e5ba93c5c9d5a,6708924e5a5154ab55b9ccbd95e9c641,2
2,4155,component-c3aba2c5aaffce50,a9283e4106af55a42113f894a1315ac9,2
2,41581,component-b210207f71146de6,0783aa00dd59fdb5fd9c48f639541d0f,1
2,41583,component-1a3056c81c49b8e4,77d408038f851b86fdb40a2905d51531,2
2,41589,component-e5174e01c3eaf72b,3c4ff564fa0d96a7e23fde743f3579a4,0
2,41600,component-d3fd845cf18b1c1c,2690dbaef50844137318cafb4876dfc0,0
2,41606,component-a2e3e8f109583496,64b3fe83956c67dfe1a02d828926dde9,2
2,41607,component-a2aa7377c8b9814a,9e92c09bad62c5db783ee889d7a685e0,2
2,41621,component-94e81022ef1658a0,9305528551e2becb3e3ea5799ff5ee00,2
2,41629,component-db9e85c33e907d9f,f18fae4282d088159a050ba40566dfcf,1
2,4163,component-95d4362bd3cd4315,6f0101c3af4979061d05736f54d20612,2
2,41630,component-7c79679b3b8ebcce,2e5d0d8e8b1d1d27568448747db6f88d,0
2,41632,component-e6858dd99d23974d,e1f025a4c6bf710866d8d4496189feb8,1
2,41641,component-ae85f6fb2325f343,e029eaff698bf2cee7e8739d77adf0b3,0
2,41642,component-181d1fe2f0deba7d,68420290d6e5b0f79da491c1d3fd0e30,0
2,4165,component-0fe1ddab30b57543,dbde34eeb2f1290609ca6bffac1a5180,1
2,41654,component-949f49985cd7217e,2606bcbe3565f6d0fadfa31ac6ef7d31,2
2,41658,component-8ad878d1a0976246,893f73c75d78b0eb0e6521f3d83cff4e,1
2,41661,component-87c1028bbd22f557,e4849383b72ff84dab291ea30a300c9f,1
2,41664,component-3b47cce4925a6d25,b26dc264f0336d533fe6d45dbfb6676d,1
2,41671,component-f4d663daacabae8d,935710ca0bb32adab0c0f9c500539351,2
2,41674,component-eaa795442ebb77a4,f3bc391df942e0dc8ee81d2d04eeaba7,0
2,41688,component-97e40ce0a486700d,8c61655d176dd68bd598e90f0ac533c8,1
2,41693,component-fb3daaf295c3cfd2,d87555995f7c34047850c1bcac861a22,0
2,417,component-afcf8bc077e68eb9,98f58d2c5d6850fdb180a5623b8bfb9d,2
2,41722,component-ae23091a656dafcf,b84391b003d389c33182f636e2426533,1
2,4174,component-9c27727c109abd00,5324a621b5521ec98a35b770c383461c,2
2,41744,component-1e984a2a119827d9,8c3252e7582b80b87f3ef38657258b6a,1
2,41759,component-dc7d59ade65702d9,e117b8f53adb2c9e503e00f90d1e0d5a,1
2,41760,component-6b690fa3cc58bad7,acc198604dee0f812b5922c35449a39f,2
2,41769,component-32efe367209c9365,ded15943d65442314339bb0e96e576e3,0
2,41778,component-fee515163fb0037d,8e2f5cd15cda37395635b35781a3f07f,1
2,41779,component-07593f249ce4008d,751486584cb569ff1d66a76c74b5aee4,0
2,41780,component-e87a117a1d795484,dca29c5e9bb9803a72fe9994608d28b3,0
2,41789,component-1d1fdf2c039458c6,619e94fca794036846e70938b329cc61,2
2,41791,component-2571f70d255d1d35,499ad61db0363eed4f2511f6963a8f60,1
2,41801,component-61a385ece3681b86,14c8230f19a3e3f5ac2ea47b82781f11,1
2,41814,component-d53d170a0d38b2c7,369cabd109be78fce2770dd20d6b47bb,1
2,41826,component-51f326e6d02dd21a,f1d21497cae22f9fd783ba6f266cc2fe,0
2,41830,component-75d0224ebe15542d,593cee189afbf9a433a24c80b6dc1a04,2
2,41840,component-8950101d9f3e8417,a83590a6c24eb7ff26277c55ae3b201e,2
2,41844,component-86d007a4ca471554,6e3157f654b75226e054270c25d3064a,0
2,41857,component-5987530b2358454b,112f7a6fc629ad732858c9d80440ee13,1
2,41862,component-bd849a81c2bab2be,f52966aa53c6de1eea9111b7d0feaffb,0
2,41871,component-070681f15422fef0,eb1394dd5d20125ff509519ff7f1bd10,2
2,41872,component-afc0251364629f6e,9fd46b787a01e63b5ccf4bfb1c0a90d5,0
2,41912,component-1f646d92d4a92898,457c50b77ea38d6238f6d7185a380418,2
2,4213,component-28789a01958becdb,8f8e58fa7f8a23a1f1b6d763369fc2a2,2
2,4215,component-08f88745513481ca,f3a3da13b3482fdbedf2e67b8df02a06,0
2,4217,component-7ec7bbd3677bee60,1ef1a576e3fe5ac4610bc28be4446946,2
2,4269,component-d5358ec522f20c55,550c443415c3203dffb8798f9b400ba6,0
2,4281,component-878993918fc2c416,0047e5ea491e69bb2e33e71102c45656,2
2,4288,component-907cfead4ffffecf,4c066d72d2e5a596629fe5d3c236dedd,1
2,429,component-2d1007980f492153,a6984cd37cac6ef3b6dbaee53d5ffb9c,2
2,4290,component-cc28d893176b8cd8,417b95fc4fd547ef5aa58aed9511be0d,2
2,4304,component-eb1633fa9519afd7,82ba383f5e5958184b6bf32a3c010cd3,0
2,4317,component-49a57aab5a13e055,15162cb7943674d2049c2839f4785675,1
2,4348,component-9f91572d9d23f29b,f3bb1f8c71e7611b4bcee1473cc638f5,0
2,4364,component-bdf67436ad540597,6bfd2605e536e41673a5e5a2e3052c7d,0
2,438,component-18d37c950a3e810d,70a45d14a025014d69c48954f8a50bbf,2
2,4387,component-9430301e26927415,82246ac3998389eb0da5d5e0736ee969,0
2,4408,component-c9f5d1117c2eaf86,a7226d1e5a4d68e7453486aed4ad5e18,1
2,441,component-2dfe70c43208f52b,1a866d1ca818b066fc8f8d9d7997606b,2
2,4410,component-07df47f485722980,96501d9dc125ba2ec54954cd909cac19,2
2,4454,component-4fef435542047269,b22dfa8a0ee80d248313d8f49507ee19,2
2,4461,component-fe36bba93dc4e44b,702986e4c5392b786c01ae8da985a79b,2
2,4475,component-1b95c8a0dad14118,b476c476c533bda26750d938499a924a,0
2,449,component-4a30a219a9d7663f,64e908bbd6c6203abfe37df7e671acf9,2
2,4490,component-44489ca1033a2925,fa75a7a38a23f63886ac214a8839e501,2
2,4496,component-82ba9b272ce795cd,2fc8a2681a2ed038015abe42ce9904a2,1
2,4497,component-1f9a1de3220e9c87,8cffb0b29bdc89c7190141c2ab939ac4,1
2,4504,component-6659c30f0631de14,cbc314a699457bb6b33270f2d8c06142,0
2,4510,component-d9d628292c7f805e,fdaa9bfdaf387bdc7eba1cd886a0ea12,1
2,4517,component-5f5e771dcb7bd8b6,ccc752921ca1df4b711524baf5b236b6,1
2,4519,component-f36e412aea00d7c6,6be6bcc85667d1a83ff0624211afaca2,0
2,4538,component-888686c56da0a589,7a2adaf93f8f0b58b59067df60e12e0d,1
2,4539,component-012b946b1029081b,88de000c4daa6aa84250f96f0ae76dac,1
2,454,component-48f89b630677c2cb,b7c50f1b16cb63234a0e1616a26f30db,2
2,4571,component-2c6b7bf2a4ef2fc8,473cb889d5251e5d1db3426994eff442,1
2,4579,component-0dc732c14f4b4da3,004c4f6a6aada43370aa40650db0415a,1
2,458,component-ad21a2b810af49a8,6326c487961afdde9349c4cda0e7792e,2
2,4583,component-eb7539924cf4b8b6,5ddcf78fc19d8b21a9f75120d15f45ed,0
2,4600,component-404c93bdee16f75b,cd23a4feab2d0a07ff3da24e3b410d08,1
2,4609,component-cf2e8ef59ca7a4e4,08b6ee3a8bbb21c6032fece716abfd48,0
2,4633,component-6656cb1339533eec,5ea8c124cbe263175a016940365b9ccb,1
2,4639,component-fd7d77de225b3254,c31a325614977f833856e51a136918a0,0
2,4649,component-69aa50d0821a7741,fba2177fcf1c169dd45e575b55cad8d1,2
2,4655,component-4014e91c398f3fe2,6d15beea63a99a3c9b9b0b6512c2be4b,0
2,4659,component-ac8c1aa79856748c,3edaa1f54c1726e4e17874448b20ed83,2
2,4666,component-dd2c71582793ed12,c8044bbfa502fb17156cf7790696af59,1
2,4671,component-997719bc7307a990,89571a55c88b97dc64fd6a85a4e60ad1,0
2,468,component-1e5ee5e58c8f490a,58283fe5f4646af3cdfa4f0337ab6aba,0
2,4706,component-2334b98bcb4ab2c5,257318ce48008e4c0842b375467274a0,2
2,4745,component-3baf3ab2c95ce1d8,0611e66d605953ba8be6a678735ea284,1
2,4759,component-e0a19cbdac9fda12,48a27f0fe7cc59049eee459745132562,1
2,476,component-e73cb135243c08ab,e0d67b3e88881b6a2e648c1a5fde6037,2
2,4763,component-6e73a9ee394de721,d7eedb3b7795cbc2451f6aa28a929547,0
2,4768,component-1900b07bf0e92e67,a5934a16cf7f623fc7a3ff56151b41f0,1
2,4773,component-53b1751856e39e4b,a94006237e7bae02cebc85f1e9d49c67,2
2,4778,component-449cac0b61bf9dbf,95d601432aa69808b0d7e38e18bc54e6,0
2,4780,component-259748e36ea45836,14ef2feddc450b804262c7c44470f69b,2
2,479,component-9869a8a3a11a3328,43d8d88220fd31e8cec0b53d663fcc6b,0
2,4802,component-d19828eb64fa5dea,27b0e4e07532d4b27b2dd70e37c757a6,0
2,4804,component-dcbff8f66de95d7c,b536f5ff163a5a385715bb26d42cce50,2
2,481,component-51d089cdaf0c968c,e8fb240e17ceaa713857f960ec937286,1
2,4814,component-51d4f462cbd884ce,4bb73d8f1fb4865b7218d703893a8a01,2
2,4817,component-1112c695b7e5eab3,0841b6fb321a4994b4da4acecfb8a903,2
2,4821,component-a388f562e286fdf2,df294e885e24a7c38204818e10a9369c,1
2,4842,component-d9a0a87140e95aec,08be7a93714c5f118a8f2dd828d09cc9,0
2,4868,component-d0d54d0f71b3607b,eb7219ef230f68ff0102a9aa66da4ba1,2
2,4874,component-a4324d88baf52d56,26574ba9d5340f075cb4874fd937ce56,0
2,4904,component-35a08ecb0a7969b4,427ac9dd9e646db4508665a30fa32990,1
2,4925,component-f4fc1ac61a9e62b9,51d331e3e2722a42bfd75146c57262d8,1
2,4928,component-23850eb82a923c69,8b8bffee163dd1d0f14749f64a385090,2
2,4930,component-afb36973671a3f3a,5a048dd797c1fa19347714cad356a282,1
2,494,component-d18b29d80a8bd366,5787615bf16967511eb9e48dff781d64,2
2,495,component-ac1270c5058af650,7ff59110a5fd1ee6949b5dfc80994317,1
2,4976,component-716f129dc3414142,d6bfb552f0707e92b2892080a1c5a9ca,1
2,4981,component-5050ad1713516785,97e9078feb357c2a6862c277d98e0bb6,2
2,4987,component-23ed5d9b3c1e3abd,da638e19e2384b58c5b02a570072198e,1
2,510,component-5e5c743a015ff8d8,1cbfad3ee7a96a6c0307561930158daa,2
2,51005,component-a962e1bb2c60f5d6,0ccfa19dc196884957c05ae3fd9d284d,0
2,51014,component-b5f5fd3ea6365101,1ed362afa825e8f5aa5b03e7ebdb6a03,1
2,51017,component-d5f4256a046bcdc0,df087a56d8f0f7e54f6daae909dce389,2
2,51023,component-77ab752336739824,78fb403756b87a8972f67b7bd96050a4,0
2,5103,component-fb7fb643eff7a6fe,d4ce16a5f5457f0aba6e883df33977d2,2
2,51041,component-8d3675a8f8b09455,23b0b01a0b3e028f8172c1549655e418,2
2,51047,component-5dfb12bf172b105e,4dc37ade30b85ae0e90a3ed9f25cd43f,1
2,51051,component-9450c7cfdba1ab42,c4a8e743b16e855676cd8cef60f7e156,2
2,51061,component-4e120bc719a8ee5f,9cdf093b9aa9b71367f7dafdc5c807c3,0
2,51065,component-533b7580635a336f,103c8fc7fb71a40a9894e87651351a56,1
2,51067,component-d0dff2d4ab8c4d11,92561b3e4c36067e38bef20773dc3b92,0
2,51081,component-a505e6091b11b1a7,bcbc3f1d0122c1d67fd0eee990fcd40e,1
2,51082,component-7c548489455533b1,0a80613635966262fa1b26286f47cf6f,2
2,51085,component-2afd10071a787a71,37f0a89361e1d1bd70ea9f207699a812,0
2,5109,component-894a8d014804accb,ac4076a240c48e99510d6f6e64460b40,1
2,51092,component-5a3689c22259973b,cc0228170d03303a554681871faebe1a,1
2,51096,component-e4142eb42d0c2f12,02f999be521c967cde6ffb5e6e52deb7,2
2,51111,component-9681ca8abbba9627,b58717abbb0d2c9e8776f2c75a86df01,1
2,51131,component-7a3c14dcf2f87c27,7da96ec9d055e0768fb28f1d2d3a9555,0
2,51136,component-6f18896aa93c4f02,9254bacfd5861de4731f71cc8edbe7d3,2
2,51139,component-7d6a69d4af190c7c,04e5d9c6391ffd168ae955c68b92cba9,0
2,51153,component-f2ad9fb953cba5b3,daaf1dbf1796e8f0e410092f93d312e5,1
2,51176,component-c100388c9328b30b,61310d503e6ffcb1d260c8630ee2fae0,1
2,51178,component-94c7660d05a7f46f,bfa2edce4489561275f2f9487c2488b7,2
2,51184,component-40b8b931b6309755,974541a47fd0817eb8957057b6a6cf9f,1
2,51185,component-8dfdb150842d68f8,1bb737d061a40a301b22b4ff2dc12d58,0
2,51227,component-7fbef7dcd68d546d,cb793f3c5307a9f5545f7f560e0bfff7,2
2,5123,component-4f9eb48d371e25b0,edce390643cc1e73785b5aa6c9db70c9,0
2,51231,component-63b1a404f621b892,73ffbf08fbbabcf4a11338cb3e3209a6,1
2,51236,component-c915987362b5a4d6,ff4090f41a5f24883f23e2ef3ba30499,2
2,51241,component-711edeba2839aeef,05041c6e41f42a9fb76ab92736205314,0
2,51249,component-8cb6a036c8e35fc3,a74c7e03b36527253f259d8be5b35944,2
2,51258,component-48bad9686aadcf56,8bdb7968a04f811310d098919c612443,1
2,51259,component-ce7c040081069cc6,7e11c4b6902eccead104e3fdfc212ec8,2
2,51263,component-eb35acfd346379e2,57998c1f7889f8e43e82597b7616701f,2
2,51268,component-0566c03c82e2944e,50a4538ceb5a1726538b3a03e6556560,2
2,51275,component-00acafc4d0de05d5,a7a195a617f784985ee4396a124c04fb,2
2,51276,component-f959ca35a9d5f619,cc74321cbe7fdd43288d25acf2ca92a6,1
2,51278,component-004458cbb83d3aef,83ef20d7fa8bcbc1da80e73c88d5b74b,2
2,51281,component-054176d194dfbc7d,6a917a955f59c176220497261f41cc21,0
2,51285,component-aeb6187c9611e593,f6a35865ce01413df4d2bfec528995d8,2
2,51287,component-c88199903a99c166,a8cab2382addbc6f01291b09cb5121fa,1
2,51289,component-6e533b96149930db,69390987d9c38ba7ffda4a559cbde645,0
2,51292,component-b959485b75c28602,cc90e968a14ad70a16218c6facfc863e,1
2,51294,component-70c91480aa80ea7c,2e34c0711e92fa35e723d76601fd34ac,1
2,5130,component-ec34d6f17350fb4b,539add386cef76bdd95c1bbe1e88a9b9,1
2,51300,component-f88a751202f8f87c,b0196ea5d7b122e3345b808c6a23139c,2
2,51302,component-ca8ae4c850221976,6ccf914138419c76b5917da5f5356479,0
2,51328,component-cc66947f1686cb8b,2857a21ad0f2540d4433991560e11b0f,1
2,51346,component-176990e7bdbe218f,10a5b9e4d9d08330b05d764e27efc1bf,2
2,51353,component-2f65026a0c934c6d,2a50b27a34de0c45ebd8075716e9f8b5,1
2,51394,component-f1eaeb8715121d08,a0e368f3b72bfd3c29b623e22c1a5097,1
2,51414,component-b33b2c2165197959,a34cd7579ca6766458246c6b3df49e4b,1
2,51415,component-41c20d6b7a87b0ff,09ad8f49e450c52020bc8a029d98dc70,0
2,51416,component-b12d9481b4ef60e9,b08b63dfe26bbf4fb56e0a874e6077c9,0
2,51435,component-0b6ceddb45db7863,480c4bf9349d65b64880ff349dafbec2,2
2,51436,component-51532d13b1c47f01,d0fcbbbf26567769723f5fe75b10ad2b,2
2,51441,component-88c387db3e4a19f1,034bb12696eb7f4e7b155459c1d5fd57,2
2,51442,component-1b3cccb586a60baa,3c090e7882ba871b75fc330f9ca76fac,0
2,5145,component-766af62a6275002e,5958951f8006fc540194ebfa16c3754e,0
2,51454,component-55131876673e78d1,1285fd0163576e1e1c0d5bc4883b6864,1
2,51458,component-d93ca0bd09735cfe,20b24d7ee85796761e18812e59eae3b1,2
2,51465,component-11cc7417f3cd1149,38f85958ae9fd3e9d90217d234e8a148,2
2,51474,component-2937e285ebe58f54,7e89fe7fe0a9d65a9fec941805b62c92,0
2,51479,component-12dcaa39bcc841d1,63693797c949fdf4980b6ca5c615d7f5,1
2,51487,component-e4a351fd89b1d940,4c7493023ddb562af710949053136216,1
2,51503,component-5d44dc75edad78ee,6eae0d25b81a090a11bec6910c5c7b29,1
2,51515,component-848a77d2a85dd525,e5a486d1c82b3c6d83d5f49279623bcc,1
2,51530,component-d468c45c892ffa7c,e6bf2ba42a6ee80705aa0c44eda512dc,1
2,51531,component-fd55cd82908a60dd,01167ad269fcb9de47bfe7ddedb2bfb5,0
2,51539,component-e5575f7a7acfb0ba,14d56eb119951dacb6df3e3b2398637f,1
2,51541,component-ccd1ba092789592b,e417ef90a9f19d723ad871bda207fe16,0
2,51562,component-22a63080e482e2fa,d252bc6b60d575ecb06d8957b5d7a270,0
2,51575,component-be59fcb0220b5a14,b07d02ba5ecef323eaa1012c1e6cd900,2
2,5158,component-d705884aebb3235a,734ffd22b298c21763dd1a63c7f52173,1
2,51591,component-813e11dbe788f69a,88d14545329230d0cf62c98d6e95f2e7,0
2,51592,component-6b449b265f9da73a,008fadaf5d61324565edabfb84fa1c91,0
2,51597,component-8f4b93e4fc0b6702,00034184710b94e6586d0f9faab491d2,2
2,51598,component-c68b1c018d4c163c,8d29255aa97ff08aa24ccd25a3564131,2
2,51607,component-349a066f98abb7d6,015eae8795c5cdba83dbc96a9d5baa17,2
2,51611,component-a55353c35b0acb13,4a7672a8b0351496bc599077e7afbdb9,2
2,51613,component-ef8043c8de9c3325,9c1d1a1708fd110cdf4e64dbada079c9,0
2,51624,component-84645ab696f158a7,1afc511610765efcad51b6b635d77771,0
2,51626,component-e7e4f9888e9721e5,8ea15b11ebbafbdc516588f0398f2ea1,1
2,51632,component-c73c72950b5007d3,07210d2331f9b6bfda48de8961046928,1
2,51652,component-f128a31d01052e0b,0b48163ae76b12c0f1a905e652046b25,2
2,51653,component-b4a06456d54ad866,14c5fcf878f9200e09fb7ecbb6786220,1
2,5166,component-d41c8abd2a10a194,f93ffe53dd51e7a915c1f96f707bc423,2
2,51670,component-9485d5d8599b957e,c2059b052e196663ab0ef8ab3de71b33,1
2,51674,component-349a066f98abb7d6,566e6d9fa0b6225c29df8a4e9e7413a7,2
2,51687,component-937bc92a52c1d0ed,054396fe94d5f6f915eea3119464ccd9,1
2,51688,component-c60ef315fd3f8d85,1103ecac4be8cfaf0e71990e6bca9d9d,2
2,51694,component-3f05848854150344,cda3eec34e2d9b2bcade1c5e6f4fb516,1
2,51705,component-41c0528aaa5cb4bd,b3b22203dd5e49b84d772220896c4c0e,0
2,51708,component-e59964448e9f5fa2,2a378d799841ffbeb904de044c53659a,2
2,51710,component-007632531494616a,49f47a8501eb291cfbe4dd9431cefc58,0
2,51713,component-97110d93d5403e08,1d57bbd24d25d9c122d7e278358b9daf,0
2,51720,component-7ff760f4d0c5a304,137d0ec16217b426a5e1e5df55453ff9,1
2,51730,component-6b9d3d0bc8bfc78a,e0c24280b61594e75bf070a0f6bea820,0
2,51732,component-3d9cb864289d105d,b2ef3bb8eed55622f8e59a8c0c626755,0
2,51738,component-e85b7c375459aaa2,a2de2008d09f3e9c4a3c6bd711d3c08b,2
2,51751,component-4a515f7569398701,da97457de08705fbb071a80f4fc9a1e2,0
2,51758,component-e9a7a6f058b465e9,a367a8dc05a002140c24c16f9a998afc,2
2,51768,component-8c08d9676d4501a4,87062dc25b8bb51df5b78117e95ee4f7,1
2,51774,component-b22cb2291342d0fe,0eec71e8d4a2bcfb7dad9a584f4277f0,1
2,51799,component-72559806cfabeb13,6b5b32a05a05260eb21f169a923ddfd8,2
2,51801,component-5c8a7954391c774b,d9964b222a7a2cd21874e0cdd5e39706,2
2,51804,component-72b4282a5a93d842,777c6681923ef7cfa751dfbda81b2c69,0
2,51805,component-c6b1fbd2a1f130d1,7c27c7899c168f0b8961031dcfd24430,0
2,51807,component-d889b6df09ed453a,0021b1c889de4f4e2db3e4e24d8f32c8,1
2,51808,component-ea3e9d799560bc8a,5a66831678e39731d1ed8e54182656a9,0
2,51821,component-066b4827aa3bea2d,a3c092b9ee02d1ce0d368c18fd3ec508,0
2,51826,component-582a3ccee2024c28,a579784a1d81222bec680d9c0b8d8d6b,2
2,51835,component-e1b484baf04da8dc,be7480b116c7bb75ca98c746f0e71824,2
2,51837,component-208ef87679937e6d,5a89825629aa98328f2e028b3b6be8a9,0
2,51849,component-10ea1e541f751c41,3dd2b01bf1348a7595d08b07c54a47a1,1
2,51857,component-ea7812cfeb7b019a,aeee29237995449ad45d5b9a3634dd52,2
2,51866,component-2c6418c47e2a0b79,8ea2e9c86e17208ce0b35f15ae78330f,2
2,51881,component-dd19c417c706af93,f284247960d4d5342415dfd1a1f11cc3,0
2,51882,component-db006cc7e0aff0d8,c5b2c9fe31d03165b538088560a34cb2,0
2,51883,component-0f8fad48738bc07b,dc27b4d37f2857ea0acff098cc1e7794,2
2,51889,component-a819ee7f83f27dd3,ae25de8a9e637786071340b89e59d189,1
2,5189,component-9b5e89a3d2e2e518,b2c138edf2f0389c58151161bf6c3c81,0
2,51896,component-12949c5269289e57,4373f9abbce0d45299f8d69c507f80af,1
2,51897,component-8f027e77a83d7544,5629873239b168908db225abbf88fc7d,0
2,51901,component-888b6a5fde2b6db5,4fe083101fde9456971f6c2e1325dfe0,0
2,51918,component-99ea1021b96f4f59,ef9b6a7f4e596b154807030cc620a3fb,1
2,51919,component-e31054efaa417515,c9bdc3e4fd7466dd06239985efa99c08,1
2,51922,component-4ee4ab2da8e7da16,bf99938f99d43bb8398245e53cf4e99b,0
2,51926,component-a71c50cd045b5926,4a557012d8927eb84ca0e3be9d2d5883,1
2,51929,component-7e6fb043e91029f2,4acfb76f0090f1c24ce488a98f7bc309,1
2,51945,component-0e0d9ac152ee9b45,89ff341bd600c6c98fb9801e1f510ede,0
2,51946,component-219dc1b78c44cafa,58c9501662f4e2597c759c99e9e443dc,2
2,51949,component-8fdae7c19756a599,721837f7b642e356e959ae0159969662,1
2,51953,component-2a3a2c910955a0d8,b623a96085d29a480b4fdcec515bce1f,0
2,51957,component-c758f58b02894ca7,25e76848631aa5425f9360c7cc04c5cb,1
2,51962,component-1b8c795088d76588,fbc298868241bd8816321b462c9b746c,2
2,51982,component-adf0110a4b26a30e,91256ace12190bf656bfb70d18620098,2
2,51996,component-049339fbfce445b5,9c77b3dc36e45013a24eb786e72e7705,0
2,52004,component-e35f32c8d1a144e4,5bbb42d2ee563f9943a77911642c9665,1
2,52015,component-e621062d08db34a2,4b4fc1118a86ed8a7faa30b830a2b4b4,1
2,52018,component-15eab93f1acf69e2,2438cd643c51de6d6fc6aa4931503b81,0
2,52020,component-2069c088fb881182,a04998a1d11145e3e9d7d55998d7e177,1
2,52029,component-863c6a819c3fe909,33c084a89f9efe0b48b8a549a41e4533,1
2,52045,component-317f75c80fdcb0e0,d10a450a90b2457c13c5147e3428ed0e,2
2,52046,component-6eb441f67fd166aa,b1ddad87bc314f5bcad26c8c64961e70,1
2,52049,component-350dc03cabd7de17,33365294913704799442239f3e6229f3,2
2,52050,component-2163e2efd0c9fed9,a8d10476ad85d025e0cbd0b9f55b0a04,1
2,52051,component-e98aca9739949355,533c0a2343f9c80fbee115d283c32f82,1
2,5206,component-4541a289057b2f3e,33d0a083fe008da4dc5d2aebdeb6004a,1
2,52077,component-4496f74e0f5afaa7,9dfc27158dad785f5ea382bef5bf5561,1
2,52087,component-f8edcbdd224db319,69a851dfbba74a6e2e76d491ff4b6932,2
2,52088,component-d1375b566385083d,102ebcdb14383e94e72f2ccf78ebd898,1
2,521,component-72933e3b31f0070a,2f737a841c713dcb56b4bdebf7e67ef1,2
2,5210,component-9f8917ad86101b4a,ad23e427fe3d4dc775c564f4ab83a4e9,1
2,52102,component-b272e47bbfbd211d,950665777b108dc27e9ceb3796a13211,1
2,52116,component-aaf2c035e69034e5,ee6fb93c3d264d87f75114aaf57f4fc8,1
2,52118,component-7ee635a1d99b6aca,d0d29d60abd5ff57581df56a03d0ea53,2
2,52149,component-77cef7575082dc8f,7f501143c209868e51b449fb0a6dac73,2
2,52157,component-5e01e57300c02781,d25dfce505bdd1f8c8f790c1a88e049b,0
2,52176,component-a9956d44cbfb4517,9590d3522e529b1e2e4fbd0ecf0056f7,2
2,52184,component-248ec0c20e656dbc,1c3069f705c22dc71f0f214adcca3e7a,1
2,52196,component-94ac2f51d976cc38,fbe6b49ed7894303821b20bac35a48c7,0
2,52197,component-bb18ae0615fceb2a,a8f047e20738cee032632eab83447099,1
2,52217,component-6526513b7517cd86,d67bda86cadf53519482583b00f80d5d,0
2,52225,component-8dc0bd2d3ec689d8,ff5291b1e302c75f9a45a36b65489a03,1
2,5225,component-0d0fa5f5d36a2fc2,619d09ff04c1ed3f51a6196768111b4c,2
2,52252,component-00185f50ae7380e7,d9892d37ecb15f18660b00b25240af95,2
2,52256,component-46aa7ef6f51843c7,03d2291b7d7b57ee50200048d8795d7b,0
2,52282,component-e985109a75b135b5,9338b01fa496553a2d89a6fcb579697b,2
2,52284,component-fce053c68f3393d7,17b1ede16396cd9f8085575ae82c0b77,1
2,52289,component-02eb922615d8157b,8f8996df09cbd9ddf04e5c6b503d770d,0
2,52290,component-f059dac24d299354,c2dbfce6341966116a5fcfc947e09a70,1
2,52305,component-a6128c7b76a2a440,8dde6ecd5ac53bdf3a77db0ac14f4adc,0
2,52312,component-e5cf812e971d5a47,9cda62b1542d957e5ae1fecf5344e2a3,2
2,52316,component-a788b3172e928dc1,0d3418bf3065f3b360cea09cb2c3ac79,1
2,52327,component-1177a3b95e568e7b,aa0a1450b6486e827cbb38ace6fa0b51,1
2,52330,component-19e8b3a67aa1172e,e044a588a9ea08a45e2f014e9fd74d7a,2
2,52337,component-4704a6c14733d8dc,5a7c3cfa88020a446f88743e51738b79,0
2,52338,component-dca34748cb3d1e22,50558e8110441f643f2d71df797e358b,2
2,52339,component-7590ba79ec6b9a2f,149bae629b8d8388d7c2a575a2e104ce,2
2,52341,component-cf87016bd9f51b22,fbdb23888a1972479aa185040f62a93b,1
2,52343,component-881827ebf12f03f5,f583e7bedaa3e242c30009ca3380e20a,2
2,52347,component-d2557d18de87f85f,3c16dcf15474cff351d0e9fb41ee8478,0
2,52356,component-3e57a1bd650b0f98,ee9f6a1d1d55ed0383207b7fc8e4ef9d,0
2,52365,component-7aefe0ecc4c2037e,33dc5e2395d3e1151e84aea285e62c0c,2
2,52368,component-4665f18f29fdac33,2048431d13e370e98a414cabd25bd32c,1
2,52369,component-ac3b7868f13ff106,36bb7162e6f595ee230f499524a9d843,0
2,52373,component-14f0b65e974e355e,80c1c591dce0c5b9b2702ee148dc1be7,1
2,52378,component-95c87684f7d7e40c,3e994a38d0cd49385716f715df5639d8,1
2,5238,component-f34eb9d345d7d40d,346b6455e4b23dbcd9784ab58faa6536,1
2,52396,component-169a440d6ec7ed9f,e56ed71b15ae07d83bd51ed26becfe94,1
2,52398,component-a3b14d2bf378c1bd,e7072031bb25f783a77a93888374a95e,2
2,5240,component-953abe48dfdfa8e2,afb63d6512ef2c54af089316d287c3f3,0
2,52420,component-2b4d01a777179c1e,27c33e67198b69da8b1fe91febbd925d,1
2,52428,component-d68af65b0a2b7788,50157fd24223733e15dfed5f6336cf16,2
2,5243,component-e206dd002a594e55,73c6ddaf0851b39253d07600754fc5df,2
2,52441,component-418065f128fabd11,ba2b5f805f17b674e96120b9dd61eea9,1
2,52444,component-2eaeef7149100861,3ffdc17458a6d717ba8444354fa223a3,1
2,52448,component-c25ed685608ee2bc,2bb2aab01c4ea9cc9b3783e6ce4bc7ce,2
2,52451,component-28aaf2fb39d46513,c5023e014863b13bf87e14fa86db34af,1
2,52452,component-3a1fdd45819cea20,3b1bdf3c53fb76bbcabbc8bce6978460,0
2,52458,component-d77fc5e98667c5ef,30575af44e3890048707aebf0f9f75b1,1
2,52467,component-f846ccb2626ba40d,a63710d89d2df0dd40f0449d8b58f01b,1
2,52487,component-31448cde84ea1d00,486ce66e9d9a920b1c03d5eb1203462a,0
2,52488,component-51b3297af64e66f4,bac912309df7167c7e9f14a2fa09130a,0
2,52502,component-322bffaaa9f8e1d8,91f6da72fd12a378d637a42606a6c0e1,2
2,52521,component-8163315de2931965,a5721664008addc54b44fa16c66cfbc8,2
2,52530,component-01dc04de4623f0dc,848f7ecb2dc1258d21f60e458849986c,1
2,52534,component-addcec4fdac212ee,83cb38a6995db9d06cfa0482383bf5e8,0
2,52541,component-5d1fb105e02ed138,011fccd64ae65f5df97b33b31d5b1df8,0
2,52550,component-80fb26d33c49bddc,366270f81fbfc77cb8ad9ae4a1ed0966,1
2,52558,component-19e9c9746c9b14ed,dce6436825a4785e9776e0b716a900a4,0
2,52562,component-4748c5c3ccafd84c,b9ec3607074e61ccfb64f853c9035394,1
2,52571,component-409547fa19730c41,aac35a682097b80a1258d3f2e50a6f77,0
2,52578,component-82f4c7cd8e187875,8bbae9193e6e765c96deb4f859dbdc55,1
2,52579,component-195cf30c2ca64d61,04774222dc51e387c1f852c98baaac52,0
2,52584,component-7cd19f076c5d9903,5e7d49dbe86b301bfc98dd421ed6392c,2
2,52591,component-438858795b07b106,0fff769efb723849e7fd45afb7c372fa,2
2,52593,component-1814921c99a58e86,66b549960d864d33d5bb039390a2e766,1
2,52594,component-0e2f61fb0eeb4940,e204bd6f80191846b5db5b0b94b46dc1,1
2,52598,component-efa22b4a645d1a1a,d7c3fc6b12a8d6de98768a7794ac13e6,0
2,52614,component-65f140f34f8bbc2f,ce8e65f525d3875fa1d7622291299836,2
2,52626,component-3f9e41385792567d,f9c2bbe4c9df95deb85d296431768914,0
2,52627,component-d08a1480321ec095,4fffbf4739093e036ce890bc474ad2db,1
2,5263,component-125cc8fa41714df3,1609562bf063649c69fb5220d60fd7d4,0
2,52633,component-50d520664d6df3fb,4569562a4de36571d2b5fd0e9a0ebafe,0
2,52635,component-8b984f2a80148daf,1efa65b6dfe2fa46e283416ac3b969b3,1
2,52637,component-a753c54f38d09bbb,1d4091767b13dafd3fd436bcdbf9f589,0
2,52648,component-119d8b26f733d3ea,a07bdcb40e5105ef16550928306ff4f7,2
2,52658,component-f35c6f152786c5f6,7bf636672236402583d5cb804a954174,0
2,52667,component-87e570f3a8bda377,7da61b14ac2d58703528b02bcee2e042,1
2,52679,component-ee8962ef31c7aa78,f2d4271ba5fbed6dafa42439169bfd82,2
2,52689,component-415165610c1305e4,e127e02236fc96fa07e1489da3d096b6,2
2,52703,component-5e9ab7954bf04142,c23bd3ceac224d91a224394ad14820a3,1
2,52704,component-81339bf52e9c1dde,5de363c3bd54f4f7f7541de98faeeaa2,1
2,52706,component-494c9d609614bfbf,b1034d4bbf2f4123a80612e92c981e04,0
2,52709,component-8ddec6a871b9e147,34a080a5544d76530c70a8988f2d2fee,0
2,52716,component-041ecb6747dbe5db,75ff2441794c680313a00fc96c8aa1fa,2
2,52718,component-4e58c35d7d7ea9b1,3be08637e33b2f3ceffdbfcb5bfb8f8f,1
2,52731,component-55f3e831f9a70154,4fac5f9fe78f2c561bf11719669aa940,2
2,52732,component-72ac13fa6e329700,c014283810a2966fbee95a45aaf8cfdb,1
2,52738,component-763436845a98a394,0f278d92c223087f08433fa332bf658c,1
2,52739,component-468bc0172c794930,7638c6ce4d23d9ed5f6bc07eb3af02a3,0
2,52742,component-538f79643bbb5c32,89747d6420f6aa2cd8e5095189a11565,1
2,5276,component-1d653df7edb962b6,eba4f19a2360a426d81530e67f7b5a52,0
2,52768,component-0501139cf700fc8f,e92880e5e49eceddbdf8afd15c49ca07,1
2,52778,component-68aa3667434682fc,b1fa70f5755a4712b89f8db36b626997,1
2,52782,component-91ff0045af911319,b13cfa90a89e2bbd33c737d750b40f15,0
2,52784,component-99b75f5982b83dd8,7ae7cf8027501971993de76b06f3005c,0
2,52802,component-a7d5711d09dd2283,700e4b12377f44a2a81243eab728d170,0
2,52821,component-79c1edae7046caae,ee3caa301e6934b6d94dee7e0342da08,2
2,52822,component-995a5cc253e7678f,d2ca0f029b2c65f4ca0e4573dcc136f0,1
2,52823,component-ea7daea6675b0bc6,69cc932ffd2a62c0590c8db4f2e4b49d,0
2,52826,component-eac51efbccf39d46,18578f5982df6ba4c56c9b1ce0702d9d,2
2,52829,component-1983f724b30ddd26,012237654d2e96699fb98968f6d66fe5,2
2,52833,component-780f51a1f91c7de6,d6e66a8ecae79205d84924c606f36384,2
2,5284,component-7e5cbdfe81560262,7187e81b71e3ece29c2f6067341ef2c0,2
2,52857,component-7a30fcb898da8c5b,464f5f8e55def712621adf1fe373009e,1
2,52859,component-e10a90bc0476516a,2a8161b777c17f733df9e4355cfc0f07,0
2,52860,component-4679a706b00fceb1,9f2ed77edd6465d08f466393cb06fa3f,2
2,52874,component-b527b196f488e3a3,372b8f5b870de2017d840d90b345b316,2
2,52895,component-ed1594a32cac525c,3bf6d0bdf4a389fcd1d913684e36f2ed,0
2,5298,component-d08553fbe31da772,12c4ff90790dd296d76eeba7e553410e,2
2,5306,component-d4038d81b261ec58,6592be8f54599819419d3768f5f3b6c6,2
2,5307,component-baf64c5bd986d792,cf4f0a99d39802b4f97b29049af97076,0
2,5329,component-7385cae611099e13,44c05eb42a769f607123e1f418b52d67,1
2,5339,component-09b48c75998cdc00,035f4dcaf50da26176ba09f8f6164493,1
2,5341,component-955dfe160f51eb72,a3271d8674248e7dd530e89a41ea7354,0
2,5356,component-9e25d9e0feebb921,f378c6cffa5b086ecb013c968695c6f8,1
2,5361,component-a68a5f2e3a4446bf,7a8e93cff0d3a94ccb25ce1a36ff7dc8,2
2,5371,component-6bc538975ee49598,359da9a83525262d91d5be24f11fb6f2,1
2,5388,component-b797d397acb6b79e,49870fb50755b7911d3eca71c78cf935,0
2,5389,component-a165b612de1a4c89,972db4497846d39685b5f4f54f7e65fc,1
2,5420,component-74a86f62d0acd138,1d758fc15d0164833599e6e56c8c2d84,2
2,5454,component-5ad0e75a5119ff6d,eb52d852f303cd803cf73241da475902,0
2,5456,component-36b0207bd8d835af,cc28c409666cb84a4d9ff710b7a72317,1
2,548,component-6e2d4d3a3d4c4bb2,226544e8c0502050b089828badaaa4ce,2
2,5481,component-03b07ca887edb311,cfafddbeb527d7a4c13b413f4fe515af,2
2,5502,component-536b9ac36d9adc0b,3f266c8ae80f227d219f5f9e21bb3f53,0
2,5515,component-eacc30a21d89f388,775c77e695323d272464bad404a065ed,0
2,5517,component-5078bca8d0b0f7f9,4b8fdfcea400d6cf59d7560bc8eed62a,1
2,5524,component-a7371e91d028d2aa,6eaa8dd5104e4d806c966d33edcd38aa,2
2,5538,component-9162dedf2f66de62,475389b642e5532ddaf7f9fa06b72fa3,1
2,5546,component-81792906f17d7bc4,991fa042911c65038ca5da96b182c7d1,0
2,5550,component-c4b606ff15bd9b86,9dc726ebb7c8085dda42cdc8df20a500,0
2,5561,component-f3058bcbb026a692,105cf7b2741fe509169ac80ecf20c0e8,2
2,5567,component-0da728f5d368de45,eae4a33312cb2126261c641f9e6e5eac,0
2,5568,component-e0e72896f2d07d13,f6fb51c611614030ef77fa7ddffbdd9a,0
2,5572,component-0409acd934fb893f,bd7b582e2dcfcb472fc671c4c2b01389,1
2,5575,component-69c53542ac9ee1fc,9e90a3680e4360c5bd5b85389a927b3a,1
2,5577,component-65ab749279c8fbe6,15e5d686d1d9e529e25098f1e5cc6f2d,2
2,5580,component-284c8d9831e1ac59,e7c02ca341153ac6a24e26cf0b1c67c8,1
2,559,component-0d6f9709edaeba4b,80591ba05b4252c4aa3db13f7620c557,1
2,560,component-6bcaea9882504292,286bdbdd3341c22029594aa1dabc5984,1
2,5600,component-e3be6803d0ccd399,b69cfc266e7449dce2f533abcbdad4d1,0
2,5603,component-a0d641ce6e7d9599,1d5cdcb6377fc9b0bac05ed5d7d4f44a,1
2,5605,component-cd52c325c5f219df,a9c2d057461545cf9d65cb8d0f757b2c,2
2,5609,component-47080160e9f8708d,9d107151e0695369bdd3f9dcc26369c4,2
2,5627,component-1ba3c39b667caa93,59dc99ce97f69f2a74576467b47bb55f,1
2,5629,component-f39d455f5d389073,74cac88e8edee6b5b34456426d8cb3f4,2
2,564,component-621cb5d0bdea9584,14dea25706a904ed8d04218502aeecd4,2
2,5641,component-80aa9e4f3014c3d9,a012b6a80431050f9667cc66aa1cf066,2
2,5642,component-0c98f95c5d88709f,23dfe429c56c4d7de31af4138a557add,2
2,5653,component-307faca131557ba3,9024ad1d7d82c3d65f6b1be591d760c0,0
2,5654,component-2d5b95fe919779c4,09941a0af7f422229f41cf0a1b462c80,0
2,5658,component-d283fc7ed27a618f,5863af1f6acc6561c6c41a0a8bc70e14,2
2,5661,component-62b4a761bd43e388,16fc3c82b34bee49709b3b608c9bed3e,1
2,5680,component-40c4fad484744b31,4f74b34df09369e00ea4281063993ba7,1
2,5684,component-4ac48f96076672ba,f148ad9727c230884d90f5ce9656b78f,0
2,5688,component-8dca256af296945f,413248667062c71e2191f161f7a6acce,1
2,5691,component-264fd4d30b6f069d,4dea40a4bf2d1ca22f362c6be38cea02,0
2,5700,component-0a8e1918dfba7f19,cfe2bd2f16bc82256699fcb6ef11f284,0
2,5704,component-744cb589264c9630,57ad3adf0a8fed0671c15d150ad67a1b,0
2,5705,component-a1defa0ee34a2a89,c77d357b388385fd0150481f1703ace8,1
2,5725,component-9cd990a7894fcb3a,391b3d1b20d2603658f442faf7209cd9,1
2,5727,component-226912ab42a1c1a4,43e9c0527fd5f76935814c27fb30c82e,1
2,5730,component-521d35aa435e73b5,b4892c3eef632d22ae412f18481f2dd5,0
2,5734,component-96ab6152cb421b4d,a480ef42c713fbf98c77b16f3808fca5,2
2,5753,component-a969134526e51e5f,b6b4c719bcdbc1c1acb67577866d8267,1
2,5769,component-a6ea31161f3e76c1,5ae74878889cf967feaefbcd14175431,0
2,5774,component-79e52fa433672c06,e262b9f79527e999569cf23809fd3191,0
2,5796,component-f516cec15df8e1a5,e3b3c6bb07aaf362b31b7f9aba40fc35,1
2,5798,component-abfd15f46882bba8,621e25f2702fdfc9633896603a7d6762,2
2,5802,component-ddca54a1cb9cfc5a,342573dfc32bfc0954682692c52ed461,0
2,5810,component-04b4b3a7ae750771,15d559c815e27d6e62725340ba894fcc,1
2,583,component-62bfa285013f0880,256662ada5344c7b4f55fef018bd3162,1
2,5830,component-12ce6d8c7cd5e52f,17f6993f922fc8d56eae4c09c456a677,0
2,5841,component-b096558638428e20,6f599cfc8eae98ccea99a4dbc66fcea6,0
2,5873,component-70d0c93f75ab1367,8da0b6985f06d13f41ef7378f643f7f2,0
2,588,component-a917ca757ac59f9d,57594c2ef2127edc4087108f34b9e866,2
2,5880,component-c45c01c3885bc086,88ceb9e561527a229d0bd40d844dbd6e,2
2,589,component-fbe697429f16141b,5380577c89d3a340dc16a1bc965e8e9a,0
2,5892,component-1e12c1e01097cf38,e2997dc6717330c1f2f656f514c2c26a,0
2,5901,component-b329c24bcd7aeba2,cfe19b61843c9763f6e2329eaafafd60,0
2,5920,component-ed46f81f54d1ac6c,0b13e7e863fb098020f26095425c2aea,1
2,5931,component-c069c53811124ed0,4b260767dc441653e40e95ef77019d27,2
2,5936,component-3d1d7ba7ee26cca4,7ad2e2173d83d1b7a08f777663c4725d,1
2,594,component-e2fa8f5b4364b8ef,3297e66fd68292a41092d0e8520d3a45,2
2,5951,component-37d2c05e6320b12b,bd28f7945476511eae2715b3bd657cf6,1
2,5953,component-5e5e556737725010,7a6561846ca6a0563c1211f1110fa932,0
2,5955,component-4d0c876fd1af1b91,67f565d3b79e453822b96131f58b1aff,2
2,5964,component-4e3f79891e92947d,a83edf417bb628db86e4fdba69ba1bb2,2
2,5981,component-fcee7e430b7b0618,582314a144b050561dc547dd42daba27,2
2,5986,component-b6b004752453d0a8,ec215380200661786412b2d771cf952f,2
2,5996,component-68fb74e20a2f3197,b637519ab9e8b101089be3cc36ea50dd,2
2,60,component-39fa9ec190eee7b6,f7fcfeb95b834fcab672a02e7419696a,0
2,61003,component-1e156ca779506278,8c66b1414808f8ca9ec4b8b6defd2400,1
2,6101,component-da1b5fe23d21956f,414301242fa14b2f12c73ff0a81e4b2b,0
2,61018,component-1a631c665823467a,31f653ce4e4f9cde008e9d0ea738ab09,1
2,61021,component-a3d936fd66830572,0f28591ac9c7420ac86d75cc5171b6f4,0
2,61031,component-112d357dfc9cb0b1,e42ba214cd678174790af580d8b5c81f,0
2,61055,component-55065d42c367e7b4,46f32d689b7b7f7177a94e6c6e83e523,0
2,6106,component-5e81d4d4d1bece8d,a35aff3566ebda6accea4a23eb28738e,0
2,61094,component-1a513c3c7e396f08,7d8ae8ff93a4b5bbaf394f882af5e131,1
2,61096,component-5daeac19ba275180,b94ce93c696b59e5d37ea83caf818754,2
2,61097,component-fccc0f9fe8edccf6,0c304618bea367dffd78dcdc350407cc,0
2,61098,component-735a5f506fe8695e,bbf65f1a4be433567a88eb19eacbd626,1
2,61099,component-d871458a1c9e1976,c44a7a3a8e9a0373c45a26709d59263e,0
2,6110,component-7263af08814e1178,60a51c06c5dbaf3d60a1e60d57296a65,0
2,61101,component-75421ec9b6c5bf7e,bd61bf1c3f44626bb926b5565a1053e7,1
2,612,component-55f0124bb79f5c53,e5859deaeca879794110a86d3a9a9b2b,0
2,6122,component-4c1ebc7f52836d8f,2cccc2011afdce4df8b137e14175b7bd,0
2,6124,component-4da12d0182c80c95,879e7d7e90b3ee4098d85dcbfd17f1ad,2
2,6135,component-fbd7e6d85ff9f6db,001319e50afc4414ad0a30665c1e7ed1,0
2,614,component-fa7aec4efb728534,4524eed1deac78a6d9d3ccddca234900,1
2,6143,component-8cf09082d6b1526e,1946087f24e740f4a5e054f16f8ccb1d,1
2,6144,component-0ac51e0dae7572ff,f41c0110e44796ffe13bc502a8aa63c9,1
2,6156,component-fea2ab9d009eebd1,1028a6bf17807755817458b07d7cba72,2
2,6161,component-9317824a5a58e32b,7946c270d36bf72fca0423c5c8ac7a0d,0
2,6162,component-519b10be54472758,2339af551c2d872e9571d6d44dff1ae7,1
2,617,component-85ea151b8c5b5ab0,ffb58ce2ce3231787c4a13cdfcf21833,0
2,6170,component-b7280f4e20f4971e,0d730320479178bbce0856c337d92596,0
2,6178,component-db6479551754db9b,ba0dc03172c25e6d5447ed43324a7021,0
2,6181,component-d7a15df874f004db,d9f288fe764e86acfae008e68a716c3a,0
2,6192,component-ce1f9e5f2424aceb,38bc0220b98aa8b509cea77a3f83fdb4,1
2,620,component-524148f24802f8c6,21b5e86baa425dd06691d000b32885d8,2
2,6204,component-f56ec1c042b23c79,ac9b58fbbf3829def5e7dd36d41a2ba0,0
2,6210,component-8e8f006b6cf920b2,0ae8916e8789174608433820de9e0658,2
2,6221,component-ffe8cdb5245e8084,45a31cf20f75c43fda2ca02e13d8ccaa,0
2,6224,component-25472dbf66be1e82,5a6003fe205f42fe57576f14476c3eab,1
2,6228,component-5b328cf43d53a589,bdaf929c82a6392444ff313f24cb34f8,2
2,623,component-fc71f2d6d38dbfc7,c2e4767ce04f2da01785fb4e30486dc3,2
2,6235,component-f91f00516f6b9a94,cc085e1450b076f7d4bc7f794acfaff4,1
2,6249,component-335a0d3403d56481,02191cb179e2c047659852f26854fccc,1
2,6258,component-27a9f593af9ca21f,12f7b9d29189a2a9c1a6bc74ddf7390c,2
2,6277,component-aa0f7dcb54c74ab0,4502756acab2f4f12ebcb8ddba6fe6b4,1
2,6281,component-9b723fbd36690298,a37f551b7dd551db9d59e1470e1b2d04,1
2,6283,component-0810d383f0c33cf4,4922ca43e281498aca318f9cc9203b90,0
2,6288,component-9be87048f0913385,34effbdaee47d4de96c8181dafb1b255,0
2,6290,component-416c6556e9aac3ef,2d17ba2b01fa56ed14a9656280a66aa9,1
2,6294,component-4050734752b34be0,a79a40ae33c364e0c26a9bf9aeb5ef26,2
2,6304,component-328de8c25c7c7d67,ae3f3bae24603361447b9093e6cd56d9,1
2,6306,component-01eab8520dfa9544,5a414921c30fd06fd92ce906719b9907,0
2,6307,component-cc5ccfce8c22d754,3e52f65d1156650803127ec37852b880,0
2,6308,component-20bc9a3dbbc8e2f1,025c0649ca93efdcbaf314a5725840bd,1
2,6315,component-37353e9f8e1ec72d,252512c5d017f3c854d0557faa52a26a,0
2,6324,component-d934ef5cf6f98730,74c6856c112bb15614d61b36d40c8027,2
2,6329,component-cbd542e4e0644115,ac45efb21addfed9b6d0a3f710ed72be,1
2,6333,component-bac14ac9731aad85,5991005bcef35566d93e970f70defbf4,2
2,6337,component-ea6dfc7c35c52fb7,6e82ff7c5977236ce6b81c215673b268,1
2,6339,component-64f363361a0acc78,1a23a403ff7c60919c048c1261b9721b,1
2,6364,component-527ebf43ec3e2c83,84dc50ddb9fa089e1bbfa0cac849d97e,1
2,6366,component-4a2d50e1553586ea,572151767d57b81f026dac64da18a412,1
2,6370,component-a36f81f0501a061d,91a623833d8f2a4ccdf50da9baeeb008,2
2,6374,component-759bbc81f28f218b,31186e7126446689680f04eb237c03ea,0
2,6375,component-a08926502ba797de,8d2d09c60f3d9eefc7c36e74c19cfcc0,2
2,6389,component-44fe5cd136d507c0,3300bdc8d2582f66a85da006378e71a4,2
2,6392,component-05fe5789313b00ea,31d982922ee73a86795918b1c6476a26,2
2,6397,component-808d3b2985495841,a3c1cbe4f8ba3ccc11c9120d5cdb985e,0
2,6403,component-6377f13d75cae9f3,e62e3fcc8bfd760fd8ee6265dcc82d4b,1
2,6407,component-a3244ad461cefcce,5301eb39ed694f5cebd519ad0143fdff,1
2,641,component-455ae2dfc77dd775,58739bbf0a3a31bb9d081f32ead884c3,0
2,6418,component-277fb860522930c1,515d346898f8fcbdceabab8eb3281d05,1
2,6422,component-e9a82b29d0a30975,f7d89906c6d77cdf4ef7a34a9c41cc06,0
2,6424,component-66dcb4a67145fb49,261202a946f30f0fc56f0b480f1d5d05,1
2,6436,component-f670e8a5860878cd,b450a295b481be6717f6fe92c7078685,0
2,6440,component-ec00669143d20646,d4ccf7a35397c75c04f6ab50399c8888,1
2,6443,component-996379383479fea3,1fa3b533d51fe2660e6d7c406b0dd38c,1
2,6450,component-343a813f39acb703,127a4ea6509038f4f4b1a81fe88a62e6,1
2,6468,component-9d0f9740bf708828,1f582cc049e05f4b4c3505e9822db8a7,1
2,6492,component-229d778e0fbe6de1,766409fb208a77a8ba677803cc3ee4d9,0
2,6499,component-08500acfbe7cf012,25c5563ad5b1ab6b39732b55945ecc7b,0
2,6502,component-724229f1cb241cfc,9fea6db3829ec09f64c987dfddbd801d,0
2,6508,component-b978553db8fafbe2,f10cc048d6f78ceb8444891af0458953,0
2,6524,component-9807fe182f3dc625,440365343708d30a1794fb5f70ba7ffb,1
2,6535,component-9e41f0b66ee4706a,330eff07059322d61334313e1568915a,2
2,6537,component-09e2a24866a292c6,802f8faf4cce87dc035075e49cb7d0b1,2
2,6546,component-9d5105a5f4cd1839,3b141ab032140aa3de0c2b42b4029b4a,2
2,6565,component-0ae3305415102d36,4215bbdfac740fed2071dbd11d3511eb,1
2,657,component-24be8ee76308afb9,7e9cf76484c9cb9f4d8d3b254bbe7b2a,2
2,6573,component-845548b9529063b5,dcea6d5ce2ae24a6c32308d7cee63a8a,2
2,6575,component-0cf9e335a07c2901,f6599dbc5ff01ff84356a88d406b5bba,1
2,6579,component-c7ee488de027cdf2,cea10dfefdf560107ff136583674621b,0
2,6582,component-7446b0b2cec27cb5,c01ff3e3272227c80fa9bac66cec3b74,2
2,6590,component-6033790b521dfe27,32f5d8b89e0c39e93a9ed701e3163dc4,1
2,6602,component-42ce7d82d38d27c5,5f8d45777b4ad355365f24b8fffadda4,2
2,6609,component-7f629c62b406f68b,1068c62c829432f0e3ca3b42a13c1033,0
2,6619,component-fdab00ab9bee9fae,6015a1f726df265644488a4b16fc89a7,1
2,6629,component-1db7a6b2880db3b9,dac64b7877c6418d3f4f43ba6574f467,1
2,6630,component-e5ae436f9a1603d3,a6a3f8dc0b3a78d009289debdb062518,0
2,6652,component-97fdcbef753427f4,050389e093cc9a3b6295e61276ded4bc,0
2,6696,component-a2e06365327c0511,1431a479600cb7cff94fef842fea47c5,0
2,670,component-172e1676eda470ed,6cc8a4c920f33f781ee68f733a654c5f,2
2,6716,component-2502b2dc9bc65b9b,1440728ee0b21fd5c42931f271b11bcc,0
2,6717,component-089d6b2fbd5ecaf2,e1b70e4a2a8e7bbef9a9f8ec760e7f61,2
2,6720,component-3e8ab67ce1b66389,d41afd1eff3ad1c4f34c9e32dafb34d5,1
2,6728,component-ad90e46468712810,39b6816d784149660c957044e2ef85f3,0
2,6729,component-9dec6a96c55e8889,d8205beeabc0fa1993d04a0755ed814c,0
2,6732,component-c4be3389854d34a8,10b7f9f0d67f973654d9b44fc8301d57,1
2,6736,component-15aefc83749af078,9ed2894f4bddd155ed12ee9d16f56d32,0
2,6752,component-4f5966fcb2f57653,6fac1d36ef059da1d5626be26ef66c52,1
2,6761,component-fbb22a4931787115,a3c630d16b28401b856adbbf01228490,2
2,6779,component-0376a3d5aeb3a471,c7ed8ef66917af06f693955c21240f92,0
2,678,component-cebe3d9d614ba5c1,afb2180c56fb5edd5609e42cb126a8b2,2
2,6796,component-97edd9d31897ea17,0b4653d6904b84c666e99f58c5bcdff1,2
2,6799,component-cb317a98d4027545,af6c6842b65f4c881b9094c4bf8a0e41,2
2,68,component-a21855da08cb102d,ee01bac1b12787cc4cc330995663ff0d,0
2,6801,component-30577c46e2620652,03d7888fed2dc5ef5d1f084c672b2cd8,1
2,6804,component-82246180d04068a0,e69a720752b92aeb6855ac2cfd33192a,2
2,6808,component-f2c8c2a5b93d7e3f,bc8d4d01e411ae6a18b8e3dddc257614,0
2,6810,component-77264818a004f870,7d1650db049e815d1bafc341373dbd65,2
2,6815,component-905daf4b6cccc722,be8820d9148efc2275f245486d71729c,0
2,6829,component-7bb674da8d83afb8,d952df87c1d99a415140db3ea7d18bfc,1
2,6831,component-55635dfb6830783b,084a961b703576a50e36f2850f29cad0,1
2,6835,component-1caca1f2422580ca,951deb15da82d23cc374b6382ec99895,0
2,686,component-162753c27c8b3297,be60218eaf6355894a2f0bcbc1528250,0
2,6864,component-3e80bf742e71a2f2,baa6e0aebfb108b83887ea4039713021,0
2,6869,component-053d7b9eef98fc65,267d19f5e9e50b9d92dc22ed3997b93f,0
2,6879,component-d7a0f216c42519bc,4f91cce1a565afd27d467d27645b65cf,2
2,6885,component-3d1a10b227a0d642,0bb43f845c64748b939f5d2f34c46690,2
2,689,component-fc4fb94d36f45aa9,fcb70b41b54f7aa6e618a30891fde569,1
2,6899,component-5eda48e9e42e8308,9a0126bc7cda3a0c3697fbdb522e38e8,2
2,69,component-c75cb66ae28d8ebc,2ce627f7e15258453a2597dae1243380,0
2,690,component-f6103ca1e01bd200,91443febf09e634c70296aedf754f93c,2
2,6906,component-3dab31dab247d9ae,7a7d87d76d2cec9fe5372d83d158bd3a,2
2,6915,component-dc345d015a47a211,f0f5503feb7fe11e2f5b6be104dbdfb5,1
2,6916,component-07e3e42e2e438468,01ca0e6b8ec4b6ac4e3e75b3527ed945,2
2,6933,component-22c670b196b60cc7,249381d40f57de9b59374015e96bc9b6,1
2,6938,component-62022fde6ff91597,f7dff1a8f636366c76cddabbe1fd5021,0
2,6944,component-918ef45edb9f5d08,b57b9f3fbce1097d104dbc1c80bc0f1d,2
2,6950,component-da7ad11e10c38239,ee785e665ef15db7eff9b9e0d499ba51,2
2,6954,component-da6a103cafcf90f7,6763930a378155c7dd52f6d39b1700c9,1
2,6968,component-663f73f8af157c15,baeabbf8a61fa6fd6ea2b8bf3fc74c72,0
2,697,component-d6723fa996ced477,29b15cab603b32dfa151eec40dd536c5,0
2,6981,component-5ba38c9dc42999c4,f7ca72b2f3d9a3277cbcab517cdb7e06,1
2,6987,component-413285aad9a95e1a,93388072cb20e201c4f1bdebd724e134,0
2,6989,component-88c821898c75be84,726e1d5b6fd7eabeae1dd8a77a34e961,0
2,6992,component-a9ca10b9f6d8a742,b15015598dcf7c7e1bc8a85946beffca,0
2,6997,component-40f7da9e28560522,f36c4c9508f9ae22f2f9b3033fdc60cc,2
2,71,component-7f2253d7e228b22a,981b6f65021cf763c4127f1b4b0866f5,0
2,7100,component-e36deec09aa73922,0c97b67a603ce9215a7de851072b0745,1
2,711,component-2499d690642faa4d,6afdf6852ed91a22cca496c28bd01ea8,2
2,7113,component-e02be5962e51741e,6b01709a93a0b4923b66edced579cca5,2
2,7125,component-5a21a541e4ca70c5,ce40a9b3457639cc44130044670ace29,0
2,7128,component-2e2195595695ad1b,189129d640e627171201045cb3a5fd5b,0
2,7134,component-1cf48271e12d3b2d,6e238108bbf1fdea87e90fdedadfe697,1
2,7135,component-43908979b8b2d28d,86ab6aa773eadc55d4034928e050cfa5,0
2,7143,component-62d1c8c930d1593c,3222a9dba4d08a27563c955022aecc5f,2
2,7144,component-025f8e0fc8234530,f78ea9843aef72714da760b86302c51e,2
2,7146,component-3b66ce5fb84c09be,3bde2e5473c55aac3513e7cdde442058,2
2,7147,component-2542d2e97f798ab5,880f5d6437a5d7571a88ad121b529e83,0
2,7157,component-4cad08c00f2b8586,a663e77fbd8571eba57e1f28950ffc89,1
2,7161,component-a30a53f725617a62,7d0c63aea4111055e9db2ca4cdaa11ec,0
2,7179,component-e474339b073f48a0,dbe29a9af5d7ca8304d8d11101d5393c,2
2,7180,component-de0472d2dd790e06,4ab68e84fd25c897228910a47d6bf35e,0
2,7187,component-6493b0d4884a8d45,c0dac2e8062e9ab35a21862e88cef130,2
2,7192,component-0bf74c7a20edc358,54ee5b41e9d49ee7d5fcccba2b991657,0
2,7193,component-3fe9eb6564da9fb4,50ca4d48c8ce8f4f2f2381aaf31b00c3,2
2,7198,component-0068ddd8e47ab646,2e502068883db0ba0da4bc3391d424ee,1
2,7200,component-3c5d8ca315f8c36d,d03c1b634958b432d30976ea42e5ba46,2
2,7204,component-ed12f17149c7e7b5,c12f3d49cc74731bbba3b59659c19cb0,2
2,726,component-9dcbe7e30f0bd608,a9fdb79945ed7c654fee9c0d33cdacc8,2
2,734,component-c2a181d8178a9f75,f43b469e12ec98b2c43c5111d1aedcde,1
2,736,component-2b9449f314bf9314,86008fc112d5c10511094ba6515927ff,1
2,74,component-eb624dbe56eb6620,78439edbe407f8312b14e372065de66c,2
2,740,component-234666d765f4c0a2,70946d0c0877898101024abae8b93a85,0
2,743,component-0df5486b7bca884d,30b486a78abed1ba462568819fa51202,2
2,745,component-42c6024940120036,d30290f62cd4e7fbf24d51be6848f92b,2
2,751,component-d3b913cdf3e8a797,1f52006a564815250203ee9a1c709670,1
2,762,component-9b6c13f0d182b253,01501eec54f6f0f9286f079c7b23b589,2
2,764,component-aaee0ce51abf0849,fda6ca4b816e64a5449378118ce36a59,2
2,781,component-28955b1fb53203e2,12d42f727bc3ae2020335c9cea2890f6,1
2,783,component-5620e84be3e51418,a0e9c7c256f139f192101dac20dbce8f,1
2,786,component-87c7965a1cc6c11a,c0a04e6c9b4213291797365785fc23eb,2
2,797,component-f7abf2a084c3668c,b56186090e9efc6ae70059bd40ea41f4,0
2,81,component-5316ca1c5ddca8e6,d489bc879f6b845ceee7a6754cc89b4b,0
2,815,component-96da2f8885ba92c9,9cbde785a2db62d8e7952ee8b442470d,0
2,816,component-96bb293aaa330ef3,8225e1062d1f8912df9df82738258f15,1
2,825,component-10e4e7caf8b07842,ac9a3d6f8c0164d98df07c8d21efe239,0
2,89,component-cd70bea023f752a0,e7693678bb150760f47273a438b37c38,0
2,90,component-69f59c273b6e669a,93b780725b847bf731be2817fa8fa74f,1
2,910,component-39e18a493b913441,5812d0c9932e64c2a83b87e287edcf78,0
2,912,component-9284d61c8c2ba62b,d3b0dae6a014108cccb1807163ba7d6c,2
2,915,component-b9dafef03fc90f65,9038aebf03eef8a2ef2fe00fd688bed7,1
2,916,component-953815689985e39a,6400e301c29e3158a43975430d9d0138,1
2,922,component-b312d5fbcfab403a,d3b5e6cede9960b1e75bf85c1feaa844,2
2,923,component-b5a9ede9a93528be,41e9d0a7b7e43fc3b15e1b67287279da,1
2,93,component-6e4001871c0cf27c,9f24629b03b67fcfde96922ed826c636,2
2,96,component-7b1a278f5abe8e9d,409fc7a72d5d8f3eb2df0bcb7fcd5da4,1
2,99,component-8c1f1046219ddd21,c0d0589e8879fc136b912b0597e327b1,2
3,21,component-6f4b6612125fb3a0,56a75bcc6a524cfd42ed603bef923e85,0
3,2105,component-9c93522c01b6a1b5,50ca28f275838edf4b8744a629543dd2,0
3,2109,component-62fb418140a7ee41,205b46648f147e1a5ef52ea07af00af6,2
3,2117,component-23147de999739184,35c0585a748521e4e02f2cb0b1c5a670,0
3,2118,component-1788c74b1c926286,c079d2fd7e1214f5a318eeb1cee5a7db,2
3,2120,component-016562d2d357325c,4005ca6527b27dc147853df3387fca12,2
3,2129,component-33f849de3622f07a,e0eb5b76296e8afea61767d14c2885cd,2
3,2134,component-daab3aa68185b677,36542ad464958db9867f6a7844234c35,1
3,2138,component-b3773ecbf7494c6f,69451de02e2c26787d69a77def43c5be,1
3,2142,component-8c9089be2f18fb28,adce8547f81fd2a416f48e56ce784a72,1
3,2143,component-21113a3f71a6ecda,605bb37881140f45cfecadf22e83eac7,2
3,2145,component-41332273b0913dad,cb83b6f7181863ab7ccd76e203fb2a9e,1
3,2158,component-f06ca10f4977ea7a,82f4ae46a51f902d2c5d146f3b8d49e8,2
3,2161,component-f2bdda2192b2a979,ab32e118a4221396910a04bd1b42e3fe,1
3,2163,component-5e9abe7a56edadad,97d57987632cff989a344d1fc4640dd5,1
3,2168,component-59933d776452c8a5,e62a8e7687dd09e9edb49cdd79ac81b9,2
3,2169,component-e2135c76ca7863e5,e5950c8af106349d3bde77b92b587c32,2
3,2172,component-77334823791bea53,c102a012748e4ac784229ac8f1932777,1
3,2179,component-9e6296be2bb963df,b0cc72b05e56c62f78c7417f5c0fc7cd,0
3,2180,component-25dbd7ca6d959934,e1cef712b112981646a3a7af02072884,0
3,2182,component-93989d0f14e7ec63,052c3661f71366f3b0bbb798cf69de98,1
3,2187,component-2d2c33c52e3df492,fe5e7b6eb0d92b112cb558c9628546c0,2
3,2194,component-24210acff902c1fa,175f826e4bf4ef42ee78185537248c81,1
3,2195,component-5bc05e241527d767,b862b6c8067666d74b0e1aface0b0d3e,2
3,2198,component-815106adc7256d3f,a5ffc196aa062589df3cdaf7adae5f8b,0
3,220,component-36790ecd55c2030d,f29aa2d9930b2c3005e4176f70479f9e,2
3,2211,component-ac1964eb089654e0,8ed96462e14b7e08362c992268b31ef3,1
3,2212,component-05c8bd5d4dcdb18b,5898c37a9a46b8c9b289c24611253043,2
3,2213,component-88cf986449b61aeb,5cb2ac870c6c24a267d36411c5eee617,1
3,2218,component-58763bceaddcad67,8bf45189c0cd6ac9db540664ab032a25,1
3,2224,component-9d9f3c4ea93d3640,21b28f3c505cb053361b9073227889b0,1
3,2225,component-90d441ee3fce238c,7a8267f910ceb6f68f247156d7efac4d,1
3,2226,component-cf2661b79280502b,0cb857d86212393e9ad6d210ed3e343c,2
3,2227,component-2730a07b09001328,c2df42f2a4614a641d097d558dc2e0c6,0
3,2228,component-3f14a60b7590cb27,b446e82d7880da2ac09bdfa1fcca6753,2
3,2230,component-903a4207be29cb52,c68ece4523fd19464605632c3632e0dc,2
3,2231,component-b847856411aef26f,b9a4169a759025fb6031d204a5f82aa1,2
3,224,component-84a5092e4a5b6fe9,1a294e5ade965c4d599b18c0dae9fc70,0
3,228,component-9d693eeee1d1899c,b83c0d7f087ed2c736f31962ea1d8e17,0
3,230,component-a0eaec5a55dc2f5b,db66ca2f0446d1b946f395b720b518ec,0
3,249,component-9f484139a27415ae,1a6e7c698caf805c2ef14127b6c528dc,1
3,253,component-e7866fdc6672f827,6ea358bdd2bb85cd3a1d85667dce65c9,1
3,255,component-9556b82499cc0aaf,18fa800cc02bc318c94d6415c23172cd,0
3,256,component-51e8ea280b44e169,2475d464084cccf82ac3e72ea8721a5c,0
3,26,component-5f9c4ab08cac7457,fa0a4aca7afe8e9562355122b283d553,2
3,261,component-e888a676e1926d0c,09dcac2ca489e8cd6bc7c1b0c78fa8e9,1
3,271,component-3635a91e3da857f7,29c04fe1c8b2c4bc979ee3ea2ded76bf,0
3,276,component-c76b405781134be1,5ad9062554ff2bc84868c1e4ce072aae,2
3,280,component-7f0a22117f8fe017,7e151ab9958bec33ff7d260c0003c16a,0
3,281,component-71a1c003a2b855d8,7941a524af14db5fab1eb72f815781bd,2
3,289,component-af180e4359fc6179,a898deab1798d35f3befeb7ddee39ebd,0
3,294,component-2cfc8ccbd7c0b176,2fbef97d89a05cfd623bc37ddd434d5f,0
3,299,component-308831041ea4863c,a684c0272177a378423eaf691dc51863,1
3,30,component-624b60c58c9d8bfb,65846af3dc8205fc45821efda37a6b44,1
3,31009,component-62685f4ccf56fe93,dafb1d4eefc26050cf648702aeaf3e3e,2
3,31021,component-984810c200880c15,4d82215ac84dc6962609bce7dde2ab5e,1
3,31029,component-b01ad0e16a64d27d,cc22064d0f2e9dc107b71f128d12132f,1
3,31034,component-6276525dfe8042ee,d7a91519f90cf0516f1fb288a4e63730,2
3,31056,component-f1b86817730760df,1c22eb9ac3587afa26de83acc19b5772,0
3,31060,component-536ad0fe2c3a10bb,65195ccb68b996e59a59b8113029fc06,0
3,31062,component-625d5d53a985d0b3,e7d632e4fd32c99001a812bd686b3786,1
3,31067,component-1587a463ee5e41bb,3e52cecfb9079ca67b8369f67164b402,0
3,3107,component-e68adee72e4d3c42,21f3f81fbdf331fdc8eef7c975079d3c,0
3,31070,component-479184ba020423a6,67f4391809a0901097f29c9d82f9d418,0
3,31077,component-8cccfd6feb340e4c,9c63d643a2337f34ef45e442786aea86,2
3,31089,component-715e8d519610db31,d577a94864ba13e0ccc1efa7fc6d5d73,1
3,31098,component-8a963628795cc850,520b2c51459c7023be14937957e51f7c,0
3,31114,component-2be8ef0e6d06b373,8344bfb2762619cffe50d45469ad0799,0
3,31124,component-86be1e022f34aae2,737684e5c8756849c4caf4dc75bc72d0,2
3,31129,component-00797780986dfc5a,70156a26f765ebf26e0089b01b76089c,0
3,3113,component-1a67316dfbb24cbd,f05e045c8ed31280a52970d8ae8a0235,2
3,31141,component-c3111bc677b90c56,d498bfc4525861a58ce664bece576d2b,0
3,31143,component-aa350cd9c8591625,9a41dab4afa2b127c83eb9325948ec9b,0
3,31145,component-37b7d328d51f88bc,cf70ee1b8f701d19a837aa230097eb3a,0
3,31146,component-a7233acf9f73483c,39e08f30e2d19ae3e10e3c1269647f79,1
3,31154,component-4b30823e8e3a82df,8e8334b3b8232a6feb1cd72f5935cb2c,0
3,3117,component-a7371e91d028d2aa,94b6229d5895208ff9529888a4cd4070,2
3,31177,component-0a82de0b9561ea87,f3ec2a1bc9c25030d4e35b7ca1444a71,1
3,31179,component-7759489f703ee03e,0765dd660474a38631f419d84d3483b2,0
3,31180,component-2d3f2d14c058e044,1a7a889d7acdeaa79db9f740c3c18028,0
3,31181,component-e801fdfd3b134a34,e25108a3f107a3b2441a428ba648bf68,2
3,31183,component-f5fcd155b5f58783,2c0dcf6ab7c40921f0150f31ce6f5182,1
3,31203,component-eaf3a2df0fc44d5f,9900dbb92da294971fd781c3f4829d6d,0
3,31207,component-413305cffb6af6aa,0dbf4a58cf4e4951e686be68bbc767e9,0
3,31220,component-cd110b42369c38b0,6398fbae4d2734fb10ada0c1e48f0af4,0
3,31227,component-7e5ee7fe75e70ebe,6af6d5435c069428dd27e2f4f3c0dbda,2
3,31240,component-79f785da0b1593cc,819e766397b0c59dcd16cc5bb1c81f73,2
3,31269,component-082f83a7e6a08543,60d1c55e8f834c7f7cf6c82e2dbf7783,2
3,31280,component-03826f1c0aca055d,5e594e58b21e03bf20982bf5728c6b77,1
3,31285,component-bf9e705d0081f269,c9e94b23bc222429a71db651222cf8e3,0
3,31286,component-7a98d3f7e87c5408,9c8b7ce012f7eeb888991b08957bf13d,0
3,31292,component-fe9081daaba2f26e,fc7db518aa49aa9f215c17bab866de4b,2
3,313,component-8efbbe9bc19ad2e0,8c706a521445f742de4e47bab1bbb07b,2
3,31304,component-99b8a24ff27e0983,5851f856cc4711d06cdf0215b39f06b8,1
3,31307,component-fc7b82f53c0af408,c8bb3385421b223591a5daafa7cb016b,0
3,3131,component-656d5be9b8439710,1d6a3902de214de4307b74fd3f6463a0,2
3,31313,component-1875853a561ecb98,85c92d61e2a959e80696cb20cc93e434,1
3,31317,component-0aa2440ee35bb5a4,2224be84c23256a31a7ffa18ac9e93a9,0
3,31330,component-a35080474fc86908,15314af09ca00111816e02dda2ccbd7b,2
3,31332,component-965e70fde48279c6,6f1cce838f89fbe78b3ddc400382dd77,0
3,31338,component-59dac82d866bbc1e,f2baf9e0c987e8edf95bd34d44130f26,2
3,31340,component-b448a663632994ad,18d6da91e10697b3ec732d56bd68fd8d,2
3,31346,component-c42b889c9b09651c,779ffc5af31d8a273a59ce1cadc36be4,0
3,31347,component-e62117f7b8d2cbdb,ff1ef95b11f2c2ac7bc6dc67f7099add,1
3,31361,component-f54ff4900bfc30d7,1398250c781dea5b21132884d11e0fb1,2
3,3137,component-1f023880f785dbb4,436f454fd7bb0d7c2caf10d688d1f558,1
3,31378,component-6f351bbf526aa8cd,a833bb6b0ef78c9ae86b3da33e4dee5f,1
3,3138,component-206b16537b0e6534,5c36db4b5537c20a412437ff0d2766a3,0
3,31382,component-1f41a4cbd46ab745,0c473eb316694327d26b4bcd43197359,2
3,31390,component-55eaa72f053b1044,9cf2c2d10125638b812caa1191258add,0
3,31398,component-4d8800f32f42bdcf,918798c6920d19e67c74c5cd63bb44f8,0
3,314,component-748064be03a08df8,3d2a1bc8fa490df3df22c9e2e844a381,0
3,3140,component-3a892eea646c4e4f,844f6334def3ae73d68941293ba1a810,2
3,31415,component-9183c29ea013b982,c90357d94c1520bc121a94cdbe43dd93,2
3,31421,component-e066ecc2de42566a,4c7ec460b8dcf3e8bdd3bb41f34cf1a8,2
3,3143,component-7dbc9e01698ff644,9e79caa0730d9cdf96f9094e682cbbae,1
3,315,component-377adeb4cd4096ad,61e938e732787ffc421ec63cc232865e,2
3,3150,component-4d364fbb3786fc31,49ff1270771704b00cca6db35dbc34df,0
3,3157,component-0b9dad0346d25b6b,642204b130994203de0c9cfe69d7f798,0
3,3159,component-ef5839d610a3567e,4d40af8f54708f087b458f72b12ecf11,2
3,3170,component-d7827558d408d7af,f16f0823f2cf06570f8a255ea9ca7dfa,1
3,3189,component-ca0f11ca98da8843,19c1037bf616bb87dceb485d85397519,0
3,3195,component-fdd25b9aeb3d9e62,d993af4d86740fefa7a4a942936a9d15,1
3,3207,component-098ce5419c70dd06,0b1cd984d5019e2e4668dd86cc08882e,1
3,3214,component-1ef3f6149e996293,d21853a98ab1f510c35880b76d670d35,0
3,3220,component-698eddbc91b225fd,3622f68751202a46a5f49dfc35df2418,2
3,3223,component-94f802729d9e69d6,de9011087cbe34112d9b3b614637caf0,0
3,3225,component-283fb243c9b850e7,0ebc9b51f550456f8b204d869b67dfbb,0
3,323,component-3949ac1596ec7710,f1879899027c06fb429e503e60f5c1c4,0
3,3231,component-3c2ef1901bee3a48,3bf078ac893453d3294dda602fcc4b4d,2
3,3233,component-84d133d968520db5,4e7e8267143b96616ad6890d9b42ad19,0
3,3237,component-078468f27b81b84b,31a243dfd89737490e25545aa6240d74,1
3,3254,component-d67e8edaa3a287c3,c1be029bf06d713615883687f7016a40,0
3,3260,component-2fac394011e7d326,ea5637f9b20a8d9c102fee7963b08aec,2
3,3263,component-5b23e77bcbfd4804,c7098f0a126b134fb549783b6e58846a,2
3,3264,component-587887b1f664c61a,2da58b964ceb167942487b363a674f66,0
3,3267,component-f35bdfbc3b7e089e,ab2cfc1c998249d47f74dfe08f5f45b1,2
3,3274,component-e118593a973128c9,0ba8f65361474523ae17bf128c8d972f,1
3,3283,component-9ca5e9b3a5cce0e6,7813a970112c652806926c7650e4ce6c,1
3,3290,component-8a9745162300f3c1,3b84c8847b0949094005c2d62bac5f2d,1
3,3315,component-715da20ae91a9708,bf414e1bf3a80f40cca0781cdd656fd7,2
3,3319,component-e40f403944f152f7,b6a29188bfe6d4920991ba77f0a97bcd,0
3,3320,component-d146f0489a920009,ae14713aad43a0e9eae27490de1264db,1
3,3321,component-eb9cf4c533aed16e,eb24699639abad4587fca7fc383f6788,0
3,3328,component-944db51d0e31fc3a,af78e4c65e499777d22103159e58380c,0
3,3339,component-4cf84afda7c7875b,d97dc54a2c25bdf65f63104ec2692954,2
3,3344,component-15fc36b3e80b9d7f,7b2933330a967478611fd03043a726cf,1
3,3347,component-3380f3fe3a5641b1,3999aacbd21da1c524c3ddd97ad380d0,1
3,3360,component-5abc1ce2653dcfb7,921813ea6601b06858909c4fe811e281,0
3,3361,component-e8202f39fad74acd,5c25fa05ca9355cd7c5a12b496bf1eba,1
3,3366,component-0db1804a6beaabd4,c2bdfbcff7b28b7dde3d44cc4e7dccca,2
3,3370,component-b4587def7726374a,53f0cfb20da565fe22ed2094edb51767,0
3,3373,component-5ed4cae00638d8a9,2d384f65ce2bffbe4e1d34791d2a901b,0
3,3378,component-1877fbda982a46b7,593de5599e140fabebbad2fa9d3c2107,2
3,340,component-9644294ac4ffb309,18d8b25877207b22581f5fbf7fe34219,1
3,3401,component-6e04efee3c6eca4b,a70384f0a87af21a5fdbd773ef208372,1
3,3404,component-ecb2c5cd363bd77c,7235dec8655da557fef3de3ce9f14446,0
3,3414,component-801f8522550bb910,038a95cda68a9de574ae6924e69bf88c,0
3,3422,component-885bf40616bf1c2c,3c5fc7340c6f3d5ea1703a2741cb877f,2
3,3423,component-7312fa1be2ea65d6,14d3088c97e8f11acf5af177d840992b,2
3,3426,component-4c5f863a279220d8,c078dad552281489dddf4177f9a4d42e,1
3,3427,component-724d2f1a49d590b2,efa02650d90d390afb01485a2071b6ae,2
3,3431,component-06071662e6313f87,cac3c222de539870723d01b1994957da,0
3,3436,component-a26dc55ddff93202,0801f04c0539a325f08eeafa3cff42eb,1
3,3437,component-5b36c44d19053f9d,9dbdddaedf5579a186ca16415244fe0a,0
3,3440,component-d55f9f377e5f6239,21e5c3c6029cf205ceb6f19af9d507be,0
3,3442,component-82bd3b63e2f8767c,285bb66b15c6accb61564b375dec9616,2
3,3450,component-62f73707683b924b,d7aacc4c77407217837b6a409d3fe3e8,0
3,3451,component-bb551a7a1524e2ef,83eeea7979a11469533b005eabf2f0d6,0
3,3462,component-04ad2618a7fe10a3,e0fbdb818424b810b14f6347bd434087,1
3,3467,component-8db4f214b0974db7,7ced2323f1a5d003442e57af94f3c91f,0
3,347,component-2289b221b39605c3,51c39d7ac8d8b75145b10349d2df7d3e,2
3,3474,component-5d8a509aff5247a5,40ef96a5c8dc99f6085d227673b1d39c,0
3,3480,component-75000e2a4f87a5ff,1b4be0d0b6fc2b97d98c171642563ce8,1
3,3481,component-f23ab45f058247a0,c355d01d74c969a7fea5427a2f604d0b,0
3,349,component-72ba187b05e705de,bb46ac8766b986c34e28e966c52152be,1
3,3492,component-9652ec3b28f1be86,2f459a8cbd3965567d35533dd81cf790,1
3,3493,component-24a05f4d1305d667,6d9356466d4ccc111606048aa95c901d,2
3,3502,component-a1aef9f42364b8de,05282735dfa0171dda4d23fc253127c1,1
3,3519,component-ab04a0144aaf727c,ac451462169e4c6b916c411803d2fd3a,1
3,352,component-9a72c24f2fd76561,70cf4755ba6aba2812416d5f42ecc585,0
3,3522,component-3b37ef6a1be31e06,8dec4402cddf6256cf897e50b2ab54e6,0
3,3525,component-00603386e3314670,0637222f7162615aa65daa358e9a53f7,1
3,3528,component-137c149a3ed18d3a,1f34dc9886091167ffc17d0482b49675,2
3,3533,component-e1fe15b6ce5ddcc2,71af8bb46ef69de23c41da6247f1044d,0
3,3536,component-1e320cf3281868c2,10bbba2a38164cfd6f71a5cd7a4cddb4,1
3,3538,component-112b89e61925b93e,3d587ca262d7f159d20cf9d0fac7ed3e,2
3,3576,component-e3680aff4c3e0fd6,6adaa43dc3c97c4b9b19b6d7b7788633,1
3,3584,component-9955f4a562efd60e,c6b484c6efc767630cb7768d8ede925e,1
3,3586,component-8a915123f912f456,a96772645bbe9f00bfd8ee7e5b314f1f,2
3,3587,component-04ad14d9946a767e,5914280eef69e7aca0430b8463512ecd,0
3,3589,component-eed67fb12c02e975,c36cef7dce54a6343a80775f6744f9dc,0
3,3601,component-1d8090bacab301ca,bc32782fc94a6596584dc11181b14e1d,2
3,3603,component-94de49d59371e3a9,850198ef052440d2c56bfc1d87b47bcf,1
3,3604,component-df6443e4bc9ed495,c694cf29c59e3ac15ba65b5ad092a36e,2
3,3605,component-d3c03b39626cf31b,d679319d92bf8321625f3955cc56543d,2
3,3612,component-704c308726bba772,cfa5edd903d4c6510b79df504dd78a0b,2
3,3615,component-120e52d7b556d767,4b38da19ce624989435efbd3775b600f,0
3,3620,component-c9666ca719574009,beadad75c8c905128d177b93586ca6d3,1
3,363,component-a43231c2216f23db,62b7d439f290de1db0295d6a70262065,0
3,3639,component-44a91994cce74ed2,7f079511a0dd0a6503eb3d8090ceb95b,0
3,3641,component-d41fcbf17a8ad37c,4cf916a427fb4f70f0f2d7297308285a,1
3,3644,component-487e4a2ed2f8e9b2,76a99dd0d4e7a4e463a3580cbcdedc45,1
3,3645,component-62fe739825059f30,c75ebfc467708e37479bdf945c1a21d6,1
3,3647,component-aaa33494ff99c63d,be838a93179309be9091e57ba80137db,0
3,3649,component-dc4aa707636ec734,ec0cc2abe3052fcbf7beef3ce7d002ab,2
3,3651,component-0ab77c56eece2d24,fe9a35bb16e51a399f38093c351471cd,2
3,3662,component-989e93d58ab9eaa3,a7722b7f8213371b3249419c3a245362,0
3,3672,component-9e40f86360ba8c10,4b4d927b8db69b7c284b8abda631b0fd,2
3,3676,component-e9627bf1367d542b,11324192e1d691e1fb531092c0d41498,2
3,3686,component-023998ba5a1bc02b,6d63c155ea9fb47807fbe70db367d531,0
3,3687,component-2fbf317387d52ebc,e16fa97e33ba606da9723572e36e072a,0
3,3697,component-72abacb094771a0a,a1b0856e7b568c348d3641fec178f7f3,1
3,3701,component-21872bbd9f73229a,1f787f0e33f5e4f90bb0146214d09d89,2
3,3704,component-f12c70c1cdb1ce6b,d51550ee0188773e09945240995e0a11,1
3,3706,component-7af919df0d6f22df,1d1c3f3353981109bc0263dc8455e2bc,2
3,3708,component-aaf68675c4bea560,c058b823df2d0ba594f6719ce1992542,2
3,3709,component-ace104f589733dc0,9543238c92e2ea0cd7b304e61800fb6d,2
3,3710,component-ec995be98212e07c,990a6823e96f84580f55412ceba84030,2
3,3712,component-95a10e2b95576e13,256f9623142a836ab2375b1c292e4195,2
3,3725,component-8b088301586d31d3,0fd4ac8303bf7f133df00bde32bf7eb6,0
3,3726,component-66c2d265640dfd6d,5256fa39a161999c15097bc72e35c63b,1
3,3733,component-d6c29d5bb1162b7b,7069e66063226ff50087982c7607fa2e,0
3,3734,component-cf8a6f1162e27586,db42613bac99c60e14c337e848846f7e,0
3,3737,component-f021014960c5f61b,a8a9d64618129b6a9b783c312b42b049,2
3,3748,component-8d7c658f9476ff2c,270f3d4ebec20fcc04550a4f3e47e82c,2
3,3773,component-3ca74779bdf0f0ba,b33cb65d7be029c7e95444af944ec638,0
3,3779,component-5b382a8191264f07,75120f03a6e9a13e0f9a98684618ca13,1
3,3804,component-c2bebd7cefa36811,3136ac6bff1ab827a48b9323b80c2c44,2
3,381,component-392a52e4f77c40bf,1d1fe85f33ce84be14716ba3ca1d4341,2
3,3816,component-14cf3f00fb27765f,3e71c1cc7111b653dacc02cfd1cabb47,1
3,3819,component-349a066f98abb7d6,338fa3ad51627a8783f81e6adbd0e855,2
3,382,component-f65ccfbfec288565,68419c60622ff630cb626e437b12bab7,2
3,3827,component-bf1889006d18a1b4,b1616f572a184173b8f7cd7b6e0583c5,2
3,3830,component-c096d44ca5d254a4,a3ead00ed6f06cf68ac6a268281ef243,1
3,3833,component-93495fae156b6769,8bdc2d55bec27ffd4d557987a1140d44,1
3,3850,component-756a6524cdb2d4ea,d4a573ba03d78407fc5815a5355b58b0,2
3,3857,component-e3aa235a10ec0805,c7644636064f41de40397e04e6e0b4be,0
3,3864,component-3eaeaacc5acf161a,0d69def37fecc0210469aa08d6fc7a89,1
3,3866,component-e41e141d6715f7ad,0fd18794c0d66bee87d07ea076ea77cd,1
3,3868,component-2a2005a19dd5b0c0,65d198f46cb2987870b3c812b1215f77,0
3,387,component-25dac95b8f595046,61a5a00396bcf2496532f063af217ba7,2
3,3873,component-dc57c1fc055e30ee,aec41bb370485e144fe2895b079d62d3,1
3,3882,component-af8637ccf1fe693c,b562dbc1f17ef6d3a38de55e078bfe50,2
3,3884,component-b023673aa0a8e809,1ccf016c08865d974a5e65100cbda8b2,2
3,3890,component-6903260f1db7eaa2,80d0da88b815fa371376a13c56be158b,1
3,39,component-0b918943df0962bc,27546657bcdd0b4631395177f1b0ed47,2
3,3919,component-defaef0cc4def073,e93a3decf6ea38c7f8b332b75503149b,1
3,393,component-99a0b871c9047c4f,02a20905af388a1319c2c8a7a6cad5b8,0
3,3934,component-57e8be94618ed550,efa8b3a5e362640649324da4bcdd7469,2
3,3937,component-9c67d3b75b1e8364,a3c17def286f05ae71c49a47dcf0f146,0
3,3942,component-7c2355534ecc3a59,3a8ebf96bbff5e2c3467e635f6394225,2
3,3944,component-63d5537f693522a8,12699782791b5b35d015ed67656517c9,0
3,3948,component-24a47a476d5cbb0d,e58601efb669db0301e97138cc41bb71,0
3,3973,component-979d26d3a739d909,80b01fd16d746b85f2102a15b39d6025,1
3,3975,component-7ca01a22d3f94bb2,37f80ae3edd7b808761aef4466758daf,2
3,3983,component-c7e92bac8729cf4c,21149172feef2cedb44d6ce23f050028,1
3,399,component-0f78540965a86402,5759d24a9ea77d492f7ea1da175c3f20,2
3,3998,component-08a05c4b716c9953,8c39bf80f05dfc165e9963c68813ae77,2
3,410,component-612111a352a571cb,dbc18d4796ac193330a9f60b00ab0127,0
3,41007,component-43d1c17d2ab607ca,05fd528c954fe19225979a074367085f,0
3,41013,component-d404630527115191,f4878d85362bd80fed048c0e80b5059f,1
3,41018,component-552f4faabc0578cd,d0cb3a1f0a5621ba48886bfc3b56de18,2
3,41020,component-c12cd05cd01bc855,d78125ac7d7100554426602c191efa8b,0
3,41023,component-389dad3d3c5d0561,824207123b7a0659d765c20454586d83,0
3,41045,component-e5d23408ebfb05b1,fa6d3d2f11f5f0c536b2fc0708266458,0
3,41051,component-6777772cd815e0a8,ef0a8b92c9ce18ea6282e12620ad5adf,0
3,41052,component-5603e9983b780c8b,76a9f0f03d16ab7ca003f8e083ea7795,0
3,41058,component-334d7a48f90ac7e3,a4a64918c8d7eed4c1e0ccd1f98e4698,0
3,41082,component-d0d8dc11918f76a5,be9308aa3fc8794c17b2372c9bd1c48d,1
3,41102,component-42e879bc6f6e6eba,296c55a7afa8004543fe1b6d2f63ed00,0
3,41109,component-431fa2a42f808eac,1736a1e60b2dc54a832b1f7f7f265a89,1
3,41111,component-e651f85f0d814e18,3a519dba1a7fb1c2c22292fed7efc767,1
3,41167,component-cebf29097c0d5deb,1cb863e33eeba6a48e66f4a7e1fed59f,2
3,4117,component-1115fd804c829549,aca121986fd49ebc08be2d0b956084f7,0
3,41202,component-e9b0f45b8c5c6f43,5af673219f4e6c0d5c55848c69e658e7,0
3,41208,component-1fa21f417d947e05,1d28e31999abb23c0ce87baead18bdf4,1
3,41210,component-69bf59c08157f7b5,f9e5d9d4bd1d838a77bcd266d48d4f65,1
3,41220,component-88e28f5076eee109,b61d0beadc70551a1dd6bd1f83f50c70,1
3,41225,component-99690a38f2e60684,94b948689921d6ec222db646176fb279,1
3,41228,component-c9c1d1f5dd331cf4,a5ff5d998a8665d6971f2641df1ebcea,0
3,41239,component-7c3c0c742b8f6988,d2d3a4fd6baf8b213200270e5486f738,0
3,41251,component-324d5608076381aa,7eb489bf921726aa2f13abedb9be343f,0
3,41260,component-d6b73b483e218448,c165762b5c9fef0e2b3f3b5767680756,1
3,41271,component-c3685182a9d7e3f5,f1dc7d72f2e87cf64fedf50cb33f5b76,1
3,41278,component-02ea05f0ab3c27ce,dbdcf55b72c3eeb6828f6717be44d89f,2
3,41287,component-f91b5c748db58af7,8630ca2b8f0d070072d9230513f47356,1
3,41296,component-e8f826d2f7923304,1992865c4025f049908ecfb90c379f57,0
3,41299,component-664ba5b88c82af91,a0285a4f669101d5e1b350a0d2c39a9a,0
3,41311,component-64b31115dcd64f0c,a8efbc2fbbad5f14e8e905e7308368af,0
3,41319,component-768fc3757aca6101,e1b31557aa7f0e809b8e1f75f89f9b18,1
3,41343,component-2e32d9a3cf2aa309,d9fcf60ba537a00a4eda094949c1b77c,2
3,41348,component-ab6190ba05030357,5b8fca4a832dc2d3b543282c5b4f82b5,2
3,41349,component-5d9c363f9190be1f,f49ae8b42bf07268b034272c2a7b5fdd,1
3,41352,component-626aedda5c9109f5,6f294f7cbd08fc3c5d39858ff2af1fa6,0
3,41360,component-60cdbf584232e830,bb7e8d04e430f461f122252eaeabed20,2
3,41363,component-40d9ff5beffd2fd7,6cf3bc8000adc283c232147b322cd076,1
3,41377,component-76620015a5071d8c,c61520f0f8eaf8309ac3557c8824e6f0,2
3,41378,component-529d65a4c6239e47,12a21ca381cd05df6086b5b722766773,0
3,41397,component-27ffaa2f33c3f98d,b76e1496f3ac8b0beabfceaf275f35ec,1
3,414,component-8111eb1556229541,5359ff3b0463e1d20889d86ef17030d8,1
3,41407,component-3e5c195a5f070176,ca5e7e8a0640fdf8a40f53cf62176310,0
3,41415,component-90054efe091d8333,90c3b020bbf4fcbae99fe7a0d21ca057,1
3,41448,component-eae438248d2964ca,145542f73bfcb2c9577d249345d6c60e,1
3,4146,component-cbaa265082e8b534,605cf3a43d414a6e952cf17e69f7fbfa,0
3,41479,component-54bda11c8607ba75,a58f95b5afd380c122fcfaf889f2ffda,1
3,41481,component-e99ca5c140e3e831,7b127119b469019d03283e38449b2045,0
3,4150,component-84bdcd156603935b,07a363578b647beffaa1a4f5701ca0d3,1
3,41503,component-8e221b472f53cc87,b96f9c7134bece931790c19a185d44c2,1
3,41507,component-ff5c5014adad0371,4faaa8c925c2d98e38b4f1e268c01096,2
3,41515,component-b5e1aec530bb3b7a,872c7bc2029a07f5c883bbed03410f12,2
3,41529,component-1b696d6a6d5f077c,bcad003995d4e814070301bd7c26fad5,0
3,41548,component-297e5ba93c5c9d5a,6708924e5a5154ab55b9ccbd95e9c641,2
3,4155,component-c3aba2c5aaffce50,a9283e4106af55a42113f894a1315ac9,2
3,41581,component-b210207f71146de6,0783aa00dd59fdb5fd9c48f639541d0f,0
3,41583,component-1a3056c81c49b8e4,77d408038f851b86fdb40a2905d51531,2
3,41586,component-725a8a4e3dc691b5,6c540422a42aaed2f9243f21ebccedae,2
3,41600,component-d3fd845cf18b1c1c,2690dbaef50844137318cafb4876dfc0,0
3,41606,component-a2e3e8f109583496,64b3fe83956c67dfe1a02d828926dde9,1
3,41607,component-a2aa7377c8b9814a,9e92c09bad62c5db783ee889d7a685e0,0
3,41621,component-94e81022ef1658a0,9305528551e2becb3e3ea5799ff5ee00,2
3,41628,component-f8719764e4611518,9952403bd4790329b3ab7b4987260191,0
3,41629,component-db9e85c33e907d9f,f18fae4282d088159a050ba40566dfcf,0
3,4163,component-95d4362bd3cd4315,6f0101c3af4979061d05736f54d20612,0
3,41630,component-7c79679b3b8ebcce,2e5d0d8e8b1d1d27568448747db6f88d,0
3,41641,component-ae85f6fb2325f343,e029eaff698bf2cee7e8739d77adf0b3,1
3,41642,component-181d1fe2f0deba7d,68420290d6e5b0f79da491c1d3fd0e30,0
3,41648,component-60f0a4a20cd20bf3,2c077a7281999a57ae0ae07a48eee490,1
3,4165,component-0fe1ddab30b57543,dbde34eeb2f1290609ca6bffac1a5180,0
3,41651,component-8895a4611dc1371e,c9337ee638a8300ad7f32457223278b2,2
3,41654,component-949f49985cd7217e,2606bcbe3565f6d0fadfa31ac6ef7d31,2
3,41658,component-8ad878d1a0976246,893f73c75d78b0eb0e6521f3d83cff4e,2
3,41660,component-f1f930c1a284a8f7,afbce142bf7928146251f7d6f7cb8bbd,2
3,41661,component-87c1028bbd22f557,e4849383b72ff84dab291ea30a300c9f,2
3,41664,component-3b47cce4925a6d25,b26dc264f0336d533fe6d45dbfb6676d,1
3,41681,component-1d0b2e53c7e2835c,3418dadf04fd49f7b23700e792f12fcb,2
3,41693,component-fb3daaf295c3cfd2,d87555995f7c34047850c1bcac861a22,2
3,417,component-afcf8bc077e68eb9,98f58d2c5d6850fdb180a5623b8bfb9d,0
3,4170,component-a77bd5e6de66e9e1,2312d2d8829be52512e8206ba471aa3e,1
3,41722,component-ae23091a656dafcf,b84391b003d389c33182f636e2426533,1
3,4174,component-9c27727c109abd00,5324a621b5521ec98a35b770c383461c,2
3,41744,component-1e984a2a119827d9,8c3252e7582b80b87f3ef38657258b6a,1
3,41759,component-dc7d59ade65702d9,e117b8f53adb2c9e503e00f90d1e0d5a,2
3,41760,component-6b690fa3cc58bad7,acc198604dee0f812b5922c35449a39f,0
3,41763,component-b0e096c78d3efd3b,ccc8918fc6f2bc6d2dbe462337d150fa,2
3,41769,component-32efe367209c9365,ded15943d65442314339bb0e96e576e3,1
3,41778,component-fee515163fb0037d,8e2f5cd15cda37395635b35781a3f07f,2
3,41779,component-07593f249ce4008d,751486584cb569ff1d66a76c74b5aee4,0
3,41780,component-e87a117a1d795484,dca29c5e9bb9803a72fe9994608d28b3,0
3,41789,component-1d1fdf2c039458c6,619e94fca794036846e70938b329cc61,0
3,41794,component-b455df77af035725,5169f7b9ce9906cb54f39bf9777e7a38,1
3,41795,component-2d0cb16b44632a5a,51e0d7c1c250f9d59ee8417cded48c6c,1
3,41801,component-61a385ece3681b86,14c8230f19a3e3f5ac2ea47b82781f11,1
3,41814,component-d53d170a0d38b2c7,369cabd109be78fce2770dd20d6b47bb,1
3,41826,component-51f326e6d02dd21a,f1d21497cae22f9fd783ba6f266cc2fe,1
3,41830,component-75d0224ebe15542d,593cee189afbf9a433a24c80b6dc1a04,1
3,41835,component-e0d6cbbecacc89f3,a7a1d21b8f90bb88bf8886b0f5e14f8f,0
3,41844,component-86d007a4ca471554,6e3157f654b75226e054270c25d3064a,0
3,41847,component-cd5ca9eb959dd4f3,1e945d6d30a31e8ae30b7a50d2a829f6,0
3,41857,component-5987530b2358454b,112f7a6fc629ad732858c9d80440ee13,1
3,41862,component-bd849a81c2bab2be,f52966aa53c6de1eea9111b7d0feaffb,1
3,41871,component-070681f15422fef0,eb1394dd5d20125ff509519ff7f1bd10,2
3,41872,component-afc0251364629f6e,9fd46b787a01e63b5ccf4bfb1c0a90d5,1
3,41882,component-48a48a1fe457d1f5,1d47a86db38d4a419e4def3fea55d0d4,2
3,41895,component-9acaa103a8e3c665,fe41201a6f4f7fac69671278909b9fc9,1
3,41912,component-1f646d92d4a92898,457c50b77ea38d6238f6d7185a380418,0
3,4213,component-28789a01958becdb,8f8e58fa7f8a23a1f1b6d763369fc2a2,2
3,4215,component-08f88745513481ca,f3a3da13b3482fdbedf2e67b8df02a06,0
3,4217,component-7ec7bbd3677bee60,1ef1a576e3fe5ac4610bc28be4446946,0
3,4254,component-357c08aaae039838,62d0fec7bc5789b32d4dadc7ff3d60bb,0
3,4269,component-d5358ec522f20c55,550c443415c3203dffb8798f9b400ba6,0
3,428,component-cbf2f7864f1c9883,c8663b26d1bcefd687a81550c24c2820,1
3,4290,component-cc28d893176b8cd8,417b95fc4fd547ef5aa58aed9511be0d,2
3,4304,component-eb1633fa9519afd7,82ba383f5e5958184b6bf32a3c010cd3,1
3,4306,component-0d4a81d212f55a14,95f6ba82430a5b44af213101370eadee,1
3,4317,component-49a57aab5a13e055,15162cb7943674d2049c2839f4785675,0
3,4327,component-4babc876be86317d,5615fe4cd21d9e641916c61d57bd0235,1
3,4337,component-2657482116a56061,be6e26bbb8a266e12fa6f34aba549f68,2
3,4343,component-3e7c3d4cf5be91ec,155102d7ed2b054b51d8707b93f9a127,2
3,4348,component-9f91572d9d23f29b,f3bb1f8c71e7611b4bcee1473cc638f5,0
3,4364,component-bdf67436ad540597,6bfd2605e536e41673a5e5a2e3052c7d,0
3,437,component-0ef962215cc05578,5e61c4631083c5af606ae125dc55aeb6,1
3,438,component-18d37c950a3e810d,70a45d14a025014d69c48954f8a50bbf,0
3,439,component-050a010ce24d0896,a7dfe4e998476a35844f9bc9c7b35bc3,0
3,4400,component-936d1dafd8b1b6e7,478cd81e67a5208ca52ff5a84aa15f77,2
3,4408,component-c9f5d1117c2eaf86,a7226d1e5a4d68e7453486aed4ad5e18,1
3,441,component-2dfe70c43208f52b,1a866d1ca818b066fc8f8d9d7997606b,0
3,4410,component-07df47f485722980,96501d9dc125ba2ec54954cd909cac19,0
3,4431,component-8818fd6d967f8810,33b622e0e1d315c54fad94ed3e893d68,1
3,4454,component-4fef435542047269,b22dfa8a0ee80d248313d8f49507ee19,0
3,4461,component-fe36bba93dc4e44b,702986e4c5392b786c01ae8da985a79b,1
3,4475,component-1b95c8a0dad14118,b476c476c533bda26750d938499a924a,0
3,4490,component-44489ca1033a2925,fa75a7a38a23f63886ac214a8839e501,1
3,4496,component-82ba9b272ce795cd,2fc8a2681a2ed038015abe42ce9904a2,0
3,4510,component-d9d628292c7f805e,fdaa9bfdaf387bdc7eba1cd886a0ea12,2
3,4517,component-5f5e771dcb7bd8b6,ccc752921ca1df4b711524baf5b236b6,1
3,4538,component-888686c56da0a589,7a2adaf93f8f0b58b59067df60e12e0d,0
3,454,component-48f89b630677c2cb,b7c50f1b16cb63234a0e1616a26f30db,1
3,4571,component-2c6b7bf2a4ef2fc8,473cb889d5251e5d1db3426994eff442,2
3,4573,component-f3a6399711da0b03,9348bc10ae64a08fe3268c8707a6a41f,1
3,4579,component-0dc732c14f4b4da3,004c4f6a6aada43370aa40650db0415a,0
3,458,component-ad21a2b810af49a8,6326c487961afdde9349c4cda0e7792e,2
3,4582,component-486ea85278bd246c,2bb0b2dc21ebcd1255f295143e524967,1
3,4583,component-eb7539924cf4b8b6,5ddcf78fc19d8b21a9f75120d15f45ed,0
3,4592,component-5edd6b7ba99be850,7e7dc4499fa555ceafe948193258df31,0
3,4594,component-d96e16834162dac2,4eee79944e097965f493b3e01b4379d6,0
3,4600,component-404c93bdee16f75b,cd23a4feab2d0a07ff3da24e3b410d08,2
3,4633,component-6656cb1339533eec,5ea8c124cbe263175a016940365b9ccb,1
3,4636,component-9daa98ce3a24c226,0cf3b383874589b5f7c7da880cac90c8,1
3,4639,component-fd7d77de225b3254,c31a325614977f833856e51a136918a0,2
3,4649,component-69aa50d0821a7741,fba2177fcf1c169dd45e575b55cad8d1,0
3,466,component-826e27285307a923,fd5173cc96b187b865bcfb84d627020d,2
3,4666,component-dd2c71582793ed12,c8044bbfa502fb17156cf7790696af59,1
3,4692,component-a883209b00f5f926,b618459f1d9e71eb8adeb1fd73da9e23,0
3,47,component-31489056e0916d59,e3f32cc147a77ba2bda4602890833651,1
3,4745,component-3baf3ab2c95ce1d8,0611e66d605953ba8be6a678735ea284,2
3,4759,component-e0a19cbdac9fda12,48a27f0fe7cc59049eee459745132562,0
3,476,component-e73cb135243c08ab,e0d67b3e88881b6a2e648c1a5fde6037,2
3,4773,component-53b1751856e39e4b,a94006237e7bae02cebc85f1e9d49c67,2
3,4778,component-449cac0b61bf9dbf,95d601432aa69808b0d7e38e18bc54e6,2
3,4780,component-259748e36ea45836,14ef2feddc450b804262c7c44470f69b,0
3,479,component-9869a8a3a11a3328,43d8d88220fd31e8cec0b53d663fcc6b,2
3,4804,component-dcbff8f66de95d7c,b536f5ff163a5a385715bb26d42cce50,0
3,481,component-51d089cdaf0c968c,e8fb240e17ceaa713857f960ec937286,1
3,4814,component-51d4f462cbd884ce,4bb73d8f1fb4865b7218d703893a8a01,2
3,4817,component-1112c695b7e5eab3,0841b6fb321a4994b4da4acecfb8a903,2
3,4821,component-a388f562e286fdf2,df294e885e24a7c38204818e10a9369c,2
3,4842,component-d9a0a87140e95aec,08be7a93714c5f118a8f2dd828d09cc9,1
3,4868,component-d0d54d0f71b3607b,eb7219ef230f68ff0102a9aa66da4ba1,0
3,4904,component-35a08ecb0a7969b4,427ac9dd9e646db4508665a30fa32990,1
3,4925,component-f4fc1ac61a9e62b9,51d331e3e2722a42bfd75146c57262d8,2
3,4928,component-23850eb82a923c69,8b8bffee163dd1d0f14749f64a385090,0
3,4929,component-d0f0593601de6483,3d5ee1fec67399d85f5c089b8b3e4483,0
3,494,component-d18b29d80a8bd366,5787615bf16967511eb9e48dff781d64,1
3,4940,component-468aa3110cc68497,63d8b9fe38e60fda2232513fcbcbdccb,2
3,4943,component-603153b43d01f9f0,df44f94367f6644e1f8700d422cdfdbe,2
3,495,component-ac1270c5058af650,7ff59110a5fd1ee6949b5dfc80994317,0
3,4987,component-23ed5d9b3c1e3abd,da638e19e2384b58c5b02a570072198e,1
3,510,component-5e5c743a015ff8d8,1cbfad3ee7a96a6c0307561930158daa,2
3,51005,component-a962e1bb2c60f5d6,0ccfa19dc196884957c05ae3fd9d284d,1
3,51014,component-b5f5fd3ea6365101,1ed362afa825e8f5aa5b03e7ebdb6a03,1
3,51017,component-d5f4256a046bcdc0,df087a56d8f0f7e54f6daae909dce389,1
3,5103,component-fb7fb643eff7a6fe,d4ce16a5f5457f0aba6e883df33977d2,1
3,51041,component-8d3675a8f8b09455,23b0b01a0b3e028f8172c1549655e418,0
3,51047,component-5dfb12bf172b105e,4dc37ade30b85ae0e90a3ed9f25cd43f,1
3,5105,component-e5f18bac25227fc0,eef4d848d7f616ed2295e4a70aa5c5b2,0
3,51051,component-9450c7cfdba1ab42,c4a8e743b16e855676cd8cef60f7e156,2
3,51053,component-573bdf99980c0419,365dc3086db91499b050dfb15f86c4ab,0
3,51054,component-b81ca87e62366b8f,06c2724938be0a581d9b762756346ec3,1
3,51061,component-4e120bc719a8ee5f,9cdf093b9aa9b71367f7dafdc5c807c3,1
3,51065,component-533b7580635a336f,103c8fc7fb71a40a9894e87651351a56,2
3,51067,component-d0dff2d4ab8c4d11,92561b3e4c36067e38bef20773dc3b92,2
3,51081,component-a505e6091b11b1a7,bcbc3f1d0122c1d67fd0eee990fcd40e,0
3,51082,component-7c548489455533b1,0a80613635966262fa1b26286f47cf6f,1
3,5109,component-894a8d014804accb,ac4076a240c48e99510d6f6e64460b40,1
3,51092,component-5a3689c22259973b,cc0228170d03303a554681871faebe1a,1
3,51096,component-e4142eb42d0c2f12,02f999be521c967cde6ffb5e6e52deb7,1
3,51131,component-7a3c14dcf2f87c27,7da96ec9d055e0768fb28f1d2d3a9555,1
3,51136,component-6f18896aa93c4f02,9254bacfd5861de4731f71cc8edbe7d3,1
3,51139,component-7d6a69d4af190c7c,04e5d9c6391ffd168ae955c68b92cba9,1
3,51145,component-e41b72e6f669ac44,02a0135e22dc5c6aece75fb1b2a75a81,0
3,51176,component-c100388c9328b30b,61310d503e6ffcb1d260c8630ee2fae0,1
3,51178,component-94c7660d05a7f46f,bfa2edce4489561275f2f9487c2488b7,0
3,51185,component-8dfdb150842d68f8,1bb737d061a40a301b22b4ff2dc12d58,0
3,51208,component-af8b422447fce1f5,ff8cde5c9f7beeef773904edeb2fa523,0
3,51227,component-7fbef7dcd68d546d,cb793f3c5307a9f5545f7f560e0bfff7,2
3,5123,component-4f9eb48d371e25b0,edce390643cc1e73785b5aa6c9db70c9,2
3,51240,component-e23fff0a01f61e25,014c88c28182d81219a1115c4616225c,1
3,51241,component-711edeba2839aeef,05041c6e41f42a9fb76ab92736205314,0
3,51249,component-8cb6a036c8e35fc3,a74c7e03b36527253f259d8be5b35944,2
3,51259,component-ce7c040081069cc6,7e11c4b6902eccead104e3fdfc212ec8,2
3,51263,component-eb35acfd346379e2,57998c1f7889f8e43e82597b7616701f,2
3,51275,component-00acafc4d0de05d5,a7a195a617f784985ee4396a124c04fb,1
3,51278,component-004458cbb83d3aef,83ef20d7fa8bcbc1da80e73c88d5b74b,2
3,51281,component-054176d194dfbc7d,6a917a955f59c176220497261f41cc21,0
3,51285,component-aeb6187c9611e593,f6a35865ce01413df4d2bfec528995d8,2
3,51287,component-c88199903a99c166,a8cab2382addbc6f01291b09cb5121fa,2
3,51289,component-6e533b96149930db,69390987d9c38ba7ffda4a559cbde645,0
3,51300,component-f88a751202f8f87c,b0196ea5d7b122e3345b808c6a23139c,2
3,51324,component-9ca498220650a7ef,ab43180791ec24f87acb53a6570c3a93,0
3,51328,component-cc66947f1686cb8b,2857a21ad0f2540d4433991560e11b0f,2
3,51329,component-1e7df5084672220f,420977b16095f1c0d60eb22827089ff3,0
3,51346,component-176990e7bdbe218f,10a5b9e4d9d08330b05d764e27efc1bf,1
3,51353,component-2f65026a0c934c6d,2a50b27a34de0c45ebd8075716e9f8b5,1
3,51355,component-77cb542a9d19e47b,5a769e299fee249e6980907a358cdada,0
3,51390,component-e5917c941a6a02b0,c5c97ea38bba2778931e44e8f5ed80e3,0
3,51394,component-f1eaeb8715121d08,a0e368f3b72bfd3c29b623e22c1a5097,0
3,51395,component-c69c8f30d1fe6b7e,c408372ac6aadc63e988eedb7dd1e3ab,0
3,51415,component-41c20d6b7a87b0ff,09ad8f49e450c52020bc8a029d98dc70,2
3,51416,component-b12d9481b4ef60e9,b08b63dfe26bbf4fb56e0a874e6077c9,2
3,51435,component-0b6ceddb45db7863,480c4bf9349d65b64880ff349dafbec2,0
3,51436,component-51532d13b1c47f01,d0fcbbbf26567769723f5fe75b10ad2b,0
3,51442,component-1b3cccb586a60baa,3c090e7882ba871b75fc330f9ca76fac,1
3,51445,component-bf5fe018f15322c1,786b693d7e912096d544c9b0872c34fd,2
3,5145,component-766af62a6275002e,5958951f8006fc540194ebfa16c3754e,1
3,51458,component-d93ca0bd09735cfe,20b24d7ee85796761e18812e59eae3b1,2
3,51472,component-03b5c1838a9a157c,fbd0605103c20676fa89c0f672191504,1
3,51474,component-2937e285ebe58f54,7e89fe7fe0a9d65a9fec941805b62c92,2
3,51479,component-12dcaa39bcc841d1,63693797c949fdf4980b6ca5c615d7f5,1
3,51484,component-2a9de50e2a9e9347,c2f16ad76423078944945e1d4f2fe2c8,0
3,51487,component-e4a351fd89b1d940,4c7493023ddb562af710949053136216,2
3,5149,component-6a96ab0bd63cade3,b0458f57958f8a8db93c72072ce90b3e,2
3,51503,component-5d44dc75edad78ee,6eae0d25b81a090a11bec6910c5c7b29,1
3,51515,component-848a77d2a85dd525,e5a486d1c82b3c6d83d5f49279623bcc,1
3,51524,component-ad9d6f67d0fad3e8,3f1c40fdb05758328f0cd02ffff4fcd5,0
3,51530,component-d468c45c892ffa7c,e6bf2ba42a6ee80705aa0c44eda512dc,2
3,51531,component-fd55cd82908a60dd,01167ad269fcb9de47bfe7ddedb2bfb5,1
3,51534,component-4c44b76e3fb67f62,d47f0b0d85700dfb5a967d685e90edb8,0
3,51539,component-e5575f7a7acfb0ba,14d56eb119951dacb6df3e3b2398637f,1
3,51556,component-fac5459b9e06ded6,86d1336e3cc4f30ed8a0a422b29f72a8,0
3,51562,component-22a63080e482e2fa,d252bc6b60d575ecb06d8957b5d7a270,2
3,51575,component-be59fcb0220b5a14,b07d02ba5ecef323eaa1012c1e6cd900,0
3,51577,component-0afcc44cbe3633bc,1e2ad1bb6355854c8a949ccf11eb063b,0
3,5158,component-d705884aebb3235a,734ffd22b298c21763dd1a63c7f52173,0
3,51591,component-813e11dbe788f69a,88d14545329230d0cf62c98d6e95f2e7,1
3,51592,component-6b449b265f9da73a,008fadaf5d61324565edabfb84fa1c91,0
3,51593,component-ac4276df94711175,fa792fc5b648b0bea65b9b016b96a38c,1
3,51595,component-dd605a6821e1c9f2,24cf38b7d06e5381628e735e9ec9e6fb,2
3,51597,component-8f4b93e4fc0b6702,00034184710b94e6586d0f9faab491d2,1
3,51598,component-c68b1c018d4c163c,8d29255aa97ff08aa24ccd25a3564131,2
3,51607,component-349a066f98abb7d6,015eae8795c5cdba83dbc96a9d5baa17,2
3,51611,component-a55353c35b0acb13,4a7672a8b0351496bc599077e7afbdb9,1
3,51613,component-ef8043c8de9c3325,9c1d1a1708fd110cdf4e64dbada079c9,1
3,51632,component-c73c72950b5007d3,07210d2331f9b6bfda48de8961046928,2
3,51635,component-8015b1a25fb0621d,305e9c38370f6298b67f84eda13cd83d,1
3,51639,component-7f5990b261369967,964d0a6959e678067717625ecf91c94c,0
3,51652,component-f128a31d01052e0b,0b48163ae76b12c0f1a905e652046b25,1
3,51653,component-b4a06456d54ad866,14c5fcf878f9200e09fb7ecbb6786220,0
3,51670,component-9485d5d8599b957e,c2059b052e196663ab0ef8ab3de71b33,1
3,51674,component-349a066f98abb7d6,566e6d9fa0b6225c29df8a4e9e7413a7,2
3,51687,component-937bc92a52c1d0ed,054396fe94d5f6f915eea3119464ccd9,0
3,51688,component-c60ef315fd3f8d85,1103ecac4be8cfaf0e71990e6bca9d9d,1
3,51694,component-3f05848854150344,cda3eec34e2d9b2bcade1c5e6f4fb516,0
3,517,component-5088c1bc42f5cc6a,1dc19b61acf079dba18b671c6933e4cc,2
3,51710,component-007632531494616a,49f47a8501eb291cfbe4dd9431cefc58,2
3,51713,component-97110d93d5403e08,1d57bbd24d25d9c122d7e278358b9daf,1
3,51720,component-7ff760f4d0c5a304,137d0ec16217b426a5e1e5df55453ff9,0
3,51730,component-6b9d3d0bc8bfc78a,e0c24280b61594e75bf070a0f6bea820,1
3,51732,component-3d9cb864289d105d,b2ef3bb8eed55622f8e59a8c0c626755,0
3,51738,component-e85b7c375459aaa2,a2de2008d09f3e9c4a3c6bd711d3c08b,2
3,51751,component-4a515f7569398701,da97457de08705fbb071a80f4fc9a1e2,2
3,51768,component-8c08d9676d4501a4,87062dc25b8bb51df5b78117e95ee4f7,2
3,51775,component-1c4cf2359f0122e3,7ccc925617b524fb0ba6a60b1ad243ad,1
3,51792,component-63d63dda992999b1,1a9c5e3dbfa60bb7b90e80f7fa114cdb,0
3,51795,component-178fd1ba3f980d49,d615170c34d7342ebb05f9416089610f,2
3,51799,component-72559806cfabeb13,6b5b32a05a05260eb21f169a923ddfd8,1
3,51801,component-5c8a7954391c774b,d9964b222a7a2cd21874e0cdd5e39706,0
3,51804,component-72b4282a5a93d842,777c6681923ef7cfa751dfbda81b2c69,0
3,51805,component-c6b1fbd2a1f130d1,7c27c7899c168f0b8961031dcfd24430,2
3,51808,component-ea3e9d799560bc8a,5a66831678e39731d1ed8e54182656a9,0
3,51821,component-066b4827aa3bea2d,a3c092b9ee02d1ce0d368c18fd3ec508,1
3,51835,component-e1b484baf04da8dc,be7480b116c7bb75ca98c746f0e71824,2
3,51837,component-208ef87679937e6d,5a89825629aa98328f2e028b3b6be8a9,2
3,51849,component-10ea1e541f751c41,3dd2b01bf1348a7595d08b07c54a47a1,1
3,51857,component-ea7812cfeb7b019a,aeee29237995449ad45d5b9a3634dd52,2
3,51866,component-2c6418c47e2a0b79,8ea2e9c86e17208ce0b35f15ae78330f,1
3,51883,component-0f8fad48738bc07b,dc27b4d37f2857ea0acff098cc1e7794,0
3,51889,component-a819ee7f83f27dd3,ae25de8a9e637786071340b89e59d189,1
3,5189,component-9b5e89a3d2e2e518,b2c138edf2f0389c58151161bf6c3c81,1
3,51896,component-12949c5269289e57,4373f9abbce0d45299f8d69c507f80af,2
3,51897,component-8f027e77a83d7544,5629873239b168908db225abbf88fc7d,0
3,51901,component-888b6a5fde2b6db5,4fe083101fde9456971f6c2e1325dfe0,0
3,51915,component-1cbe56f90cf2258c,05772477b053ac778ef01f75a5fca2ab,0
3,51919,component-e31054efaa417515,c9bdc3e4fd7466dd06239985efa99c08,0
3,51922,component-4ee4ab2da8e7da16,bf99938f99d43bb8398245e53cf4e99b,1
3,51929,component-7e6fb043e91029f2,4acfb76f0090f1c24ce488a98f7bc309,1
3,51930,component-db972e7351cc12d7,7939e5b600a696f6bddbee26ad74f3e3,1
3,51949,component-8fdae7c19756a599,721837f7b642e356e959ae0159969662,0
3,51953,component-2a3a2c910955a0d8,b623a96085d29a480b4fdcec515bce1f,1
3,51957,component-c758f58b02894ca7,25e76848631aa5425f9360c7cc04c5cb,1
3,51962,component-1b8c795088d76588,fbc298868241bd8816321b462c9b746c,2
3,51992,component-c503d40e85fb21fe,7a727abcb9224f1ac0ab85a14cbac70c,2
3,51996,component-049339fbfce445b5,9c77b3dc36e45013a24eb786e72e7705,2
3,52012,component-ac03b273abe86202,89dbeb1e59f29e5b0cb2ced8c5ad809d,1
3,52015,component-e621062d08db34a2,4b4fc1118a86ed8a7faa30b830a2b4b4,2
3,52018,component-15eab93f1acf69e2,2438cd643c51de6d6fc6aa4931503b81,2
3,52020,component-2069c088fb881182,a04998a1d11145e3e9d7d55998d7e177,2
3,52029,component-863c6a819c3fe909,33c084a89f9efe0b48b8a549a41e4533,1
3,52036,component-d67a2706c4494ae3,4dba89cfeea8217128d6c04a9a6393ed,2
3,52046,component-6eb441f67fd166aa,b1ddad87bc314f5bcad26c8c64961e70,2
3,5206,component-4541a289057b2f3e,33d0a083fe008da4dc5d2aebdeb6004a,2
3,52064,component-40ade328662d0e9f,dab09d366040e74bc84b76a9ae99b7d8,0
3,52077,component-4496f74e0f5afaa7,9dfc27158dad785f5ea382bef5bf5561,1
3,52079,component-b507ccd25172b638,4afe7a89d3a52957efdcc75e1388f297,1
3,5208,component-b343addd7aa6b85a,4a0e546ca9df7b3982a81e3004d6adbf,2
3,52087,component-f8edcbdd224db319,69a851dfbba74a6e2e76d491ff4b6932,0
3,52088,component-d1375b566385083d,102ebcdb14383e94e72f2ccf78ebd898,0
3,521,component-72933e3b31f0070a,2f737a841c713dcb56b4bdebf7e67ef1,0
3,5210,component-9f8917ad86101b4a,ad23e427fe3d4dc775c564f4ab83a4e9,2
3,52102,component-b272e47bbfbd211d,950665777b108dc27e9ceb3796a13211,1
3,52116,component-aaf2c035e69034e5,ee6fb93c3d264d87f75114aaf57f4fc8,2
3,52132,component-5e0dfe4f4edb759f,e8156d41578a3218aefbb588e6663046,2
3,52138,component-cee090934a55fdaa,b8d249cf51de034248b510f2b0a04aeb,0
3,52149,component-77cef7575082dc8f,7f501143c209868e51b449fb0a6dac73,2
3,52157,component-5e01e57300c02781,d25dfce505bdd1f8c8f790c1a88e049b,0
3,52198,component-1ec075d4fcf37dcb,4f1d1bb68b81deb7dbdaec2d291a4af7,2
3,52202,component-3a67656b1643216c,a217925a6c26fdd9c592af72db5ad4e0,1
3,52217,component-6526513b7517cd86,d67bda86cadf53519482583b00f80d5d,1
3,52225,component-8dc0bd2d3ec689d8,ff5291b1e302c75f9a45a36b65489a03,1
3,5225,component-0d0fa5f5d36a2fc2,619d09ff04c1ed3f51a6196768111b4c,1
3,52251,component-0793f29c4a999ba0,f4e577491a3e6a390231687500bf89b6,2
3,52282,component-e985109a75b135b5,9338b01fa496553a2d89a6fcb579697b,2
3,52284,component-fce053c68f3393d7,17b1ede16396cd9f8085575ae82c0b77,0
3,52289,component-02eb922615d8157b,8f8996df09cbd9ddf04e5c6b503d770d,1
3,52290,component-f059dac24d299354,c2dbfce6341966116a5fcfc947e09a70,2
3,52305,component-a6128c7b76a2a440,8dde6ecd5ac53bdf3a77db0ac14f4adc,2
3,52312,component-e5cf812e971d5a47,9cda62b1542d957e5ae1fecf5344e2a3,1
3,52316,component-a788b3172e928dc1,0d3418bf3065f3b360cea09cb2c3ac79,2
3,52323,component-13ff25af414b5ecc,3a9d991d1d9ec6f1a0edca04e2d5f65a,0
3,52327,component-1177a3b95e568e7b,aa0a1450b6486e827cbb38ace6fa0b51,1
3,52330,component-19e8b3a67aa1172e,e044a588a9ea08a45e2f014e9fd74d7a,1
3,52337,component-4704a6c14733d8dc,5a7c3cfa88020a446f88743e51738b79,0
3,52339,component-7590ba79ec6b9a2f,149bae629b8d8388d7c2a575a2e104ce,0
3,52341,component-cf87016bd9f51b22,fbdb23888a1972479aa185040f62a93b,1
3,52347,component-d2557d18de87f85f,3c16dcf15474cff351d0e9fb41ee8478,2
3,52356,component-3e57a1bd650b0f98,ee9f6a1d1d55ed0383207b7fc8e4ef9d,2
3,52365,component-7aefe0ecc4c2037e,33dc5e2395d3e1151e84aea285e62c0c,1
3,52368,component-4665f18f29fdac33,2048431d13e370e98a414cabd25bd32c,1
3,52369,component-ac3b7868f13ff106,36bb7162e6f595ee230f499524a9d843,0
3,52371,component-af6ac72448804a1d,253933341d6fcde74b166662b044d320,1
3,52373,component-14f0b65e974e355e,80c1c591dce0c5b9b2702ee148dc1be7,1
3,52374,component-f94ffcc8822d8e98,f20da0bdcba5f881a113f78685409535,2
3,52398,component-a3b14d2bf378c1bd,e7072031bb25f783a77a93888374a95e,0
3,52420,component-2b4d01a777179c1e,27c33e67198b69da8b1fe91febbd925d,2
3,52434,component-5bbdb8c1dc51fba1,0633991271d70f09da9fb54dcdecb06e,2
3,52441,component-418065f128fabd11,ba2b5f805f17b674e96120b9dd61eea9,1
3,52444,component-2eaeef7149100861,3ffdc17458a6d717ba8444354fa223a3,2
3,52452,component-3a1fdd45819cea20,3b1bdf3c53fb76bbcabbc8bce6978460,1
3,52458,component-d77fc5e98667c5ef,30575af44e3890048707aebf0f9f75b1,2
3,52467,component-f846ccb2626ba40d,a63710d89d2df0dd40f0449d8b58f01b,0
3,5247,component-cc8583c9721b171d,e9b4eedc521bdd525f4beb51fa54ed79,2
3,52472,component-7ea8a871696f361d,4825ce3c3b578dfc6e69fbe62f2d04ab,2
3,52487,component-31448cde84ea1d00,486ce66e9d9a920b1c03d5eb1203462a,2
3,52488,component-51b3297af64e66f4,bac912309df7167c7e9f14a2fa09130a,0
3,525,component-c32ffef1ae0cabc0,a795c084e13746a4490803f5aabfda11,1
3,52501,component-0ca75f98c68f5903,c19bd3fa53fcb1d52058a87504786798,1
3,52502,component-322bffaaa9f8e1d8,91f6da72fd12a378d637a42606a6c0e1,2
3,52520,component-a5f6a41cbfc2867b,4ac0d3b12a2e47b3dea0c235ccdd67a3,1
3,52521,component-8163315de2931965,a5721664008addc54b44fa16c66cfbc8,2
3,52530,component-01dc04de4623f0dc,848f7ecb2dc1258d21f60e458849986c,0
3,52533,component-e3b22ac966532a78,ed9dcdbcf8ec80433c892c3e477e7bcc,2
3,5254,component-20d1d87c0dd1176a,12b34e75dddea2fd4bf74e8f1461738d,0
3,52550,component-80fb26d33c49bddc,366270f81fbfc77cb8ad9ae4a1ed0966,2
3,52551,component-7bacceb61ad8b278,45524034ba7ff92d3d49217ffa1ffd2e,0
3,5257,component-53677d2d33ed62c2,8a0a2873c87e3902399d46574599c996,0
3,52571,component-409547fa19730c41,aac35a682097b80a1258d3f2e50a6f77,1
3,52579,component-195cf30c2ca64d61,04774222dc51e387c1f852c98baaac52,1
3,52584,component-7cd19f076c5d9903,5e7d49dbe86b301bfc98dd421ed6392c,0
3,52593,component-1814921c99a58e86,66b549960d864d33d5bb039390a2e766,0
3,52594,component-0e2f61fb0eeb4940,e204bd6f80191846b5db5b0b94b46dc1,0
3,52596,component-516546b099341758,d489de81c97caa99cbc2c3816219de01,2
3,52598,component-efa22b4a645d1a1a,d7c3fc6b12a8d6de98768a7794ac13e6,1
3,52614,component-65f140f34f8bbc2f,ce8e65f525d3875fa1d7622291299836,1
3,52625,component-bad63b0e6e0e93ff,217b33ca99ba66e60722285703f575ae,2
3,52627,component-d08a1480321ec095,4fffbf4739093e036ce890bc474ad2db,2
3,52628,component-5ae6cb42c927e193,0fbe4a9ba8635831fe1e5551a7ee9865,2
3,5263,component-125cc8fa41714df3,1609562bf063649c69fb5220d60fd7d4,2
3,52633,component-50d520664d6df3fb,4569562a4de36571d2b5fd0e9a0ebafe,1
3,52635,component-8b984f2a80148daf,1efa65b6dfe2fa46e283416ac3b969b3,1
3,52637,component-a753c54f38d09bbb,1d4091767b13dafd3fd436bcdbf9f589,0
3,52645,component-d487c1eadfea0ad4,384d1faa260fb289fe627c3e18c0658e,2
3,52648,component-119d8b26f733d3ea,a07bdcb40e5105ef16550928306ff4f7,1
3,52667,component-87e570f3a8bda377,7da61b14ac2d58703528b02bcee2e042,0
3,52679,component-ee8962ef31c7aa78,f2d4271ba5fbed6dafa42439169bfd82,2
3,52689,component-415165610c1305e4,e127e02236fc96fa07e1489da3d096b6,2
3,52703,component-5e9ab7954bf04142,c23bd3ceac224d91a224394ad14820a3,2
3,52704,component-81339bf52e9c1dde,5de363c3bd54f4f7f7541de98faeeaa2,2
3,52706,component-494c9d609614bfbf,b1034d4bbf2f4123a80612e92c981e04,2
3,52709,component-8ddec6a871b9e147,34a080a5544d76530c70a8988f2d2fee,2
3,52718,component-4e58c35d7d7ea9b1,3be08637e33b2f3ceffdbfcb5bfb8f8f,2
3,52738,component-763436845a98a394,0f278d92c223087f08433fa332bf658c,0
3,52739,component-468bc0172c794930,7638c6ce4d23d9ed5f6bc07eb3af02a3,1
3,52742,component-538f79643bbb5c32,89747d6420f6aa2cd8e5095189a11565,1
3,52768,component-0501139cf700fc8f,e92880e5e49eceddbdf8afd15c49ca07,1
3,52777,component-eb7b8afb3d67757e,104014b2a1c71c2eda44f482309ec0f3,2
3,52778,component-68aa3667434682fc,b1fa70f5755a4712b89f8db36b626997,0
3,52782,component-91ff0045af911319,b13cfa90a89e2bbd33c737d750b40f15,2
3,52784,component-99b75f5982b83dd8,7ae7cf8027501971993de76b06f3005c,2
3,52802,component-a7d5711d09dd2283,700e4b12377f44a2a81243eab728d170,2
3,52822,component-995a5cc253e7678f,d2ca0f029b2c65f4ca0e4573dcc136f0,0
3,52823,component-ea7daea6675b0bc6,69cc932ffd2a62c0590c8db4f2e4b49d,2
3,52826,component-eac51efbccf39d46,18578f5982df6ba4c56c9b1ce0702d9d,0
3,52827,component-19c19c785c14bbc0,336eaa3ba4a7d6ede88bb882d305fb4f,0
3,52828,component-7c462d6e8a9a1a1f,eb3aa51e9142b5abcb6363c783990fe8,2
3,52829,component-1983f724b30ddd26,012237654d2e96699fb98968f6d66fe5,0
3,52833,component-780f51a1f91c7de6,d6e66a8ecae79205d84924c606f36384,2
3,5284,component-7e5cbdfe81560262,7187e81b71e3ece29c2f6067341ef2c0,0
3,52857,component-7a30fcb898da8c5b,464f5f8e55def712621adf1fe373009e,0
3,52859,component-e10a90bc0476516a,2a8161b777c17f733df9e4355cfc0f07,1
3,52860,component-4679a706b00fceb1,9f2ed77edd6465d08f466393cb06fa3f,0
3,52866,component-11c15f0e44a68d4a,bc02bf044dcc6528b4cb3115290fa5af,0
3,52874,component-b527b196f488e3a3,372b8f5b870de2017d840d90b345b316,2
3,5298,component-d08553fbe31da772,12c4ff90790dd296d76eeba7e553410e,1
3,5306,component-d4038d81b261ec58,6592be8f54599819419d3768f5f3b6c6,2
3,5307,component-baf64c5bd986d792,cf4f0a99d39802b4f97b29049af97076,1
3,5329,component-7385cae611099e13,44c05eb42a769f607123e1f418b52d67,0
3,5339,component-09b48c75998cdc00,035f4dcaf50da26176ba09f8f6164493,2
3,5341,component-955dfe160f51eb72,a3271d8674248e7dd530e89a41ea7354,2
3,5356,component-9e25d9e0feebb921,f378c6cffa5b086ecb013c968695c6f8,0
3,5361,component-a68a5f2e3a4446bf,7a8e93cff0d3a94ccb25ce1a36ff7dc8,2
3,5382,component-80dd61da7ce1edcc,aa8980cf91c087c41830a1d56ef8e6f8,1
3,5388,component-b797d397acb6b79e,49870fb50755b7911d3eca71c78cf935,0
3,5413,component-7ddcb477f73010cf,c3149f8833584a98dc0a8a33ec34fc8a,2
3,5420,component-74a86f62d0acd138,1d758fc15d0164833599e6e56c8c2d84,0
3,5456,component-36b0207bd8d835af,cc28c409666cb84a4d9ff710b7a72317,1
3,5471,component-d308ddc557e77418,7b84c0b62dc53ece586b04f88a886ee6,2
3,5481,component-03b07ca887edb311,cfafddbeb527d7a4c13b413f4fe515af,0
3,5502,component-536b9ac36d9adc0b,3f266c8ae80f227d219f5f9e21bb3f53,1
3,5515,component-eacc30a21d89f388,775c77e695323d272464bad404a065ed,1
3,5517,component-5078bca8d0b0f7f9,4b8fdfcea400d6cf59d7560bc8eed62a,1
3,5524,component-a7371e91d028d2aa,6eaa8dd5104e4d806c966d33edcd38aa,2
3,553,component-d40fbd13d527595c,4530870664df9014a76313ce1fd75a0e,0
3,5546,component-81792906f17d7bc4,991fa042911c65038ca5da96b182c7d1,0
3,5550,component-c4b606ff15bd9b86,9dc726ebb7c8085dda42cdc8df20a500,2
3,5556,component-cf7dd1665f80520a,120dc768c7aa6e2443da0b171367b852,1
3,5561,component-f3058bcbb026a692,105cf7b2741fe509169ac80ecf20c0e8,2
3,5568,component-e0e72896f2d07d13,f6fb51c611614030ef77fa7ddffbdd9a,2
3,5572,component-0409acd934fb893f,bd7b582e2dcfcb472fc671c4c2b01389,2
3,5577,component-65ab749279c8fbe6,15e5d686d1d9e529e25098f1e5cc6f2d,0
3,559,component-0d6f9709edaeba4b,80591ba05b4252c4aa3db13f7620c557,1
3,560,component-6bcaea9882504292,286bdbdd3341c22029594aa1dabc5984,0
3,5601,component-8d049a1326c454ad,16eba3e3b93326861f0b6022005075b3,1
3,5603,component-a0d641ce6e7d9599,1d5cdcb6377fc9b0bac05ed5d7d4f44a,1
3,5605,component-cd52c325c5f219df,a9c2d057461545cf9d65cb8d0f757b2c,1
3,5609,component-47080160e9f8708d,9d107151e0695369bdd3f9dcc26369c4,2
3,562,component-4eef24c6b8248c22,a0283fd47b9d01659b59553ac6b26a91,2
3,5627,component-1ba3c39b667caa93,59dc99ce97f69f2a74576467b47bb55f,1
3,5629,component-f39d455f5d389073,74cac88e8edee6b5b34456426d8cb3f4,0
3,5632,component-74e5927a9ac14891,f8484fc4bd173d75268414bfcf9a4eb9,2
3,5639,component-84fb124302f44af1,9151c98cf3e0e41fe1c385fe4ac4e17a,2
3,5641,component-80aa9e4f3014c3d9,a012b6a80431050f9667cc66aa1cf066,2
3,5642,component-0c98f95c5d88709f,23dfe429c56c4d7de31af4138a557add,2
3,5653,component-307faca131557ba3,9024ad1d7d82c3d65f6b1be591d760c0,2
3,5654,component-2d5b95fe919779c4,09941a0af7f422229f41cf0a1b462c80,1
3,5661,component-62b4a761bd43e388,16fc3c82b34bee49709b3b608c9bed3e,1
3,5680,component-40c4fad484744b31,4f74b34df09369e00ea4281063993ba7,2
3,5684,component-4ac48f96076672ba,f148ad9727c230884d90f5ce9656b78f,1
3,5689,component-d8bed4cdd2528879,e6738ad90211266b298dd4023d88d137,2
3,5691,component-264fd4d30b6f069d,4dea40a4bf2d1ca22f362c6be38cea02,1
3,5704,component-744cb589264c9630,57ad3adf0a8fed0671c15d150ad67a1b,2
3,5705,component-a1defa0ee34a2a89,c77d357b388385fd0150481f1703ace8,2
3,5720,component-a2691968bc4ee478,d612d936fa15630c5e9847b078f870e1,0
3,5725,component-9cd990a7894fcb3a,391b3d1b20d2603658f442faf7209cd9,2
3,5727,component-226912ab42a1c1a4,43e9c0527fd5f76935814c27fb30c82e,1
3,5730,component-521d35aa435e73b5,b4892c3eef632d22ae412f18481f2dd5,2
3,5734,component-96ab6152cb421b4d,a480ef42c713fbf98c77b16f3808fca5,2
3,5752,component-ca476f632e7e3cc9,f1dd0f6c49cd6d81fc6edd74edec41e9,1
3,5753,component-a969134526e51e5f,b6b4c719bcdbc1c1acb67577866d8267,1
3,5754,component-16608390f96063e7,574b8e5093e2421bfd88d9f6849ed5a8,1
3,5766,component-2f5499ef14ae06e8,b391b43a04429e88355e17a31d035e30,0
3,5769,component-a6ea31161f3e76c1,5ae74878889cf967feaefbcd14175431,0
3,5773,component-3cccd7068e486dd5,f4a65d6c4bf6eea6795eefab95860b30,1
3,5774,component-79e52fa433672c06,e262b9f79527e999569cf23809fd3191,2
3,5796,component-f516cec15df8e1a5,e3b3c6bb07aaf362b31b7f9aba40fc35,1
3,5802,component-ddca54a1cb9cfc5a,342573dfc32bfc0954682692c52ed461,0
3,5813,component-c4beddcf557f06a5,6050086dfef3dd80ce1923cb92aea523,0
3,5830,component-12ce6d8c7cd5e52f,17f6993f922fc8d56eae4c09c456a677,2
3,5841,component-b096558638428e20,6f599cfc8eae98ccea99a4dbc66fcea6,0
3,5848,component-000c15d0ea8224c9,923406087831b56238ce55ccbb5c8621,2
3,5856,component-6ef6a4c45ebe0bc7,0dda78c89c82dc919ead678d0be9f01e,1
3,5873,component-70d0c93f75ab1367,8da0b6985f06d13f41ef7378f643f7f2,0
3,588,component-a917ca757ac59f9d,57594c2ef2127edc4087108f34b9e866,0
3,5880,component-c45c01c3885bc086,88ceb9e561527a229d0bd40d844dbd6e,0
3,589,component-fbe697429f16141b,5380577c89d3a340dc16a1bc965e8e9a,0
3,5892,component-1e12c1e01097cf38,e2997dc6717330c1f2f656f514c2c26a,2
3,5901,component-b329c24bcd7aeba2,cfe19b61843c9763f6e2329eaafafd60,0
3,5914,component-24250bf69bbdf1a9,34e2c4539312b61e3c5520f800f248f7,1
3,5916,component-996d7e2bc68410d1,20a3078bb09a4384e0bbd2d18f25f494,2
3,5920,component-ed46f81f54d1ac6c,0b13e7e863fb098020f26095425c2aea,1
3,5929,component-87a8ea2f9437b153,6061bd1852ba5e2c6cf839d87fdfef22,2
3,594,component-e2fa8f5b4364b8ef,3297e66fd68292a41092d0e8520d3a45,1
3,5951,component-37d2c05e6320b12b,bd28f7945476511eae2715b3bd657cf6,1
3,5955,component-4d0c876fd1af1b91,67f565d3b79e453822b96131f58b1aff,0
3,5986,component-b6b004752453d0a8,ec215380200661786412b2d771cf952f,2
3,60,component-39fa9ec190eee7b6,f7fcfeb95b834fcab672a02e7419696a,0
3,61003,component-1e156ca779506278,8c66b1414808f8ca9ec4b8b6defd2400,1
3,6101,component-da1b5fe23d21956f,414301242fa14b2f12c73ff0a81e4b2b,0
3,61018,component-1a631c665823467a,31f653ce4e4f9cde008e9d0ea738ab09,1
3,61021,component-a3d936fd66830572,0f28591ac9c7420ac86d75cc5171b6f4,1
3,61055,component-55065d42c367e7b4,46f32d689b7b7f7177a94e6c6e83e523,0
3,6106,component-5e81d4d4d1bece8d,a35aff3566ebda6accea4a23eb28738e,1
3,61071,component-b1ab66fd3ed34bc9,7e59fbd806c4a9c73fd3691a0c7ef0a4,1
3,61096,component-5daeac19ba275180,b94ce93c696b59e5d37ea83caf818754,0
3,61097,component-fccc0f9fe8edccf6,0c304618bea367dffd78dcdc350407cc,1
3,61099,component-d871458a1c9e1976,c44a7a3a8e9a0373c45a26709d59263e,0
3,61101,component-75421ec9b6c5bf7e,bd61bf1c3f44626bb926b5565a1053e7,1
3,612,component-55f0124bb79f5c53,e5859deaeca879794110a86d3a9a9b2b,2
3,6122,component-4c1ebc7f52836d8f,2cccc2011afdce4df8b137e14175b7bd,2
3,6135,component-fbd7e6d85ff9f6db,001319e50afc4414ad0a30665c1e7ed1,2
3,614,component-fa7aec4efb728534,4524eed1deac78a6d9d3ccddca234900,0
3,6143,component-8cf09082d6b1526e,1946087f24e740f4a5e054f16f8ccb1d,0
3,6144,component-0ac51e0dae7572ff,f41c0110e44796ffe13bc502a8aa63c9,1
3,6154,component-15bbc4915ea98440,4c9a2ae36698996740daa8a0b8049056,0
3,6156,component-fea2ab9d009eebd1,1028a6bf17807755817458b07d7cba72,0
3,6170,component-b7280f4e20f4971e,0d730320479178bbce0856c337d92596,1
3,6174,component-982cba6c0950686e,efb6a328f9a9ba885c960c102f38ef89,0
3,6178,component-db6479551754db9b,ba0dc03172c25e6d5447ed43324a7021,2
3,6181,component-d7a15df874f004db,d9f288fe764e86acfae008e68a716c3a,2
3,620,component-524148f24802f8c6,21b5e86baa425dd06691d000b32885d8,1
3,6204,component-f56ec1c042b23c79,ac9b58fbbf3829def5e7dd36d41a2ba0,1
3,6218,component-eedb339e78fb2457,cfe4f82b3904d43d3ced92ddacdf2a25,0
3,6224,component-25472dbf66be1e82,5a6003fe205f42fe57576f14476c3eab,2
3,6228,component-5b328cf43d53a589,bdaf929c82a6392444ff313f24cb34f8,0
3,623,component-fc71f2d6d38dbfc7,c2e4767ce04f2da01785fb4e30486dc3,2
3,6235,component-f91f00516f6b9a94,cc085e1450b076f7d4bc7f794acfaff4,1
3,6249,component-335a0d3403d56481,02191cb179e2c047659852f26854fccc,2
3,6258,component-27a9f593af9ca21f,12f7b9d29189a2a9c1a6bc74ddf7390c,1
3,6277,component-aa0f7dcb54c74ab0,4502756acab2f4f12ebcb8ddba6fe6b4,2
3,628,component-67c312330b0371a0,0a9b698d92153cf30bf625a7d173e99c,2
3,6281,component-9b723fbd36690298,a37f551b7dd551db9d59e1470e1b2d04,2
3,6283,component-0810d383f0c33cf4,4922ca43e281498aca318f9cc9203b90,0
3,6288,component-9be87048f0913385,34effbdaee47d4de96c8181dafb1b255,0
3,6290,component-416c6556e9aac3ef,2d17ba2b01fa56ed14a9656280a66aa9,0
3,6294,component-4050734752b34be0,a79a40ae33c364e0c26a9bf9aeb5ef26,0
3,6304,component-328de8c25c7c7d67,ae3f3bae24603361447b9093e6cd56d9,1
3,6306,component-01eab8520dfa9544,5a414921c30fd06fd92ce906719b9907,2
3,6307,component-cc5ccfce8c22d754,3e52f65d1156650803127ec37852b880,1
3,6308,component-20bc9a3dbbc8e2f1,025c0649ca93efdcbaf314a5725840bd,1
3,6315,component-37353e9f8e1ec72d,252512c5d017f3c854d0557faa52a26a,2
3,6320,component-d1f3eb45593b9a49,fa1de1473d24d0f1a5a3fa8b4d2331d6,0
3,6329,component-cbd542e4e0644115,ac45efb21addfed9b6d0a3f710ed72be,0
3,6333,component-bac14ac9731aad85,5991005bcef35566d93e970f70defbf4,1
3,6337,component-ea6dfc7c35c52fb7,6e82ff7c5977236ce6b81c215673b268,1
3,6366,component-4a2d50e1553586ea,572151767d57b81f026dac64da18a412,0
3,6370,component-a36f81f0501a061d,91a623833d8f2a4ccdf50da9baeeb008,1
3,6392,component-05fe5789313b00ea,31d982922ee73a86795918b1c6476a26,1
3,6397,component-808d3b2985495841,a3c1cbe4f8ba3ccc11c9120d5cdb985e,1
3,6403,component-6377f13d75cae9f3,e62e3fcc8bfd760fd8ee6265dcc82d4b,2
3,6407,component-a3244ad461cefcce,5301eb39ed694f5cebd519ad0143fdff,2
3,641,component-455ae2dfc77dd775,58739bbf0a3a31bb9d081f32ead884c3,0
3,6422,component-e9a82b29d0a30975,f7d89906c6d77cdf4ef7a34a9c41cc06,1
3,6423,component-95d3a6437b56fbcc,09a34e1f54b940f2a4466d691f4d2596,2
3,6424,component-66dcb4a67145fb49,261202a946f30f0fc56f0b480f1d5d05,2
3,6436,component-f670e8a5860878cd,b450a295b481be6717f6fe92c7078685,1
3,6440,component-ec00669143d20646,d4ccf7a35397c75c04f6ab50399c8888,1
3,6443,component-996379383479fea3,1fa3b533d51fe2660e6d7c406b0dd38c,2
3,6450,component-343a813f39acb703,127a4ea6509038f4f4b1a81fe88a62e6,0
3,6468,component-9d0f9740bf708828,1f582cc049e05f4b4c3505e9822db8a7,1
3,6472,component-a058442fa0f684b0,4809b5b6d8393f9e6400c258e59d51e1,0
3,6492,component-229d778e0fbe6de1,766409fb208a77a8ba677803cc3ee4d9,1
3,6499,component-08500acfbe7cf012,25c5563ad5b1ab6b39732b55945ecc7b,1
3,6502,component-724229f1cb241cfc,9fea6db3829ec09f64c987dfddbd801d,0
3,6508,component-b978553db8fafbe2,f10cc048d6f78ceb8444891af0458953,2
3,6519,component-402ad93001ce8b99,c6ce5071967ff49ae07a4b70d287d65d,1
3,6524,component-9807fe182f3dc625,440365343708d30a1794fb5f70ba7ffb,2
3,6537,component-09e2a24866a292c6,802f8faf4cce87dc035075e49cb7d0b1,0
3,6546,component-9d5105a5f4cd1839,3b141ab032140aa3de0c2b42b4029b4a,2
3,6565,component-0ae3305415102d36,4215bbdfac740fed2071dbd11d3511eb,2
3,657,component-24be8ee76308afb9,7e9cf76484c9cb9f4d8d3b254bbe7b2a,2
3,6573,component-845548b9529063b5,dcea6d5ce2ae24a6c32308d7cee63a8a,1
3,6582,component-7446b0b2cec27cb5,c01ff3e3272227c80fa9bac66cec3b74,1
3,6590,component-6033790b521dfe27,32f5d8b89e0c39e93a9ed701e3163dc4,0
3,6595,component-c9c0d0bbde6dd877,019791146613cf50e73fff667eda85a0,0
3,6598,component-01f41d718fd7622a,3d67d8a159a2c7725d6150367d84db8b,1
3,6602,component-42ce7d82d38d27c5,5f8d45777b4ad355365f24b8fffadda4,0
3,6603,component-6b7439e60b94dd17,34c152af8509fbdc07e5a4322565f469,1
3,6613,component-3901949960a83f31,1e9818a4048994e35e0128ae8ac522d3,1
3,6625,component-e09178c40736ccaa,47e633f96a583e6243b779e86f8029c1,0
3,6629,component-1db7a6b2880db3b9,dac64b7877c6418d3f4f43ba6574f467,0
3,6630,component-e5ae436f9a1603d3,a6a3f8dc0b3a78d009289debdb062518,2
3,6649,component-be67fb66b3bea87e,3d7981070ce2b8079ca83e5375297a3c,1
3,6652,component-97fdcbef753427f4,050389e093cc9a3b6295e61276ded4bc,1
3,6696,component-a2e06365327c0511,1431a479600cb7cff94fef842fea47c5,2
3,670,component-172e1676eda470ed,6cc8a4c920f33f781ee68f733a654c5f,2
3,6728,component-ad90e46468712810,39b6816d784149660c957044e2ef85f3,0
3,6729,component-9dec6a96c55e8889,d8205beeabc0fa1993d04a0755ed814c,2
3,6732,component-c4be3389854d34a8,10b7f9f0d67f973654d9b44fc8301d57,1
3,6736,component-15aefc83749af078,9ed2894f4bddd155ed12ee9d16f56d32,2
3,6752,component-4f5966fcb2f57653,6fac1d36ef059da1d5626be26ef66c52,1
3,6768,component-42f8dba2c87626c4,f6d1324a5f369fe3b29dcc42eb5195c9,0
3,6773,component-03713c9bbf6502fc,5e96aed1fa22b375d0fbd7de509298ac,2
3,678,component-cebe3d9d614ba5c1,afb2180c56fb5edd5609e42cb126a8b2,0
3,6789,component-499bc7df9d8873c1,6c85ecfe528b074c82dfe5c5aca29ae0,2
3,6796,component-97edd9d31897ea17,0b4653d6904b84c666e99f58c5bcdff1,0
3,6799,component-cb317a98d4027545,af6c6842b65f4c881b9094c4bf8a0e41,2
3,6801,component-30577c46e2620652,03d7888fed2dc5ef5d1f084c672b2cd8,0
3,6808,component-f2c8c2a5b93d7e3f,bc8d4d01e411ae6a18b8e3dddc257614,0
3,6815,component-905daf4b6cccc722,be8820d9148efc2275f245486d71729c,0
3,6829,component-7bb674da8d83afb8,d952df87c1d99a415140db3ea7d18bfc,1
3,6831,component-55635dfb6830783b,084a961b703576a50e36f2850f29cad0,1
3,6835,component-1caca1f2422580ca,951deb15da82d23cc374b6382ec99895,2
3,6836,component-6da57e02084e6145,6b23be67994ed1ae6d0f645f55e1acb8,2
3,6848,component-2dc366499884c061,b9f7cf4a4cb6df2699f4daf461ae5a37,1
3,6852,component-3fcda963bdda4c3e,b1b566983d22b3511356261598fdb44a,1
3,686,component-162753c27c8b3297,be60218eaf6355894a2f0bcbc1528250,0
3,6864,component-3e80bf742e71a2f2,baa6e0aebfb108b83887ea4039713021,0
3,6869,component-053d7b9eef98fc65,267d19f5e9e50b9d92dc22ed3997b93f,2
3,6879,component-d7a0f216c42519bc,4f91cce1a565afd27d467d27645b65cf,1
3,6885,component-3d1a10b227a0d642,0bb43f845c64748b939f5d2f34c46690,1
3,6899,component-5eda48e9e42e8308,9a0126bc7cda3a0c3697fbdb522e38e8,2
3,69,component-c75cb66ae28d8ebc,2ce627f7e15258453a2597dae1243380,0
3,690,component-f6103ca1e01bd200,91443febf09e634c70296aedf754f93c,0
3,6906,component-3dab31dab247d9ae,7a7d87d76d2cec9fe5372d83d158bd3a,1
3,6907,component-f4c93868660b399e,4ed403ccd069a7cca5fb13541036f896,0
3,6915,component-dc345d015a47a211,f0f5503feb7fe11e2f5b6be104dbdfb5,0
3,6916,component-07e3e42e2e438468,01ca0e6b8ec4b6ac4e3e75b3527ed945,1
3,6920,component-28c83f4635d193b3,0743877ee40f4b9ec5bf92195381ed2b,1
3,6928,component-f0713c25aafce007,00c9af4e83d550744163f3ccafec182a,0
3,6933,component-22c670b196b60cc7,249381d40f57de9b59374015e96bc9b6,0
3,6938,component-62022fde6ff91597,f7dff1a8f636366c76cddabbe1fd5021,0
3,6944,component-918ef45edb9f5d08,b57b9f3fbce1097d104dbc1c80bc0f1d,1
3,6950,component-da7ad11e10c38239,ee785e665ef15db7eff9b9e0d499ba51,0
3,6953,component-443935a0199700ef,0037e33c90e66d45636edc6fdecc8d83,1
3,6954,component-da6a103cafcf90f7,6763930a378155c7dd52f6d39b1700c9,1
3,6957,component-310acd4ad5174912,823918414dfd0b4e63c8d35d33a35187,1
3,6968,component-663f73f8af157c15,baeabbf8a61fa6fd6ea2b8bf3fc74c72,2
3,697,component-d6723fa996ced477,29b15cab603b32dfa151eec40dd536c5,2
3,6989,component-88c821898c75be84,726e1d5b6fd7eabeae1dd8a77a34e961,0
3,6992,component-a9ca10b9f6d8a742,b15015598dcf7c7e1bc8a85946beffca,2
3,6997,component-40f7da9e28560522,f36c4c9508f9ae22f2f9b3033fdc60cc,0
3,71,component-7f2253d7e228b22a,981b6f65021cf763c4127f1b4b0866f5,1
3,7100,component-e36deec09aa73922,0c97b67a603ce9215a7de851072b0745,2
3,711,component-2499d690642faa4d,6afdf6852ed91a22cca496c28bd01ea8,0
3,7118,component-eace48a195da1586,db5f8888fefccf99ca331c81200a224d,2
3,7125,component-5a21a541e4ca70c5,ce40a9b3457639cc44130044670ace29,1
3,713,component-40f8d6d22b99ea33,3f4858508beaff4eca0d8b8a8111b0c1,2
3,7135,component-43908979b8b2d28d,86ab6aa773eadc55d4034928e050cfa5,2
3,7143,component-62d1c8c930d1593c,3222a9dba4d08a27563c955022aecc5f,1
3,7144,component-025f8e0fc8234530,f78ea9843aef72714da760b86302c51e,0
3,7147,component-2542d2e97f798ab5,880f5d6437a5d7571a88ad121b529e83,1
3,7160,component-b65c621c6c0b4755,91f299ae61bb6dd99b4abe4d1ebc1c8d,0
3,7164,component-31d77204192be71d,b26ce8b57b7a06edab8e0ee65177d1ca,0
3,7175,component-aaf696dfb23bda5f,5e156cc1a36cab5c71a9971b42d45c6f,0
3,7179,component-e474339b073f48a0,dbe29a9af5d7ca8304d8d11101d5393c,2
3,7180,component-de0472d2dd790e06,4ab68e84fd25c897228910a47d6bf35e,1
3,7187,component-6493b0d4884a8d45,c0dac2e8062e9ab35a21862e88cef130,2
3,7193,component-3fe9eb6564da9fb4,50ca4d48c8ce8f4f2f2381aaf31b00c3,2
3,720,component-d829857eb1366e70,6de9ceb4404531323a4f408d1d0a775b,1
3,7204,component-ed12f17149c7e7b5,c12f3d49cc74731bbba3b59659c19cb0,1
3,734,component-c2a181d8178a9f75,f43b469e12ec98b2c43c5111d1aedcde,0
3,736,component-2b9449f314bf9314,86008fc112d5c10511094ba6515927ff,1
3,74,component-eb624dbe56eb6620,78439edbe407f8312b14e372065de66c,1
3,740,component-234666d765f4c0a2,70946d0c0877898101024abae8b93a85,1
3,743,component-0df5486b7bca884d,30b486a78abed1ba462568819fa51202,2
3,744,component-a15faf6f6c7e4c11,3f0df18637d41657c051007fb58ded25,2
3,745,component-42c6024940120036,d30290f62cd4e7fbf24d51be6848f92b,2
3,751,component-d3b913cdf3e8a797,1f52006a564815250203ee9a1c709670,1
3,781,component-28955b1fb53203e2,12d42f727bc3ae2020335c9cea2890f6,0
3,783,component-5620e84be3e51418,a0e9c7c256f139f192101dac20dbce8f,1
3,784,component-ff108b68b0e9bc1e,6adb16ac50459f21f6e6c1ff0c11d6a4,0
3,786,component-87c7965a1cc6c11a,c0a04e6c9b4213291797365785fc23eb,1
3,787,component-fc091d39524c9d4b,15969c5b5703200c0b795d90c0c10798,1
3,797,component-f7abf2a084c3668c,b56186090e9efc6ae70059bd40ea41f4,2
3,81,component-5316ca1c5ddca8e6,d489bc879f6b845ceee7a6754cc89b4b,2
3,815,component-96da2f8885ba92c9,9cbde785a2db62d8e7952ee8b442470d,2
3,816,component-96bb293aaa330ef3,8225e1062d1f8912df9df82738258f15,0
3,822,component-f391e014b2ee3a42,84e2f6a26a59966ad3f60bab3f3aeb11,1
3,825,component-10e4e7caf8b07842,ac9a3d6f8c0164d98df07c8d21efe239,1
3,84,component-44c8031cb036a735,99812541ba69283a4cbdd3de8beef141,1
3,86,component-434c9b5ae514646b,47ded9f3cca503dfcab257e55a58ad68,2
3,89,component-cd70bea023f752a0,e7693678bb150760f47273a438b37c38,1
3,90,component-69f59c273b6e669a,93b780725b847bf731be2817fa8fa74f,2
3,910,component-39e18a493b913441,5812d0c9932e64c2a83b87e287edcf78,2
3,912,component-9284d61c8c2ba62b,d3b0dae6a014108cccb1807163ba7d6c,0
3,915,component-b9dafef03fc90f65,9038aebf03eef8a2ef2fe00fd688bed7,2
3,916,component-953815689985e39a,6400e301c29e3158a43975430d9d0138,1
3,922,component-b312d5fbcfab403a,d3b5e6cede9960b1e75bf85c1feaa844,2
3,923,component-b5a9ede9a93528be,41e9d0a7b7e43fc3b15e1b67287279da,0
3,93,component-6e4001871c0cf27c,9f24629b03b67fcfde96922ed826c636,2
3,99,component-8c1f1046219ddd21,c0d0589e8879fc136b912b0597e327b1,0
4,21,component-6f4b6612125fb3a0,56a75bcc6a524cfd42ed603bef923e85,1
4,2105,component-9c93522c01b6a1b5,50ca28f275838edf4b8744a629543dd2,1
4,2115,component-4459b2909cef1e99,1960761e30eaf699ec8320c5fca813dc,1
4,2117,component-23147de999739184,35c0585a748521e4e02f2cb0b1c5a670,1
4,2118,component-1788c74b1c926286,c079d2fd7e1214f5a318eeb1cee5a7db,2
4,213,component-d48ff4b2f68a10fd,f8347c3a2b59b3bdd27a1b275ceef1af,1
4,2134,component-daab3aa68185b677,36542ad464958db9867f6a7844234c35,1
4,2142,component-8c9089be2f18fb28,adce8547f81fd2a416f48e56ce784a72,2
4,2143,component-21113a3f71a6ecda,605bb37881140f45cfecadf22e83eac7,1
4,2144,component-db6529e972a44a4d,89e5c16e9c4661550ca5a49007af19b5,1
4,2158,component-f06ca10f4977ea7a,82f4ae46a51f902d2c5d146f3b8d49e8,1
4,2161,component-f2bdda2192b2a979,ab32e118a4221396910a04bd1b42e3fe,1
4,2163,component-5e9abe7a56edadad,97d57987632cff989a344d1fc4640dd5,0
4,2168,component-59933d776452c8a5,e62a8e7687dd09e9edb49cdd79ac81b9,1
4,2169,component-e2135c76ca7863e5,e5950c8af106349d3bde77b92b587c32,1
4,2179,component-9e6296be2bb963df,b0cc72b05e56c62f78c7417f5c0fc7cd,2
4,2180,component-25dbd7ca6d959934,e1cef712b112981646a3a7af02072884,2
4,2182,component-93989d0f14e7ec63,052c3661f71366f3b0bbb798cf69de98,2
4,2187,component-2d2c33c52e3df492,fe5e7b6eb0d92b112cb558c9628546c0,1
4,2193,component-d1b0b7687f7bca92,b871e5cc66f76ca04b55866a15dd4665,2
4,2194,component-24210acff902c1fa,175f826e4bf4ef42ee78185537248c81,0
4,2195,component-5bc05e241527d767,b862b6c8067666d74b0e1aface0b0d3e,0
4,2198,component-815106adc7256d3f,a5ffc196aa062589df3cdaf7adae5f8b,2
4,220,component-36790ecd55c2030d,f29aa2d9930b2c3005e4176f70479f9e,1
4,2210,component-4321a844ee760ee6,60fad6da449d8bcc404eeb07b1bb643a,2
4,2211,component-ac1964eb089654e0,8ed96462e14b7e08362c992268b31ef3,0
4,2213,component-88cf986449b61aeb,5cb2ac870c6c24a267d36411c5eee617,1
4,2224,component-9d9f3c4ea93d3640,21b28f3c505cb053361b9073227889b0,0
4,2225,component-90d441ee3fce238c,7a8267f910ceb6f68f247156d7efac4d,2
4,2226,component-cf2661b79280502b,0cb857d86212393e9ad6d210ed3e343c,0
4,2227,component-2730a07b09001328,c2df42f2a4614a641d097d558dc2e0c6,0
4,2228,component-3f14a60b7590cb27,b446e82d7880da2ac09bdfa1fcca6753,1
4,2230,component-903a4207be29cb52,c68ece4523fd19464605632c3632e0dc,2
4,2231,component-b847856411aef26f,b9a4169a759025fb6031d204a5f82aa1,1
4,224,component-84a5092e4a5b6fe9,1a294e5ade965c4d599b18c0dae9fc70,0
4,228,component-9d693eeee1d1899c,b83c0d7f087ed2c736f31962ea1d8e17,1
4,23,component-535fa30d7e25dd8a,2ec85e1f6cef3d83e8d87b3119640cfa,2
4,230,component-a0eaec5a55dc2f5b,db66ca2f0446d1b946f395b720b518ec,0
4,249,component-9f484139a27415ae,1a6e7c698caf805c2ef14127b6c528dc,1
4,253,component-e7866fdc6672f827,6ea358bdd2bb85cd3a1d85667dce65c9,2
4,256,component-51e8ea280b44e169,2475d464084cccf82ac3e72ea8721a5c,0
4,261,component-e888a676e1926d0c,09dcac2ca489e8cd6bc7c1b0c78fa8e9,2
4,271,component-3635a91e3da857f7,29c04fe1c8b2c4bc979ee3ea2ded76bf,0
4,272,component-1c6c0bb2c7ecdc3b,0772472833698004228e919149c69701,1
4,276,component-c76b405781134be1,5ad9062554ff2bc84868c1e4ce072aae,0
4,280,component-7f0a22117f8fe017,7e151ab9958bec33ff7d260c0003c16a,1
4,287,component-d7cdaa5ca0582076,ca219a7015d8f23e3760343f213f27c5,0
4,289,component-af180e4359fc6179,a898deab1798d35f3befeb7ddee39ebd,0
4,294,component-2cfc8ccbd7c0b176,2fbef97d89a05cfd623bc37ddd434d5f,1
4,299,component-308831041ea4863c,a684c0272177a378423eaf691dc51863,0
4,31009,component-62685f4ccf56fe93,dafb1d4eefc26050cf648702aeaf3e3e,0
4,31015,component-816bc02fbbf88f8d,47a9c1bffcd06af0b4c7222592e6e71c,0
4,31034,component-6276525dfe8042ee,d7a91519f90cf0516f1fb288a4e63730,2
4,31056,component-f1b86817730760df,1c22eb9ac3587afa26de83acc19b5772,2
4,31060,component-536ad0fe2c3a10bb,65195ccb68b996e59a59b8113029fc06,0
4,31062,component-625d5d53a985d0b3,e7d632e4fd32c99001a812bd686b3786,2
4,31067,component-1587a463ee5e41bb,3e52cecfb9079ca67b8369f67164b402,2
4,31070,component-479184ba020423a6,67f4391809a0901097f29c9d82f9d418,0
4,31077,component-8cccfd6feb340e4c,9c63d643a2337f34ef45e442786aea86,1
4,31083,component-0f1f13ef2ed5183e,627f2acba04973368b49d632795f2762,0
4,31089,component-715e8d519610db31,d577a94864ba13e0ccc1efa7fc6d5d73,2
4,31098,component-8a963628795cc850,520b2c51459c7023be14937957e51f7c,2
4,31114,component-2be8ef0e6d06b373,8344bfb2762619cffe50d45469ad0799,1
4,31116,component-c26417a92eda5be6,8c86dc5847881aa923ade7023b47b2cb,0
4,31118,component-f6fb5309a1e357ce,0908acdb1bf458e9692cabe5fca0ab77,1
4,31124,component-86be1e022f34aae2,737684e5c8756849c4caf4dc75bc72d0,0
4,31129,component-00797780986dfc5a,70156a26f765ebf26e0089b01b76089c,1
4,3113,component-1a67316dfbb24cbd,f05e045c8ed31280a52970d8ae8a0235,2
4,31141,component-c3111bc677b90c56,d498bfc4525861a58ce664bece576d2b,0
4,31143,component-aa350cd9c8591625,9a41dab4afa2b127c83eb9325948ec9b,1
4,31145,component-37b7d328d51f88bc,cf70ee1b8f701d19a837aa230097eb3a,1
4,31146,component-a7233acf9f73483c,39e08f30e2d19ae3e10e3c1269647f79,2
4,31147,component-a7a10aa77202fc10,f7bd16b5a26dadc65d362f5d0fe0ba10,1
4,31154,component-4b30823e8e3a82df,8e8334b3b8232a6feb1cd72f5935cb2c,2
4,31174,component-e154f3b0e8666247,c6d7568dc8ae8811b077c444876a835c,1
4,31177,component-0a82de0b9561ea87,f3ec2a1bc9c25030d4e35b7ca1444a71,2
4,31179,component-7759489f703ee03e,0765dd660474a38631f419d84d3483b2,0
4,3118,component-15d84d60575e5e65,94122fbc9f7c40882d583faed3fcb6e9,1
4,31181,component-e801fdfd3b134a34,e25108a3f107a3b2441a428ba648bf68,2
4,31183,component-f5fcd155b5f58783,2c0dcf6ab7c40921f0150f31ce6f5182,0
4,31203,component-eaf3a2df0fc44d5f,9900dbb92da294971fd781c3f4829d6d,0
4,31207,component-413305cffb6af6aa,0dbf4a58cf4e4951e686be68bbc767e9,2
4,31220,component-cd110b42369c38b0,6398fbae4d2734fb10ada0c1e48f0af4,0
4,31227,component-7e5ee7fe75e70ebe,6af6d5435c069428dd27e2f4f3c0dbda,1
4,31233,component-c55e87c102a3c7e6,6037d3ee8c41899a6f997a1984844dfd,2
4,31234,component-9845d84fa4365361,5d84053b1c1cad5134d4579a6e2670ba,2
4,31240,component-79f785da0b1593cc,819e766397b0c59dcd16cc5bb1c81f73,2
4,31269,component-082f83a7e6a08543,60d1c55e8f834c7f7cf6c82e2dbf7783,1
4,31280,component-03826f1c0aca055d,5e594e58b21e03bf20982bf5728c6b77,0
4,31285,component-bf9e705d0081f269,c9e94b23bc222429a71db651222cf8e3,2
4,31286,component-7a98d3f7e87c5408,9c8b7ce012f7eeb888991b08957bf13d,0
4,31292,component-fe9081daaba2f26e,fc7db518aa49aa9f215c17bab866de4b,0
4,31304,component-99b8a24ff27e0983,5851f856cc4711d06cdf0215b39f06b8,2
4,31307,component-fc7b82f53c0af408,c8bb3385421b223591a5daafa7cb016b,2
4,3131,component-656d5be9b8439710,1d6a3902de214de4307b74fd3f6463a0,0
4,31313,component-1875853a561ecb98,85c92d61e2a959e80696cb20cc93e434,0
4,31317,component-0aa2440ee35bb5a4,2224be84c23256a31a7ffa18ac9e93a9,2
4,31330,component-a35080474fc86908,15314af09ca00111816e02dda2ccbd7b,2
4,31332,component-965e70fde48279c6,6f1cce838f89fbe78b3ddc400382dd77,1
4,31338,component-59dac82d866bbc1e,f2baf9e0c987e8edf95bd34d44130f26,0
4,31340,component-b448a663632994ad,18d6da91e10697b3ec732d56bd68fd8d,2
4,31346,component-c42b889c9b09651c,779ffc5af31d8a273a59ce1cadc36be4,1
4,31347,component-e62117f7b8d2cbdb,ff1ef95b11f2c2ac7bc6dc67f7099add,1
4,31360,component-d00188e643170f07,0d863f1e297c7f6ef64d9118e87fa281,2
4,31361,component-f54ff4900bfc30d7,1398250c781dea5b21132884d11e0fb1,2
4,3137,component-1f023880f785dbb4,436f454fd7bb0d7c2caf10d688d1f558,2
4,31378,component-6f351bbf526aa8cd,a833bb6b0ef78c9ae86b3da33e4dee5f,0
4,31382,component-1f41a4cbd46ab745,0c473eb316694327d26b4bcd43197359,0
4,31387,component-099e0e3971a4fbd3,255e9414afca4d8219d1079a138a19d7,1
4,31390,component-55eaa72f053b1044,9cf2c2d10125638b812caa1191258add,1
4,31398,component-4d8800f32f42bdcf,918798c6920d19e67c74c5cd63bb44f8,0
4,314,component-748064be03a08df8,3d2a1bc8fa490df3df22c9e2e844a381,0
4,31415,component-9183c29ea013b982,c90357d94c1520bc121a94cdbe43dd93,1
4,31421,component-e066ecc2de42566a,4c7ec460b8dcf3e8bdd3bb41f34cf1a8,1
4,3143,component-7dbc9e01698ff644,9e79caa0730d9cdf96f9094e682cbbae,1
4,315,component-377adeb4cd4096ad,61e938e732787ffc421ec63cc232865e,2
4,3150,component-4d364fbb3786fc31,49ff1270771704b00cca6db35dbc34df,1
4,3157,component-0b9dad0346d25b6b,642204b130994203de0c9cfe69d7f798,2
4,3159,component-ef5839d610a3567e,4d40af8f54708f087b458f72b12ecf11,2
4,3170,component-d7827558d408d7af,f16f0823f2cf06570f8a255ea9ca7dfa,1
4,3187,component-d5b5fab21d68556e,2c4c0412800a34a81e2a322ed7cbadd3,2
4,3189,component-ca0f11ca98da8843,19c1037bf616bb87dceb485d85397519,0
4,3192,component-59f6c59d4e41b4a7,4d896f417fde9960a21f24dfbc5285a2,1
4,3195,component-fdd25b9aeb3d9e62,d993af4d86740fefa7a4a942936a9d15,2
4,3207,component-098ce5419c70dd06,0b1cd984d5019e2e4668dd86cc08882e,0
4,3211,component-4a8ed6268c1741e4,e1b2c1b21ad212cdb9ae245a10afdb13,0
4,3214,component-1ef3f6149e996293,d21853a98ab1f510c35880b76d670d35,0
4,3220,component-698eddbc91b225fd,3622f68751202a46a5f49dfc35df2418,1
4,3223,component-94f802729d9e69d6,de9011087cbe34112d9b3b614637caf0,1
4,3225,component-283fb243c9b850e7,0ebc9b51f550456f8b204d869b67dfbb,1
4,323,component-3949ac1596ec7710,f1879899027c06fb429e503e60f5c1c4,2
4,3231,component-3c2ef1901bee3a48,3bf078ac893453d3294dda602fcc4b4d,2
4,3233,component-84d133d968520db5,4e7e8267143b96616ad6890d9b42ad19,2
4,3237,component-078468f27b81b84b,31a243dfd89737490e25545aa6240d74,1
4,3248,component-59ae69c1396f6995,e359348a342d04b3eb4cbf89abb9da69,2
4,3254,component-d67e8edaa3a287c3,c1be029bf06d713615883687f7016a40,2
4,3263,component-5b23e77bcbfd4804,c7098f0a126b134fb549783b6e58846a,2
4,3264,component-587887b1f664c61a,2da58b964ceb167942487b363a674f66,2
4,3272,component-f0ca4b323465b546,97a9b9096695cd89f6444982de2c0fbf,2
4,3274,component-e118593a973128c9,0ba8f65361474523ae17bf128c8d972f,2
4,3283,component-9ca5e9b3a5cce0e6,7813a970112c652806926c7650e4ce6c,0
4,3285,component-aff4b5855447e95d,5a384f5d903d44931e23a4af13556b8a,1
4,3287,component-bd7f4d53f4b1c920,dada0db86a587491505f54eea24204de,2
4,3290,component-8a9745162300f3c1,3b84c8847b0949094005c2d62bac5f2d,1
4,3292,component-7ca2552ffd0e38de,86657bc676b304780e53116e81d6868f,0
4,3302,component-8b0a2da322fa2e15,8078038a8fd5392eca0f8ed2c50193d9,0
4,3315,component-715da20ae91a9708,bf414e1bf3a80f40cca0781cdd656fd7,1
4,3320,component-d146f0489a920009,ae14713aad43a0e9eae27490de1264db,1
4,3321,component-eb9cf4c533aed16e,eb24699639abad4587fca7fc383f6788,1
4,3325,component-f025893712b09869,ca523250243fc5d9c72e2e473b4ea24d,2
4,3328,component-944db51d0e31fc3a,af78e4c65e499777d22103159e58380c,2
4,3338,component-312e13097f2ab4e2,2a29fb3de5f49909667cf9939e9e25e0,2
4,3344,component-15fc36b3e80b9d7f,7b2933330a967478611fd03043a726cf,0
4,3347,component-3380f3fe3a5641b1,3999aacbd21da1c524c3ddd97ad380d0,2
4,3348,component-33d88765a856314f,3753946c36ebe0221408b7bd1ca31ada,1
4,3360,component-5abc1ce2653dcfb7,921813ea6601b06858909c4fe811e281,2
4,3370,component-b4587def7726374a,53f0cfb20da565fe22ed2094edb51767,1
4,3373,component-5ed4cae00638d8a9,2d384f65ce2bffbe4e1d34791d2a901b,1
4,3378,component-1877fbda982a46b7,593de5599e140fabebbad2fa9d3c2107,1
4,3399,component-5f829f9e9b41706a,464789c8934478e0442aff6211fcb0f9,1
4,340,component-9644294ac4ffb309,18d8b25877207b22581f5fbf7fe34219,2
4,3401,component-6e04efee3c6eca4b,a70384f0a87af21a5fdbd773ef208372,1
4,3404,component-ecb2c5cd363bd77c,7235dec8655da557fef3de3ce9f14446,0
4,3414,component-801f8522550bb910,038a95cda68a9de574ae6924e69bf88c,1
4,3423,component-7312fa1be2ea65d6,14d3088c97e8f11acf5af177d840992b,2
4,3426,component-4c5f863a279220d8,c078dad552281489dddf4177f9a4d42e,2
4,3427,component-724d2f1a49d590b2,efa02650d90d390afb01485a2071b6ae,2
4,3431,component-06071662e6313f87,cac3c222de539870723d01b1994957da,0
4,3436,component-a26dc55ddff93202,0801f04c0539a325f08eeafa3cff42eb,2
4,3437,component-5b36c44d19053f9d,9dbdddaedf5579a186ca16415244fe0a,1
4,3440,component-d55f9f377e5f6239,21e5c3c6029cf205ceb6f19af9d507be,1
4,3442,component-82bd3b63e2f8767c,285bb66b15c6accb61564b375dec9616,0
4,3443,component-3504a42dccf2276b,979390a9aec1ff760cf604e95d447e10,1
4,3450,component-62f73707683b924b,d7aacc4c77407217837b6a409d3fe3e8,1
4,3451,component-bb551a7a1524e2ef,83eeea7979a11469533b005eabf2f0d6,1
4,3462,component-04ad2618a7fe10a3,e0fbdb818424b810b14f6347bd434087,1
4,3467,component-8db4f214b0974db7,7ced2323f1a5d003442e57af94f3c91f,1
4,3469,component-895ea7bfb9e6d993,45aa0a5990ec5816238a4e737c619c83,1
4,347,component-2289b221b39605c3,51c39d7ac8d8b75145b10349d2df7d3e,2
4,3474,component-5d8a509aff5247a5,40ef96a5c8dc99f6085d227673b1d39c,0
4,348,component-06b2d82840e43ed8,44df00c24df3b61eeb74c17c21608b11,0
4,349,component-72ba187b05e705de,bb46ac8766b986c34e28e966c52152be,0
4,3492,component-9652ec3b28f1be86,2f459a8cbd3965567d35533dd81cf790,2
4,3493,component-24a05f4d1305d667,6d9356466d4ccc111606048aa95c901d,2
4,3498,component-2cde073b39dd6bb1,4842edea737bffbd8e1fae0b82c19cd0,0
4,3514,component-8da11e8a75ed23fc,a040182b12f96c7d659c47c74c6029b6,2
4,3519,component-ab04a0144aaf727c,ac451462169e4c6b916c411803d2fd3a,1
4,3522,component-3b37ef6a1be31e06,8dec4402cddf6256cf897e50b2ab54e6,0
4,3523,component-c6fab63609e8a0b0,2e44d900cc00a651d9192e2fa952322a,2
4,3525,component-00603386e3314670,0637222f7162615aa65daa358e9a53f7,1
4,3528,component-137c149a3ed18d3a,1f34dc9886091167ffc17d0482b49675,2
4,3536,component-1e320cf3281868c2,10bbba2a38164cfd6f71a5cd7a4cddb4,2
4,3538,component-112b89e61925b93e,3d587ca262d7f159d20cf9d0fac7ed3e,0
4,3542,component-5edd8f8493edeb02,301022441efbf7f564c660620bb45eea,0
4,3546,component-e8743787bbef7d5f,0889f2b63f67fd03b79160416399f7f1,1
4,3579,component-cc49091e6a3fa59a,0250cd8de92836b9a3d006a53130c935,0
4,358,component-62a0eae98b9fc0bd,26b48660443a492f76a7f1842d447822,0
4,3584,component-9955f4a562efd60e,c6b484c6efc767630cb7768d8ede925e,1
4,3587,component-04ad14d9946a767e,5914280eef69e7aca0430b8463512ecd,0
4,3589,component-eed67fb12c02e975,c36cef7dce54a6343a80775f6744f9dc,0
4,3603,component-94de49d59371e3a9,850198ef052440d2c56bfc1d87b47bcf,1
4,3604,component-df6443e4bc9ed495,c694cf29c59e3ac15ba65b5ad092a36e,1
4,3612,component-704c308726bba772,cfa5edd903d4c6510b79df504dd78a0b,1
4,3618,component-9931f287c490c562,0cf31c4ef33e3f322fa807936ef22031,1
4,3620,component-c9666ca719574009,beadad75c8c905128d177b93586ca6d3,1
4,363,component-a43231c2216f23db,62b7d439f290de1db0295d6a70262065,0
4,3639,component-44a91994cce74ed2,7f079511a0dd0a6503eb3d8090ceb95b,2
4,3641,component-d41fcbf17a8ad37c,4cf916a427fb4f70f0f2d7297308285a,1
4,3644,component-487e4a2ed2f8e9b2,76a99dd0d4e7a4e463a3580cbcdedc45,0
4,3645,component-62fe739825059f30,c75ebfc467708e37479bdf945c1a21d6,0
4,3647,component-aaa33494ff99c63d,be838a93179309be9091e57ba80137db,2
4,3649,component-dc4aa707636ec734,ec0cc2abe3052fcbf7beef3ce7d002ab,1
4,3662,component-989e93d58ab9eaa3,a7722b7f8213371b3249419c3a245362,2
4,367,component-0788979fc9366e21,44f2e5ed07d458560fe14bf392aaa678,2
4,3687,component-2fbf317387d52ebc,e16fa97e33ba606da9723572e36e072a,0
4,3697,component-72abacb094771a0a,a1b0856e7b568c348d3641fec178f7f3,2
4,3708,component-aaf68675c4bea560,c058b823df2d0ba594f6719ce1992542,1
4,3710,component-ec995be98212e07c,990a6823e96f84580f55412ceba84030,0
4,3712,component-95a10e2b95576e13,256f9623142a836ab2375b1c292e4195,1
4,3725,component-8b088301586d31d3,0fd4ac8303bf7f133df00bde32bf7eb6,2
4,3726,component-66c2d265640dfd6d,5256fa39a161999c15097bc72e35c63b,2
4,3733,component-d6c29d5bb1162b7b,7069e66063226ff50087982c7607fa2e,2
4,3748,component-8d7c658f9476ff2c,270f3d4ebec20fcc04550a4f3e47e82c,2
4,3773,component-3ca74779bdf0f0ba,b33cb65d7be029c7e95444af944ec638,2
4,3779,component-5b382a8191264f07,75120f03a6e9a13e0f9a98684618ca13,1
4,378,component-21ef779311a43f0e,dae593682d1bcfeba08fd58a4b2d12be,1
4,3797,component-38a0ddf1476fb458,9db630844b3a38b2330fd4a010cbe3fd,0
4,3804,component-c2bebd7cefa36811,3136ac6bff1ab827a48b9323b80c2c44,2
4,381,component-392a52e4f77c40bf,1d1fe85f33ce84be14716ba3ca1d4341,2
4,3811,component-52c5a260883bb901,d425d3b4def164c7566dbe9e740ae260,0
4,3816,component-14cf3f00fb27765f,3e71c1cc7111b653dacc02cfd1cabb47,2
4,3819,component-349a066f98abb7d6,338fa3ad51627a8783f81e6adbd0e855,0
4,382,component-f65ccfbfec288565,68419c60622ff630cb626e437b12bab7,0
4,3827,component-bf1889006d18a1b4,b1616f572a184173b8f7cd7b6e0583c5,1
4,3836,component-395a0b5c72874497,ac6a4e91d29b7f329db3f3f2c1d56a01,1
4,3850,component-756a6524cdb2d4ea,d4a573ba03d78407fc5815a5355b58b0,1
4,3857,component-e3aa235a10ec0805,c7644636064f41de40397e04e6e0b4be,0
4,3859,component-17d30b9a2e6f98d3,16a19cfb9689e316964d28efe8f9f283,1
4,3868,component-2a2005a19dd5b0c0,65d198f46cb2987870b3c812b1215f77,2
4,387,component-25dac95b8f595046,61a5a00396bcf2496532f063af217ba7,1
4,3873,component-dc57c1fc055e30ee,aec41bb370485e144fe2895b079d62d3,0
4,3884,component-b023673aa0a8e809,1ccf016c08865d974a5e65100cbda8b2,2
4,3887,component-2f9fdc64dc673132,5fdad8a083ed83e130ecf4e7f0d2d0f4,1
4,3890,component-6903260f1db7eaa2,80d0da88b815fa371376a13c56be158b,0
4,3893,component-678f2f24525785e9,301c4dc0758718cf8758792414529ab5,0
4,39,component-0b918943df0962bc,27546657bcdd0b4631395177f1b0ed47,0
4,3919,component-defaef0cc4def073,e93a3decf6ea38c7f8b332b75503149b,0
4,3923,component-b46d9a5ffd681235,c1b003a4a1886553385fe86cf886d32f,2
4,3926,component-c62b377fa3d3a0f4,a9a8c2de70fcfd9981709404bd1b527a,2
4,393,component-99a0b871c9047c4f,02a20905af388a1319c2c8a7a6cad5b8,0
4,3934,component-57e8be94618ed550,efa8b3a5e362640649324da4bcdd7469,1
4,3936,component-9cfc3099e52f8b31,698435d43e44a1dea285c502ad191449,2
4,3937,component-9c67d3b75b1e8364,a3c17def286f05ae71c49a47dcf0f146,0
4,3942,component-7c2355534ecc3a59,3a8ebf96bbff5e2c3467e635f6394225,1
4,3948,component-24a47a476d5cbb0d,e58601efb669db0301e97138cc41bb71,0
4,3964,component-ac216dbb3b7e01be,7ee2de3076a65bbe1a98a23ad35bb706,2
4,3966,component-e41bb15d9efcd5aa,a80bd0f77baa316c49b865da5b963922,1
4,3969,component-023735e650550f29,6208adbd6814fafd6f90b440a8cc6fb7,0
4,3973,component-979d26d3a739d909,80b01fd16d746b85f2102a15b39d6025,2
4,3975,component-7ca01a22d3f94bb2,37f80ae3edd7b808761aef4466758daf,2
4,3983,component-c7e92bac8729cf4c,21149172feef2cedb44d6ce23f050028,1
4,399,component-0f78540965a86402,5759d24a9ea77d492f7ea1da175c3f20,2
4,3991,component-7e5b72c6fcb59280,e6eb05bff93b643ee4d1a94be7a6c648,2
4,3998,component-08a05c4b716c9953,8c39bf80f05dfc165e9963c68813ae77,1
4,410,component-612111a352a571cb,dbc18d4796ac193330a9f60b00ab0127,0
4,41006,component-b6f535b24402e79e,7a58476569647e0f68445641ace26af2,2
4,41007,component-43d1c17d2ab607ca,05fd528c954fe19225979a074367085f,2
4,41013,component-d404630527115191,f4878d85362bd80fed048c0e80b5059f,1
4,41017,component-12bc2a70750ea03b,0c6aa6fdebac70b4ff1cfb362768f790,0
4,41018,component-552f4faabc0578cd,d0cb3a1f0a5621ba48886bfc3b56de18,0
4,41020,component-c12cd05cd01bc855,d78125ac7d7100554426602c191efa8b,2
4,41023,component-389dad3d3c5d0561,824207123b7a0659d765c20454586d83,2
4,41045,component-e5d23408ebfb05b1,fa6d3d2f11f5f0c536b2fc0708266458,0
4,41049,component-ecf799bb7a4b7c32,d233dc8f06512ffc4db2c594a600312d,2
4,41051,component-6777772cd815e0a8,ef0a8b92c9ce18ea6282e12620ad5adf,2
4,41052,component-5603e9983b780c8b,76a9f0f03d16ab7ca003f8e083ea7795,0
4,41058,component-334d7a48f90ac7e3,a4a64918c8d7eed4c1e0ccd1f98e4698,1
4,41097,component-5eb1d9910d4fd579,85d200070f3c79eb7c81515e6707b3ad,2
4,41102,component-42e879bc6f6e6eba,296c55a7afa8004543fe1b6d2f63ed00,0
4,41109,component-431fa2a42f808eac,1736a1e60b2dc54a832b1f7f7f265a89,1
4,41111,component-e651f85f0d814e18,3a519dba1a7fb1c2c22292fed7efc767,2
4,41128,component-797e4154bac64e20,8297d4a776345e142dc6b938bdbc25f2,1
4,41142,component-a62f5afc49ae82d8,1143e571c7089330eeb4611bb2be8602,0
4,41167,component-cebf29097c0d5deb,1cb863e33eeba6a48e66f4a7e1fed59f,0
4,4117,component-1115fd804c829549,aca121986fd49ebc08be2d0b956084f7,1
4,41201,component-74832cae18cad741,c7972fe87baaad12d1bb739fd0b9bbb2,2
4,41202,component-e9b0f45b8c5c6f43,5af673219f4e6c0d5c55848c69e658e7,2
4,41209,component-123bb1e9ca37efe4,3296c019be701257152e6bb6a846c4f1,1
4,41210,component-69bf59c08157f7b5,f9e5d9d4bd1d838a77bcd266d48d4f65,2
4,41220,component-88e28f5076eee109,b61d0beadc70551a1dd6bd1f83f50c70,0
4,41225,component-99690a38f2e60684,94b948689921d6ec222db646176fb279,0
4,41236,component-8010ef9c6aa47675,9017bc8c4cec34f1aed5aedee2bbc9fa,2
4,41251,component-324d5608076381aa,7eb489bf921726aa2f13abedb9be343f,0
4,41262,component-3193d02a7794d80d,14c248aa866d099a20e7e8d124f9fef7,1
4,41271,component-c3685182a9d7e3f5,f1dc7d72f2e87cf64fedf50cb33f5b76,0
4,41278,component-02ea05f0ab3c27ce,dbdcf55b72c3eeb6828f6717be44d89f,2
4,41287,component-f91b5c748db58af7,8630ca2b8f0d070072d9230513f47356,0
4,41296,component-e8f826d2f7923304,1992865c4025f049908ecfb90c379f57,2
4,41299,component-664ba5b88c82af91,a0285a4f669101d5e1b350a0d2c39a9a,0
4,41311,component-64b31115dcd64f0c,a8efbc2fbbad5f14e8e905e7308368af,0
4,41319,component-768fc3757aca6101,e1b31557aa7f0e809b8e1f75f89f9b18,0
4,41349,component-5d9c363f9190be1f,f49ae8b42bf07268b034272c2a7b5fdd,1
4,41360,component-60cdbf584232e830,bb7e8d04e430f461f122252eaeabed20,0
4,41363,component-40d9ff5beffd2fd7,6cf3bc8000adc283c232147b322cd076,1
4,41377,component-76620015a5071d8c,c61520f0f8eaf8309ac3557c8824e6f0,0
4,41378,component-529d65a4c6239e47,12a21ca381cd05df6086b5b722766773,0
4,41397,component-27ffaa2f33c3f98d,b76e1496f3ac8b0beabfceaf275f35ec,0
4,414,component-8111eb1556229541,5359ff3b0463e1d20889d86ef17030d8,2
4,41402,component-9d2419f588dfcde3,0c65e1cd4ba5121a39a81eeea420806f,0
4,41407,component-3e5c195a5f070176,ca5e7e8a0640fdf8a40f53cf62176310,1
4,41415,component-90054efe091d8333,90c3b020bbf4fcbae99fe7a0d21ca057,0
4,41425,component-eb1ab7d63ead80cf,e10170f51b9ea21fe36a77b0ecda6583,1
4,41448,component-eae438248d2964ca,145542f73bfcb2c9577d249345d6c60e,1
4,41479,component-54bda11c8607ba75,a58f95b5afd380c122fcfaf889f2ffda,0
4,41481,component-e99ca5c140e3e831,7b127119b469019d03283e38449b2045,1
4,41503,component-8e221b472f53cc87,b96f9c7134bece931790c19a185d44c2,0
4,41507,component-ff5c5014adad0371,4faaa8c925c2d98e38b4f1e268c01096,1
4,4151,component-b3658670d2a52e2c,6428be347990d20a948c355a32e2afa8,0
4,41515,component-b5e1aec530bb3b7a,872c7bc2029a07f5c883bbed03410f12,0
4,41529,component-1b696d6a6d5f077c,bcad003995d4e814070301bd7c26fad5,0
4,41581,component-b210207f71146de6,0783aa00dd59fdb5fd9c48f639541d0f,0
4,41583,component-1a3056c81c49b8e4,77d408038f851b86fdb40a2905d51531,2
4,41586,component-725a8a4e3dc691b5,6c540422a42aaed2f9243f21ebccedae,0
4,41589,component-e5174e01c3eaf72b,3c4ff564fa0d96a7e23fde743f3579a4,2
4,41621,component-94e81022ef1658a0,9305528551e2becb3e3ea5799ff5ee00,2
4,41628,component-f8719764e4611518,9952403bd4790329b3ab7b4987260191,2
4,41629,component-db9e85c33e907d9f,f18fae4282d088159a050ba40566dfcf,0
4,41630,component-7c79679b3b8ebcce,2e5d0d8e8b1d1d27568448747db6f88d,0
4,41632,component-e6858dd99d23974d,e1f025a4c6bf710866d8d4496189feb8,1
4,41641,component-ae85f6fb2325f343,e029eaff698bf2cee7e8739d77adf0b3,0
4,41648,component-60f0a4a20cd20bf3,2c077a7281999a57ae0ae07a48eee490,2
4,4165,component-0fe1ddab30b57543,dbde34eeb2f1290609ca6bffac1a5180,2
4,41651,component-8895a4611dc1371e,c9337ee638a8300ad7f32457223278b2,1
4,41654,component-949f49985cd7217e,2606bcbe3565f6d0fadfa31ac6ef7d31,0
4,41658,component-8ad878d1a0976246,893f73c75d78b0eb0e6521f3d83cff4e,0
4,41660,component-f1f930c1a284a8f7,afbce142bf7928146251f7d6f7cb8bbd,1
4,41664,component-3b47cce4925a6d25,b26dc264f0336d533fe6d45dbfb6676d,0
4,41671,component-f4d663daacabae8d,935710ca0bb32adab0c0f9c500539351,2
4,41674,component-eaa795442ebb77a4,f3bc391df942e0dc8ee81d2d04eeaba7,0
4,41681,component-1d0b2e53c7e2835c,3418dadf04fd49f7b23700e792f12fcb,0
4,41688,component-97e40ce0a486700d,8c61655d176dd68bd598e90f0ac533c8,1
4,41693,component-fb3daaf295c3cfd2,d87555995f7c34047850c1bcac861a22,0
4,4170,component-a77bd5e6de66e9e1,2312d2d8829be52512e8206ba471aa3e,2
4,41722,component-ae23091a656dafcf,b84391b003d389c33182f636e2426533,2
4,4174,component-9c27727c109abd00,5324a621b5521ec98a35b770c383461c,2
4,41760,component-6b690fa3cc58bad7,acc198604dee0f812b5922c35449a39f,1
4,41763,component-b0e096c78d3efd3b,ccc8918fc6f2bc6d2dbe462337d150fa,1
4,41780,component-e87a117a1d795484,dca29c5e9bb9803a72fe9994608d28b3,0
4,41789,component-1d1fdf2c039458c6,619e94fca794036846e70938b329cc61,1
4,41791,component-2571f70d255d1d35,499ad61db0363eed4f2511f6963a8f60,0
4,41794,component-b455df77af035725,5169f7b9ce9906cb54f39bf9777e7a38,0
4,41795,component-2d0cb16b44632a5a,51e0d7c1c250f9d59ee8417cded48c6c,2
4,41814,component-d53d170a0d38b2c7,369cabd109be78fce2770dd20d6b47bb,0
4,41826,component-51f326e6d02dd21a,f1d21497cae22f9fd783ba6f266cc2fe,2
4,41835,component-e0d6cbbecacc89f3,a7a1d21b8f90bb88bf8886b0f5e14f8f,0
4,41840,component-8950101d9f3e8417,a83590a6c24eb7ff26277c55ae3b201e,2
4,41847,component-cd5ca9eb959dd4f3,1e945d6d30a31e8ae30b7a50d2a829f6,2
4,41862,component-bd849a81c2bab2be,f52966aa53c6de1eea9111b7d0feaffb,0
4,41871,component-070681f15422fef0,eb1394dd5d20125ff509519ff7f1bd10,2
4,41872,component-afc0251364629f6e,9fd46b787a01e63b5ccf4bfb1c0a90d5,2
4,41882,component-48a48a1fe457d1f5,1d47a86db38d4a419e4def3fea55d0d4,1
4,41895,component-9acaa103a8e3c665,fe41201a6f4f7fac69671278909b9fc9,1
4,41912,component-1f646d92d4a92898,457c50b77ea38d6238f6d7185a380418,1
4,4215,component-08f88745513481ca,f3a3da13b3482fdbedf2e67b8df02a06,0
4,4254,component-357c08aaae039838,62d0fec7bc5789b32d4dadc7ff3d60bb,0
4,4269,component-d5358ec522f20c55,550c443415c3203dffb8798f9b400ba6,2
4,428,component-cbf2f7864f1c9883,c8663b26d1bcefd687a81550c24c2820,1
4,4281,component-878993918fc2c416,0047e5ea491e69bb2e33e71102c45656,2
4,4288,component-907cfead4ffffecf,4c066d72d2e5a596629fe5d3c236dedd,1
4,429,component-2d1007980f492153,a6984cd37cac6ef3b6dbaee53d5ffb9c,0
4,4306,component-0d4a81d212f55a14,95f6ba82430a5b44af213101370eadee,2
4,4327,component-4babc876be86317d,5615fe4cd21d9e641916c61d57bd0235,0
4,4337,component-2657482116a56061,be6e26bbb8a266e12fa6f34aba549f68,1
4,4343,component-3e7c3d4cf5be91ec,155102d7ed2b054b51d8707b93f9a127,2
4,4348,component-9f91572d9d23f29b,f3bb1f8c71e7611b4bcee1473cc638f5,0
4,437,component-0ef962215cc05578,5e61c4631083c5af606ae125dc55aeb6,1
4,4387,component-9430301e26927415,82246ac3998389eb0da5d5e0736ee969,0
4,439,component-050a010ce24d0896,a7dfe4e998476a35844f9bc9c7b35bc3,2
4,4400,component-936d1dafd8b1b6e7,478cd81e67a5208ca52ff5a84aa15f77,0
4,4408,component-c9f5d1117c2eaf86,a7226d1e5a4d68e7453486aed4ad5e18,2
4,441,component-2dfe70c43208f52b,1a866d1ca818b066fc8f8d9d7997606b,1
4,4431,component-8818fd6d967f8810,33b622e0e1d315c54fad94ed3e893d68,0
4,4454,component-4fef435542047269,b22dfa8a0ee80d248313d8f49507ee19,0
4,449,component-4a30a219a9d7663f,64e908bbd6c6203abfe37df7e671acf9,1
4,4490,component-44489ca1033a2925,fa75a7a38a23f63886ac214a8839e501,0
4,4496,component-82ba9b272ce795cd,2fc8a2681a2ed038015abe42ce9904a2,1
4,4497,component-1f9a1de3220e9c87,8cffb0b29bdc89c7190141c2ab939ac4,2
4,4504,component-6659c30f0631de14,cbc314a699457bb6b33270f2d8c06142,0
4,4519,component-f36e412aea00d7c6,6be6bcc85667d1a83ff0624211afaca2,2
4,4538,component-888686c56da0a589,7a2adaf93f8f0b58b59067df60e12e0d,2
4,4539,component-012b946b1029081b,88de000c4daa6aa84250f96f0ae76dac,2
4,4573,component-f3a6399711da0b03,9348bc10ae64a08fe3268c8707a6a41f,1
4,4579,component-0dc732c14f4b4da3,004c4f6a6aada43370aa40650db0415a,1
4,458,component-ad21a2b810af49a8,6326c487961afdde9349c4cda0e7792e,1
4,4582,component-486ea85278bd246c,2bb0b2dc21ebcd1255f295143e524967,2
4,4583,component-eb7539924cf4b8b6,5ddcf78fc19d8b21a9f75120d15f45ed,0
4,4592,component-5edd6b7ba99be850,7e7dc4499fa555ceafe948193258df31,1
4,4594,component-d96e16834162dac2,4eee79944e097965f493b3e01b4379d6,2
4,4609,component-cf2e8ef59ca7a4e4,08b6ee3a8bbb21c6032fece716abfd48,1
4,4633,component-6656cb1339533eec,5ea8c124cbe263175a016940365b9ccb,1
4,4636,component-9daa98ce3a24c226,0cf3b383874589b5f7c7da880cac90c8,2
4,4655,component-4014e91c398f3fe2,6d15beea63a99a3c9b9b0b6512c2be4b,1
4,4659,component-ac8c1aa79856748c,3edaa1f54c1726e4e17874448b20ed83,2
4,466,component-826e27285307a923,fd5173cc96b187b865bcfb84d627020d,1
4,4666,component-dd2c71582793ed12,c8044bbfa502fb17156cf7790696af59,2
4,4671,component-997719bc7307a990,89571a55c88b97dc64fd6a85a4e60ad1,2
4,468,component-1e5ee5e58c8f490a,58283fe5f4646af3cdfa4f0337ab6aba,0
4,4692,component-a883209b00f5f926,b618459f1d9e71eb8adeb1fd73da9e23,1
4,47,component-31489056e0916d59,e3f32cc147a77ba2bda4602890833651,2
4,4706,component-2334b98bcb4ab2c5,257318ce48008e4c0842b375467274a0,1
4,4759,component-e0a19cbdac9fda12,48a27f0fe7cc59049eee459745132562,0
4,476,component-e73cb135243c08ab,e0d67b3e88881b6a2e648c1a5fde6037,0
4,4763,component-6e73a9ee394de721,d7eedb3b7795cbc2451f6aa28a929547,1
4,4768,component-1900b07bf0e92e67,a5934a16cf7f623fc7a3ff56151b41f0,2
4,4773,component-53b1751856e39e4b,a94006237e7bae02cebc85f1e9d49c67,1
4,4778,component-449cac0b61bf9dbf,95d601432aa69808b0d7e38e18bc54e6,2
4,479,component-9869a8a3a11a3328,43d8d88220fd31e8cec0b53d663fcc6b,2
4,4802,component-d19828eb64fa5dea,27b0e4e07532d4b27b2dd70e37c757a6,2
4,4804,component-dcbff8f66de95d7c,b536f5ff163a5a385715bb26d42cce50,2
4,481,component-51d089cdaf0c968c,e8fb240e17ceaa713857f960ec937286,1
4,4817,component-1112c695b7e5eab3,0841b6fb321a4994b4da4acecfb8a903,0
4,4821,component-a388f562e286fdf2,df294e885e24a7c38204818e10a9369c,0
4,4868,component-d0d54d0f71b3607b,eb7219ef230f68ff0102a9aa66da4ba1,0
4,4874,component-a4324d88baf52d56,26574ba9d5340f075cb4874fd937ce56,2
4,4904,component-35a08ecb0a7969b4,427ac9dd9e646db4508665a30fa32990,0
4,4929,component-d0f0593601de6483,3d5ee1fec67399d85f5c089b8b3e4483,0
4,4930,component-afb36973671a3f3a,5a048dd797c1fa19347714cad356a282,2
4,494,component-d18b29d80a8bd366,5787615bf16967511eb9e48dff781d64,1
4,4940,component-468aa3110cc68497,63d8b9fe38e60fda2232513fcbcbdccb,1
4,4943,component-603153b43d01f9f0,df44f94367f6644e1f8700d422cdfdbe,2
4,4976,component-716f129dc3414142,d6bfb552f0707e92b2892080a1c5a9ca,0
4,4981,component-5050ad1713516785,97e9078feb357c2a6862c277d98e0bb6,1
4,51014,component-b5f5fd3ea6365101,1ed362afa825e8f5aa5b03e7ebdb6a03,2
4,51017,component-d5f4256a046bcdc0,df087a56d8f0f7e54f6daae909dce389,0
4,51023,component-77ab752336739824,78fb403756b87a8972f67b7bd96050a4,2
4,51041,component-8d3675a8f8b09455,23b0b01a0b3e028f8172c1549655e418,1
4,51047,component-5dfb12bf172b105e,4dc37ade30b85ae0e90a3ed9f25cd43f,2
4,5105,component-e5f18bac25227fc0,eef4d848d7f616ed2295e4a70aa5c5b2,2
4,51051,component-9450c7cfdba1ab42,c4a8e743b16e855676cd8cef60f7e156,1
4,51053,component-573bdf99980c0419,365dc3086db91499b050dfb15f86c4ab,2
4,51054,component-b81ca87e62366b8f,06c2724938be0a581d9b762756346ec3,1
4,51065,component-533b7580635a336f,103c8fc7fb71a40a9894e87651351a56,1
4,51067,component-d0dff2d4ab8c4d11,92561b3e4c36067e38bef20773dc3b92,2
4,51082,component-7c548489455533b1,0a80613635966262fa1b26286f47cf6f,1
4,51085,component-2afd10071a787a71,37f0a89361e1d1bd70ea9f207699a812,0
4,5109,component-894a8d014804accb,ac4076a240c48e99510d6f6e64460b40,0
4,51096,component-e4142eb42d0c2f12,02f999be521c967cde6ffb5e6e52deb7,0
4,51111,component-9681ca8abbba9627,b58717abbb0d2c9e8776f2c75a86df01,0
4,51131,component-7a3c14dcf2f87c27,7da96ec9d055e0768fb28f1d2d3a9555,0
4,51145,component-e41b72e6f669ac44,02a0135e22dc5c6aece75fb1b2a75a81,2
4,51153,component-f2ad9fb953cba5b3,daaf1dbf1796e8f0e410092f93d312e5,0
4,51176,component-c100388c9328b30b,61310d503e6ffcb1d260c8630ee2fae0,0
4,51184,component-40b8b931b6309755,974541a47fd0817eb8957057b6a6cf9f,2
4,51185,component-8dfdb150842d68f8,1bb737d061a40a301b22b4ff2dc12d58,0
4,51208,component-af8b422447fce1f5,ff8cde5c9f7beeef773904edeb2fa523,1
4,51227,component-7fbef7dcd68d546d,cb793f3c5307a9f5545f7f560e0bfff7,1
4,51231,component-63b1a404f621b892,73ffbf08fbbabcf4a11338cb3e3209a6,1
4,51236,component-c915987362b5a4d6,ff4090f41a5f24883f23e2ef3ba30499,0
4,51240,component-e23fff0a01f61e25,014c88c28182d81219a1115c4616225c,2
4,51241,component-711edeba2839aeef,05041c6e41f42a9fb76ab92736205314,2
4,51249,component-8cb6a036c8e35fc3,a74c7e03b36527253f259d8be5b35944,0
4,51258,component-48bad9686aadcf56,8bdb7968a04f811310d098919c612443,2
4,51263,component-eb35acfd346379e2,57998c1f7889f8e43e82597b7616701f,2
4,51268,component-0566c03c82e2944e,50a4538ceb5a1726538b3a03e6556560,0
4,51275,component-00acafc4d0de05d5,a7a195a617f784985ee4396a124c04fb,2
4,51276,component-f959ca35a9d5f619,cc74321cbe7fdd43288d25acf2ca92a6,1
4,51281,component-054176d194dfbc7d,6a917a955f59c176220497261f41cc21,2
4,51287,component-c88199903a99c166,a8cab2382addbc6f01291b09cb5121fa,0
4,51292,component-b959485b75c28602,cc90e968a14ad70a16218c6facfc863e,2
4,51294,component-70c91480aa80ea7c,2e34c0711e92fa35e723d76601fd34ac,0
4,5130,component-ec34d6f17350fb4b,539add386cef76bdd95c1bbe1e88a9b9,2
4,51300,component-f88a751202f8f87c,b0196ea5d7b122e3345b808c6a23139c,1
4,51302,component-ca8ae4c850221976,6ccf914138419c76b5917da5f5356479,0
4,51324,component-9ca498220650a7ef,ab43180791ec24f87acb53a6570c3a93,2
4,51328,component-cc66947f1686cb8b,2857a21ad0f2540d4433991560e11b0f,0
4,51329,component-1e7df5084672220f,420977b16095f1c0d60eb22827089ff3,2
4,51353,component-2f65026a0c934c6d,2a50b27a34de0c45ebd8075716e9f8b5,0
4,51355,component-77cb542a9d19e47b,5a769e299fee249e6980907a358cdada,1
4,51390,component-e5917c941a6a02b0,c5c97ea38bba2778931e44e8f5ed80e3,0
4,51394,component-f1eaeb8715121d08,a0e368f3b72bfd3c29b623e22c1a5097,0
4,51395,component-c69c8f30d1fe6b7e,c408372ac6aadc63e988eedb7dd1e3ab,0
4,51414,component-b33b2c2165197959,a34cd7579ca6766458246c6b3df49e4b,2
4,51416,component-b12d9481b4ef60e9,b08b63dfe26bbf4fb56e0a874e6077c9,2
4,51436,component-51532d13b1c47f01,d0fcbbbf26567769723f5fe75b10ad2b,2
4,51441,component-88c387db3e4a19f1,034bb12696eb7f4e7b155459c1d5fd57,2
4,51445,component-bf5fe018f15322c1,786b693d7e912096d544c9b0872c34fd,1
4,5145,component-766af62a6275002e,5958951f8006fc540194ebfa16c3754e,2
4,51454,component-55131876673e78d1,1285fd0163576e1e1c0d5bc4883b6864,1
4,51458,component-d93ca0bd09735cfe,20b24d7ee85796761e18812e59eae3b1,1
4,51465,component-11cc7417f3cd1149,38f85958ae9fd3e9d90217d234e8a148,2
4,51472,component-03b5c1838a9a157c,fbd0605103c20676fa89c0f672191504,1
4,51474,component-2937e285ebe58f54,7e89fe7fe0a9d65a9fec941805b62c92,1
4,51479,component-12dcaa39bcc841d1,63693797c949fdf4980b6ca5c615d7f5,0
4,51484,component-2a9de50e2a9e9347,c2f16ad76423078944945e1d4f2fe2c8,1
4,51487,component-e4a351fd89b1d940,4c7493023ddb562af710949053136216,0
4,5149,component-6a96ab0bd63cade3,b0458f57958f8a8db93c72072ce90b3e,2
4,51503,component-5d44dc75edad78ee,6eae0d25b81a090a11bec6910c5c7b29,2
4,51515,component-848a77d2a85dd525,e5a486d1c82b3c6d83d5f49279623bcc,1
4,51524,component-ad9d6f67d0fad3e8,3f1c40fdb05758328f0cd02ffff4fcd5,0
4,51530,component-d468c45c892ffa7c,e6bf2ba42a6ee80705aa0c44eda512dc,2
4,51531,component-fd55cd82908a60dd,01167ad269fcb9de47bfe7ddedb2bfb5,0
4,51534,component-4c44b76e3fb67f62,d47f0b0d85700dfb5a967d685e90edb8,1
4,51539,component-e5575f7a7acfb0ba,14d56eb119951dacb6df3e3b2398637f,2
4,51541,component-ccd1ba092789592b,e417ef90a9f19d723ad871bda207fe16,2
4,51556,component-fac5459b9e06ded6,86d1336e3cc4f30ed8a0a422b29f72a8,1
4,51562,component-22a63080e482e2fa,d252bc6b60d575ecb06d8957b5d7a270,2
4,51577,component-0afcc44cbe3633bc,1e2ad1bb6355854c8a949ccf11eb063b,1
4,5158,component-d705884aebb3235a,734ffd22b298c21763dd1a63c7f52173,0
4,51591,component-813e11dbe788f69a,88d14545329230d0cf62c98d6e95f2e7,2
4,51592,component-6b449b265f9da73a,008fadaf5d61324565edabfb84fa1c91,0
4,51593,component-ac4276df94711175,fa792fc5b648b0bea65b9b016b96a38c,2
4,51595,component-dd605a6821e1c9f2,24cf38b7d06e5381628e735e9ec9e6fb,1
4,51597,component-8f4b93e4fc0b6702,00034184710b94e6586d0f9faab491d2,2
4,51598,component-c68b1c018d4c163c,8d29255aa97ff08aa24ccd25a3564131,1
4,51607,component-349a066f98abb7d6,015eae8795c5cdba83dbc96a9d5baa17,0
4,51611,component-a55353c35b0acb13,4a7672a8b0351496bc599077e7afbdb9,1
4,51613,component-ef8043c8de9c3325,9c1d1a1708fd110cdf4e64dbada079c9,1
4,51624,component-84645ab696f158a7,1afc511610765efcad51b6b635d77771,0
4,51626,component-e7e4f9888e9721e5,8ea15b11ebbafbdc516588f0398f2ea1,1
4,51635,component-8015b1a25fb0621d,305e9c38370f6298b67f84eda13cd83d,0
4,51639,component-7f5990b261369967,964d0a6959e678067717625ecf91c94c,0
4,51652,component-f128a31d01052e0b,0b48163ae76b12c0f1a905e652046b25,1
4,51653,component-b4a06456d54ad866,14c5fcf878f9200e09fb7ecbb6786220,0
4,5166,component-d41c8abd2a10a194,f93ffe53dd51e7a915c1f96f707bc423,0
4,51670,component-9485d5d8599b957e,c2059b052e196663ab0ef8ab3de71b33,2
4,51674,component-349a066f98abb7d6,566e6d9fa0b6225c29df8a4e9e7413a7,0
4,51688,component-c60ef315fd3f8d85,1103ecac4be8cfaf0e71990e6bca9d9d,0
4,51694,component-3f05848854150344,cda3eec34e2d9b2bcade1c5e6f4fb516,2
4,517,component-5088c1bc42f5cc6a,1dc19b61acf079dba18b671c6933e4cc,0
4,51705,component-41c0528aaa5cb4bd,b3b22203dd5e49b84d772220896c4c0e,1
4,51708,component-e59964448e9f5fa2,2a378d799841ffbeb904de044c53659a,0
4,51713,component-97110d93d5403e08,1d57bbd24d25d9c122d7e278358b9daf,0
4,51720,component-7ff760f4d0c5a304,137d0ec16217b426a5e1e5df55453ff9,0
4,51730,component-6b9d3d0bc8bfc78a,e0c24280b61594e75bf070a0f6bea820,2
4,51738,component-e85b7c375459aaa2,a2de2008d09f3e9c4a3c6bd711d3c08b,0
4,51751,component-4a515f7569398701,da97457de08705fbb071a80f4fc9a1e2,2
4,51758,component-e9a7a6f058b465e9,a367a8dc05a002140c24c16f9a998afc,0
4,51774,component-b22cb2291342d0fe,0eec71e8d4a2bcfb7dad9a584f4277f0,1
4,51775,component-1c4cf2359f0122e3,7ccc925617b524fb0ba6a60b1ad243ad,2
4,51792,component-63d63dda992999b1,1a9c5e3dbfa60bb7b90e80f7fa114cdb,2
4,51795,component-178fd1ba3f980d49,d615170c34d7342ebb05f9416089610f,1
4,51804,component-72b4282a5a93d842,777c6681923ef7cfa751dfbda81b2c69,0
4,51805,component-c6b1fbd2a1f130d1,7c27c7899c168f0b8961031dcfd24430,2
4,51807,component-d889b6df09ed453a,0021b1c889de4f4e2db3e4e24d8f32c8,2
4,51808,component-ea3e9d799560bc8a,5a66831678e39731d1ed8e54182656a9,1
4,51821,component-066b4827aa3bea2d,a3c092b9ee02d1ce0d368c18fd3ec508,1
4,51826,component-582a3ccee2024c28,a579784a1d81222bec680d9c0b8d8d6b,1
4,51835,component-e1b484baf04da8dc,be7480b116c7bb75ca98c746f0e71824,2
4,51837,component-208ef87679937e6d,5a89825629aa98328f2e028b3b6be8a9,1
4,51857,component-ea7812cfeb7b019a,aeee29237995449ad45d5b9a3634dd52,1
4,51866,component-2c6418c47e2a0b79,8ea2e9c86e17208ce0b35f15ae78330f,1
4,51881,component-dd19c417c706af93,f284247960d4d5342415dfd1a1f11cc3,1
4,51882,component-db006cc7e0aff0d8,c5b2c9fe31d03165b538088560a34cb2,2
4,51889,component-a819ee7f83f27dd3,ae25de8a9e637786071340b89e59d189,2
4,5189,component-9b5e89a3d2e2e518,b2c138edf2f0389c58151161bf6c3c81,0
4,51897,component-8f027e77a83d7544,5629873239b168908db225abbf88fc7d,1
4,51901,component-888b6a5fde2b6db5,4fe083101fde9456971f6c2e1325dfe0,0
4,51915,component-1cbe56f90cf2258c,05772477b053ac778ef01f75a5fca2ab,2
4,51918,component-99ea1021b96f4f59,ef9b6a7f4e596b154807030cc620a3fb,1
4,51919,component-e31054efaa417515,c9bdc3e4fd7466dd06239985efa99c08,0
4,51922,component-4ee4ab2da8e7da16,bf99938f99d43bb8398245e53cf4e99b,1
4,51926,component-a71c50cd045b5926,4a557012d8927eb84ca0e3be9d2d5883,0
4,51930,component-db972e7351cc12d7,7939e5b600a696f6bddbee26ad74f3e3,2
4,51945,component-0e0d9ac152ee9b45,89ff341bd600c6c98fb9801e1f510ede,1
4,51946,component-219dc1b78c44cafa,58c9501662f4e2597c759c99e9e443dc,2
4,51953,component-2a3a2c910955a0d8,b623a96085d29a480b4fdcec515bce1f,0
4,51957,component-c758f58b02894ca7,25e76848631aa5425f9360c7cc04c5cb,1
4,51962,component-1b8c795088d76588,fbc298868241bd8816321b462c9b746c,1
4,51982,component-adf0110a4b26a30e,91256ace12190bf656bfb70d18620098,0
4,51992,component-c503d40e85fb21fe,7a727abcb9224f1ac0ab85a14cbac70c,1
4,51996,component-049339fbfce445b5,9c77b3dc36e45013a24eb786e72e7705,1
4,52004,component-e35f32c8d1a144e4,5bbb42d2ee563f9943a77911642c9665,1
4,52012,component-ac03b273abe86202,89dbeb1e59f29e5b0cb2ced8c5ad809d,0
4,52020,component-2069c088fb881182,a04998a1d11145e3e9d7d55998d7e177,0
4,52029,component-863c6a819c3fe909,33c084a89f9efe0b48b8a549a41e4533,0
4,52036,component-d67a2706c4494ae3,4dba89cfeea8217128d6c04a9a6393ed,1
4,52045,component-317f75c80fdcb0e0,d10a450a90b2457c13c5147e3428ed0e,0
4,52046,component-6eb441f67fd166aa,b1ddad87bc314f5bcad26c8c64961e70,0
4,52049,component-350dc03cabd7de17,33365294913704799442239f3e6229f3,2
4,52050,component-2163e2efd0c9fed9,a8d10476ad85d025e0cbd0b9f55b0a04,2
4,52051,component-e98aca9739949355,533c0a2343f9c80fbee115d283c32f82,0
4,52064,component-40ade328662d0e9f,dab09d366040e74bc84b76a9ae99b7d8,0
4,52079,component-b507ccd25172b638,4afe7a89d3a52957efdcc75e1388f297,1
4,5208,component-b343addd7aa6b85a,4a0e546ca9df7b3982a81e3004d6adbf,1
4,52087,component-f8edcbdd224db319,69a851dfbba74a6e2e76d491ff4b6932,0
4,52088,component-d1375b566385083d,102ebcdb14383e94e72f2ccf78ebd898,1
4,5210,component-9f8917ad86101b4a,ad23e427fe3d4dc775c564f4ab83a4e9,0
4,52102,component-b272e47bbfbd211d,950665777b108dc27e9ceb3796a13211,1
4,52116,component-aaf2c035e69034e5,ee6fb93c3d264d87f75114aaf57f4fc8,2
4,52118,component-7ee635a1d99b6aca,d0d29d60abd5ff57581df56a03d0ea53,2
4,52132,component-5e0dfe4f4edb759f,e8156d41578a3218aefbb588e6663046,2
4,52138,component-cee090934a55fdaa,b8d249cf51de034248b510f2b0a04aeb,1
4,52176,component-a9956d44cbfb4517,9590d3522e529b1e2e4fbd0ecf0056f7,2
4,52184,component-248ec0c20e656dbc,1c3069f705c22dc71f0f214adcca3e7a,1
4,52196,component-94ac2f51d976cc38,fbe6b49ed7894303821b20bac35a48c7,1
4,52197,component-bb18ae0615fceb2a,a8f047e20738cee032632eab83447099,0
4,52198,component-1ec075d4fcf37dcb,4f1d1bb68b81deb7dbdaec2d291a4af7,1
4,52202,component-3a67656b1643216c,a217925a6c26fdd9c592af72db5ad4e0,2
4,52217,component-6526513b7517cd86,d67bda86cadf53519482583b00f80d5d,2
4,52225,component-8dc0bd2d3ec689d8,ff5291b1e302c75f9a45a36b65489a03,2
4,52251,component-0793f29c4a999ba0,f4e577491a3e6a390231687500bf89b6,0
4,52252,component-00185f50ae7380e7,d9892d37ecb15f18660b00b25240af95,2
4,52256,component-46aa7ef6f51843c7,03d2291b7d7b57ee50200048d8795d7b,0
4,52282,component-e985109a75b135b5,9338b01fa496553a2d89a6fcb579697b,1
4,52284,component-fce053c68f3393d7,17b1ede16396cd9f8085575ae82c0b77,1
4,52289,component-02eb922615d8157b,8f8996df09cbd9ddf04e5c6b503d770d,0
4,52290,component-f059dac24d299354,c2dbfce6341966116a5fcfc947e09a70,0
4,52316,component-a788b3172e928dc1,0d3418bf3065f3b360cea09cb2c3ac79,0
4,52323,component-13ff25af414b5ecc,3a9d991d1d9ec6f1a0edca04e2d5f65a,1
4,52327,component-1177a3b95e568e7b,aa0a1450b6486e827cbb38ace6fa0b51,1
4,52338,component-dca34748cb3d1e22,50558e8110441f643f2d71df797e358b,0
4,52339,component-7590ba79ec6b9a2f,149bae629b8d8388d7c2a575a2e104ce,1
4,52343,component-881827ebf12f03f5,f583e7bedaa3e242c30009ca3380e20a,2
4,52347,component-d2557d18de87f85f,3c16dcf15474cff351d0e9fb41ee8478,0
4,52365,component-7aefe0ecc4c2037e,33dc5e2395d3e1151e84aea285e62c0c,1
4,52369,component-ac3b7868f13ff106,36bb7162e6f595ee230f499524a9d843,0
4,52371,component-af6ac72448804a1d,253933341d6fcde74b166662b044d320,0
4,52374,component-f94ffcc8822d8e98,f20da0bdcba5f881a113f78685409535,2
4,52378,component-95c87684f7d7e40c,3e994a38d0cd49385716f715df5639d8,2
4,5238,component-f34eb9d345d7d40d,346b6455e4b23dbcd9784ab58faa6536,1
4,52396,component-169a440d6ec7ed9f,e56ed71b15ae07d83bd51ed26becfe94,0
4,5240,component-953abe48dfdfa8e2,afb63d6512ef2c54af089316d287c3f3,0
4,52420,component-2b4d01a777179c1e,27c33e67198b69da8b1fe91febbd925d,2
4,52428,component-d68af65b0a2b7788,50157fd24223733e15dfed5f6336cf16,1
4,5243,component-e206dd002a594e55,73c6ddaf0851b39253d07600754fc5df,2
4,52434,component-5bbdb8c1dc51fba1,0633991271d70f09da9fb54dcdecb06e,1
4,52441,component-418065f128fabd11,ba2b5f805f17b674e96120b9dd61eea9,2
4,52444,component-2eaeef7149100861,3ffdc17458a6d717ba8444354fa223a3,2
4,52448,component-c25ed685608ee2bc,2bb2aab01c4ea9cc9b3783e6ce4bc7ce,1
4,52451,component-28aaf2fb39d46513,c5023e014863b13bf87e14fa86db34af,2
4,52452,component-3a1fdd45819cea20,3b1bdf3c53fb76bbcabbc8bce6978460,1
4,52458,component-d77fc5e98667c5ef,30575af44e3890048707aebf0f9f75b1,0
4,5247,component-cc8583c9721b171d,e9b4eedc521bdd525f4beb51fa54ed79,1
4,52472,component-7ea8a871696f361d,4825ce3c3b578dfc6e69fbe62f2d04ab,1
4,52487,component-31448cde84ea1d00,486ce66e9d9a920b1c03d5eb1203462a,0
4,525,component-c32ffef1ae0cabc0,a795c084e13746a4490803f5aabfda11,2
4,52501,component-0ca75f98c68f5903,c19bd3fa53fcb1d52058a87504786798,2
4,52502,component-322bffaaa9f8e1d8,91f6da72fd12a378d637a42606a6c0e1,2
4,52520,component-a5f6a41cbfc2867b,4ac0d3b12a2e47b3dea0c235ccdd67a3,0
4,52521,component-8163315de2931965,a5721664008addc54b44fa16c66cfbc8,0
4,52530,component-01dc04de4623f0dc,848f7ecb2dc1258d21f60e458849986c,0
4,52533,component-e3b22ac966532a78,ed9dcdbcf8ec80433c892c3e477e7bcc,1
4,52534,component-addcec4fdac212ee,83cb38a6995db9d06cfa0482383bf5e8,1
4,5254,component-20d1d87c0dd1176a,12b34e75dddea2fd4bf74e8f1461738d,0
4,52541,component-5d1fb105e02ed138,011fccd64ae65f5df97b33b31d5b1df8,2
4,52551,component-7bacceb61ad8b278,45524034ba7ff92d3d49217ffa1ffd2e,2
4,52558,component-19e9c9746c9b14ed,dce6436825a4785e9776e0b716a900a4,0
4,52562,component-4748c5c3ccafd84c,b9ec3607074e61ccfb64f853c9035394,1
4,5257,component-53677d2d33ed62c2,8a0a2873c87e3902399d46574599c996,2
4,52571,component-409547fa19730c41,aac35a682097b80a1258d3f2e50a6f77,1
4,52578,component-82f4c7cd8e187875,8bbae9193e6e765c96deb4f859dbdc55,1
4,52579,component-195cf30c2ca64d61,04774222dc51e387c1f852c98baaac52,0
4,52591,component-438858795b07b106,0fff769efb723849e7fd45afb7c372fa,0
4,52593,component-1814921c99a58e86,66b549960d864d33d5bb039390a2e766,2
4,52594,component-0e2f61fb0eeb4940,e204bd6f80191846b5db5b0b94b46dc1,2
4,52596,component-516546b099341758,d489de81c97caa99cbc2c3816219de01,2
4,52598,component-efa22b4a645d1a1a,d7c3fc6b12a8d6de98768a7794ac13e6,0
4,52625,component-bad63b0e6e0e93ff,217b33ca99ba66e60722285703f575ae,0
4,52626,component-3f9e41385792567d,f9c2bbe4c9df95deb85d296431768914,0
4,52628,component-5ae6cb42c927e193,0fbe4a9ba8635831fe1e5551a7ee9865,0
4,5263,component-125cc8fa41714df3,1609562bf063649c69fb5220d60fd7d4,2
4,52633,component-50d520664d6df3fb,4569562a4de36571d2b5fd0e9a0ebafe,1
4,52637,component-a753c54f38d09bbb,1d4091767b13dafd3fd436bcdbf9f589,1
4,52645,component-d487c1eadfea0ad4,384d1faa260fb289fe627c3e18c0658e,0
4,52648,component-119d8b26f733d3ea,a07bdcb40e5105ef16550928306ff4f7,2
4,52658,component-f35c6f152786c5f6,7bf636672236402583d5cb804a954174,2
4,52667,component-87e570f3a8bda377,7da61b14ac2d58703528b02bcee2e042,1
4,52689,component-415165610c1305e4,e127e02236fc96fa07e1489da3d096b6,0
4,52703,component-5e9ab7954bf04142,c23bd3ceac224d91a224394ad14820a3,0
4,52704,component-81339bf52e9c1dde,5de363c3bd54f4f7f7541de98faeeaa2,1
4,52706,component-494c9d609614bfbf,b1034d4bbf2f4123a80612e92c981e04,1
4,52716,component-041ecb6747dbe5db,75ff2441794c680313a00fc96c8aa1fa,0
4,52718,component-4e58c35d7d7ea9b1,3be08637e33b2f3ceffdbfcb5bfb8f8f,2
4,52731,component-55f3e831f9a70154,4fac5f9fe78f2c561bf11719669aa940,0
4,52732,component-72ac13fa6e329700,c014283810a2966fbee95a45aaf8cfdb,1
4,52738,component-763436845a98a394,0f278d92c223087f08433fa332bf658c,2
4,52739,component-468bc0172c794930,7638c6ce4d23d9ed5f6bc07eb3af02a3,0
4,5276,component-1d653df7edb962b6,eba4f19a2360a426d81530e67f7b5a52,1
4,52768,component-0501139cf700fc8f,e92880e5e49eceddbdf8afd15c49ca07,1
4,52777,component-eb7b8afb3d67757e,104014b2a1c71c2eda44f482309ec0f3,1
4,52782,component-91ff0045af911319,b13cfa90a89e2bbd33c737d750b40f15,2
4,52784,component-99b75f5982b83dd8,7ae7cf8027501971993de76b06f3005c,1
4,52821,component-79c1edae7046caae,ee3caa301e6934b6d94dee7e0342da08,0
4,52823,component-ea7daea6675b0bc6,69cc932ffd2a62c0590c8db4f2e4b49d,2
4,52826,component-eac51efbccf39d46,18578f5982df6ba4c56c9b1ce0702d9d,2
4,52827,component-19c19c785c14bbc0,336eaa3ba4a7d6ede88bb882d305fb4f,1
4,52828,component-7c462d6e8a9a1a1f,eb3aa51e9142b5abcb6363c783990fe8,2
4,52829,component-1983f724b30ddd26,012237654d2e96699fb98968f6d66fe5,0
4,52833,component-780f51a1f91c7de6,d6e66a8ecae79205d84924c606f36384,2
4,5284,component-7e5cbdfe81560262,7187e81b71e3ece29c2f6067341ef2c0,0
4,52860,component-4679a706b00fceb1,9f2ed77edd6465d08f466393cb06fa3f,2
4,52866,component-11c15f0e44a68d4a,bc02bf044dcc6528b4cb3115290fa5af,1
4,52895,component-ed1594a32cac525c,3bf6d0bdf4a389fcd1d913684e36f2ed,1
4,5298,component-d08553fbe31da772,12c4ff90790dd296d76eeba7e553410e,1
4,5307,component-baf64c5bd986d792,cf4f0a99d39802b4f97b29049af97076,0
4,5329,component-7385cae611099e13,44c05eb42a769f607123e1f418b52d67,1
4,5341,component-955dfe160f51eb72,a3271d8674248e7dd530e89a41ea7354,0
4,5356,component-9e25d9e0feebb921,f378c6cffa5b086ecb013c968695c6f8,2
4,5361,component-a68a5f2e3a4446bf,7a8e93cff0d3a94ccb25ce1a36ff7dc8,2
4,5371,component-6bc538975ee49598,359da9a83525262d91d5be24f11fb6f2,2
4,5382,component-80dd61da7ce1edcc,aa8980cf91c087c41830a1d56ef8e6f8,0
4,5389,component-a165b612de1a4c89,972db4497846d39685b5f4f54f7e65fc,2
4,5413,component-7ddcb477f73010cf,c3149f8833584a98dc0a8a33ec34fc8a,0
4,5420,component-74a86f62d0acd138,1d758fc15d0164833599e6e56c8c2d84,0
4,5454,component-5ad0e75a5119ff6d,eb52d852f303cd803cf73241da475902,1
4,5471,component-d308ddc557e77418,7b84c0b62dc53ece586b04f88a886ee6,1
4,548,component-6e2d4d3a3d4c4bb2,226544e8c0502050b089828badaaa4ce,0
4,5481,component-03b07ca887edb311,cfafddbeb527d7a4c13b413f4fe515af,2
4,5517,component-5078bca8d0b0f7f9,4b8fdfcea400d6cf59d7560bc8eed62a,2
4,553,component-d40fbd13d527595c,4530870664df9014a76313ce1fd75a0e,2
4,5538,component-9162dedf2f66de62,475389b642e5532ddaf7f9fa06b72fa3,0
4,5550,component-c4b606ff15bd9b86,9dc726ebb7c8085dda42cdc8df20a500,1
4,5556,component-cf7dd1665f80520a,120dc768c7aa6e2443da0b171367b852,0
4,5561,component-f3058bcbb026a692,105cf7b2741fe509169ac80ecf20c0e8,0
4,5567,component-0da728f5d368de45,eae4a33312cb2126261c641f9e6e5eac,0
4,5575,component-69c53542ac9ee1fc,9e90a3680e4360c5bd5b85389a927b3a,1
4,5580,component-284c8d9831e1ac59,e7c02ca341153ac6a24e26cf0b1c67c8,2
4,559,component-0d6f9709edaeba4b,80591ba05b4252c4aa3db13f7620c557,2
4,5600,component-e3be6803d0ccd399,b69cfc266e7449dce2f533abcbdad4d1,1
4,5601,component-8d049a1326c454ad,16eba3e3b93326861f0b6022005075b3,0
4,5603,component-a0d641ce6e7d9599,1d5cdcb6377fc9b0bac05ed5d7d4f44a,1
4,5609,component-47080160e9f8708d,9d107151e0695369bdd3f9dcc26369c4,1
4,562,component-4eef24c6b8248c22,a0283fd47b9d01659b59553ac6b26a91,2
4,5627,component-1ba3c39b667caa93,59dc99ce97f69f2a74576467b47bb55f,1
4,5629,component-f39d455f5d389073,74cac88e8edee6b5b34456426d8cb3f4,0
4,5632,component-74e5927a9ac14891,f8484fc4bd173d75268414bfcf9a4eb9,1
4,5639,component-84fb124302f44af1,9151c98cf3e0e41fe1c385fe4ac4e17a,1
4,564,component-621cb5d0bdea9584,14dea25706a904ed8d04218502aeecd4,1
4,5641,component-80aa9e4f3014c3d9,a012b6a80431050f9667cc66aa1cf066,2
4,5642,component-0c98f95c5d88709f,23dfe429c56c4d7de31af4138a557add,0
4,5654,component-2d5b95fe919779c4,09941a0af7f422229f41cf0a1b462c80,2
4,5658,component-d283fc7ed27a618f,5863af1f6acc6561c6c41a0a8bc70e14,2
4,5661,component-62b4a761bd43e388,16fc3c82b34bee49709b3b608c9bed3e,1
4,5684,component-4ac48f96076672ba,f148ad9727c230884d90f5ce9656b78f,1
4,5688,component-8dca256af296945f,413248667062c71e2191f161f7a6acce,0
4,5689,component-d8bed4cdd2528879,e6738ad90211266b298dd4023d88d137,0
4,5691,component-264fd4d30b6f069d,4dea40a4bf2d1ca22f362c6be38cea02,0
4,5700,component-0a8e1918dfba7f19,cfe2bd2f16bc82256699fcb6ef11f284,1
4,5704,component-744cb589264c9630,57ad3adf0a8fed0671c15d150ad67a1b,2
4,5705,component-a1defa0ee34a2a89,c77d357b388385fd0150481f1703ace8,1
4,5720,component-a2691968bc4ee478,d612d936fa15630c5e9847b078f870e1,1
4,5725,component-9cd990a7894fcb3a,391b3d1b20d2603658f442faf7209cd9,1
4,5727,component-226912ab42a1c1a4,43e9c0527fd5f76935814c27fb30c82e,0
4,5730,component-521d35aa435e73b5,b4892c3eef632d22ae412f18481f2dd5,0
4,5734,component-96ab6152cb421b4d,a480ef42c713fbf98c77b16f3808fca5,1
4,5752,component-ca476f632e7e3cc9,f1dd0f6c49cd6d81fc6edd74edec41e9,2
4,5754,component-16608390f96063e7,574b8e5093e2421bfd88d9f6849ed5a8,2
4,5766,component-2f5499ef14ae06e8,b391b43a04429e88355e17a31d035e30,2
4,5769,component-a6ea31161f3e76c1,5ae74878889cf967feaefbcd14175431,1
4,5773,component-3cccd7068e486dd5,f4a65d6c4bf6eea6795eefab95860b30,2
4,5774,component-79e52fa433672c06,e262b9f79527e999569cf23809fd3191,2
4,5796,component-f516cec15df8e1a5,e3b3c6bb07aaf362b31b7f9aba40fc35,1
4,5798,component-abfd15f46882bba8,621e25f2702fdfc9633896603a7d6762,1
4,5810,component-04b4b3a7ae750771,15d559c815e27d6e62725340ba894fcc,2
4,5813,component-c4beddcf557f06a5,6050086dfef3dd80ce1923cb92aea523,1
4,583,component-62bfa285013f0880,256662ada5344c7b4f55fef018bd3162,2
4,5830,component-12ce6d8c7cd5e52f,17f6993f922fc8d56eae4c09c456a677,0
4,5841,component-b096558638428e20,6f599cfc8eae98ccea99a4dbc66fcea6,0
4,5848,component-000c15d0ea8224c9,923406087831b56238ce55ccbb5c8621,1
4,5856,component-6ef6a4c45ebe0bc7,0dda78c89c82dc919ead678d0be9f01e,2
4,588,component-a917ca757ac59f9d,57594c2ef2127edc4087108f34b9e866,0
4,589,component-fbe697429f16141b,5380577c89d3a340dc16a1bc965e8e9a,2
4,5914,component-24250bf69bbdf1a9,34e2c4539312b61e3c5520f800f248f7,1
4,5916,component-996d7e2bc68410d1,20a3078bb09a4384e0bbd2d18f25f494,1
4,5920,component-ed46f81f54d1ac6c,0b13e7e863fb098020f26095425c2aea,2
4,5929,component-87a8ea2f9437b153,6061bd1852ba5e2c6cf839d87fdfef22,1
4,5931,component-c069c53811124ed0,4b260767dc441653e40e95ef77019d27,2
4,5936,component-3d1d7ba7ee26cca4,7ad2e2173d83d1b7a08f777663c4725d,1
4,594,component-e2fa8f5b4364b8ef,3297e66fd68292a41092d0e8520d3a45,0
4,5953,component-5e5e556737725010,7a6561846ca6a0563c1211f1110fa932,1
4,5955,component-4d0c876fd1af1b91,67f565d3b79e453822b96131f58b1aff,0
4,5964,component-4e3f79891e92947d,a83edf417bb628db86e4fdba69ba1bb2,0
4,5981,component-fcee7e430b7b0618,582314a144b050561dc547dd42daba27,2
4,5986,component-b6b004752453d0a8,ec215380200661786412b2d771cf952f,2
4,5996,component-68fb74e20a2f3197,b637519ab9e8b101089be3cc36ea50dd,2
4,60,component-39fa9ec190eee7b6,f7fcfeb95b834fcab672a02e7419696a,0
4,61003,component-1e156ca779506278,8c66b1414808f8ca9ec4b8b6defd2400,1
4,6101,component-da1b5fe23d21956f,414301242fa14b2f12c73ff0a81e4b2b,2
4,61018,component-1a631c665823467a,31f653ce4e4f9cde008e9d0ea738ab09,2
4,61021,component-a3d936fd66830572,0f28591ac9c7420ac86d75cc5171b6f4,2
4,61031,component-112d357dfc9cb0b1,e42ba214cd678174790af580d8b5c81f,0
4,61055,component-55065d42c367e7b4,46f32d689b7b7f7177a94e6c6e83e523,2
4,6106,component-5e81d4d4d1bece8d,a35aff3566ebda6accea4a23eb28738e,2
4,61071,component-b1ab66fd3ed34bc9,7e59fbd806c4a9c73fd3691a0c7ef0a4,0
4,61094,component-1a513c3c7e396f08,7d8ae8ff93a4b5bbaf394f882af5e131,1
4,61096,component-5daeac19ba275180,b94ce93c696b59e5d37ea83caf818754,0
4,61098,component-735a5f506fe8695e,bbf65f1a4be433567a88eb19eacbd626,1
4,61099,component-d871458a1c9e1976,c44a7a3a8e9a0373c45a26709d59263e,1
4,6110,component-7263af08814e1178,60a51c06c5dbaf3d60a1e60d57296a65,1
4,61101,component-75421ec9b6c5bf7e,bd61bf1c3f44626bb926b5565a1053e7,2
4,6124,component-4da12d0182c80c95,879e7d7e90b3ee4098d85dcbfd17f1ad,1
4,6135,component-fbd7e6d85ff9f6db,001319e50afc4414ad0a30665c1e7ed1,0
4,6144,component-0ac51e0dae7572ff,f41c0110e44796ffe13bc502a8aa63c9,2
4,6154,component-15bbc4915ea98440,4c9a2ae36698996740daa8a0b8049056,0
4,6156,component-fea2ab9d009eebd1,1028a6bf17807755817458b07d7cba72,0
4,6161,component-9317824a5a58e32b,7946c270d36bf72fca0423c5c8ac7a0d,0
4,6162,component-519b10be54472758,2339af551c2d872e9571d6d44dff1ae7,1
4,617,component-85ea151b8c5b5ab0,ffb58ce2ce3231787c4a13cdfcf21833,2
4,6170,component-b7280f4e20f4971e,0d730320479178bbce0856c337d92596,0
4,6174,component-982cba6c0950686e,efb6a328f9a9ba885c960c102f38ef89,0
4,6178,component-db6479551754db9b,ba0dc03172c25e6d5447ed43324a7021,0
4,6181,component-d7a15df874f004db,d9f288fe764e86acfae008e68a716c3a,2
4,6192,component-ce1f9e5f2424aceb,38bc0220b98aa8b509cea77a3f83fdb4,2
4,6210,component-8e8f006b6cf920b2,0ae8916e8789174608433820de9e0658,1
4,6218,component-eedb339e78fb2457,cfe4f82b3904d43d3ced92ddacdf2a25,1
4,6221,component-ffe8cdb5245e8084,45a31cf20f75c43fda2ca02e13d8ccaa,2
4,6224,component-25472dbf66be1e82,5a6003fe205f42fe57576f14476c3eab,2
4,623,component-fc71f2d6d38dbfc7,c2e4767ce04f2da01785fb4e30486dc3,1
4,6235,component-f91f00516f6b9a94,cc085e1450b076f7d4bc7f794acfaff4,2
4,6249,component-335a0d3403d56481,02191cb179e2c047659852f26854fccc,0
4,6277,component-aa0f7dcb54c74ab0,4502756acab2f4f12ebcb8ddba6fe6b4,0
4,628,component-67c312330b0371a0,0a9b698d92153cf30bf625a7d173e99c,1
4,6281,component-9b723fbd36690298,a37f551b7dd551db9d59e1470e1b2d04,0
4,6283,component-0810d383f0c33cf4,4922ca43e281498aca318f9cc9203b90,1
4,6290,component-416c6556e9aac3ef,2d17ba2b01fa56ed14a9656280a66aa9,1
4,6294,component-4050734752b34be0,a79a40ae33c364e0c26a9bf9aeb5ef26,0
4,6306,component-01eab8520dfa9544,5a414921c30fd06fd92ce906719b9907,1
4,6307,component-cc5ccfce8c22d754,3e52f65d1156650803127ec37852b880,2
4,6308,component-20bc9a3dbbc8e2f1,025c0649ca93efdcbaf314a5725840bd,0
4,6320,component-d1f3eb45593b9a49,fa1de1473d24d0f1a5a3fa8b4d2331d6,0
4,6324,component-d934ef5cf6f98730,74c6856c112bb15614d61b36d40c8027,1
4,6329,component-cbd542e4e0644115,ac45efb21addfed9b6d0a3f710ed72be,1
4,6333,component-bac14ac9731aad85,5991005bcef35566d93e970f70defbf4,2
4,6339,component-64f363361a0acc78,1a23a403ff7c60919c048c1261b9721b,2
4,6364,component-527ebf43ec3e2c83,84dc50ddb9fa089e1bbfa0cac849d97e,1
4,6366,component-4a2d50e1553586ea,572151767d57b81f026dac64da18a412,0
4,6370,component-a36f81f0501a061d,91a623833d8f2a4ccdf50da9baeeb008,1
4,6374,component-759bbc81f28f218b,31186e7126446689680f04eb237c03ea,0
4,6375,component-a08926502ba797de,8d2d09c60f3d9eefc7c36e74c19cfcc0,2
4,6389,component-44fe5cd136d507c0,3300bdc8d2582f66a85da006378e71a4,0
4,6403,component-6377f13d75cae9f3,e62e3fcc8bfd760fd8ee6265dcc82d4b,2
4,6407,component-a3244ad461cefcce,5301eb39ed694f5cebd519ad0143fdff,1
4,641,component-455ae2dfc77dd775,58739bbf0a3a31bb9d081f32ead884c3,1
4,6418,component-277fb860522930c1,515d346898f8fcbdceabab8eb3281d05,2
4,6423,component-95d3a6437b56fbcc,09a34e1f54b940f2a4466d691f4d2596,0
4,6424,component-66dcb4a67145fb49,261202a946f30f0fc56f0b480f1d5d05,1
4,6450,component-343a813f39acb703,127a4ea6509038f4f4b1a81fe88a62e6,2
4,6472,component-a058442fa0f684b0,4809b5b6d8393f9e6400c258e59d51e1,1
4,6502,component-724229f1cb241cfc,9fea6db3829ec09f64c987dfddbd801d,1
4,6519,component-402ad93001ce8b99,c6ce5071967ff49ae07a4b70d287d65d,2
4,6524,component-9807fe182f3dc625,440365343708d30a1794fb5f70ba7ffb,1
4,6535,component-9e41f0b66ee4706a,330eff07059322d61334313e1568915a,0
4,6537,component-09e2a24866a292c6,802f8faf4cce87dc035075e49cb7d0b1,0
4,6565,component-0ae3305415102d36,4215bbdfac740fed2071dbd11d3511eb,0
4,657,component-24be8ee76308afb9,7e9cf76484c9cb9f4d8d3b254bbe7b2a,1
4,6575,component-0cf9e335a07c2901,f6599dbc5ff01ff84356a88d406b5bba,1
4,6579,component-c7ee488de027cdf2,cea10dfefdf560107ff136583674621b,2
4,6590,component-6033790b521dfe27,32f5d8b89e0c39e93a9ed701e3163dc4,1
4,6595,component-c9c0d0bbde6dd877,019791146613cf50e73fff667eda85a0,1
4,6598,component-01f41d718fd7622a,3d67d8a159a2c7725d6150367d84db8b,1
4,6603,component-6b7439e60b94dd17,34c152af8509fbdc07e5a4322565f469,0
4,6609,component-7f629c62b406f68b,1068c62c829432f0e3ca3b42a13c1033,2
4,6613,component-3901949960a83f31,1e9818a4048994e35e0128ae8ac522d3,1
4,6619,component-fdab00ab9bee9fae,6015a1f726df265644488a4b16fc89a7,0
4,6625,component-e09178c40736ccaa,47e633f96a583e6243b779e86f8029c1,0
4,6629,component-1db7a6b2880db3b9,dac64b7877c6418d3f4f43ba6574f467,0
4,6630,component-e5ae436f9a1603d3,a6a3f8dc0b3a78d009289debdb062518,1
4,6649,component-be67fb66b3bea87e,3d7981070ce2b8079ca83e5375297a3c,0
4,6652,component-97fdcbef753427f4,050389e093cc9a3b6295e61276ded4bc,0
4,6696,component-a2e06365327c0511,1431a479600cb7cff94fef842fea47c5,0
4,670,component-172e1676eda470ed,6cc8a4c920f33f781ee68f733a654c5f,0
4,6716,component-2502b2dc9bc65b9b,1440728ee0b21fd5c42931f271b11bcc,0
4,6717,component-089d6b2fbd5ecaf2,e1b70e4a2a8e7bbef9a9f8ec760e7f61,2
4,6720,component-3e8ab67ce1b66389,d41afd1eff3ad1c4f34c9e32dafb34d5,1
4,6728,component-ad90e46468712810,39b6816d784149660c957044e2ef85f3,1
4,6736,component-15aefc83749af078,9ed2894f4bddd155ed12ee9d16f56d32,1
4,6761,component-fbb22a4931787115,a3c630d16b28401b856adbbf01228490,2
4,6768,component-42f8dba2c87626c4,f6d1324a5f369fe3b29dcc42eb5195c9,2
4,6773,component-03713c9bbf6502fc,5e96aed1fa22b375d0fbd7de509298ac,1
4,6779,component-0376a3d5aeb3a471,c7ed8ef66917af06f693955c21240f92,2
4,678,component-cebe3d9d614ba5c1,afb2180c56fb5edd5609e42cb126a8b2,1
4,6789,component-499bc7df9d8873c1,6c85ecfe528b074c82dfe5c5aca29ae0,2
4,6799,component-cb317a98d4027545,af6c6842b65f4c881b9094c4bf8a0e41,2
4,68,component-a21855da08cb102d,ee01bac1b12787cc4cc330995663ff0d,0
4,6801,component-30577c46e2620652,03d7888fed2dc5ef5d1f084c672b2cd8,2
4,6804,component-82246180d04068a0,e69a720752b92aeb6855ac2cfd33192a,2
4,6808,component-f2c8c2a5b93d7e3f,bc8d4d01e411ae6a18b8e3dddc257614,2
4,6810,component-77264818a004f870,7d1650db049e815d1bafc341373dbd65,1
4,6815,component-905daf4b6cccc722,be8820d9148efc2275f245486d71729c,0
4,6829,component-7bb674da8d83afb8,d952df87c1d99a415140db3ea7d18bfc,0
4,6831,component-55635dfb6830783b,084a961b703576a50e36f2850f29cad0,2
4,6835,component-1caca1f2422580ca,951deb15da82d23cc374b6382ec99895,2
4,6836,component-6da57e02084e6145,6b23be67994ed1ae6d0f645f55e1acb8,0
4,6848,component-2dc366499884c061,b9f7cf4a4cb6df2699f4daf461ae5a37,0
4,6852,component-3fcda963bdda4c3e,b1b566983d22b3511356261598fdb44a,0
4,686,component-162753c27c8b3297,be60218eaf6355894a2f0bcbc1528250,1
4,6864,component-3e80bf742e71a2f2,baa6e0aebfb108b83887ea4039713021,0
4,6869,component-053d7b9eef98fc65,267d19f5e9e50b9d92dc22ed3997b93f,0
4,6885,component-3d1a10b227a0d642,0bb43f845c64748b939f5d2f34c46690,0
4,689,component-fc4fb94d36f45aa9,fcb70b41b54f7aa6e618a30891fde569,1
4,6899,component-5eda48e9e42e8308,9a0126bc7cda3a0c3697fbdb522e38e8,0
4,690,component-f6103ca1e01bd200,91443febf09e634c70296aedf754f93c,1
4,6906,component-3dab31dab247d9ae,7a7d87d76d2cec9fe5372d83d158bd3a,0
4,6907,component-f4c93868660b399e,4ed403ccd069a7cca5fb13541036f896,2
4,6916,component-07e3e42e2e438468,01ca0e6b8ec4b6ac4e3e75b3527ed945,2
4,6920,component-28c83f4635d193b3,0743877ee40f4b9ec5bf92195381ed2b,0
4,6928,component-f0713c25aafce007,00c9af4e83d550744163f3ccafec182a,0
4,6933,component-22c670b196b60cc7,249381d40f57de9b59374015e96bc9b6,0
4,6938,component-62022fde6ff91597,f7dff1a8f636366c76cddabbe1fd5021,1
4,6953,component-443935a0199700ef,0037e33c90e66d45636edc6fdecc8d83,0
4,6954,component-da6a103cafcf90f7,6763930a378155c7dd52f6d39b1700c9,0
4,6957,component-310acd4ad5174912,823918414dfd0b4e63c8d35d33a35187,1
4,6968,component-663f73f8af157c15,baeabbf8a61fa6fd6ea2b8bf3fc74c72,1
4,6981,component-5ba38c9dc42999c4,f7ca72b2f3d9a3277cbcab517cdb7e06,2
4,6987,component-413285aad9a95e1a,93388072cb20e201c4f1bdebd724e134,1
4,6992,component-a9ca10b9f6d8a742,b15015598dcf7c7e1bc8a85946beffca,0
4,6997,component-40f7da9e28560522,f36c4c9508f9ae22f2f9b3033fdc60cc,2
4,71,component-7f2253d7e228b22a,981b6f65021cf763c4127f1b4b0866f5,2
4,7100,component-e36deec09aa73922,0c97b67a603ce9215a7de851072b0745,2
4,711,component-2499d690642faa4d,6afdf6852ed91a22cca496c28bd01ea8,2
4,7113,component-e02be5962e51741e,6b01709a93a0b4923b66edced579cca5,2
4,7118,component-eace48a195da1586,db5f8888fefccf99ca331c81200a224d,0
4,7125,component-5a21a541e4ca70c5,ce40a9b3457639cc44130044670ace29,0
4,7128,component-2e2195595695ad1b,189129d640e627171201045cb3a5fd5b,2
4,713,component-40f8d6d22b99ea33,3f4858508beaff4eca0d8b8a8111b0c1,0
4,7134,component-1cf48271e12d3b2d,6e238108bbf1fdea87e90fdedadfe697,0
4,7143,component-62d1c8c930d1593c,3222a9dba4d08a27563c955022aecc5f,0
4,7146,component-3b66ce5fb84c09be,3bde2e5473c55aac3513e7cdde442058,1
4,7157,component-4cad08c00f2b8586,a663e77fbd8571eba57e1f28950ffc89,2
4,7160,component-b65c621c6c0b4755,91f299ae61bb6dd99b4abe4d1ebc1c8d,1
4,7161,component-a30a53f725617a62,7d0c63aea4111055e9db2ca4cdaa11ec,1
4,7164,component-31d77204192be71d,b26ce8b57b7a06edab8e0ee65177d1ca,1
4,7175,component-aaf696dfb23bda5f,5e156cc1a36cab5c71a9971b42d45c6f,1
4,7179,component-e474339b073f48a0,dbe29a9af5d7ca8304d8d11101d5393c,1
4,7180,component-de0472d2dd790e06,4ab68e84fd25c897228910a47d6bf35e,2
4,7187,component-6493b0d4884a8d45,c0dac2e8062e9ab35a21862e88cef130,1
4,7192,component-0bf74c7a20edc358,54ee5b41e9d49ee7d5fcccba2b991657,1
4,7193,component-3fe9eb6564da9fb4,50ca4d48c8ce8f4f2f2381aaf31b00c3,2
4,7198,component-0068ddd8e47ab646,2e502068883db0ba0da4bc3391d424ee,2
4,720,component-d829857eb1366e70,6de9ceb4404531323a4f408d1d0a775b,0
4,7200,component-3c5d8ca315f8c36d,d03c1b634958b432d30976ea42e5ba46,1
4,726,component-9dcbe7e30f0bd608,a9fdb79945ed7c654fee9c0d33cdacc8,1
4,74,component-eb624dbe56eb6620,78439edbe407f8312b14e372065de66c,2
4,740,component-234666d765f4c0a2,70946d0c0877898101024abae8b93a85,2
4,743,component-0df5486b7bca884d,30b486a78abed1ba462568819fa51202,0
4,744,component-a15faf6f6c7e4c11,3f0df18637d41657c051007fb58ded25,2
4,745,component-42c6024940120036,d30290f62cd4e7fbf24d51be6848f92b,0
4,751,component-d3b913cdf3e8a797,1f52006a564815250203ee9a1c709670,0
4,762,component-9b6c13f0d182b253,01501eec54f6f0f9286f079c7b23b589,2
4,764,component-aaee0ce51abf0849,fda6ca4b816e64a5449378118ce36a59,2
4,781,component-28955b1fb53203e2,12d42f727bc3ae2020335c9cea2890f6,1
4,783,component-5620e84be3e51418,a0e9c7c256f139f192101dac20dbce8f,0
4,784,component-ff108b68b0e9bc1e,6adb16ac50459f21f6e6c1ff0c11d6a4,1
4,786,component-87c7965a1cc6c11a,c0a04e6c9b4213291797365785fc23eb,1
4,787,component-fc091d39524c9d4b,15969c5b5703200c0b795d90c0c10798,0
4,797,component-f7abf2a084c3668c,b56186090e9efc6ae70059bd40ea41f4,1
4,81,component-5316ca1c5ddca8e6,d489bc879f6b845ceee7a6754cc89b4b,2
4,815,component-96da2f8885ba92c9,9cbde785a2db62d8e7952ee8b442470d,0
4,822,component-f391e014b2ee3a42,84e2f6a26a59966ad3f60bab3f3aeb11,0
4,84,component-44c8031cb036a735,99812541ba69283a4cbdd3de8beef141,2
4,86,component-434c9b5ae514646b,47ded9f3cca503dfcab257e55a58ad68,1
4,89,component-cd70bea023f752a0,e7693678bb150760f47273a438b37c38,2
4,912,component-9284d61c8c2ba62b,d3b0dae6a014108cccb1807163ba7d6c,1
4,915,component-b9dafef03fc90f65,9038aebf03eef8a2ef2fe00fd688bed7,1
4,916,component-953815689985e39a,6400e301c29e3158a43975430d9d0138,2
4,922,component-b312d5fbcfab403a,d3b5e6cede9960b1e75bf85c1feaa844,2
4,93,component-6e4001871c0cf27c,9f24629b03b67fcfde96922ed826c636,2
4,96,component-7b1a278f5abe8e9d,409fc7a72d5d8f3eb2df0bcb7fcd5da4,1
4,99,component-8c1f1046219ddd21,c0d0589e8879fc136b912b0597e327b1,1
