item_id,group_id,conversation_id,test_fold
0:0:0,component-e8ca2bd51293d64a,0,4
10000:0:0,component-1bed27647408a8f4,10000,2
10001:0:0,component-92a3272f993ad84e,10001,0
10002:0:0,component-8f8686dd158d98a0,10002,2
10003:0:0,component-e648f1d36cfe7e11,10003,4
10004:0:0,component-73f5110a8afd0836,10004,1
10005:0:0,component-9b28197587744104,10005,2
10006:0:0,component-7384d664050680c2,10006,4
10006:2:0,component-7384d664050680c2,10006,4
10006:4:0,component-7384d664050680c2,10006,4
10007:0:0,component-f5d8b8685c6b008f,10007,3
10008:0:0,component-1243d0a173368180,10008,3
10008:2:0,component-1243d0a173368180,10008,3
10009:0:0,component-fe837adcdb975c64,10009,2
10009:2:0,component-fe837adcdb975c64,10009,2
1000:0:0,component-cfc467d03a923d9b,1000,2
10010:0:0,component-9ce425ea412fff17,10010,0
10011:0:0,component-792a54306785d710,10011,3
10012:0:0,component-ff5de0043d068e77,10012,1
10013:0:0,component-4cf560a720dd5012,10013,1
10014:0:0,component-eda1e897c454d953,10014,4
10015:0:0,component-c18e3c5462d651ee,10015,0
10016:0:0,component-d57b073d9c352122,10016,2
10017:0:0,component-b37c8eadd20d45ef,10017,0
10018:0:0,component-469588732025bd43,10018,2
10018:2:0,component-469588732025bd43,10018,2
10019:0:0,component-c2248c92d04ec3c8,10019,2
1001:0:0,component-b0b3d8d9f132e6df,1001,1
10020:0:0,component-dc2feb2871da87a1,10020,1
10020:10:0,component-dc2feb2871da87a1,10020,1
10020:2:0,component-dc2feb2871da87a1,10020,1
10020:4:0,component-dc2feb2871da87a1,10020,1
10020:6:0,component-dc2feb2871da87a1,10020,1
10020:8:0,component-dc2feb2871da87a1,10020,1
10021:0:0,component-b725555fde4a31c7,10021,4
10021:2:0,component-b725555fde4a31c7,10021,4
10021:4:0,component-b725555fde4a31c7,10021,4
10022:0:0,component-d810bf14c5686a93,10022,0
10022:0:1,component-d810bf14c5686a93,10022,0
10023:0:0,component-033e6fecf8e5a51a,10023,4
10024:0:0,component-b7370926b5d6e5d1,10024,1
10025:0:0,component-b4688c1c34153e84,10025,0
10026:0:0,component-033d768538400cb1,10026,3
10027:0:0,component-9225bd044cb39a2c,10027,1
10028:0:0,component-8f4c74a2b9fd4482,10028,1
10029:0:0,component-bd70a1389b581892,10029,1
10029:2:0,component-bd70a1389b581892,10029,1
1002:0:0,component-1450d260edf6f20a,1002,4
1002:2:0,component-1450d260edf6f20a,1002,4
10030:0:0,component-3dc9be0bf7187d81,10030,3
10030:2:0,component-3dc9be0bf7187d81,10030,3
10031:0:0,component-331ee457c4ed7a77,10031,4
10031:2:0,component-331ee457c4ed7a77,10031,4
10032:0:0,component-7a2ac6d81ec30ae5,10032,4
10033:0:0,component-7e8481a95d908c19,10033,4
10034:0:0,component-d3368f4a1465d701,10034,3
10035:0:0,component-36d29a647460a9a0,10035,2
10036:0:0,component-a4bf734f9e6591cb,10036,2
10037:0:0,component-b02a2d7cb8543328,10037,1
10038:0:0,component-53e96c995a0b3ea9,10038,4
10039:0:0,component-a058653dd32fae91,10039,2
1003:0:0,component-a2209a9e854d4b29,1003,2
10040:0:0,component-59d92318349af026,10040,4
10040:2:0,component-59d92318349af026,10040,4
10041:0:0,component-6125068002084467,10041,3
10042:0:0,component-dbb8c77516b053e2,10042,2
10043:0:0,component-cb01b11bc1aabc53,10043,2
10044:0:0,component-907516e69cbbc42d,10044,0
10044:2:0,component-907516e69cbbc42d,10044,0
10045:0:0,component-0ae52720f17d7e19,10045,2
10046:0:0,component-8f4b55ecb558f505,10046,4
10047:0:0,component-cec877cd9463a954,10047,2
10048:1:0,component-3fec1cab99890ae3,10048,1
10049:0:0,component-0cc17b6f5523b47a,10049,4
10049:0:1,component-0cc17b6f5523b47a,10049,4
1004:0:0,component-52b929ad483e45fd,1004,2
10050:0:0,component-62030e35be06d1fa,10050,2
10051:0:0,component-1dc6f1a8294391f2,10051,0
10052:0:0,component-75f7d3485ee772e5,10052,0
10053:0:0,component-3b0e1df952689fe8,10053,4
10054:0:0,component-35de1f30061ee557,10054,1
10054:2:0,component-35de1f30061ee557,10054,1
10054:4:0,component-35de1f30061ee557,10054,1
10055:0:0,component-dadf2b447deacb6c,10055,0
10056:0:0,component-5c99ae26d5ba1472,10056,3
10056:2:0,component-5c99ae26d5ba1472,10056,3
10057:0:0,component-81a72159e39b328d,10057,3
10058:0:0,component-74853be1e976daaa,10058,1
10059:0:0,component-804b5dda85d504ec,10059,2
1005:1:0,component-b4b2ff33c1adebf0,1005,4
10060:0:0,component-b83b8f50a5d3c9af,10060,2
10061:0:0,component-c0e4ace835a971db,10061,0
10062:0:0,component-c3deb61a3582aa4d,10062,1
10063:0:0,component-f9ade91e57e06cba,10063,0
10064:0:0,component-135ef5e17f79002d,10064,3
10065:0:0,component-ccb9535da3e8ae99,10065,4
10066:0:0,component-aba99b8d4b123b00,10066,0
10067:0:0,component-f8abc2aabc25e6cd,10067,1
10068:0:0,component-7e3109ee9d05ea8f,10068,0
10069:0:0,component-b098a67b482576dc,10069,2
1006:0:0,component-246a73695886c81e,1006,3
10070:0:0,component-8a2745e809bec9c2,10070,4
10070:10:0,component-8a2745e809bec9c2,10070,4
10070:12:0,component-8a2745e809bec9c2,10070,4
10070:14:0,component-8a2745e809bec9c2,10070,4
10070:16:0,component-8a2745e809bec9c2,10070,4
10070:16:1,component-8a2745e809bec9c2,10070,4
10070:18:0,component-8a2745e809bec9c2,10070,4
10070:20:0,component-8a2745e809bec9c2,10070,4
10070:22:0,component-8a2745e809bec9c2,10070,4
10070:22:1,component-8a2745e809bec9c2,10070,4
10070:24:0,component-8a2745e809bec9c2,10070,4
10070:26:0,component-8a2745e809bec9c2,10070,4
10070:26:1,component-8a2745e809bec9c2,10070,4
10070:28:0,component-8a2745e809bec9c2,10070,4
10070:2:0,component-8a2745e809bec9c2,10070,4
10070:30:0,component-8a2745e809bec9c2,10070,4
10070:32:0,component-8a2745e809bec9c2,10070,4
10070:32:1,component-8a2745e809bec9c2,10070,4
10070:34:0,component-8a2745e809bec9c2,10070,4
10070:4:0,component-8a2745e809bec9c2,10070,4
10070:4:1,component-8a2745e809bec9c2,10070,4
10070:6:0,component-8a2745e809bec9c2,10070,4
10070:8:0,component-8a2745e809bec9c2,10070,4
10071:0:0,component-8ddb757033280978,10071,3
10072:0:0,component-8a072f6f6e5f12b4,10072,4
10073:0:0,component-42da11886a3bce93,10073,3
10074:1:0,component-c1dde8a7e8b08f92,10074,3
10074:3:0,component-c1dde8a7e8b08f92,10074,3
10074:5:0,component-c1dde8a7e8b08f92,10074,3
10075:0:0,component-0ce155c1fb14899e,10075,1
10076:0:0,component-b13af44d2747dc2d,10076,3
10077:0:0,component-4a91a08f8153b617,10077,4
10078:0:0,component-1bd3b8825a1218e6,10078,4
10079:0:0,component-3a3e246b023a2603,10079,3
1007:0:0,component-dc8c005466791ff2,1007,2
10080:0:0,component-5ab4f5edb328f54f,10080,0
10081:0:0,component-f361b364a6e12510,10081,3
10082:0:0,component-84b566ed16592dde,10082,2
10083:0:0,component-9d7159ee4afa0a75,10083,2
10084:0:0,component-a3360381904cf846,10084,1
10085:0:0,component-3af836e235383c0c,10085,4
10086:1:0,component-7ff62b81ee5cd957,10086,2
10086:3:0,component-7ff62b81ee5cd957,10086,2
10086:5:0,component-7ff62b81ee5cd957,10086,2
10087:0:0,component-a547aae3099c9628,10087,2
10087:2:0,component-a547aae3099c9628,10087,2
10088:0:0,component-d3026ef02435632f,10088,4
10088:2:0,component-d3026ef02435632f,10088,4
10089:0:0,component-e9719232c5a860f7,10089,0
1008:0:0,component-35a889a3bfdfbe30,1008,3
1008:2:0,component-35a889a3bfdfbe30,1008,3
10090:0:0,component-7f24664cf562f7ce,10090,0
10091:0:0,component-74d97bc1e4fe75b0,10091,2
10091:2:0,component-74d97bc1e4fe75b0,10091,2
10092:0:0,component-370d93f4f1b8c227,10092,0
10093:0:0,component-56de0e14adc37552,10093,2
10093:2:0,component-56de0e14adc37552,10093,2
10094:0:0,component-12f0b1349ff99846,10094,2
10095:0:0,component-2b7b3926ae8219f7,10095,1
10096:0:0,component-ada43c2fcb814d77,10096,3
10096:2:0,component-ada43c2fcb814d77,10096,3
10096:4:0,component-ada43c2fcb814d77,10096,3
10096:6:0,component-ada43c2fcb814d77,10096,3
10097:0:0,component-45f7eba284913582,10097,1
10098:0:0,component-541aefdd65a5f960,10098,0
10098:2:0,component-541aefdd65a5f960,10098,0
10098:2:1,component-541aefdd65a5f960,10098,0
10099:0:0,component-5bb42f9fac3f114b,10099,0
1009:1:0,component-3aa68c9274de125d,1009,2
100:0:0,component-19a9b966dc484743,100,4
10100:0:0,component-c3ff3b9ce052b818,10100,3
10101:0:0,component-0ac4fc9b8026873d,10101,2
10101:2:0,component-0ac4fc9b8026873d,10101,2
10102:0:0,component-2eedba965c12809f,10102,1
10103:0:0,component-81e9e640569367ff,10103,3
10104:0:0,component-603e808481f92ba3,10104,0
10105:0:0,component-0e314628c964ba25,10105,0
10106:0:0,component-42ef561d221e42a6,10106,3
10107:0:0,component-dc94c74639284552,10107,0
10108:0:0,component-77f70a8ee3f9363e,10108,0
10108:2:0,component-77f70a8ee3f9363e,10108,0
10109:0:0,component-d72f096e541e65ce,10109,4
1010:0:0,component-0062d72f98cfd505,1010,2
10110:0:0,component-7f564d227214ac71,10110,0
10110:2:0,component-7f564d227214ac71,10110,0
10110:4:0,component-7f564d227214ac71,10110,0
10110:6:0,component-7f564d227214ac71,10110,0
10110:8:0,component-7f564d227214ac71,10110,0
10111:0:0,component-c1863eba9720c536,10111,0
10112:0:0,component-a64529cc024db5c8,10112,2
10112:2:0,component-a64529cc024db5c8,10112,2
10113:0:0,component-ac581ee03d914b59,10113,1
10114:0:0,component-a3f3bf7cc6169a7d,10114,4
10115:0:0,component-d0048f497e28b03c,10115,2
10116:0:0,component-82f4b386402cf3de,10116,4
10117:0:0,component-5409154b22ca08d0,10117,0
10118:0:0,component-e8d6943001674dc8,10118,3
10118:2:0,component-e8d6943001674dc8,10118,3
10118:4:0,component-e8d6943001674dc8,10118,3
10118:6:0,component-e8d6943001674dc8,10118,3
10119:1:0,component-f14ce52b5ea8e705,10119,0
1011:0:0,component-af7484935dbbe7c2,1011,3
10120:0:0,component-c1917fc19bdf6c60,10120,4
10120:2:0,component-c1917fc19bdf6c60,10120,4
10120:4:0,component-c1917fc19bdf6c60,10120,4
10120:6:0,component-c1917fc19bdf6c60,10120,4
10121:0:0,component-a13a569fb8a88cb0,10121,4
10122:0:0,component-9eeb8b65e054af26,10122,4
10122:2:0,component-9eeb8b65e054af26,10122,4
10122:2:1,component-9eeb8b65e054af26,10122,4
10122:2:2,component-9eeb8b65e054af26,10122,4
10123:0:0,component-6d281c38a7a4cfb1,10123,4
10123:2:0,component-6d281c38a7a4cfb1,10123,4
10124:0:0,component-5d356e1126e5a334,10124,3
10125:0:0,component-60919557ad579dc3,10125,0
10126:0:0,component-1d486b5f485544e1,10126,1
10127:0:0,component-70e47c283250da91,10127,4
10128:0:0,component-e6104fcb64f5c9ed,10128,1
10129:0:0,component-27cef6824d6c5b0c,10129,2
1012:0:0,component-f4142bbdb96468fd,1012,2
1012:2:0,component-f4142bbdb96468fd,1012,2
10130:0:0,component-452c0d908bccc86d,10130,3
10130:2:0,component-452c0d908bccc86d,10130,3
10131:0:0,component-63717f70a2ec531f,10131,4
10131:2:0,component-63717f70a2ec531f,10131,4
10132:0:0,component-cdefcf050e0d64c7,10132,4
10132:2:0,component-cdefcf050e0d64c7,10132,4
10133:0:0,component-977cc1cf4da50c13,10133,2
10134:0:0,component-f93142115a177424,10134,4
10135:0:0,component-df0a6d97020e435a,10135,0
10135:2:0,component-df0a6d97020e435a,10135,0
10136:0:0,component-a828868cec9b1154,10136,4
10137:0:0,component-56235f37fab78bb7,10137,0
10138:0:0,component-37e67b7a293af06d,10138,3
10139:0:0,component-cf36077a8de3e679,10139,3
1013:0:0,component-03b90549a61c2eee,1013,3
10140:0:0,component-875b626dde64351d,10140,1
10141:0:0,component-1ebd0f4d892359df,10141,4
10142:0:0,component-2d30cb13f80d21b8,10142,1
10143:1:0,component-0e0067b5657efedd,10143,2
10144:0:0,component-19320bc502281707,10144,2
10144:2:0,component-19320bc502281707,10144,2
10144:4:0,component-19320bc502281707,10144,2
10145:0:0,component-9d1935b08a106133,10145,4
10145:2:0,component-9d1935b08a106133,10145,4
10145:4:0,component-9d1935b08a106133,10145,4
10146:0:0,component-17cb25ac615294a2,10146,3
10147:0:0,component-c0f797570954d5db,10147,4
10148:0:0,component-5650a3b1cc1fe8b1,10148,3
10149:0:0,component-1eb536cc48b69c88,10149,3
1014:0:0,component-7854bc9c6b8b4f42,1014,3
1015:0:0,component-9916f5807d8c40d8,1015,2
1016:0:0,component-aafd043dad44bf0e,1016,4
1017:0:0,component-fcd0c1753f4c707c,1017,2
1018:0:0,component-2ddf441a152fea35,1018,2
1019:0:0,component-df9be966f81a37b6,1019,1
101:0:0,component-00383ede2a893154,101,3
101:2:0,component-00383ede2a893154,101,3
101:4:0,component-00383ede2a893154,101,3
1020:0:0,component-ae3c0874912633dc,1020,0
1021:0:0,component-31acfb3db5c24afb,1021,3
1022:0:0,component-554c0e5c64cede62,1022,0
1023:0:0,component-be224e8ffb4dc1bb,1023,0
1024:0:0,component-b2ac91db9fef0e6d,1024,1
1024:0:1,component-b2ac91db9fef0e6d,1024,1
1025:0:0,component-fce751a9c1befc03,1025,4
1026:0:0,component-5e1ea594471924c9,1026,2
1027:0:0,component-2b6a41e82445896d,1027,2
1028:0:0,component-4d03c417584a24ce,1028,2
1029:0:0,component-d05e23239e024a41,1029,2
102:0:0,component-76d30cbb3b1a910d,102,3
1030:0:0,component-d7e19ee043b97e4a,1030,3
1030:2:0,component-d7e19ee043b97e4a,1030,3
1031:0:0,component-c62f3a04a22c7e10,1031,2
1032:0:0,component-a347b2a953bb115c,1032,2
1032:2:0,component-a347b2a953bb115c,1032,2
1033:1:0,component-5d8fd91f0b1621f5,1033,4
1033:3:0,component-5d8fd91f0b1621f5,1033,4
1033:5:0,component-5d8fd91f0b1621f5,1033,4
1034:0:0,component-90c045ee14adc627,1034,0
1035:0:0,component-c88499115c0de8a7,1035,0
1036:0:0,component-af94c3439739a4ef,1036,4
1037:0:0,component-130ed929145f2ad1,1037,2
1038:0:0,component-84d1ac41dde60a52,1038,1
1038:2:0,component-84d1ac41dde60a52,1038,1
1039:0:0,component-b606a5e171e4d987,1039,0
103:0:0,component-338582975f96fa1c,103,3
1040:0:0,component-4d69105ca8fc1a2e,1040,4
1040:2:0,component-4d69105ca8fc1a2e,1040,4
1042:0:0,component-99bfddcfa4945abf,1042,0
1043:0:0,component-8732c7028b4bceee,1043,2
1044:0:0,component-488735616a23339b,1044,4
1045:0:0,component-3d31414008903594,1045,0
1045:2:0,component-3d31414008903594,1045,0
1045:4:0,component-3d31414008903594,1045,0
1046:0:0,component-1d50bdfa84924672,1046,2
1047:0:0,component-f7339371662d06a2,1047,3
1048:0:0,component-48d20aec84997a62,1048,0
1048:2:0,component-48d20aec84997a62,1048,0
1049:0:0,component-6e6e13ef33183369,1049,2
1049:2:0,component-6e6e13ef33183369,1049,2
104:0:0,component-d1ff13d51a5204e8,104,2
104:2:0,component-d1ff13d51a5204e8,104,2
10500:0:0,component-e5aec73f89fd720f,10500,1
10500:2:0,component-e5aec73f89fd720f,10500,1
10501:0:0,component-4c858a83a3f5d2ca,10501,4
10502:0:0,component-63b817f8bdf6d7e3,10502,4
10502:2:0,component-63b817f8bdf6d7e3,10502,4
10502:4:0,component-63b817f8bdf6d7e3,10502,4
10502:6:0,component-63b817f8bdf6d7e3,10502,4
10503:0:0,component-86abcccfe83a64d7,10503,0
10504:0:0,component-dd32ed44c8bbed9e,10504,4
10505:0:0,component-2cc5e088952585b0,10505,0
10506:0:0,component-b55061e40e9ff0e4,10506,4
10506:0:1,component-b55061e40e9ff0e4,10506,4
10507:0:0,component-d71c0e637e3fbac8,10507,0
10507:0:1,component-d71c0e637e3fbac8,10507,0
10507:0:2,component-d71c0e637e3fbac8,10507,0
10508:0:0,component-a7e0aa346c67179b,10508,1
10508:2:0,component-a7e0aa346c67179b,10508,1
10509:0:0,component-59208c1b1985ec01,10509,3
1050:0:0,component-bfc74041472873a3,1050,2
1050:2:0,component-bfc74041472873a3,1050,2
10510:0:0,component-8959239d874b2a11,10510,3
10511:0:0,component-ae6c2ba52d985a49,10511,2
10512:0:0,component-d5ed9e7dd5b40dd3,10512,3
10513:0:0,component-228226a57504f7f3,10513,3
10514:0:0,component-12311d1af37993f6,10514,4
10515:0:0,component-9cdc7b68d1ff0f88,10515,1
10516:0:0,component-f36b98599e749d0a,10516,2
10517:0:0,component-c66e9aa9a7d97003,10517,3
10518:0:0,component-d4ddc2c09e4718f4,10518,0
10518:2:0,component-d4ddc2c09e4718f4,10518,0
10519:0:0,component-61b41a1f5b3ddcfc,10519,1
1051:0:0,component-2545516667d53732,1051,3
10520:0:0,component-5615f87fd35cd7e0,10520,0
10521:0:0,component-0f4a54d0b2f8dd0f,10521,2
10521:2:0,component-0f4a54d0b2f8dd0f,10521,2
10522:1:0,component-38eee9f0b4747357,10522,3
10523:0:0,component-651752d26cc1b7d2,10523,0
10524:0:0,component-b9b05b4e944239d6,10524,0
10525:0:0,component-4be0bffda5575ba9,10525,0
10526:0:0,component-f66bfc442b5820f4,10526,0
10527:0:0,component-ca8517bff9d09b8b,10527,4
10527:2:0,component-ca8517bff9d09b8b,10527,4
10528:1:0,component-a1311eca39e402aa,10528,0
10529:0:0,component-5862619cd895aca9,10529,0
1052:0:0,component-0dc975706f0b9300,1052,1
10530:0:0,component-c9f0bd2fdcfa27ba,10530,3
10530:2:0,component-c9f0bd2fdcfa27ba,10530,3
10530:4:0,component-c9f0bd2fdcfa27ba,10530,3
10531:0:0,component-92ced376a52074fd,10531,0
10531:2:0,component-92ced376a52074fd,10531,0
10531:4:0,component-92ced376a52074fd,10531,0
10532:0:0,component-9dccc1f3a73fc569,10532,3
10533:0:0,component-646840d225da67ca,10533,0
10533:2:0,component-646840d225da67ca,10533,0
10534:0:0,component-1800ed277f691c6d,10534,3
10535:0:0,component-41fb8058c38326f5,10535,0
10535:0:1,component-41fb8058c38326f5,10535,0
10536:0:0,component-150bad86ed89de15,10536,0
10537:0:0,component-df71002acb84a0cf,10537,0
10538:0:0,component-26ac4827b25ce260,10538,3
10539:0:0,component-0760ad99de0cd239,10539,1
1053:0:0,component-6c23eb0cec984f51,1053,0
10540:0:0,component-ee075b73e3b05b61,10540,4
10541:1:0,component-36dd45ddef6fc52d,10541,2
10542:0:0,component-77eba239a829269f,10542,0
10543:0:0,component-e05a50ac896b661a,10543,3
10544:0:0,component-6fe97fdd97a5a76d,10544,1
10544:2:0,component-6fe97fdd97a5a76d,10544,1
10545:0:0,component-d0765f11d7d82815,10545,1
10546:0:0,component-48b10d93d0b220ee,10546,0
10547:0:0,component-99e1b82ff7a80222,10547,3
10547:2:0,component-99e1b82ff7a80222,10547,3
10547:4:0,component-99e1b82ff7a80222,10547,3
10548:0:0,component-b10561ce239eb831,10548,2
10548:2:0,component-b10561ce239eb831,10548,2
10549:0:0,component-0317a9ec604c77f3,10549,0
1054:0:0,component-208d7b6348f3a56b,1054,1
10550:0:0,component-648199f627f3ac6c,10550,3
10551:0:0,component-b6320bc4567dc504,10551,3
10551:2:0,component-b6320bc4567dc504,10551,3
10552:0:0,component-7050c0cc2f77bda4,10552,0
10553:0:0,component-2f5e2dbfd9b92dc9,10553,4
10554:0:0,component-5b1f7021b0dd6f4f,10554,1
10555:0:0,component-f2d42e7e27b343aa,10555,0
10556:0:0,component-1b77b9e6c1672cf3,10556,0
10557:0:0,component-ed1347c3670988f5,10557,0
10558:0:0,component-a18e75b10c4931d7,10558,0
10558:2:0,component-a18e75b10c4931d7,10558,0
10558:4:0,component-a18e75b10c4931d7,10558,0
10559:0:0,component-7cd7722d813666a5,10559,0
10559:2:0,component-7cd7722d813666a5,10559,0
10559:4:0,component-7cd7722d813666a5,10559,0
1055:0:0,component-79ffc42b409f5d1e,1055,1
10560:0:0,component-36cc23f7cb48fdb7,10560,1
10561:0:0,component-b5698e4815a02a22,10561,0
10562:0:0,component-f19d6072623339d8,10562,0
10562:2:0,component-f19d6072623339d8,10562,0
10563:0:0,component-4eac06785144b9c2,10563,0
10563:2:0,component-4eac06785144b9c2,10563,0
10564:0:0,component-cfecbd415e83e72c,10564,3
10565:0:0,component-06bde09c22343743,10565,0
10566:1:0,component-71fe7ff2de8e457e,10566,4
10567:0:0,component-4c05c9cd707a7c1d,10567,0
10568:0:0,component-aa4cd9a9754b0f6e,10568,2
10568:2:0,component-aa4cd9a9754b0f6e,10568,2
10569:0:0,component-0df964284864874c,10569,1
1056:0:0,component-c1a8323f2e5040fa,1056,3
10570:0:0,component-7b8843029579cacb,10570,0
10570:2:0,component-7b8843029579cacb,10570,0
10571:0:0,component-b83697c1d21dd4b7,10571,4
10572:0:0,component-3475d5aa54697c62,10572,4
10573:0:0,component-91b62b855ecbc269,10573,2
10574:0:0,component-aad679354b88aaa2,10574,1
10575:0:0,component-5022484e48ab323b,10575,3
10575:2:0,component-5022484e48ab323b,10575,3
10576:0:0,component-5c326d28d756b337,10576,3
10577:0:0,component-336d3b5ab44f7731,10577,0
10578:0:0,component-3e20f89ea9c8e888,10578,3
10578:2:0,component-3e20f89ea9c8e888,10578,3
10578:4:0,component-3e20f89ea9c8e888,10578,3
10579:0:0,component-a369fb29174d408b,10579,3
1057:0:0,component-d23c79bf04c8c97e,1057,1
10580:0:0,component-d2e45694dbbfd310,10580,1
10581:0:0,component-83c21f2ce5613988,10581,0
10582:0:0,component-e370ef962c439964,10582,1
10583:0:0,component-cf95b64d1ef38ead,10583,0
10583:0:1,component-cf95b64d1ef38ead,10583,0
10583:2:0,component-cf95b64d1ef38ead,10583,0
10585:0:0,component-cab3ffafd0b331df,10585,1
10585:2:0,component-cab3ffafd0b331df,10585,1
10586:0:0,component-64f6b182409a4ad9,10586,4
10587:0:0,component-be63513484f71873,10587,1
10587:2:0,component-be63513484f71873,10587,1
10588:0:0,component-20ae6003527c5943,10588,2
10589:0:0,component-8a30c8968f87c13f,10589,4
1058:0:0,component-dcca1e38d9cf44b5,1058,3
10590:0:0,component-d85b5112dea8a865,10590,3
10591:0:0,component-e9f96aa57874fd87,10591,3
10592:0:0,component-2762edf0893b251c,10592,1
10593:0:0,component-d61d0e172a511633,10593,0
10594:0:0,component-b18d766caa37e641,10594,0
10595:0:0,component-165e4c70da559054,10595,0
10596:0:0,component-96c0b6de9c0374f3,10596,0
10596:0:1,component-96c0b6de9c0374f3,10596,0
10597:1:0,component-0f9875f8d95c5fac,10597,0
10598:0:0,component-ea8f1d012a2ba173,10598,2
10599:0:0,component-9d430938041f1a85,10599,4
1059:0:0,component-6ce6dd67461c2c92,1059,0
105:0:0,component-2e7210b33dbef990,105,0
10600:0:0,component-5f47f0cee568e6a3,10600,4
10600:2:0,component-5f47f0cee568e6a3,10600,4
10600:4:0,component-5f47f0cee568e6a3,10600,4
10601:0:0,component-90c09bf2bea93e33,10601,1
10602:0:0,component-7c488179cea3d399,10602,4
10603:0:0,component-db087676557d07bb,10603,1
10603:2:0,component-db087676557d07bb,10603,1
10604:0:0,component-3f7b1051536b4d7e,10604,3
10605:0:0,component-20ee89481c20e507,10605,4
10606:0:0,component-02ca2abdb4d0673c,10606,0
10607:0:0,component-4947576e8bd82e54,10607,3
10608:0:0,component-492b2a0114bfab3b,10608,4
10609:0:0,component-963e99554944f50f,10609,2
1060:0:0,component-ddd9ffd38ef32c0d,1060,3
1060:2:0,component-ddd9ffd38ef32c0d,1060,3
1060:4:0,component-ddd9ffd38ef32c0d,1060,3
1060:6:0,component-ddd9ffd38ef32c0d,1060,3
10610:0:0,component-090fe7ed4842b818,10610,0
10611:0:0,component-84902719564acfd7,10611,3
10612:0:0,component-2fee0182195a62cb,10612,1
10612:2:0,component-2fee0182195a62cb,10612,1
10612:4:0,component-2fee0182195a62cb,10612,1
10613:0:0,component-dadd6a8ed7700051,10613,2
10614:0:0,component-52a748b2aa9063e0,10614,0
10615:0:0,component-5b94ac5941be98aa,10615,0
10616:0:0,component-c997292224db163d,10616,0
10618:0:0,component-51f09309ea32c7e5,10618,3
10619:0:0,component-9dccc93ab6b2370a,10619,0
1061:0:0,component-beb4a3db23b79bc1,1061,2
10620:0:0,component-3abb283a2b378c26,10620,1
10620:2:0,component-3abb283a2b378c26,10620,1
10621:0:0,component-50a07a035e82e7a1,10621,0
10622:0:0,component-599d3e2b0a4fc84e,10622,3
10622:2:0,component-599d3e2b0a4fc84e,10622,3
10623:0:0,component-77ba3cc0c7b7b6eb,10623,2
10624:0:0,component-8de98293410e0548,10624,3
10625:0:0,component-07c115e8df5f77d2,10625,0
10626:0:0,component-3a2c1c9fac5c73aa,10626,4
10627:0:0,component-11d06795643b42ac,10627,0
10628:0:0,component-e6859a55a53a7ef3,10628,3
10629:0:0,component-cd5a8cbefc36710b,10629,1
10629:0:1,component-cd5a8cbefc36710b,10629,1
10629:0:2,component-cd5a8cbefc36710b,10629,1
10629:2:0,component-cd5a8cbefc36710b,10629,1
1062:0:0,component-c67457e360fbe3af,1062,3
10630:0:0,component-965c3f6892ae83af,10630,2
10631:0:0,component-352e18f3b63d2b86,10631,2
10631:2:0,component-352e18f3b63d2b86,10631,2
10632:0:0,component-5c8cfe32fee90790,10632,2
10633:0:0,component-c9700de76a37f56d,10633,2
10634:0:0,component-0445135e6522b813,10634,3
10635:0:0,component-b0c6f2e0d7a6848b,10635,0
10636:0:0,component-6fdd5efe334611f1,10636,1
10637:0:0,component-6c2f5b15e6c6e305,10637,2
10638:0:0,component-c10a722d9339d34f,10638,4
10639:0:0,component-1f6124e5726ff8a1,10639,0
1063:0:0,component-e1420367c0d472f1,1063,4
10640:0:0,component-f81c0e417fb94f04,10640,4
10641:0:0,component-bd8f0ae3d2d61a8f,10641,2
10642:0:0,component-3044944a10c286aa,10642,1
10642:0:1,component-3044944a10c286aa,10642,1
10643:0:0,component-2839bfc7760fcb90,10643,3
10644:1:0,component-1a0867189d89dc56,10644,0
10644:3:0,component-1a0867189d89dc56,10644,0
10645:0:0,component-4221275d47190d0b,10645,0
10646:0:0,component-b1662715b51f42c7,10646,3
10647:0:0,component-2e0fdc5daf1390f8,10647,1
10648:0:0,component-fb289e5dee0333dd,10648,4
10648:2:0,component-fb289e5dee0333dd,10648,4
10649:0:0,component-8fb5268c99d9740a,10649,2
1064:0:0,component-d6e1cca1612b6f86,1064,3
10650:0:0,component-e9f5b4a33c494547,10650,4
10651:0:0,component-b6b986c1cb47bcc0,10651,4
10652:0:0,component-5835599532424f2d,10652,3
10653:0:0,component-5effb68bda4441f1,10653,0
10653:2:0,component-5effb68bda4441f1,10653,0
10654:0:0,component-4cb6f3133a6b4e50,10654,0
10655:0:0,component-ccc946a2447d8669,10655,2
10656:0:0,component-e241e6ba5e8aba95,10656,0
10657:0:0,component-d69bec2654d63ad5,10657,0
10657:2:0,component-d69bec2654d63ad5,10657,0
10658:0:0,component-2432dcd05f8464be,10658,0
10659:0:0,component-089e27c4ac344266,10659,1
1065:0:0,component-51ad86ddd67e834e,1065,1
10660:0:0,component-ad61765eab5d752a,10660,0
10661:0:0,component-7657bc6d691d7287,10661,0
10662:0:0,component-cea6675cc6f60ec0,10662,3
10663:0:0,component-5ac28d25a2df946d,10663,4
10664:0:0,component-d32012ebe5ad666a,10664,2
10665:0:0,component-90a14478a27b9ff2,10665,3
10665:2:0,component-90a14478a27b9ff2,10665,3
10666:0:0,component-add186eec9b8ec9a,10666,1
10667:0:0,component-ea5ddd2dd1659960,10667,1
10668:0:0,component-2019c586eedf888f,10668,1
10669:0:0,component-de075dfd31874cbd,10669,1
10670:0:0,component-0264eb7e3e486ef5,10670,3
10671:0:0,component-052463d1c4a9a2e1,10671,0
10672:0:0,component-78c8b8e513fb2c11,10672,1
10673:0:0,component-d12e56b3be252006,10673,2
10674:1:0,component-1e68a663eda4d548,10674,2
10675:0:0,component-baf0a47a6f147cfa,10675,0
10676:0:0,component-9f984903bd6e35a3,10676,2
10676:2:0,component-9f984903bd6e35a3,10676,2
10676:4:0,component-9f984903bd6e35a3,10676,2
10677:0:0,component-c5472124beb80cde,10677,4
10678:0:0,component-1c73a351e078b451,10678,2
10679:0:0,component-d953b3b1361f86e7,10679,0
10679:2:0,component-d953b3b1361f86e7,10679,0
10679:4:0,component-d953b3b1361f86e7,10679,0
1067:0:0,component-18bf31266f57409c,1067,4
10680:0:0,component-74bba3b0319b1170,10680,0
10681:0:0,component-a7579d1fe578eb38,10681,4
10681:2:0,component-a7579d1fe578eb38,10681,4
10682:0:0,component-a11a71f770504971,10682,0
10683:0:0,component-61caac230b4578e3,10683,4
10684:0:0,component-dd81b9465e567326,10684,3
10685:0:0,component-dc5554725859d838,10685,3
10686:0:0,component-141580c9037ff57b,10686,2
10687:0:0,component-7f190daadbc4cdb8,10687,4
10688:0:0,component-0d36ce267cc929b1,10688,2
10689:0:0,component-39329b03da8c4cb5,10689,0
10689:2:0,component-39329b03da8c4cb5,10689,0
10689:4:0,component-39329b03da8c4cb5,10689,0
10689:6:0,component-39329b03da8c4cb5,10689,0
10689:8:0,component-39329b03da8c4cb5,10689,0
1068:0:0,component-7930ea93dff3c4b9,1068,3
10690:0:0,component-97616d6d74bf6bd6,10690,3
10691:0:0,component-c974429a3f656632,10691,3
10692:0:0,component-3b6c71adca304610,10692,3
10693:0:0,component-415b33f84ac47ddf,10693,4
10694:0:0,component-47580831303d6660,10694,4
10695:0:0,component-c09fc032a70e97ea,10695,4
10696:0:0,component-6ea1585292546e24,10696,4
10697:0:0,component-a31264b97bb3762c,10697,2
10698:0:0,component-e90ac2e3e7d4d202,10698,3
10699:0:0,component-2505583c5c9f01f1,10699,3
10699:2:0,component-2505583c5c9f01f1,10699,3
1069:0:0,component-1ed1df35c20ced96,1069,3
106:0:0,component-1b1f7f6d94143257,106,4
10700:0:0,component-3ce835526d509f97,10700,3
10701:0:0,component-28113576d315d099,10701,4
10702:0:0,component-b20cbcdaa3a1a686,10702,2
10703:0:0,component-9ec5a2595f967afc,10703,2
10703:2:0,component-9ec5a2595f967afc,10703,2
10704:0:0,component-6024546269998a91,10704,2
10705:0:0,component-c0cb9ec222357485,10705,4
10706:0:0,component-664c46563412ac6d,10706,2
10707:0:0,component-58d0e031a5eca403,10707,2
10708:0:0,component-2c36db86e606f1be,10708,4
10709:0:0,component-90612fc3f5d09281,10709,1
1070:0:0,component-b69bf0dfdb429dee,1070,0
10710:0:0,component-a12d67018952dfdd,10710,4
10711:0:0,component-2718fd3ed930f687,10711,2
10712:0:0,component-67d12f2d8a24460a,10712,3
10713:0:0,component-aca8a387e065c2e1,10713,3
10714:0:0,component-625cc86d91543424,10714,0
10715:0:0,component-0084baf124559579,10715,0
10715:2:0,component-0084baf124559579,10715,0
10715:4:0,component-0084baf124559579,10715,0
10716:0:0,component-5dc0c19db668b5ab,10716,2
10717:0:0,component-e2b6332cc6ca1d17,10717,4
10718:0:0,component-8fa8e44e47a0c196,10718,3
10719:0:0,component-9aca38f82ca88853,10719,1
1071:0:0,component-8a1129f8caa45c9e,1071,1
10720:0:0,component-a20089b25ee4316a,10720,1
10721:0:0,component-21c0f0676eecba56,10721,2
10722:0:0,component-94561b3fdb07948f,10722,2
10723:0:0,component-63656a373c7b3c2f,10723,3
10724:0:0,component-aeeef295cc584f31,10724,1
10725:0:0,component-897c8a9e4f7a1eef,10725,4
10726:1:0,component-00568c7a3565e1b9,10726,0
10727:0:0,component-aedb541ad253d371,10727,3
10727:2:0,component-aedb541ad253d371,10727,3
10727:4:0,component-aedb541ad253d371,10727,3
10728:0:0,component-ed806f68fa04a45d,10728,4
10728:0:1,component-ed806f68fa04a45d,10728,4
10728:2:0,component-ed806f68fa04a45d,10728,4
10729:0:0,component-05c4f839f845a2db,10729,1
1072:0:0,component-a1e6c1ac8fb16b41,1072,2
10730:0:0,component-1c7c7bcfb3e2ba2d,10730,3
10731:0:0,component-741e46d16c0bf42a,10731,3
10732:0:0,component-33a39dad4483bd97,10732,3
10732:2:0,component-33a39dad4483bd97,10732,3
10733:0:0,component-b6175a14c2725fde,10733,0
10734:0:0,component-1bde6930c8ee0e02,10734,3
10735:0:0,component-9d269da1a76fec4b,10735,3
10736:0:0,component-bd87afb351a8aede,10736,0
10737:0:0,component-ea01aee53e7c8a14,10737,0
10738:0:0,component-ab423676104c7878,10738,4
10739:0:0,component-06d36085207c7bf4,10739,1
1073:0:0,component-9cccd5bbfe6343e1,1073,4
1073:0:1,component-9cccd5bbfe6343e1,1073,4
10740:0:0,component-c12e46dbf6d5af01,10740,2
10740:2:0,component-c12e46dbf6d5af01,10740,2
10741:0:0,component-f907412a29e9e2c3,10741,4
10742:0:0,component-bd9f59bda86ed2cc,10742,0
10743:0:0,component-a7e2b0be904e38c0,10743,4
10744:0:0,component-37a2d42b5b9d45ec,10744,3
10745:0:0,component-79f0e3878ffea142,10745,4
10746:0:0,component-a3d96fb0747e7991,10746,1
10747:0:0,component-0de93bb3572e4aec,10747,2
10747:2:0,component-0de93bb3572e4aec,10747,2
10748:0:0,component-957af66e5df91b22,10748,0
10749:0:0,component-1f6e4023b48d1d36,10749,0
1074:0:0,component-5a10681cfb78b0c4,1074,0
1074:2:0,component-5a10681cfb78b0c4,1074,0
1074:4:0,component-5a10681cfb78b0c4,1074,0
10750:0:0,component-b5fbf226ff14116e,10750,1
10751:0:0,component-990ef5c9cc02bd96,10751,2
10752:0:0,component-56343e1f8b458d2f,10752,3
10752:2:0,component-56343e1f8b458d2f,10752,3
10753:0:0,component-2913c6e7195d209c,10753,4
10754:0:0,component-c6133559d015e903,10754,4
10755:0:0,component-bcd6e54013190a9a,10755,1
10756:0:0,component-b09c1ed872362775,10756,1
10757:0:0,component-91085bce332137c1,10757,0
10758:0:0,component-a4eecf3d227fc37d,10758,3
10759:0:0,component-30cb31c49dd6e6ef,10759,1
1075:0:0,component-2798c85d07827fd9,1075,3
1075:2:0,component-2798c85d07827fd9,1075,3
10760:0:0,component-b19f6e6915508aa3,10760,4
10760:2:0,component-b19f6e6915508aa3,10760,4
10761:0:0,component-a31a73ef3903d032,10761,4
10762:0:0,component-84cd108e0f18cfc9,10762,4
10763:0:0,component-8d6c4ce7c79c1265,10763,3
10764:0:0,component-b41008a6f3525ac0,10764,0
10765:0:0,component-5c2f99ccd32d8842,10765,1
10766:0:0,component-bfd16065f44b25bd,10766,1
10767:0:0,component-488ea48e09dfe402,10767,2
10768:0:0,component-7f35a632a3cc74bd,10768,0
10769:0:0,component-61242b3faa779eca,10769,1
10769:2:0,component-61242b3faa779eca,10769,1
1076:0:0,component-d73bed153f6883f0,1076,2
10770:0:0,component-a873340141342bd8,10770,2
10771:0:0,component-5f29780e3201a351,10771,1
10771:2:0,component-5f29780e3201a351,10771,1
10772:0:0,component-3b45f5b1d1a877da,10772,4
10773:0:0,component-84a4d1a0715973eb,10773,2
10774:0:0,component-2d39b1d83b6d4fd3,10774,0
10774:0:1,component-2d39b1d83b6d4fd3,10774,0
10775:0:0,component-250012032abb446c,10775,2
10775:2:0,component-250012032abb446c,10775,2
10775:4:0,component-250012032abb446c,10775,2
10776:0:0,component-55319336c522942b,10776,0
10776:2:0,component-55319336c522942b,10776,0
10777:0:0,component-cf7a7e968000b2e4,10777,2
10778:0:0,component-c4ed9f8a70a046ab,10778,4
10779:0:0,component-ea4b1871bc826123,10779,2
1077:0:0,component-1e6a0d0ed8c8d2e9,1077,2
10780:1:0,component-1b08361956608d90,10780,1
10780:3:0,component-1b08361956608d90,10780,1
10781:0:0,component-d2b15d728e15e50f,10781,2
10782:0:0,component-5e573e57cd51e712,10782,0
10783:0:0,component-529b59d55452d268,10783,3
10784:0:0,component-a4ac44b7960278f5,10784,1
10784:2:0,component-a4ac44b7960278f5,10784,1
10784:4:0,component-a4ac44b7960278f5,10784,1
10785:0:0,component-1ed1df35c20ced96,10785,3
10786:0:0,component-da14d677e3613ba7,10786,0
10788:0:0,component-dfe264c427f02f07,10788,4
10788:0:1,component-dfe264c427f02f07,10788,4
10789:0:0,component-ca6624a23b1d2b74,10789,1
1078:0:0,component-b25a2788af5c5907,1078,2
10790:0:0,component-945ae682abf3c041,10790,1
10791:0:0,component-64fa63fc874f455d,10791,0
10791:2:0,component-64fa63fc874f455d,10791,0
10792:0:0,component-d88a56cc5a72492c,10792,1
10792:2:0,component-d88a56cc5a72492c,10792,1
10793:0:0,component-d1a5a9c1496df590,10793,0
10793:2:0,component-d1a5a9c1496df590,10793,0
10793:4:0,component-d1a5a9c1496df590,10793,0
10794:0:0,component-fcf44ac7220d48a9,10794,3
10795:0:0,component-3760b794493d1146,10795,0
10796:0:0,component-841815cc2488075c,10796,3
10796:2:0,component-841815cc2488075c,10796,3
10797:0:0,component-cc6f54ce8c92fb57,10797,4
10797:2:0,component-cc6f54ce8c92fb57,10797,4
10797:4:0,component-cc6f54ce8c92fb57,10797,4
10798:0:0,component-0cc17b6f5523b47a,10798,4
10799:0:0,component-b71f13a12ac4dbe0,10799,3
10799:2:0,component-b71f13a12ac4dbe0,10799,3
1079:0:0,component-11bb24318f58b1e2,1079,3
107:0:0,component-b375069c3414fdcd,107,2
10800:0:0,component-675900c425897911,10800,2
10801:0:0,component-7805807da82cdd5c,10801,4
10802:0:0,component-c0a8715cbf1d68bb,10802,3
10802:10:0,component-c0a8715cbf1d68bb,10802,3
10802:2:0,component-c0a8715cbf1d68bb,10802,3
10802:4:0,component-c0a8715cbf1d68bb,10802,3
10802:6:0,component-c0a8715cbf1d68bb,10802,3
10802:8:0,component-c0a8715cbf1d68bb,10802,3
1080:0:0,component-3722e52f41d835eb,1080,0
1081:0:0,component-3ddabf4c07a368fa,1081,3
1082:0:0,component-3e6740c59d679206,1082,0
1083:0:0,component-36d50b18da36f511,1083,4
1084:0:0,component-b75e8bf6417b38cc,1084,4
1085:0:0,component-e0a918e5d6cb3bd3,1085,2
1086:0:0,component-357ed072addad298,1086,4
1087:0:0,component-062d0a061f80b878,1087,0
1088:0:0,component-73a2027c394d8b66,1088,3
1089:0:0,component-bcaa9431547c6793,1089,0
108:0:0,component-b641d97c3e7771ce,108,4
108:2:0,component-b641d97c3e7771ce,108,4
1090:0:0,component-e1b4a32f20241313,1090,1
1091:0:0,component-6b9a53727f40e542,1091,3
1092:1:0,component-bdc35393d4116507,1092,0
1093:0:0,component-cb277cba2d6fda50,1093,0
1093:2:0,component-cb277cba2d6fda50,1093,0
1093:4:0,component-cb277cba2d6fda50,1093,0
1094:0:0,component-c2768965771a341a,1094,1
1095:1:0,component-e857b529d280f985,1095,1
1095:3:0,component-e857b529d280f985,1095,1
1096:0:0,component-05fff5967d4a323e,1096,4
1097:0:0,component-d212969a79ffe415,1097,1
1098:0:0,component-6a89bd73582f70a0,1098,3
1098:2:0,component-6a89bd73582f70a0,1098,3
1099:0:0,component-a2a38c3918f4566a,1099,0
109:0:0,component-b903be67fb5f2561,109,1
10:0:0,component-4ecfc4bd37ed2f8a,10,1
1100:0:0,component-0e652391561bfee2,1100,4
1101:0:0,component-58218c50405282a8,1101,1
1102:0:0,component-f8d0d71238053c19,1102,1
1103:0:0,component-3b80fa03994cc753,1103,0
1104:0:0,component-2017c0f68b1d1310,1104,1
1104:2:0,component-2017c0f68b1d1310,1104,1
1105:0:0,component-bb8ce016dc01f3ad,1105,1
1106:0:0,component-06f8386540ade060,1106,4
1106:0:1,component-06f8386540ade060,1106,4
1106:2:0,component-06f8386540ade060,1106,4
1107:0:0,component-4aa6dcc89e9945ca,1107,1
1108:0:0,component-cefd548a92a0a3b9,1108,0
1109:0:0,component-55b2af62e3f6606d,1109,4
1109:2:0,component-55b2af62e3f6606d,1109,4
1109:2:1,component-55b2af62e3f6606d,1109,4
110:0:0,component-efffe4514d2abaf5,110,2
110:2:0,component-efffe4514d2abaf5,110,2
1110:0:0,component-87b94efbecb8b3c8,1110,4
1110:2:0,component-87b94efbecb8b3c8,1110,4
1111:0:0,component-55b065f6d6cd1cc4,1111,3
1112:0:0,component-d64ccef48deba9a4,1112,1
1113:0:0,component-e20ca20b47c1a172,1113,4
1113:2:0,component-e20ca20b47c1a172,1113,4
1114:0:0,component-a6c96b0c0b5f7545,1114,1
1115:0:0,component-2deefa5ea8b5604e,1115,3
1116:0:0,component-a0902d93baeca8d5,1116,4
1117:0:0,component-738c4a596099f72e,1117,3
1117:2:0,component-738c4a596099f72e,1117,3
1118:1:0,component-9ca8ac05aca4b1ad,1118,2
1119:0:0,component-b99fa399375ca00f,1119,3
111:0:0,component-6bbfdc8a8a94358b,111,1
1120:0:0,component-05b81f7dfe29d173,1120,1
1120:2:0,component-05b81f7dfe29d173,1120,1
1121:0:0,component-77d7596720bb8cca,1121,2
1122:0:0,component-66c47a676d6aac16,1122,3
1123:0:0,component-67a3fc91f1adf677,1123,0
1124:0:0,component-63ac8f929a6a1270,1124,3
1125:0:0,component-50f1ff32a396e4ac,1125,0
1126:0:0,component-5730d1db035f8a48,1126,4
1127:0:0,component-b895401ae105dba0,1127,2
1128:0:0,component-6a6767b13a519dc9,1128,4
1128:2:0,component-6a6767b13a519dc9,1128,4
1129:0:0,component-17559e759a0f5f1b,1129,0
112:0:0,component-3aa27aa6c22ed005,112,4
1130:0:0,component-3958051600486a93,1130,1
1131:0:0,component-60cd1cb893360114,1131,3
1131:2:0,component-60cd1cb893360114,1131,3
1132:0:0,component-ff7df08388254f5b,1132,4
1132:2:0,component-ff7df08388254f5b,1132,4
1133:0:0,component-fac0a6b9f1d94e31,1133,0
1134:0:0,component-7a45dcb27722b1e7,1134,1
1135:0:0,component-9840903413cbb951,1135,4
1136:0:0,component-467e5583189a22ce,1136,2
1137:0:0,component-ebee12061f0741a3,1137,2
1138:0:0,component-087978f48a654393,1138,0
1139:0:0,component-740014e6066bd8b2,1139,0
1139:2:0,component-740014e6066bd8b2,1139,0
113:0:0,component-6e02277872d2d7e4,113,3
1140:0:0,component-14f79315432b720c,1140,0
1140:2:0,component-14f79315432b720c,1140,0
1141:0:0,component-d0af2230bd820670,1141,4
1142:0:0,component-26a9e59458f8b7bd,1142,4
1143:0:0,component-59f0d84a5491106f,1143,3
1144:0:0,component-750fe7f5550ed05e,1144,4
1144:2:0,component-750fe7f5550ed05e,1144,4
1145:0:0,component-330f18d8c12bb04e,1145,1
1146:0:0,component-d4597ef9522c645f,1146,1
1147:0:0,component-7a0dd4286ab063d2,1147,3
1148:0:0,component-9126640db32c2519,1148,0
1149:0:0,component-dc72d44ac9960a5e,1149,2
1149:2:0,component-dc72d44ac9960a5e,1149,2
114:0:0,component-2995c472476f6644,114,0
1150:0:0,component-c08e367ea70d9f09,1150,2
1151:0:0,component-52489627589ebf71,1151,2
1152:1:0,component-448b746aed2ebe01,1152,3
1153:1:0,component-0ee91a34aa1e31ce,1153,2
1154:0:0,component-3b44faeecadaaf39,1154,3
1155:0:0,component-67d2464fef110349,1155,3
1155:2:0,component-67d2464fef110349,1155,3
1155:4:0,component-67d2464fef110349,1155,3
1155:6:0,component-67d2464fef110349,1155,3
1156:0:0,component-bbd4ef48e7524575,1156,3
1157:0:0,component-c1917b1eeaf22b3b,1157,4
1157:2:0,component-c1917b1eeaf22b3b,1157,4
1157:4:0,component-c1917b1eeaf22b3b,1157,4
1157:6:0,component-c1917b1eeaf22b3b,1157,4
1158:0:0,component-8d5ec366f847d3fd,1158,2
1159:0:0,component-b0ab3cf4afa345d1,1159,4
115:0:0,component-b677c3f2d84768bc,115,1
1160:0:0,component-8b987773b6704d69,1160,2
1161:0:0,component-68d187048f9edf7f,1161,0
1161:0:1,component-68d187048f9edf7f,1161,0
1162:0:0,component-f8c3d7de756eb6e2,1162,4
1162:2:0,component-f8c3d7de756eb6e2,1162,4
1163:1:0,component-251fd8e83e25f5e3,1163,3
1164:0:0,component-d324999c85e11789,1164,3
1164:0:1,component-d324999c85e11789,1164,3
1165:0:0,component-a766e3ac3265e5e2,1165,3
1166:0:0,component-e4cf9d46d4c7e695,1166,0
1167:0:0,component-f0e53e3c2b89d5e8,1167,1
1168:0:0,component-77a91f65bf27083f,1168,4
1169:0:0,component-40bf0523b0066ccf,1169,4
116:0:0,component-b975456fa0b7c485,116,1
1170:0:0,component-1aaf85a234679bfb,1170,2
1171:0:0,component-40b68848d5b7c861,1171,2
1171:2:0,component-40b68848d5b7c861,1171,2
1172:0:0,component-8c02d98167163ff8,1172,2
1173:0:0,component-f15f81148a90a7bb,1173,3
1173:2:0,component-f15f81148a90a7bb,1173,3
1174:0:0,component-8df5f34406ed0457,1174,3
1174:2:0,component-8df5f34406ed0457,1174,3
1175:0:0,component-21e54c77649d332f,1175,4
1176:0:0,component-cb38af439cd60d6f,1176,2
1177:0:0,component-183d1e69f38c21db,1177,3
1177:2:0,component-183d1e69f38c21db,1177,3
1178:0:0,component-94ff2b44f3448680,1178,1
1179:0:0,component-63b0dd8b2cd32a3f,1179,2
117:0:0,component-ac82626d6e52a626,117,3
1180:0:0,component-c1cc46ad1a1a5621,1180,2
1181:0:0,component-85bce019b95197eb,1181,2
1182:0:0,component-8a08856b52145777,1182,3
1183:0:0,component-503927b8f601c2ad,1183,0
1183:2:0,component-503927b8f601c2ad,1183,0
1183:2:1,component-503927b8f601c2ad,1183,0
1183:4:0,component-503927b8f601c2ad,1183,0
1183:6:0,component-503927b8f601c2ad,1183,0
1184:0:0,component-0305572b82f1c319,1184,0
1185:0:0,component-29702c96984e6eef,1185,4
1186:0:0,component-ffa1dc21fa3bb166,1186,4
1187:0:0,component-5e6dc8eae154ba17,1187,0
1188:0:0,component-423e9e119c4783fe,1188,3
1189:0:0,component-1a463bccfa578b7a,1189,4
1189:2:0,component-1a463bccfa578b7a,1189,4
1189:4:0,component-1a463bccfa578b7a,1189,4
118:0:0,component-9edb617c9d0ac1d1,118,1
118:2:0,component-9edb617c9d0ac1d1,118,1
1190:0:0,component-1ec6cf5b1e084387,1190,1
1191:1:0,component-fbde8d0f5a6b064b,1191,4
1192:0:0,component-e6f943c74db3272a,1192,3
1193:0:0,component-57c5a83312f411d0,1193,3
1194:0:0,component-5878a1f0a46a1b60,1194,4
1195:0:0,component-2ac0dfe544520a81,1195,1
1195:2:0,component-2ac0dfe544520a81,1195,1
1195:4:0,component-2ac0dfe544520a81,1195,1
1196:0:0,component-1dcf61fbca2c2a63,1196,0
1197:0:0,component-1ca9d1df99d08ee7,1197,2
1198:0:0,component-64a94a966c2e3a08,1198,4
1199:0:0,component-f6827e52acc0f87b,1199,0
119:0:0,component-8bd4395c6a45b6fb,119,2
11:0:0,component-297ef343ae769343,11,4
1200:0:0,component-d05e829d8a9cdb1d,1200,4
1201:0:0,component-1a18eaf9d0326f16,1201,1
1202:0:0,component-2c341b2a6e03cb2d,1202,1
1203:0:0,component-fe5df10211c65e97,1203,4
1204:0:0,component-5d2a8619850ea177,1204,2
1205:0:0,component-cfeaf6caffa00146,1205,4
1206:0:0,component-aeee0ee4ad8d7158,1206,4
1207:0:0,component-d80d70278a2b8c5c,1207,0
1207:2:0,component-d80d70278a2b8c5c,1207,0
1208:0:0,component-abf67e1dc84a8f9d,1208,3
1209:0:0,component-3bb7d808d51c586e,1209,1
120:0:0,component-b37f3f7db5169457,120,3
1210:0:0,component-abdf22df6745e1c5,1210,0
1210:2:0,component-abdf22df6745e1c5,1210,0
1211:0:0,component-2695d0c9ce7499c1,1211,0
1212:0:0,component-0542480dd26f57e9,1212,2
1213:0:0,component-edf803774470c85c,1213,0
1213:2:0,component-edf803774470c85c,1213,0
1213:4:0,component-edf803774470c85c,1213,0
1213:6:0,component-edf803774470c85c,1213,0
1214:0:0,component-6f26c38fc9fad521,1214,2
1215:0:0,component-da9a1cca9ebf312e,1215,2
1215:2:0,component-da9a1cca9ebf312e,1215,2
1215:4:0,component-da9a1cca9ebf312e,1215,2
1215:6:0,component-da9a1cca9ebf312e,1215,2
1216:0:0,component-26b225a2f04f2282,1216,3
1217:0:0,component-5279924cbb7947cf,1217,4
1218:0:0,component-f69796960ac831c3,1218,0
1219:0:0,component-f7a68b979ef9805f,1219,4
121:0:0,component-13f8ea90d6c263e6,121,2
1220:0:0,component-abed0e0435072b87,1220,0
1220:2:0,component-abed0e0435072b87,1220,0
1220:4:0,component-abed0e0435072b87,1220,0
1220:6:0,component-abed0e0435072b87,1220,0
1221:0:0,component-fafa9846c4ec0533,1221,3
1222:0:0,component-c374201a6fe76320,1222,4
1223:0:0,component-40f5059a5f17e3ec,1223,1
1224:0:0,component-e711695cddc1e35d,1224,4
1225:0:0,component-8981e7cbc69786cb,1225,2
1226:0:0,component-5d407bd04eb1ec67,1226,2
1227:0:0,component-7a7c33ac62b711c8,1227,1
1227:2:0,component-7a7c33ac62b711c8,1227,1
1228:0:0,component-10b4282d1df15bbb,1228,4
1229:0:0,component-441c987329cf8e85,1229,2
122:0:0,component-85acfcc887505077,122,1
1230:0:0,component-7a1f80c53c65a4df,1230,2
1230:2:0,component-7a1f80c53c65a4df,1230,2
1231:0:0,component-8f00df79e7f09118,1231,3
1231:2:0,component-8f00df79e7f09118,1231,3
1231:4:0,component-8f00df79e7f09118,1231,3
1231:6:0,component-8f00df79e7f09118,1231,3
1232:0:0,component-2237055d1c50ddb8,1232,2
1233:0:0,component-d815d4692beef749,1233,2
1234:0:0,component-5c851fa0eab7d5a6,1234,1
1234:2:0,component-5c851fa0eab7d5a6,1234,1
1235:0:0,component-49ed4870bc039bf1,1235,3
1236:0:0,component-337a352bd1a7c2cf,1236,1
1237:0:0,component-4315d21aea81ccd8,1237,3
1238:0:0,component-74af47655eecef93,1238,2
1239:0:0,component-2ed06c5155656c84,1239,4
123:0:0,component-a5a9df4a8984f32c,123,2
1240:0:0,component-9a2af70ef61d9be8,1240,1
1241:0:0,component-1878c64b8b223f76,1241,2
1242:0:0,component-965d18895fa97586,1242,4
1243:0:0,component-d1a0371093a2e12b,1243,1
1244:0:0,component-96cc1cfb4f3f71e8,1244,4
1245:0:0,component-b03af8d6eb1cd0db,1245,3
1245:2:0,component-b03af8d6eb1cd0db,1245,3
1246:0:0,component-5e1a66fad4e87750,1246,1
1247:0:0,component-2ba1dad4deec9915,1247,0
1247:2:0,component-2ba1dad4deec9915,1247,0
1248:1:0,component-86cde5b1b0d50c55,1248,3
1249:0:0,component-92bf02ac18ae02d5,1249,3
124:0:0,component-f924400b9a855d80,124,2
1250:0:0,component-d4069e1bb991ca11,1250,0
1251:0:0,component-13bb9ee8cde44ce0,1251,4
1252:0:0,component-d75000742fa1b19c,1252,1
1253:0:0,component-b3393e7860d69f7f,1253,2
1253:0:1,component-b3393e7860d69f7f,1253,2
1254:0:0,component-f1ce383e3e8d013b,1254,0
1255:0:0,component-4ee6e5b602d984bb,1255,3
1255:2:0,component-4ee6e5b602d984bb,1255,3
1255:4:0,component-4ee6e5b602d984bb,1255,3
1256:0:0,component-2a0b59db74bd2808,1256,4
1256:0:1,component-2a0b59db74bd2808,1256,4
1256:2:0,component-2a0b59db74bd2808,1256,4
1256:4:0,component-2a0b59db74bd2808,1256,4
1257:0:0,component-8db82dad842d1e32,1257,1
1258:0:0,component-58cd179947ab6806,1258,2
1259:0:0,component-fa89e48bd8710660,1259,4
1259:2:0,component-fa89e48bd8710660,1259,4
125:0:0,component-ff7e015977983ea8,125,2
1260:0:0,component-e4ad3d74ee30a4b1,1260,0
1261:0:0,component-629549329ad74202,1261,4
1262:0:0,component-31b306422dac9a8d,1262,2
1263:0:0,component-87f71be6b3f37c56,1263,1
1264:0:0,component-ebb8c1782ff67e64,1264,4
1265:0:0,component-7251f4e950595b32,1265,0
1265:2:0,component-7251f4e950595b32,1265,0
1265:2:1,component-7251f4e950595b32,1265,0
1266:0:0,component-e217c5cccab033b1,1266,2
1266:2:0,component-e217c5cccab033b1,1266,2
1266:4:0,component-e217c5cccab033b1,1266,2
1266:6:0,component-e217c5cccab033b1,1266,2
1267:0:0,component-299d96355ea296e3,1267,3
1268:0:0,component-2abeac0f3f9bec04,1268,0
1268:2:0,component-2abeac0f3f9bec04,1268,0
1269:0:0,component-b840a1311056e852,1269,4
126:0:0,component-e9bea4f5f5ef42b8,126,2
1270:0:0,component-126834f628e77f0a,1270,1
1271:0:0,component-fbde82b237b638af,1271,4
1272:0:0,component-a309171f33e2f5f9,1272,3
1273:0:0,component-62e5269bac29ad2e,1273,3
1274:0:0,component-956e6add244a99ce,1274,0
1274:2:0,component-956e6add244a99ce,1274,0
1275:0:0,component-a2bfacb8180452b7,1275,3
1275:2:0,component-a2bfacb8180452b7,1275,3
1276:0:0,component-d5630d4489773fba,1276,1
1276:2:0,component-d5630d4489773fba,1276,1
1277:0:0,component-ed8493cdbc6b041e,1277,3
1277:2:0,component-ed8493cdbc6b041e,1277,3
1278:0:0,component-177b40358302cdc1,1278,0
1279:0:0,component-56c3e86effc409a2,1279,1
127:0:0,component-56c45ae502437f64,127,4
1280:0:0,component-bf4ca20085672caf,1280,1
1281:0:0,component-ac27b64094d7e10a,1281,0
1282:0:0,component-1fc6d15c7ad2a5d8,1282,4
1282:2:0,component-1fc6d15c7ad2a5d8,1282,4
1282:2:1,component-1fc6d15c7ad2a5d8,1282,4
1283:0:0,component-3fe1c9e17ce49d66,1283,3
1284:0:0,component-15c53638cc5bc3f4,1284,0
1285:0:0,component-4b1a96933932e50b,1285,1
1286:0:0,component-dec4f15c3c380ee5,1286,1
1287:0:0,component-bf90da325d2a33ef,1287,4
1288:0:0,component-ffd3375adfc0445d,1288,0
1289:0:0,component-caff8496d18c2ce3,1289,0
128:0:0,component-b031b6bf3f9e5099,128,0
128:0:1,component-b031b6bf3f9e5099,128,0
128:0:2,component-b031b6bf3f9e5099,128,0
128:2:0,component-b031b6bf3f9e5099,128,0
128:4:0,component-b031b6bf3f9e5099,128,0
128:6:0,component-b031b6bf3f9e5099,128,0
128:8:0,component-b031b6bf3f9e5099,128,0
1290:0:0,component-8db1a62e6ef81807,1290,3
1291:0:0,component-f2dd5b9357a33d1e,1291,1
1291:2:0,component-f2dd5b9357a33d1e,1291,1
1292:0:0,component-73a77bf70a525200,1292,0
1293:0:0,component-769f1a39f400fe62,1293,4
1294:0:0,component-8de7ce04adcf2d0d,1294,3
1295:0:0,component-6cbb90f28fa0c6b9,1295,0
1296:0:0,component-24e34927a0b8cb6a,1296,0
1297:0:0,component-ea2086d383338846,1297,1
1299:0:0,component-f6f8a30b13c37642,1299,3
1299:2:0,component-f6f8a30b13c37642,1299,3
129:0:0,component-81d241a3b43acfaa,129,4
12:0:0,component-70ce96834f3ae5d4,12,4
1300:0:0,component-914ea4702e4d391e,1300,1
1301:0:0,component-597691d71d8d8647,1301,1
1302:0:0,component-723acedb6f445239,1302,3
1303:0:0,component-b7fa71e2ea54b3df,1303,3
1304:0:0,component-cf7d26fbed1bda3d,1304,0
1305:0:0,component-22d827600aa3bf71,1305,0
1306:0:0,component-7a0533124ff2cf5d,1306,1
1307:1:0,component-fc26c223ca417325,1307,4
1307:3:0,component-fc26c223ca417325,1307,4
1307:5:0,component-fc26c223ca417325,1307,4
1308:0:0,component-6c942a2f49474c5e,1308,3
1309:0:0,component-955f1ddc2948b153,1309,1
1309:2:0,component-955f1ddc2948b153,1309,1
130:0:0,component-a25d33eec4411f36,130,3
130:0:1,component-a25d33eec4411f36,130,3
1310:0:0,component-6d58732b6bf660a5,1310,2
1311:0:0,component-4bda8f19ba219ef3,1311,0
1312:0:0,component-1b383f3cfd0a82dc,1312,1
1313:0:0,component-e4f0b5099ce080de,1313,1
1313:0:1,component-e4f0b5099ce080de,1313,1
1314:0:0,component-285a5983d7d701e5,1314,0
1315:1:0,component-314fb0a1653cf325,1315,4
1316:0:0,component-b2d5b25b1ef3c914,1316,2
1316:2:0,component-b2d5b25b1ef3c914,1316,2
1316:2:1,component-b2d5b25b1ef3c914,1316,2
1316:4:0,component-b2d5b25b1ef3c914,1316,2
1317:0:0,component-ba8f12aefda3f584,1317,0
1318:0:0,component-4a8f55e0cb8f565f,1318,4
1319:1:0,component-154eef1554648ba1,1319,1
131:0:0,component-bfed36ec483a25b8,131,2
1320:0:0,component-22092fcc9ddd2a5b,1320,1
1321:1:0,component-991685cb6b14002c,1321,3
1321:3:0,component-991685cb6b14002c,1321,3
1322:0:0,component-28cbfd9c8851ce50,1322,3
1323:0:0,component-5794caaced32d943,1323,3
1324:0:0,component-21c4018bc8e9a9ac,1324,0
1325:0:0,component-947828413cfbf886,1325,2
1325:2:0,component-947828413cfbf886,1325,2
1325:4:0,component-947828413cfbf886,1325,2
1326:0:0,component-cb8dafd52f2306f0,1326,1
1327:0:0,component-92e6134683cb487c,1327,1
1328:0:0,component-1af8b57318c4ed61,1328,2
1329:0:0,component-ac9ddb2d5af52258,1329,4
132:0:0,component-834f86453946fffe,132,4
1330:0:0,component-a2c9c514f66f3b02,1330,3
1331:0:0,component-7bc2e8bc94deb226,1331,3
1332:0:0,component-1e102f79ea64f19f,1332,3
1332:2:0,component-1e102f79ea64f19f,1332,3
1333:0:0,component-5337caa490655eeb,1333,0
1333:2:0,component-5337caa490655eeb,1333,0
1334:0:0,component-3c52c4b4a53e7a28,1334,0
1334:2:0,component-3c52c4b4a53e7a28,1334,0
1335:0:0,component-8682dad1690c15ac,1335,0
1336:0:0,component-0059cefd48e4decb,1336,4
1337:0:0,component-7b0d4376780a3ee9,1337,4
1338:0:0,component-5fde3a409fbff44e,1338,2
1339:0:0,component-a052027383b2d76c,1339,4
133:0:0,component-0ffea7d27bfbd6c4,133,2
1340:0:0,component-bd9bb48c578e10a0,1340,0
1341:0:0,component-7fc3eaeeeb28f1c0,1341,4
1341:2:0,component-7fc3eaeeeb28f1c0,1341,4
1341:4:0,component-7fc3eaeeeb28f1c0,1341,4
1342:0:0,component-6f7ea5e4542dc834,1342,0
1343:0:0,component-8b7d35891ebb183f,1343,1
1344:0:0,component-8dd94bcd0747413d,1344,0
1344:2:0,component-8dd94bcd0747413d,1344,0
1345:1:0,component-b9d3b6e4d9aa1bf2,1345,0
1346:0:0,component-dbc1e328ec480741,1346,2
1347:0:0,component-3c4e57ada2100b1e,1347,0
1348:0:0,component-295d9d3eda01c0bb,1348,3
1348:2:0,component-295d9d3eda01c0bb,1348,3
1349:0:0,component-104fa9ded9ae068a,1349,0
1349:2:0,component-104fa9ded9ae068a,1349,0
134:0:0,component-3d1b59763c56d312,134,0
1350:0:0,component-e77e1de595f4ceb3,1350,4
1351:0:0,component-e5b7e54a6ec0c616,1351,0
1351:2:0,component-e5b7e54a6ec0c616,1351,0
1351:4:0,component-e5b7e54a6ec0c616,1351,0
1352:0:0,component-955f1ddc2948b153,1352,1
1352:0:1,component-955f1ddc2948b153,1352,1
1352:2:0,component-955f1ddc2948b153,1352,1
1352:4:0,component-955f1ddc2948b153,1352,1
1353:1:0,component-17aeade763279af1,1353,0
1354:0:0,component-d50307aafd884f6f,1354,3
1355:0:0,component-5b6b02e0e85e0b1d,1355,1
1356:0:0,component-ebc31f2f56fb02ea,1356,2
1357:0:0,component-47347a42994c01b0,1357,1
1358:1:0,component-6c322768cc446b33,1358,2
1359:0:0,component-613b21d6228506a2,1359,4
135:0:0,component-17aef1795a391c5e,135,2
1361:0:0,component-f8d281d1ee41c77a,1361,1
1361:2:0,component-f8d281d1ee41c77a,1361,1
1362:0:0,component-af0db1c4f7d20db7,1362,4
1363:0:0,component-09239c3fefcb24a8,1363,4
1364:0:0,component-955f1ddc2948b153,1364,1
1364:2:0,component-955f1ddc2948b153,1364,1
1365:0:0,component-28376acae11394ad,1365,0
1366:0:0,component-8b01613b3a73392f,1366,1
1367:0:0,component-eaebf8c87403d5ee,1367,4
1367:0:1,component-eaebf8c87403d5ee,1367,4
1368:0:0,component-e19464e073cf1ebd,1368,4
1368:0:1,component-e19464e073cf1ebd,1368,4
1369:0:0,component-782a5c1f34c58ea3,1369,4
136:0:0,component-a079cf0051accf13,136,0
1370:0:0,component-917849d9bb0b0aa0,1370,2
1371:0:0,component-838e456863300b3f,1371,1
1372:0:0,component-36ae21466a6045fb,1372,4
1373:0:0,component-5c76ab1dd0d2500e,1373,4
1374:0:0,component-dcdde379fcab0c1c,1374,3
1375:0:0,component-02db8923d2eae5c8,1375,4
1376:0:0,component-4427b2d310f33685,1376,2
1377:0:0,component-f2e77fdf5b0a9fbe,1377,0
1378:0:0,component-422d42d4539b048e,1378,4
1379:0:0,component-f98c1a06c494078a,1379,0
137:0:0,component-b56fb43f977cca78,137,4
1380:0:0,component-e28c0963bc10b998,1380,1
1381:0:0,component-4ce001e8e420a3af,1381,0
1382:0:0,component-5248c4713cb5fe1d,1382,1
1383:0:0,component-06547b6fed634e3b,1383,4
1383:2:0,component-06547b6fed634e3b,1383,4
1384:1:0,component-9d4a707594205a75,1384,3
1385:0:0,component-9adda1548c46db4c,1385,4
1386:0:0,component-be5e94f200b30b36,1386,0
1386:2:0,component-be5e94f200b30b36,1386,0
1387:0:0,component-92088afd503a4e19,1387,2
1388:0:0,component-d218ecdacd5522e5,1388,3
1389:0:0,component-d683ee5f5c109601,1389,4
138:0:0,component-271a9edc6c86a1e7,138,2
1390:0:0,component-152b57a4008edbf7,1390,1
1390:2:0,component-152b57a4008edbf7,1390,1
1391:0:0,component-b34d988566a48707,1391,0
1392:0:0,component-43cc4d1b5cf2629e,1392,4
1392:0:1,component-43cc4d1b5cf2629e,1392,4
1393:0:0,component-e40534c5490135b5,1393,4
1394:0:0,component-c0b24e309ff70908,1394,1
1395:0:0,component-1f92be182ab90902,1395,0
1395:2:0,component-1f92be182ab90902,1395,0
1395:4:0,component-1f92be182ab90902,1395,0
1395:6:0,component-1f92be182ab90902,1395,0
1395:8:0,component-1f92be182ab90902,1395,0
1396:0:0,component-c4f72a02863a132e,1396,1
1397:0:0,component-3691f4a93de7f95d,1397,1
1398:0:0,component-9df0df4c97f7ec48,1398,2
1398:2:0,component-9df0df4c97f7ec48,1398,2
1399:0:0,component-158cde146d551272,1399,2
1399:2:0,component-158cde146d551272,1399,2
139:0:0,component-72e460a0790ffd02,139,0
139:2:0,component-72e460a0790ffd02,139,0
13:0:0,component-e5b66f2960acdc68,13,3
1400:0:0,component-6ea1f8807b1623a5,1400,1
1401:0:0,component-5733083546f0e40d,1401,2
1402:0:0,component-dda52f677d943d3f,1402,4
1403:0:0,component-b82af80f4d371a2d,1403,4
1403:2:0,component-b82af80f4d371a2d,1403,4
1404:0:0,component-870528cd57c6ce0c,1404,4
1404:2:0,component-870528cd57c6ce0c,1404,4
1405:0:0,component-9351fc0183b2bff7,1405,4
1405:2:0,component-9351fc0183b2bff7,1405,4
1405:4:0,component-9351fc0183b2bff7,1405,4
1405:6:0,component-9351fc0183b2bff7,1405,4
1406:0:0,component-74d16f4e76f5aef8,1406,1
1407:0:0,component-aa556c2982c0af90,1407,1
1408:0:0,component-131c507d0da73a8e,1408,0
1409:0:0,component-1d28121b5bf79b7c,1409,4
140:0:0,component-d147b8950a226ae6,140,2
140:2:0,component-d147b8950a226ae6,140,2
140:4:0,component-d147b8950a226ae6,140,2
1410:1:0,component-20306e5e31873c44,1410,0
1411:0:0,component-c6b168b50e2c0262,1411,0
1412:0:0,component-b168d9f5d63843c1,1412,0
1413:0:0,component-8597b9fdce50b0f3,1413,0
1414:0:0,component-0bde5202ca46a719,1414,4
1415:0:0,component-14df6d9c0bc14f99,1415,0
1416:0:0,component-d084515e5973da02,1416,2
1417:0:0,component-20f6b0bda89dfb6b,1417,1
1418:0:0,component-97b6197564ddaf80,1418,3
1419:0:0,component-6922768a8dffebba,1419,1
141:0:0,component-b4b10c85d677a3e9,141,2
1420:0:0,component-4885abf8cccc63ab,1420,4
1420:0:1,component-4885abf8cccc63ab,1420,4
1420:2:0,component-4885abf8cccc63ab,1420,4
1421:0:0,component-dfed96e7762da728,1421,4
1422:0:0,component-e8eb5a8bf3eab21d,1422,0
1423:0:0,component-a6d158e4d13033b9,1423,4
1424:0:0,component-70a15c07fe9196e3,1424,4
1425:0:0,component-2aeb32d8e4204702,1425,4
1426:0:0,component-93090994fe68e713,1426,4
1427:0:0,component-ea6f88c50b173c4f,1427,4
1427:2:0,component-ea6f88c50b173c4f,1427,4
1428:0:0,component-af56970c27bf6d9c,1428,0
1428:2:0,component-af56970c27bf6d9c,1428,0
1429:0:0,component-df66774c0251cb43,1429,2
142:0:0,component-d4ac3835c75d810d,142,1
1430:0:0,component-50238128c4c60fb4,1430,0
1431:0:0,component-28f3dd07315c4ec8,1431,4
1432:0:0,component-01a3c73da9a71952,1432,1
1432:0:1,component-01a3c73da9a71952,1432,1
1432:2:0,component-01a3c73da9a71952,1432,1
1433:0:0,component-c2b74b3ca9abd5b4,1433,2
1433:2:0,component-c2b74b3ca9abd5b4,1433,2
1434:0:0,component-3ea1790113059dcd,1434,1
1435:0:0,component-ad7ffac6111caf8c,1435,4
1435:2:0,component-ad7ffac6111caf8c,1435,4
1436:0:0,component-c5e9e34974074323,1436,4
1436:2:0,component-c5e9e34974074323,1436,4
1436:4:0,component-c5e9e34974074323,1436,4
1437:0:0,component-ef62d398c8fc83a6,1437,2
1437:0:1,component-ef62d398c8fc83a6,1437,2
1438:0:0,component-674c55336956d31f,1438,3
1438:0:1,component-674c55336956d31f,1438,3
1439:0:0,component-923058a763a5c9b3,1439,1
1439:2:0,component-923058a763a5c9b3,1439,1
143:0:0,component-e9f68a35bf9b584a,143,3
1440:0:0,component-3d9bc019c8745794,1440,1
1441:0:0,component-66af10808bc2116a,1441,1
1442:0:0,component-526a126daef205c9,1442,0
1443:0:0,component-f7b98a7f79a07b47,1443,3
1443:0:1,component-f7b98a7f79a07b47,1443,3
1444:0:0,component-7f2eda9950120f00,1444,4
1445:0:0,component-36851d9131580a84,1445,4
1446:0:0,component-d3acaa31cf5c1378,1446,1
1447:0:0,component-15a139cd52ba5e4d,1447,3
1448:0:0,component-fa3dab8089a49a68,1448,0
1449:0:0,component-326cac3283900149,1449,4
144:0:0,component-7e4425976a94fd21,144,4
1450:0:0,component-1ccc1486f9675ed4,1450,3
1451:0:0,component-0cb82ff135c7c129,1451,2
1451:2:0,component-0cb82ff135c7c129,1451,2
1452:0:0,component-f496a2366bbc5daa,1452,1
1453:0:0,component-53e7001b7c8a40f2,1453,3
1454:0:0,component-69477c88f3b15945,1454,2
1455:1:0,component-65e697488178b778,1455,3
1456:0:0,component-0bd247e43b91befa,1456,2
1457:0:0,component-c076885f1bc93bd2,1457,4
1458:0:0,component-4b00e9dda8abbc50,1458,2
1459:0:0,component-89bcbc8457326cfa,1459,0
145:0:0,component-da78c9e2569131a7,145,0
145:2:0,component-da78c9e2569131a7,145,0
1460:0:0,component-3198647169cba085,1460,2
1461:0:0,component-a64b31cf884d154f,1461,2
1462:0:0,component-172f027c6540c14d,1462,0
1463:0:0,component-53cc115a5d1dfe68,1463,4
1463:2:0,component-53cc115a5d1dfe68,1463,4
1464:0:0,component-75c73de3c653cbfa,1464,1
1464:2:0,component-75c73de3c653cbfa,1464,1
1465:0:0,component-d1315447d6e2d8ab,1465,3
1466:0:0,component-ad89ca2e1b471122,1466,0
1467:0:0,component-ae3033ee54155fa7,1467,0
1468:0:0,component-30f51afe120fa781,1468,0
1469:0:0,component-b947b96d6e184b56,1469,2
146:0:0,component-3873e6662119c590,146,2
1470:0:0,component-8a072f6f6e5f12b4,1470,4
1470:2:0,component-8a072f6f6e5f12b4,1470,4
1470:4:0,component-8a072f6f6e5f12b4,1470,4
1470:6:0,component-8a072f6f6e5f12b4,1470,4
1471:0:0,component-876ffa39a4da0960,1471,3
1472:0:0,component-87a885757f76646d,1472,1
1473:0:0,component-175324555a4747d7,1473,0
1473:2:0,component-175324555a4747d7,1473,0
1473:4:0,component-175324555a4747d7,1473,0
1473:6:0,component-175324555a4747d7,1473,0
1474:1:0,component-b253ba89e58a9279,1474,4
1475:0:0,component-9a16b4d0fc026776,1475,0
1476:0:0,component-8d928cbf75af56a3,1476,0
1477:0:0,component-a4c6d9ca80630e64,1477,1
1478:0:0,component-602466248d02aeb0,1478,2
1479:0:0,component-2133a606bf8f95a9,1479,0
147:0:0,component-f8017173862685ed,147,0
1480:0:0,component-f69b1adbf77efd6b,1480,2
1481:0:0,component-d9a52702d1ef67ce,1481,4
1482:0:0,component-52e8db570e35d96f,1482,4
1483:0:0,component-aaac88c6acce2863,1483,0
1484:0:0,component-3e01aeeca8aec8b2,1484,4
1485:0:0,component-8cf63be252994c0d,1485,1
1486:0:0,component-e25393d03d3521a4,1486,1
1487:0:0,component-49459e2a26689741,1487,4
1488:0:0,component-031fbe0c9fd508c8,1488,1
1489:0:0,component-6d3c205df6d2c4b3,1489,4
148:0:0,component-51f30179fcae7d6b,148,1
1490:0:0,component-4982088581883464,1490,1
1490:2:0,component-4982088581883464,1490,1
1490:4:0,component-4982088581883464,1490,1
1491:0:0,component-265d077fd8bfbf5a,1491,4
1492:0:0,component-6f99c3ff8610d9c6,1492,1
1493:0:0,component-bbcecd28fd546a21,1493,3
1494:0:0,component-d407d7cb11bbf97b,1494,3
1495:0:0,component-ac7a949fd0080263,1495,1
1496:0:0,component-305a1bcd9c016e86,1496,2
1497:0:0,component-f09e5b3cdf057c12,1497,3
1498:0:0,component-eb69b871445e1c35,1498,0
1499:0:0,component-541e9fa869a1cd06,1499,4
149:0:0,component-cbd503dc82e62213,149,1
14:0:0,component-70448dacb2ca9b28,14,4
1500:0:0,component-1744fe8a005fa093,1500,1
1501:0:0,component-2f9eea53d345e2d8,1501,0
1502:0:0,component-de398d29ff9930c9,1502,1
1502:2:0,component-de398d29ff9930c9,1502,1
1502:4:0,component-de398d29ff9930c9,1502,1
1503:0:0,component-b8070e07cd97944a,1503,3
1504:0:0,component-1d0e9725104a8b08,1504,1
1505:0:0,component-16f4523b7dcfa0fc,1505,0
1506:0:0,component-98425edc8ec8d787,1506,0
1507:0:0,component-659310589e092929,1507,0
1508:0:0,component-bce7071c4f2a441d,1508,4
1508:2:0,component-bce7071c4f2a441d,1508,4
1509:0:0,component-bae169205a168885,1509,3
1509:2:0,component-bae169205a168885,1509,3
150:0:0,component-3f6b4da8c504dc21,150,2
1510:0:0,component-0c92a1437a720c1e,1510,2
1510:2:0,component-0c92a1437a720c1e,1510,2
1510:4:0,component-0c92a1437a720c1e,1510,2
1511:1:0,component-965eed2e092939c8,1511,1
1512:0:0,component-b365b3d96d581b06,1512,1
1513:0:0,component-b87df1518907e02d,1513,4
1514:0:0,component-49d4b9f46917cbbf,1514,3
1515:0:0,component-0422c459f7c79f2b,1515,3
1516:0:0,component-d038a24d2b490de6,1516,2
1517:1:0,component-1ce9b5a3921483d0,1517,4
1518:0:0,component-322f9bdd5bf81976,1518,3
1519:0:0,component-92fadb27a4d4b27f,1519,1
151:0:0,component-6f55c2e47715774e,151,3
1520:0:0,component-6753bb92dd64983c,1520,3
1522:0:0,component-d2238f90b7d3fced,1522,0
1523:0:0,component-a727e121894540ec,1523,2
1524:1:0,component-cecebe99f796d53b,1524,3
1525:0:0,component-8e5b0a11810067d7,1525,0
1526:0:0,component-215bb3a0472db793,1526,4
1527:0:0,component-126420d44bfd8ded,1527,4
1528:0:0,component-2fc8c75dc4dbfe15,1528,2
1529:0:0,component-dc7ccb82717c2829,1529,1
152:0:0,component-b65ed286f96e8b49,152,3
1530:0:0,component-ed9b865be9b043d0,1530,4
1531:0:0,component-24acfea068b6ede8,1531,2
1532:0:0,component-ecc7300938a51ecc,1532,1
1533:0:0,component-d4999ec31cdbf043,1533,2
1534:0:0,component-f323c2a922f6881e,1534,3
1535:0:0,component-f63cb6d8a5b6de71,1535,3
1535:2:0,component-f63cb6d8a5b6de71,1535,3
1536:0:0,component-9db02f7cc25c5883,1536,3
1537:0:0,component-3dcac06d097e1f2a,1537,1
1538:0:0,component-96a4782eef1bae4b,1538,4
1539:0:0,component-dec910fa8539254e,1539,1
153:0:0,component-e06755c9c0fdbc57,153,0
1540:0:0,component-77d5bd4ba5fe7b77,1540,1
1541:0:0,component-4a9c1481db49525b,1541,0
1542:0:0,component-c0a7db9e22ec263b,1542,0
1542:0:1,component-c0a7db9e22ec263b,1542,0
1543:0:0,component-a7a02c64c26b22e0,1543,4
1544:0:0,component-025d8896adcc7870,1544,0
1545:0:0,component-698a9cc7e12c1827,1545,1
1545:2:0,component-698a9cc7e12c1827,1545,1
1545:4:0,component-698a9cc7e12c1827,1545,1
1546:0:0,component-9f6c8dcde5af63b1,1546,1
1547:0:0,component-2f1f221ffcd38f95,1547,4
1547:2:0,component-2f1f221ffcd38f95,1547,4
1548:0:0,component-2d17ce7ad6b84c30,1548,3
1549:0:0,component-cc69261d784d5932,1549,4
1549:2:0,component-cc69261d784d5932,1549,4
1550:0:0,component-65c40e8a05601014,1550,2
1551:0:0,component-7a44a591dbb56299,1551,1
1551:2:0,component-7a44a591dbb56299,1551,1
1551:4:0,component-7a44a591dbb56299,1551,1
1551:6:0,component-7a44a591dbb56299,1551,1
1552:0:0,component-23aed9449f084d81,1552,4
1552:2:0,component-23aed9449f084d81,1552,4
1553:0:0,component-c24593c7d6cc5e85,1553,4
1553:2:0,component-c24593c7d6cc5e85,1553,4
1553:2:1,component-c24593c7d6cc5e85,1553,4
1554:0:0,component-429b928230b180c8,1554,0
1555:0:0,component-88fb0406a8eabe57,1555,0
1555:0:1,component-88fb0406a8eabe57,1555,0
1555:2:0,component-88fb0406a8eabe57,1555,0
1555:4:0,component-88fb0406a8eabe57,1555,0
1556:0:0,component-8edc450ee95d9683,1556,2
1557:0:0,component-404b2ac604dbef5e,1557,3
1557:2:0,component-404b2ac604dbef5e,1557,3
1557:4:0,component-404b2ac604dbef5e,1557,3
1558:0:0,component-aa544600789a2b19,1558,4
1559:0:0,component-8dba87a5b66117c0,1559,1
155:0:0,component-028438b079565dd4,155,3
1560:0:0,component-651bcfb41863fcf6,1560,0
1560:2:0,component-651bcfb41863fcf6,1560,0
1560:4:0,component-651bcfb41863fcf6,1560,0
1561:0:0,component-1d5a0aad97ec5478,1561,3
1562:0:0,component-ddf42ee7b02a5620,1562,1
1563:0:0,component-f1620d8d86c42bde,1563,2
1563:2:0,component-f1620d8d86c42bde,1563,2
1563:4:0,component-f1620d8d86c42bde,1563,2
1564:0:0,component-699300ec7d7afeee,1564,3
1565:0:0,component-f510cae54a2ca2e9,1565,0
1566:0:0,component-10b1faade7cb2da0,1566,1
1567:0:0,component-96f792efe5d6b0c5,1567,3
1568:0:0,component-244d8df92d4a80c3,1568,1
1569:0:0,component-ea0ec91d7461f7ec,1569,2
156:0:0,component-c53f95965b51a10e,156,3
1570:0:0,component-d18f6e46328bb65b,1570,2
1571:0:0,component-efc458a8819bbb2b,1571,1
1572:0:0,component-4632b8d8c4f9b15c,1572,1
1573:0:0,component-ef70603ba623964a,1573,0
1574:0:0,component-357dd213623a07e0,1574,4
1575:0:0,component-0c201f0cd9c5d3cb,1575,1
1575:0:1,component-0c201f0cd9c5d3cb,1575,1
1576:0:0,component-a776ecbe0346761c,1576,4
1577:0:0,component-44afbc6b3845e63c,1577,4
1577:2:0,component-44afbc6b3845e63c,1577,4
1578:0:0,component-3279b42dab694431,1578,4
1579:0:0,component-45d488bce3c07b90,1579,4
1579:2:0,component-45d488bce3c07b90,1579,4
157:0:0,component-868be111e582c3fb,157,1
1580:0:0,component-374c58a6e6a54e1a,1580,4
1581:0:0,component-e7d9c80f02baba0b,1581,4
1582:0:0,component-144ff656590de564,1582,1
1583:0:0,component-d95c8043b544b3dc,1583,0
1584:0:0,component-10a958a87b84082d,1584,1
1584:2:0,component-10a958a87b84082d,1584,1
1584:4:0,component-10a958a87b84082d,1584,1
1585:1:0,component-5e37c08316fb6cea,1585,1
1586:0:0,component-367eb2e0ed8da688,1586,1
1587:0:0,component-5a72e5bb346be551,1587,4
1588:0:0,component-96d1a0287f9e243c,1588,2
1588:2:0,component-96d1a0287f9e243c,1588,2
1589:0:0,component-435a558d692d7d30,1589,1
158:0:0,component-c3c67940ff0943fc,158,3
1590:0:0,component-dcf5e959b3383f8a,1590,1
1590:2:0,component-dcf5e959b3383f8a,1590,1
1590:4:0,component-dcf5e959b3383f8a,1590,1
1591:0:0,component-ae14769619eb5918,1591,0
1591:2:0,component-ae14769619eb5918,1591,0
1592:0:0,component-2299f63e7bb8cadf,1592,4
1593:0:0,component-29e942025535ea7a,1593,4
1594:0:0,component-85c08941414c953c,1594,4
1594:2:0,component-85c08941414c953c,1594,4
1595:0:0,component-ccc392612ea3a999,1595,3
1595:2:0,component-ccc392612ea3a999,1595,3
1596:0:0,component-e201717eeb8c37b3,1596,2
1596:2:0,component-e201717eeb8c37b3,1596,2
1597:0:0,component-25a2375de9a58afa,1597,4
1598:0:0,component-804a81eab6e17301,1598,0
1599:0:0,component-c9a0190309938caa,1599,2
159:0:0,component-7a1a8da60fb3d349,159,1
15:0:0,component-628dde65796f22f1,15,2
1600:0:0,component-feddc7444c0a50a9,1600,2
1601:0:0,component-7840aacc40ddec48,1601,3
1601:0:1,component-7840aacc40ddec48,1601,3
1602:0:0,component-370ac4bfbb44d5be,1602,1
1603:0:0,component-4fc98bd95996991d,1603,3
1604:0:0,component-7749bd4e4dedea42,1604,3
1605:0:0,component-010ec425d5c6dac1,1605,3
1606:0:0,component-ef4587f294e95914,1606,2
1607:0:0,component-2ee8af31d38795d7,1607,3
1608:0:0,component-116d745aeaac3ea3,1608,3
1609:0:0,component-9081d21817d6dc14,1609,4
160:0:0,component-c2275ceeb78db9bd,160,3
1610:0:0,component-a07a2a8367c74754,1610,4
1611:0:0,component-294a480a632fecb0,1611,4
1612:1:0,component-b031b6bf3f9e5099,1612,0
1612:3:0,component-b031b6bf3f9e5099,1612,0
1613:0:0,component-c96533d421e9cd74,1613,4
1614:0:0,component-f3ef8a1b09709fb4,1614,4
1615:0:0,component-304efdb8b9f9b91c,1615,1
1616:0:0,component-58ea126b903abc2e,1616,1
1617:0:0,component-dd6749abadeb7c64,1617,1
1618:0:0,component-7097ba204096b841,1618,1
1619:0:0,component-2a09e62dd8912ca5,1619,0
1619:2:0,component-2a09e62dd8912ca5,1619,0
1619:4:0,component-2a09e62dd8912ca5,1619,0
161:0:0,component-bf2fb15ad57e71bb,161,4
1620:0:0,component-bc0f3f4d72647ceb,1620,3
1621:0:0,component-7f054a7cc82c3a3c,1621,0
1622:0:0,component-f381d9cf28ec5971,1622,2
1623:0:0,component-4400973102b7a69c,1623,2
1623:2:0,component-4400973102b7a69c,1623,2
1624:0:0,component-f7883e37bb9c9a6c,1624,2
1625:0:0,component-7129291deb506e13,1625,0
1626:0:0,component-c1876e97fe3d54dd,1626,2
1627:0:0,component-230fbdbafaf9f494,1627,3
1628:0:0,component-c6650b02b86f3eab,1628,0
1629:0:0,component-6b62ca03061b0e90,1629,4
162:0:0,component-9ad6114a20c8daff,162,4
1630:0:0,component-269b9e11a2facb01,1630,0
1631:0:0,component-dc4f4cab4db0a416,1631,4
1632:0:0,component-09725476d9d4bdc6,1632,4
1633:0:0,component-5958b87324c68439,1633,1
1634:0:0,component-f1a40ad276ad58bf,1634,4
1635:0:0,component-b60ceceb8205a0e1,1635,3
1636:0:0,component-6351e987dee6a62e,1636,0
1637:0:0,component-4a2772e690f25295,1637,0
1637:2:0,component-4a2772e690f25295,1637,0
1638:0:0,component-18c9b536468cd51a,1638,1
1639:0:0,component-c20aa8f54e3a80dc,1639,3
163:0:0,component-a3050a902885cf68,163,3
1640:0:0,component-b02c4f826b4edce1,1640,0
1641:0:0,component-aa07dedc58da315b,1641,2
1642:0:0,component-61504c505883988f,1642,2
1643:0:0,component-b8b86e88927290b6,1643,3
1643:2:0,component-b8b86e88927290b6,1643,3
1643:4:0,component-b8b86e88927290b6,1643,3
1644:0:0,component-1da28fd82668e16c,1644,1
1645:0:0,component-5068d2b8164afd64,1645,0
1646:0:0,component-0cab66ffe21ca32e,1646,3
1647:0:0,component-ef05ecf0dd252db6,1647,2
1648:0:0,component-1cd873a68f0de3f2,1648,2
1648:2:0,component-1cd873a68f0de3f2,1648,2
1649:0:0,component-816b9621d691955e,1649,4
1649:2:0,component-816b9621d691955e,1649,4
1649:4:0,component-816b9621d691955e,1649,4
164:0:0,component-8ce8801743d68fc5,164,3
1650:0:0,component-d3c0639ca3a4b39e,1650,3
1650:2:0,component-d3c0639ca3a4b39e,1650,3
1651:0:0,component-2f8ca0b6528136dd,1651,1
1652:0:0,component-36908805b7071183,1652,1
1652:2:0,component-36908805b7071183,1652,1
1653:0:0,component-7d8f189b66b35730,1653,4
1653:2:0,component-7d8f189b66b35730,1653,4
1653:4:0,component-7d8f189b66b35730,1653,4
1654:0:0,component-0bbab72ba33ebfa3,1654,3
1654:2:0,component-0bbab72ba33ebfa3,1654,3
1655:0:0,component-0ecabf9f872729d2,1655,1
1656:0:0,component-58f96c3f4f3a25e2,1656,4
1657:0:0,component-09e13e024de07802,1657,0
1657:2:0,component-09e13e024de07802,1657,0
1658:0:0,component-2806a74ffa11e4eb,1658,2
1659:0:0,component-eee9730b8e99097c,1659,0
165:0:0,component-a7ad5f3675a698df,165,2
1660:0:0,component-4e61d89024a09b8d,1660,3
1660:2:0,component-4e61d89024a09b8d,1660,3
1661:0:0,component-6fbabba189bb25d1,1661,4
1662:0:0,component-f481f51367d9dd8b,1662,0
1662:2:0,component-f481f51367d9dd8b,1662,0
1663:0:0,component-3c3722d408465985,1663,0
1664:1:0,component-d4434072bb16a878,1664,0
1665:0:0,component-4ae091dd3df2ada5,1665,3
1666:0:0,component-c046e93c5fcaedb3,1666,3
1667:0:0,component-6ea1f8807b1623a5,1667,1
1668:0:0,component-b0c3620127fe3a97,1668,2
1669:0:0,component-fca032b2a7078ed0,1669,2
1669:2:0,component-fca032b2a7078ed0,1669,2
166:0:0,component-eb4d65e74dfa2496,166,2
1670:0:0,component-ef9ff5d4de7c362b,1670,2
1671:0:0,component-794b29c998d35ea0,1671,0
1672:0:0,component-609c891e43aab8b6,1672,0
1672:2:0,component-609c891e43aab8b6,1672,0
1673:0:0,component-81e9f596b84a3517,1673,0
1674:0:0,component-25e091692dbe3dad,1674,2
1675:0:0,component-96f922c17805e4d5,1675,0
1676:0:0,component-9d80e45526856131,1676,1
1677:0:0,component-0be2fd7997f8108e,1677,3
1678:0:0,component-bae42f281478fdb0,1678,0
1679:0:0,component-ba6e76d31972a80a,1679,2
167:0:0,component-56da0c5aeb787203,167,1
1680:0:0,component-aa3915df9034b72e,1680,1
1681:0:0,component-88f7e972cd3aa810,1681,0
1681:2:0,component-88f7e972cd3aa810,1681,0
1682:0:0,component-73f038d4913206f4,1682,3
1682:2:0,component-73f038d4913206f4,1682,3
1683:0:0,component-e74b519196ba1ccc,1683,3
1684:0:0,component-241faaa7a837b81c,1684,3
1685:0:0,component-7fb21a45e99e2641,1685,2
1685:2:0,component-7fb21a45e99e2641,1685,2
1686:0:0,component-d2e0cbf1428535b0,1686,2
1686:0:1,component-d2e0cbf1428535b0,1686,2
1687:0:0,component-21fc278b824e0589,1687,1
1687:2:0,component-21fc278b824e0589,1687,1
1688:0:0,component-5dc981de5c8f6e5d,1688,0
1689:0:0,component-3e3512d4e5a069bb,1689,3
168:0:0,component-d3aff46985c51b85,168,2
1690:0:0,component-19a41bdd81c1e80b,1690,3
1691:0:0,component-576f19e1285bca52,1691,2
1692:0:0,component-9013cc145bb445e7,1692,0
1693:0:0,component-7c090e69681690a8,1693,0
1694:0:0,component-63ca6dd97264cfab,1694,4
1695:0:0,component-44684992f01fc447,1695,2
1696:0:0,component-1466fa87880a8321,1696,2
1697:0:0,component-f113aacaa91ee277,1697,1
1698:0:0,component-ec9f52ad3533a37d,1698,2
1699:0:0,component-3727c68fda222f6d,1699,2
169:0:0,component-814c3ae79de40cbb,169,2
16:1:0,component-56bb888d8e966dfc,16,1
1700:0:0,component-273403673582ce47,1700,2
1700:2:0,component-273403673582ce47,1700,2
1701:0:0,component-9b6bfd9d1aa21fec,1701,4
1701:2:0,component-9b6bfd9d1aa21fec,1701,4
1702:0:0,component-00500abc931cb384,1702,4
1703:0:0,component-b031b6bf3f9e5099,1703,0
1703:10:0,component-b031b6bf3f9e5099,1703,0
1703:2:0,component-b031b6bf3f9e5099,1703,0
1703:4:0,component-b031b6bf3f9e5099,1703,0
1703:6:0,component-b031b6bf3f9e5099,1703,0
1703:6:1,component-b031b6bf3f9e5099,1703,0
1703:8:0,component-b031b6bf3f9e5099,1703,0
1704:0:0,component-03496be2315f1e45,1704,0
1705:0:0,component-2dcf8b6b2e774661,1705,1
1706:0:0,component-3940cce328d11e3c,1706,1
1707:0:0,component-231e1e52f08f70cd,1707,2
1708:0:0,component-542e0ff59ddd000b,1708,1
1709:0:0,component-b3437a593f810389,1709,0
170:0:0,component-2d522ff79128861c,170,2
1710:0:0,component-ca559166b8ab4f23,1710,3
1711:0:0,component-b9821923e4bc63a3,1711,3
1712:0:0,component-aac1744376023b78,1712,0
1713:0:0,component-d5ba53af0f1510d3,1713,0
1714:0:0,component-52a835ddf5f386d4,1714,3
1715:0:0,component-d3f6df4ed7551550,1715,4
1716:0:0,component-c2d7988203661581,1716,1
1717:0:0,component-1f97eb911e0ba888,1717,4
1718:0:0,component-9b40128a9de12211,1718,3
1718:2:0,component-9b40128a9de12211,1718,3
1719:0:0,component-d61f574969a9cbc3,1719,1
171:0:0,component-ba72c7768304c5a0,171,0
1720:0:0,component-ddbad098f52a9fa9,1720,0
1720:2:0,component-ddbad098f52a9fa9,1720,0
1720:4:0,component-ddbad098f52a9fa9,1720,0
1720:6:0,component-ddbad098f52a9fa9,1720,0
1721:0:0,component-2ca9273571ee4bf1,1721,4
1722:0:0,component-b6dfdb3202a12752,1722,0
1723:0:0,component-1561eff3991a3bda,1723,2
1724:0:0,component-7bc826b87e6958a1,1724,4
1724:2:0,component-7bc826b87e6958a1,1724,4
1724:4:0,component-7bc826b87e6958a1,1724,4
1725:0:0,component-1133659dc9083a10,1725,2
1726:0:0,component-0a4fc18e53a27444,1726,3
1726:2:0,component-0a4fc18e53a27444,1726,3
1727:0:0,component-4dd5aa58fe82be00,1727,1
1728:0:0,component-a945b23e3736cff3,1728,1
1728:2:0,component-a945b23e3736cff3,1728,1
1729:0:0,component-14828ea8171e2a5e,1729,3
172:0:0,component-447a60a28a4284db,172,0
1730:0:0,component-9630fe6feebc99ab,1730,0
1731:0:0,component-507f0a024bc7839d,1731,0
1731:2:0,component-507f0a024bc7839d,1731,0
1732:0:0,component-7db25b6301f32329,1732,0
1733:0:0,component-b4f3be6d703b3d2c,1733,1
1734:0:0,component-5373a18cc709a3f7,1734,1
1734:2:0,component-5373a18cc709a3f7,1734,1
1734:4:0,component-5373a18cc709a3f7,1734,1
1734:6:0,component-5373a18cc709a3f7,1734,1
1735:0:0,component-2117420a6ad32971,1735,4
1735:2:0,component-2117420a6ad32971,1735,4
1736:0:0,component-60a11584e65822ea,1736,1
1737:0:0,component-1840eb15cdf67f14,1737,2
1738:0:0,component-799506e9848c65fd,1738,2
1739:0:0,component-02e9eea03ec99c1b,1739,1
173:0:0,component-ced5385a93d4b42b,173,1
1740:0:0,component-31ed816a27c7c63f,1740,2
1740:2:0,component-31ed816a27c7c63f,1740,2
1741:0:0,component-db892d471c887aaf,1741,1
1742:0:0,component-2be2d9cb3f8e1ca6,1742,2
1743:0:0,component-5df612e4dad21b9d,1743,4
1744:0:0,component-f08398e6a2eb957e,1744,1
1744:2:0,component-f08398e6a2eb957e,1744,1
1745:0:0,component-d2753d3355f31beb,1745,2
1746:0:0,component-47a213f66e56bb18,1746,2
1747:0:0,component-4974e492396b1737,1747,4
1747:2:0,component-4974e492396b1737,1747,4
1747:4:0,component-4974e492396b1737,1747,4
1747:6:0,component-4974e492396b1737,1747,4
1748:0:0,component-7fe397511313f334,1748,3
1749:0:0,component-cb9fe42944dd572c,1749,1
174:0:0,component-ef0673b0984e254f,174,1
174:2:0,component-ef0673b0984e254f,174,1
1750:0:0,component-5c1cb8e1ba25d72e,1750,0
1750:2:0,component-5c1cb8e1ba25d72e,1750,0
1751:0:0,component-2471a2513d535814,1751,2
1752:0:0,component-0c21b4c5b09cf5ca,1752,3
1753:0:0,component-0bc2a5700a3bad53,1753,4
1754:0:0,component-89c681a3f7908a1c,1754,0
1754:2:0,component-89c681a3f7908a1c,1754,0
1754:4:0,component-89c681a3f7908a1c,1754,0
1755:0:0,component-bda002e8000cadc1,1755,0
1756:0:0,component-6627b8428f7c0ee0,1756,3
1756:2:0,component-6627b8428f7c0ee0,1756,3
1757:0:0,component-016c9eeafe87b0ee,1757,0
1757:2:0,component-016c9eeafe87b0ee,1757,0
1758:0:0,component-c88169bcac5cada4,1758,1
1759:0:0,component-544928cd97fe0ef4,1759,4
175:0:0,component-7b666c1bd700b0b8,175,4
1760:0:0,component-781edca32ef7cbfd,1760,2
1761:0:0,component-9b9dc02485f63106,1761,0
1762:0:0,component-c040f3756935aca1,1762,4
1762:10:0,component-c040f3756935aca1,1762,4
1762:12:0,component-c040f3756935aca1,1762,4
1762:12:1,component-c040f3756935aca1,1762,4
1762:14:0,component-c040f3756935aca1,1762,4
1762:2:0,component-c040f3756935aca1,1762,4
1762:4:0,component-c040f3756935aca1,1762,4
1762:6:0,component-c040f3756935aca1,1762,4
1762:6:1,component-c040f3756935aca1,1762,4
1762:8:0,component-c040f3756935aca1,1762,4
1763:0:0,component-3e8b0e9b750a49fb,1763,2
1763:2:0,component-3e8b0e9b750a49fb,1763,2
1763:4:0,component-3e8b0e9b750a49fb,1763,2
1763:6:0,component-3e8b0e9b750a49fb,1763,2
1764:0:0,component-eecc6e42ababa5fd,1764,2
1764:2:0,component-eecc6e42ababa5fd,1764,2
1765:0:0,component-00250c7bbdd0433d,1765,0
1766:0:0,component-51cc80c5d5472d68,1766,0
1766:2:0,component-51cc80c5d5472d68,1766,0
1767:0:0,component-a010276993884c99,1767,0
1768:0:0,component-215f33f84beb442f,1768,4
1769:0:0,component-5197d0fe5d42456b,1769,3
176:0:0,component-e2a046546a0d5b7f,176,4
176:2:0,component-e2a046546a0d5b7f,176,4
1770:1:0,component-8887acc66d0d45fe,1770,2
1771:0:0,component-152710d771997952,1771,1
1772:0:0,component-70b93981c9a1f080,1772,2
1773:0:0,component-22c8a134d8c8ecfb,1773,2
1774:0:0,component-8304a03f94535e91,1774,3
1775:1:0,component-b559d26eb628b740,1775,3
1776:0:0,component-b461e3a11d0a0443,1776,1
1777:0:0,component-3dc93d718903997c,1777,0
1777:0:1,component-3dc93d718903997c,1777,0
1778:0:0,component-5794162f8be5c30e,1778,3
1779:0:0,component-6242cf231a7c9798,1779,2
177:0:0,component-080bd19bd61e7bb7,177,4
1780:0:0,component-9afa9e6b2f6c8af1,1780,1
1781:0:0,component-d5ec4cd0f88ee4f7,1781,2
1782:0:0,component-18381c3a0595ac7e,1782,4
1783:0:0,component-2b5fbbef175624dd,1783,1
1784:0:0,component-0a0f24cdc84d460c,1784,2
1784:2:0,component-0a0f24cdc84d460c,1784,2
1785:0:0,component-fc370a70f2d76b9c,1785,0
1786:0:0,component-e11dd5c147122b4d,1786,0
1786:0:1,component-e11dd5c147122b4d,1786,0
1786:0:2,component-e11dd5c147122b4d,1786,0
1787:0:0,component-adb717362ad414f7,1787,2
1787:2:0,component-adb717362ad414f7,1787,2
1788:0:0,component-18ed979a18f6bab1,1788,4
1789:0:0,component-77be3ef4c914e5fc,1789,1
178:0:0,component-b6f026048fa70acf,178,2
1790:0:0,component-345d95a646db4a33,1790,3
1791:0:0,component-ae77db720e905d82,1791,1
1792:0:0,component-15157ef1956ce466,1792,1
1792:2:0,component-15157ef1956ce466,1792,1
1792:4:0,component-15157ef1956ce466,1792,1
1793:0:0,component-d12592183550f396,1793,3
1794:0:0,component-f0ad5954637e8912,1794,1
1795:0:0,component-ee550b6fc719ef86,1795,2
1796:0:0,component-856c6641a5bddba7,1796,3
1797:0:0,component-0a5f58b3eadb507e,1797,0
1797:2:0,component-0a5f58b3eadb507e,1797,0
1798:1:0,component-75fe08aaa7026eec,1798,2
1799:0:0,component-1641a0cd382c3db1,1799,2
179:0:0,component-bd70af7f9af1649d,179,4
17:0:0,component-9a1718958231fea0,17,4
1800:0:0,component-2bd807c2ff43d31c,1800,3
1801:0:0,component-c67a871f7cb110f6,1801,2
1802:0:0,component-79b3bed92ed8a96a,1802,4
1803:0:0,component-006a52f5f8b9a19c,1803,2
1803:2:0,component-006a52f5f8b9a19c,1803,2
1803:4:0,component-006a52f5f8b9a19c,1803,2
1804:0:0,component-c6b0c9d0c5bcf0cd,1804,2
1805:1:0,component-2e86fb7a68c712d7,1805,3
1805:3:0,component-2e86fb7a68c712d7,1805,3
1805:5:0,component-2e86fb7a68c712d7,1805,3
1806:0:0,component-c1a65a34e001eac5,1806,1
1806:2:0,component-c1a65a34e001eac5,1806,1
1807:0:0,component-137a265efabdabe1,1807,2
1807:2:0,component-137a265efabdabe1,1807,2
1808:0:0,component-6e58114cf2be5b9e,1808,1
1809:0:0,component-7f241fbac7e9b01e,1809,2
1809:2:0,component-7f241fbac7e9b01e,1809,2
180:0:0,component-fe51388bcbb3c01e,180,4
180:2:0,component-fe51388bcbb3c01e,180,4
180:4:0,component-fe51388bcbb3c01e,180,4
1810:0:0,component-f308a91deeff4033,1810,1
1811:0:0,component-171322dfa07dabf7,1811,3
1813:0:0,component-3c2a59d038c583cb,1813,1
1814:0:0,component-03832a47b3ae5f09,1814,4
1814:2:0,component-03832a47b3ae5f09,1814,4
1815:0:0,component-2a1ad67ca73dcf6f,1815,4
1816:0:0,component-4c25ab1756a63518,1816,0
1816:2:0,component-4c25ab1756a63518,1816,0
1817:0:0,component-89813a9a25347a28,1817,2
1818:0:0,component-257b42011ac81d59,1818,2
1819:0:0,component-79bbf04f99155b3a,1819,0
181:0:0,component-899ca33a5a228400,181,0
181:2:0,component-899ca33a5a228400,181,0
181:4:0,component-899ca33a5a228400,181,0
181:6:0,component-899ca33a5a228400,181,0
1820:0:0,component-a0c4bb73f3c4db21,1820,2
1820:2:0,component-a0c4bb73f3c4db21,1820,2
1821:0:0,component-9c157213b94fbaed,1821,3
1822:0:0,component-d2dc93ad83c62835,1822,4
1822:2:0,component-d2dc93ad83c62835,1822,4
1823:0:0,component-1984875997ba3770,1823,3
1824:0:0,component-b8befddc55489e3d,1824,0
1825:0:0,component-3986efc241e316e2,1825,0
1826:0:0,component-4fddfa31751d4e63,1826,1
1827:0:0,component-539d00a875735979,1827,4
1828:0:0,component-12b5a23fd3a6dd19,1828,2
1829:0:0,component-39d6ac4a11aca175,1829,1
182:0:0,component-835e71e156b24284,182,3
1830:0:0,component-7889cd31f396b126,1830,0
1831:0:0,component-6ce8049bc037d55a,1831,0
1832:0:0,component-51a5e2ff4e544f7b,1832,3
1833:0:0,component-fac8902901b84d68,1833,1
1833:2:0,component-fac8902901b84d68,1833,1
1834:1:0,component-dfae0160ff9d42ca,1834,2
1835:0:0,component-8a0a8242307edbb4,1835,0
1835:2:0,component-8a0a8242307edbb4,1835,0
1836:0:0,component-46829d2e54fe0629,1836,2
1836:2:0,component-46829d2e54fe0629,1836,2
1837:0:0,component-88fb0406a8eabe57,1837,0
1838:0:0,component-bd576acb016ef981,1838,0
1838:2:0,component-bd576acb016ef981,1838,0
1839:0:0,component-4f0b1190b96aa7ad,1839,2
183:0:0,component-87c1da8bfb1abbfe,183,3
1840:0:0,component-ed152098db1e18fc,1840,2
1841:0:0,component-8eb4b25492d67632,1841,4
1842:0:0,component-e6e67cf1ef0001c0,1842,0
1842:0:1,component-e6e67cf1ef0001c0,1842,0
1842:0:2,component-e6e67cf1ef0001c0,1842,0
1843:0:0,component-2343fa3ba0398dd1,1843,0
1844:0:0,component-e5a58c4a4a9fc32e,1844,3
1844:2:0,component-e5a58c4a4a9fc32e,1844,3
1845:0:0,component-f7a126b7cd0b7ab0,1845,0
1846:0:0,component-863791e94b71c2c1,1846,2
1847:0:0,component-12e323f3ce34b8c3,1847,0
1848:0:0,component-40366e66ea067d8f,1848,4
1849:0:0,component-88519b749bad340a,1849,1
1849:2:0,component-88519b749bad340a,1849,1
1849:4:0,component-88519b749bad340a,1849,1
184:0:0,component-a4b857dd46c9fab0,184,1
1850:0:0,component-b814af8239e1dbdb,1850,0
1851:0:0,component-ffe44496f221cbe8,1851,3
1852:0:0,component-62ed70ac8d1c0041,1852,4
1853:0:0,component-fd1ae5457956cbce,1853,3
1853:2:0,component-fd1ae5457956cbce,1853,3
1853:4:0,component-fd1ae5457956cbce,1853,3
1854:0:0,component-1ba990460cbdebf6,1854,3
1855:0:0,component-955f1ddc2948b153,1855,1
1855:10:0,component-955f1ddc2948b153,1855,1
1855:12:0,component-955f1ddc2948b153,1855,1
1855:14:0,component-955f1ddc2948b153,1855,1
1855:2:0,component-955f1ddc2948b153,1855,1
1855:4:0,component-955f1ddc2948b153,1855,1
1855:6:0,component-955f1ddc2948b153,1855,1
1855:8:0,component-955f1ddc2948b153,1855,1
1856:0:0,component-0fe5975fa4575b9a,1856,4
1857:0:0,component-5f105bfaa582c795,1857,1
1857:2:0,component-5f105bfaa582c795,1857,1
1858:0:0,component-235beea8d0eb5c58,1858,3
1858:2:0,component-235beea8d0eb5c58,1858,3
1859:0:0,component-888fe3e6449e996e,1859,3
185:0:0,component-a184bf40c70af197,185,0
185:2:0,component-a184bf40c70af197,185,0
185:4:0,component-a184bf40c70af197,185,0
1860:0:0,component-50d93d874ed8b825,1860,2
1861:0:0,component-b134a98ab8b448fe,1861,4
1861:2:0,component-b134a98ab8b448fe,1861,4
1862:0:0,component-157daffc2b8fcc5b,1862,2
1863:0:0,component-55162c092cab12a6,1863,4
1864:0:0,component-aa59b317f7349657,1864,1
1865:0:0,component-80c2f0e68dab0abb,1865,4
1866:0:0,component-cb009f1c32283c14,1866,0
1867:0:0,component-a00e535cddfb761f,1867,1
1868:0:0,component-0d6f1045ea740c02,1868,0
1869:0:0,component-2fc1e7e6011f4966,1869,3
186:1:0,component-1f52d65595947e6d,186,0
1870:0:0,component-c6b91e456a715e8a,1870,2
1871:0:0,component-69e74931cee3ebdf,1871,2
1871:2:0,component-69e74931cee3ebdf,1871,2
1872:0:0,component-e279ebc8a036d7fe,1872,0
1873:0:0,component-39c770f90fbbfebf,1873,3
1874:0:0,component-8d0a14fe8e0865b2,1874,3
1875:0:0,component-e0ba158651b3515b,1875,4
1876:0:0,component-181d778bd05c99f5,1876,1
1877:0:0,component-3c144b8eaf8a3131,1877,0
1877:2:0,component-3c144b8eaf8a3131,1877,0
1877:4:0,component-3c144b8eaf8a3131,1877,0
1878:0:0,component-a2492a6701e4a776,1878,0
1879:0:0,component-99e724a1e050a369,1879,0
187:0:0,component-a63f7d86d5318831,187,0
187:2:0,component-a63f7d86d5318831,187,0
1880:0:0,component-64a3f72884d91f3a,1880,0
1880:2:0,component-64a3f72884d91f3a,1880,0
1881:0:0,component-c2cb794b716327da,1881,1
1881:2:0,component-c2cb794b716327da,1881,1
1882:0:0,component-80c4ebb30a0d9ad2,1882,1
1883:0:0,component-e0d50e847a60fa19,1883,3
1883:2:0,component-e0d50e847a60fa19,1883,3
1883:4:0,component-e0d50e847a60fa19,1883,3
1883:6:0,component-e0d50e847a60fa19,1883,3
1883:8:0,component-e0d50e847a60fa19,1883,3
1884:0:0,component-92a2b1e10e8a9629,1884,2
1885:0:0,component-6c63e948106d7c63,1885,1
1886:0:0,component-df75f17ada6a3e8e,1886,4
1887:0:0,component-8620f4b3260d99fe,1887,0
1888:0:0,component-0b57de6f5ed0f3be,1888,1
1889:0:0,component-575768b4af36b868,1889,3
1889:2:0,component-575768b4af36b868,1889,3
188:0:0,component-4c01f3cb455def70,188,1
1890:0:0,component-2117d72cf40587f5,1890,1
1891:0:0,component-6b6c2ce0deb2ea9b,1891,2
1892:0:0,component-a9117b1b0f58b158,1892,2
1893:0:0,component-c8eac7456fa6aad3,1893,2
1894:0:0,component-cf8d1daf591c5a82,1894,0
1895:0:0,component-22925e4e79f763d1,1895,1
1896:0:0,component-7249d76937b14087,1896,1
1897:0:0,component-7a430ec6913666d6,1897,1
1898:0:0,component-1a3e21f5c31a9a92,1898,2
1899:0:0,component-57a7b8bf840a56dd,1899,3
189:0:0,component-2e7b63672a37d0f7,189,0
18:0:0,component-09ba4c65927a6fb5,18,0
1900:0:0,component-0ca6c9cd2577f084,1900,2
1901:0:0,component-e2dd14297b0e6cc5,1901,0
1902:0:0,component-798bef4a1e9e11df,1902,1
1903:0:0,component-f070c79f5dc2a063,1903,2
1904:0:0,component-51a84be45bc05121,1904,4
1905:0:0,component-aa6ba059cff85c23,1905,3
1906:0:0,component-80c6cbc818796dd7,1906,4
1907:0:0,component-9b30fdfa009e212a,1907,1
1907:2:0,component-9b30fdfa009e212a,1907,1
1908:0:0,component-b37172964c0562af,1908,4
1909:0:0,component-37cde4fb2a3a88cc,1909,0
1909:2:0,component-37cde4fb2a3a88cc,1909,0
190:0:0,component-ed6c0d317552be11,190,3
1910:0:0,component-526c5423b00bbe9e,1910,1
1911:0:0,component-2096fd19588d5d0c,1911,1
1912:0:0,component-d96c1203b2018961,1912,1
1913:1:0,component-0f30e1c5f60ce853,1913,1
1914:0:0,component-bab49536c22be380,1914,2
1915:0:0,component-7044680c9ab2f800,1915,4
1916:0:0,component-caf48c4549611bc7,1916,1
1917:0:0,component-b35a53c064e8894a,1917,4
1918:0:0,component-99b2c97c1db3b989,1918,2
1918:2:0,component-99b2c97c1db3b989,1918,2
1919:0:0,component-caebdae13f6f4f68,1919,0
1919:2:0,component-caebdae13f6f4f68,1919,0
1919:2:1,component-caebdae13f6f4f68,1919,0
1919:4:0,component-caebdae13f6f4f68,1919,0
1919:4:1,component-caebdae13f6f4f68,1919,0
1919:6:0,component-caebdae13f6f4f68,1919,0
191:0:0,component-81aba3d2700a053c,191,4
191:2:0,component-81aba3d2700a053c,191,4
191:4:0,component-81aba3d2700a053c,191,4
191:6:0,component-81aba3d2700a053c,191,4
191:8:0,component-81aba3d2700a053c,191,4
1920:0:0,component-9656b9daa28ebd5a,1920,2
1921:0:0,component-10efae1769a0eed8,1921,3
1922:0:0,component-4fc55461185ffeb0,1922,2
1923:0:0,component-73a9a68dbaee85d3,1923,4
1923:2:0,component-73a9a68dbaee85d3,1923,4
1923:4:0,component-73a9a68dbaee85d3,1923,4
1923:6:0,component-73a9a68dbaee85d3,1923,4
1923:8:0,component-73a9a68dbaee85d3,1923,4
1924:0:0,component-0563656f11276ef1,1924,2
1925:0:0,component-4f5dc6c8113630d9,1925,4
1925:2:0,component-4f5dc6c8113630d9,1925,4
1926:0:0,component-3fa531c622d4fbdd,1926,3
1926:0:1,component-3fa531c622d4fbdd,1926,3
1927:0:0,component-ab5dc8665024e278,1927,3
1928:0:0,component-c8792e97a0a68211,1928,1
1929:0:0,component-42692bc9ab5dca15,1929,4
192:0:0,component-3be20fd7849d79bd,192,4
1930:0:0,component-728b6c0d717d9412,1930,3
1930:2:0,component-728b6c0d717d9412,1930,3
1931:0:0,component-0a358cd2084b1333,1931,3
1932:0:0,component-b775fc3813ce4a14,1932,1
1933:0:0,component-fa3005caf913ee6a,1933,4
1934:0:0,component-6d8a499dadbc6fbd,1934,0
1934:2:0,component-6d8a499dadbc6fbd,1934,0
1935:0:0,component-1ab86c2d9f37f72a,1935,2
1936:0:0,component-26fb8d9d2ca61417,1936,1
1937:0:0,component-3259251705b20086,1937,2
1938:0:0,component-0d62f13c543058de,1938,3
1939:0:0,component-1e7a830c7f095b28,1939,1
1939:2:0,component-1e7a830c7f095b28,1939,1
193:0:0,component-c76ff2aa2861e662,193,3
193:2:0,component-c76ff2aa2861e662,193,3
1940:0:0,component-61fa44392c8537e5,1940,4
1940:2:0,component-61fa44392c8537e5,1940,4
1941:1:0,component-3c116f4ce366bda6,1941,3
1941:3:0,component-3c116f4ce366bda6,1941,3
1942:0:0,component-23ac77dfedad7d79,1942,0
1943:0:0,component-5bc69f906c606390,1943,1
1944:0:0,component-75e71905d463c450,1944,2
1945:0:0,component-ca9a4bf3d622c73c,1945,4
1945:0:1,component-ca9a4bf3d622c73c,1945,4
1945:0:2,component-ca9a4bf3d622c73c,1945,4
1946:0:0,component-439079ec07484f3b,1946,0
1946:2:0,component-439079ec07484f3b,1946,0
1946:4:0,component-439079ec07484f3b,1946,0
1946:6:0,component-439079ec07484f3b,1946,0
1947:0:0,component-f6d21a5b2461e04f,1947,2
1948:0:0,component-ff542727ac6fb3b4,1948,2
1949:0:0,component-c49f3a47fc8c5020,1949,3
194:0:0,component-a71333ff30d83e59,194,4
194:2:0,component-a71333ff30d83e59,194,4
194:4:0,component-a71333ff30d83e59,194,4
194:6:0,component-a71333ff30d83e59,194,4
194:8:0,component-a71333ff30d83e59,194,4
1950:0:0,component-fbca2f588bc81fce,1950,2
1951:0:0,component-2bd5127bf5d40bb8,1951,2
1952:0:0,component-15cbf7c63624d94d,1952,1
1952:0:1,component-15cbf7c63624d94d,1952,1
1953:0:0,component-7a577879dc2e4871,1953,2
1954:0:0,component-ebc850bd781149a0,1954,3
1955:0:0,component-54c76b4a5484646c,1955,4
1956:0:0,component-e8894e8b36c547f1,1956,3
1957:0:0,component-316c30976547056c,1957,4
1957:2:0,component-316c30976547056c,1957,4
1958:0:0,component-421ad3cdab481337,1958,1
1959:0:0,component-f60a39c1c647c76b,1959,3
1959:0:1,component-f60a39c1c647c76b,1959,3
195:0:0,component-5722214ec920675e,195,1
1960:1:0,component-4a7384c24aec273a,1960,1
1961:1:0,component-b1c554039e7d5180,1961,2
1962:0:0,component-a450107c289d9c9a,1962,4
1963:0:0,component-0a802c21e86fb864,1963,0
1964:0:0,component-f890602138382057,1964,1
1965:0:0,component-818f0c2066b68e55,1965,4
1966:0:0,component-4e2bbeb05cc19851,1966,3
1967:0:0,component-8598072388339186,1967,1
1968:0:0,component-04127503d3b3a6e0,1968,2
1969:0:0,component-9050dd0f0c8f6e34,1969,3
196:0:0,component-ad35b3a70147809c,196,4
196:0:1,component-ad35b3a70147809c,196,4
1970:0:0,component-91d5452b9575a940,1970,3
1970:2:0,component-91d5452b9575a940,1970,3
1971:0:0,component-6391be2a89aa636c,1971,4
1972:0:0,component-b11078f4609cc026,1972,0
1973:0:0,component-6df5a7a2327ca866,1973,4
1974:0:0,component-45cb37d94600e0dd,1974,2
1975:0:0,component-05516e847ce724cf,1975,2
1975:2:0,component-05516e847ce724cf,1975,2
1975:2:1,component-05516e847ce724cf,1975,2
1976:0:0,component-c8fef0a87012cc06,1976,1
1976:0:1,component-c8fef0a87012cc06,1976,1
1977:0:0,component-3e4463072ca15bfb,1977,0
1978:0:0,component-07fb92e71fe5ca43,1978,1
1979:0:0,component-fb421cd15f6adef7,1979,3
197:0:0,component-0398087d63b4fa24,197,4
1980:0:0,component-77e90e5ea78ba6b3,1980,0
1981:0:0,component-8489e97ebc4e9c05,1981,3
1982:1:0,component-e090625ba6e8126e,1982,4
1983:0:0,component-bcff3e27eb0417ad,1983,4
1984:0:0,component-4f4827f13e4fb258,1984,3
1985:0:0,component-4baea884173945ce,1985,4
1986:0:0,component-718f3acb544a9ed9,1986,3
1986:2:0,component-718f3acb544a9ed9,1986,3
1986:4:0,component-718f3acb544a9ed9,1986,3
1987:0:0,component-089bdea3ba8c7c9c,1987,0
1987:0:1,component-089bdea3ba8c7c9c,1987,0
1988:0:0,component-88ca4ef9af288617,1988,3
1989:0:0,component-058d09e13ed467d6,1989,2
198:0:0,component-f27382dd57881093,198,2
1990:0:0,component-f534f0d54923fb9b,1990,1
1991:0:0,component-2bf8d50034542da6,1991,1
1992:0:0,component-f119479f92ec375c,1992,2
1993:0:0,component-273a9c1a709e900b,1993,1
1993:2:0,component-273a9c1a709e900b,1993,1
1994:0:0,component-87001988ce1f186b,1994,1
1995:1:0,component-70fec0ca0a0f1dc9,1995,4
1996:0:0,component-94524a756d0dbce6,1996,2
1997:0:0,component-c12892b8ad5c1865,1997,2
1998:0:0,component-5052b1771f8f3c12,1998,1
1999:0:0,component-2c6432bbb50af730,1999,3
199:0:0,component-7256b0ef677aae4a,199,2
19:0:0,component-955f1ddc2948b153,19,1
19:2:0,component-955f1ddc2948b153,19,1
19:4:0,component-955f1ddc2948b153,19,1
1:0:0,component-5276958a372feba8,1,3
2000:0:0,component-e1fb73690e014554,2000,0
2001:0:0,component-af60ac7564504587,2001,0
2002:0:0,component-656ceb0e0b62802c,2002,3
2003:0:0,component-aaa21393cb38d8ce,2003,2
2004:0:0,component-64bbe530d747a44d,2004,4
2004:2:0,component-64bbe530d747a44d,2004,4
2005:0:0,component-15787ea927e621d6,2005,1
2006:0:0,component-2491154277188eac,2006,3
2007:0:0,component-3b5e3980e08747ef,2007,4
2008:0:0,component-0c7f3a631d1c6d71,2008,0
2009:1:0,component-4e02c8795c0495c3,2009,1
200:0:0,component-38bbfe95c029bc9b,200,2
2010:0:0,component-9631bb132c9a75eb,2010,3
2011:0:0,component-82984d73e848e413,2011,4
2012:0:0,component-6ab5ee65e42cca41,2012,2
2012:2:0,component-6ab5ee65e42cca41,2012,2
2013:0:0,component-9c66858673342802,2013,1
2014:1:0,component-69e3ca111b944f81,2014,1
2014:3:0,component-69e3ca111b944f81,2014,1
2015:0:0,component-78e3f7c788a6aebe,2015,3
2016:0:0,component-bf2912b5ae85d614,2016,2
2017:0:0,component-b5dde9ef86a8df2e,2017,2
2017:2:0,component-b5dde9ef86a8df2e,2017,2
2018:0:0,component-1c7b5a68ad5f48b5,2018,4
2019:0:0,component-44277452185f9686,2019,3
201:0:0,component-0dfd71477604d22b,201,4
2020:0:0,component-2f4215ab3754fedc,2020,1
2021:0:0,component-33164c138c372a3c,2021,0
2021:2:0,component-33164c138c372a3c,2021,0
2022:0:0,component-fdf0f30763607e05,2022,2
2023:0:0,component-8c8622183a06d541,2023,2
2024:0:0,component-323c57574a838ff6,2024,4
2025:0:0,component-9289a674eaac22f4,2025,4
2026:0:0,component-425d15eb6f951010,2026,4
2027:0:0,component-b8d0978d6e8f8a0a,2027,4
2028:0:0,component-bd4f7edb7fa31cff,2028,3
2028:2:0,component-bd4f7edb7fa31cff,2028,3
2029:0:0,component-e35461c1efc7259f,2029,0
202:0:0,component-f65cb8af55073f07,202,2
202:2:0,component-f65cb8af55073f07,202,2
2030:0:0,component-8693032cab698ad6,2030,1
2031:0:0,component-2af26286e9a2376c,2031,2
2031:2:0,component-2af26286e9a2376c,2031,2
2031:4:0,component-2af26286e9a2376c,2031,2
2032:0:0,component-340aae021b45c28b,2032,2
2033:0:0,component-757232689726401f,2033,3
2034:0:0,component-930bdc09261d31ef,2034,3
2034:2:0,component-930bdc09261d31ef,2034,3
2034:4:0,component-930bdc09261d31ef,2034,3
2035:0:0,component-5d9df7c23a4afca7,2035,0
2035:2:0,component-5d9df7c23a4afca7,2035,0
2036:0:0,component-35bb2af9fb7b9d5f,2036,4
2037:0:0,component-e1dffed4c1cf7734,2037,3
2038:0:0,component-e2e9c60163e9d8ec,2038,4
2039:0:0,component-d01eaee3abfc9565,2039,2
2039:0:1,component-d01eaee3abfc9565,2039,2
203:0:0,component-ce579528bd7b8a4c,203,0
2040:0:0,component-8d0a6ebab4d8a6b0,2040,3
2041:0:0,component-6c1628eb0a4bb060,2041,0
2041:2:0,component-6c1628eb0a4bb060,2041,0
2042:0:0,component-85a5bf07384408ee,2042,0
2043:0:0,component-7dd3cca06903d9f0,2043,2
2044:0:0,component-63065ed783cfe34b,2044,3
2045:0:0,component-b3d7b385acfd3d09,2045,2
2046:0:0,component-5da3faec624364b6,2046,4
2046:2:0,component-5da3faec624364b6,2046,4
2046:4:0,component-5da3faec624364b6,2046,4
2047:0:0,component-ea17cdd86ac67d27,2047,4
2048:0:0,component-07a6946eb523ecbb,2048,3
2049:0:0,component-e2107b5af97106c0,2049,0
204:0:0,component-45f792ba6794b123,204,0
2050:0:0,component-e8cab409e912ffb9,2050,1
2050:2:0,component-e8cab409e912ffb9,2050,1
2050:4:0,component-e8cab409e912ffb9,2050,1
2051:1:0,component-f39294ac3465f132,2051,2
2052:0:0,component-d59237b2bfa1c6a0,2052,3
2053:0:0,component-9a14f6cf565d3704,2053,1
2053:2:0,component-9a14f6cf565d3704,2053,1
2054:0:0,component-6b57bf0270b74590,2054,0
2055:0:0,component-387f4484af3b4c21,2055,4
2056:0:0,component-7eb62e520e0d9550,2056,3
2057:1:0,component-ca05e4f09b438a17,2057,3
2058:0:0,component-53aaa67d6c57ecd2,2058,3
2059:0:0,component-7f57254a19a5e8b7,2059,1
205:0:0,component-1ec85d2d36061273,205,4
205:2:0,component-1ec85d2d36061273,205,4
205:4:0,component-1ec85d2d36061273,205,4
2060:0:0,component-f4c0ee48f09d622c,2060,3
2060:2:0,component-f4c0ee48f09d622c,2060,3
2060:4:0,component-f4c0ee48f09d622c,2060,3
2060:6:0,component-f4c0ee48f09d622c,2060,3
2061:0:0,component-e9c744d55c23066a,2061,3
2062:0:0,component-ca6d67302e16f586,2062,3
2063:0:0,component-c97ca83cf571b159,2063,2
2064:0:0,component-4c680b87efbe5444,2064,3
2065:0:0,component-5e65b2bd738541a4,2065,0
2066:0:0,component-e5681177051e6537,2066,2
2067:0:0,component-1a24f211786ba2a7,2067,4
2068:0:0,component-d8668b414db06100,2068,2
2069:0:0,component-905fe141cb351d8e,2069,2
206:0:0,component-1cf70afc35fe77b9,206,3
2070:0:0,component-850e3db87ecdfbee,2070,4
2070:2:0,component-850e3db87ecdfbee,2070,4
2071:0:0,component-b01f5f1d874a08e7,2071,3
2072:1:0,component-44107328026f0ca5,2072,4
2073:1:0,component-45a430fa045b15b4,2073,2
2074:1:0,component-956f0196be81214b,2074,3
2074:3:0,component-956f0196be81214b,2074,3
2075:0:0,component-7fe62ca362a6e2b0,2075,0
2075:2:0,component-7fe62ca362a6e2b0,2075,0
2075:4:0,component-7fe62ca362a6e2b0,2075,0
2076:0:0,component-24c1e5d3499dfa7e,2076,2
2077:0:0,component-71e446cd331ddcb7,2077,4
2078:0:0,component-27ce8aec303a53a3,2078,4
2079:0:0,component-0e66993c7190eb8c,2079,2
207:0:0,component-a7c9a025b7244fc7,207,0
2080:0:0,component-24c7e93223919362,2080,3
2081:0:0,component-7ceb1effe1ed43b5,2081,4
2082:0:0,component-9e0aea32071fbb0b,2082,4
2083:0:0,component-4d11d6f34d571efb,2083,0
2084:0:0,component-fb7b93b9cafdd381,2084,2
2085:0:0,component-c3014ae4c7bdffaa,2085,4
2086:0:0,component-63d905bc2e439afc,2086,1
2086:2:0,component-63d905bc2e439afc,2086,1
2087:0:0,component-08f57cdcec513918,2087,3
2088:0:0,component-9e0e54011cb2db14,2088,0
2089:0:0,component-72e625a25fe74bba,2089,0
208:0:0,component-66bd1bc040cf7bde,208,0
2090:1:0,component-5602110ebe31256f,2090,3
2090:1:1,component-5602110ebe31256f,2090,3
2091:0:0,component-89ebfde8d45f4b54,2091,4
2092:0:0,component-78249d521db605ee,2092,0
2093:0:0,component-69e40cc2de17203e,2093,0
2094:0:0,component-9f3f24ea181d5881,2094,3
2095:0:0,component-383395e546f22cb1,2095,0
2095:2:0,component-383395e546f22cb1,2095,0
2096:0:0,component-fb190b6e9224b98c,2096,3
2097:0:0,component-aba9229f987ab812,2097,3
2098:0:0,component-7c88e7e3f3980bda,2098,1
2099:0:0,component-266439e6982e073d,2099,0
209:0:0,component-054d960af8fbe871,209,2
20:0:0,component-e414e6fb4118e9df,20,3
2100:0:0,component-1669601a252b1a66,2100,0
2101:1:0,component-fdbbf7aead397107,2101,4
2102:0:0,component-cce50274a01c964d,2102,3
2103:0:0,component-5f6c723ca4076ebb,2103,4
2104:0:0,component-a0bcc43b829e8731,2104,2
2105:0:0,component-8e205be5e7f55a4d,2105,2
2106:1:0,component-f63394f2cd8c8b99,2106,1
2107:0:0,component-082855b99d4314f0,2107,0
2107:2:0,component-082855b99d4314f0,2107,0
2107:4:0,component-082855b99d4314f0,2107,0
2108:0:0,component-670a2cdfc50bec70,2108,4
2109:0:0,component-ef1968855810447a,2109,0
210:0:0,component-92ab8600d339877a,210,2
2110:0:0,component-b8cc67257785b494,2110,4
2111:0:0,component-41b5fd36734124cf,2111,2
2112:0:0,component-e649b062f543b4e9,2112,3
2113:0:0,component-a01bc312ca03dbe8,2113,4
2114:0:0,component-08eb834b485c1641,2114,1
2114:2:0,component-08eb834b485c1641,2114,1
2115:0:0,component-94d720a9f440ea33,2115,4
2116:0:0,component-813fe467a472549d,2116,0
2116:2:0,component-813fe467a472549d,2116,0
2117:0:0,component-c01ec8256de5e5d6,2117,3
2118:0:0,component-9781d15c6f33a7b2,2118,3
2119:0:0,component-bf98a358e3272524,2119,1
211:0:0,component-c182876bc90cca23,211,4
2120:0:0,component-ddb5018c0d83a2bd,2120,4
2121:0:0,component-77d5e814c3ac4813,2121,3
2122:0:0,component-983c95fbc89be905,2122,1
2123:0:0,component-9f12af6e46caaa1b,2123,2
2124:0:0,component-16c4a654d712a8b5,2124,1
2125:0:0,component-53841efc816b0867,2125,3
2125:2:0,component-53841efc816b0867,2125,3
2126:0:0,component-45867d94d951fcac,2126,4
2127:0:0,component-0598300cf0646982,2127,1
2128:0:0,component-84912a6b95572d01,2128,0
212:0:0,component-645a728e5cc0d30f,212,1
212:2:0,component-645a728e5cc0d30f,212,1
2130:0:0,component-46b7e0fa5011501d,2130,3
2131:0:0,component-c124519531752a98,2131,3
2131:2:0,component-c124519531752a98,2131,3
2131:4:0,component-c124519531752a98,2131,3
2131:6:0,component-c124519531752a98,2131,3
2131:6:1,component-c124519531752a98,2131,3
2132:0:0,component-96d024af0387b650,2132,0
2133:0:0,component-a42c4f3d736dadb8,2133,3
2134:0:0,component-91c0d2a9757c97a9,2134,1
2135:0:0,component-d262c430d9eac159,2135,1
2135:2:0,component-d262c430d9eac159,2135,1
2136:0:0,component-0b6ff15f81b6d1f6,2136,3
2136:2:0,component-0b6ff15f81b6d1f6,2136,3
2137:0:0,component-ecabdf2b4bf97643,2137,3
2138:0:0,component-e811cc6c0b3aec00,2138,4
2139:0:0,component-f8822d75acd800b3,2139,2
2139:2:0,component-f8822d75acd800b3,2139,2
213:0:0,component-da624583c2a18976,213,0
2140:0:0,component-aaada7560401c985,2140,2
2141:0:0,component-f265788a60122a65,2141,0
2141:2:0,component-f265788a60122a65,2141,0
2141:4:0,component-f265788a60122a65,2141,0
2142:0:0,component-e8bc6026f3f60972,2142,2
2142:2:0,component-e8bc6026f3f60972,2142,2
2142:4:0,component-e8bc6026f3f60972,2142,2
2142:6:0,component-e8bc6026f3f60972,2142,2
2143:0:0,component-b0600b719026e0ac,2143,3
2144:0:0,component-b238a96ac8e7a4a1,2144,2
2145:0:0,component-5d7adfab40734eea,2145,0
2146:0:0,component-081da6e8a598809f,2146,0
2147:0:0,component-c7b66583ef29c131,2147,4
2148:0:0,component-ed57efd67387c2c1,2148,0
2149:0:0,component-3d788bbf8c9998bd,2149,3
2149:2:0,component-3d788bbf8c9998bd,2149,3
214:0:0,component-f78cb8a3b6a514d0,214,1
214:2:0,component-f78cb8a3b6a514d0,214,1
2150:0:0,component-b8280c116bcd1bc2,2150,3
2151:0:0,component-c69ced068df4bd42,2151,4
2152:0:0,component-1c706b4f7de8c8f0,2152,0
2153:0:0,component-25fcee4143ca5d04,2153,0
2154:0:0,component-3fee1ed40ddaf0bc,2154,3
2155:0:0,component-402aaef2b00d1844,2155,4
2156:0:0,component-3f38f6dc5c679c52,2156,4
2157:0:0,component-e6e2bccf65fdfeb2,2157,0
2158:0:0,component-69dbefcef1159c27,2158,0
2158:2:0,component-69dbefcef1159c27,2158,0
2158:4:0,component-69dbefcef1159c27,2158,0
2159:0:0,component-62393e4a58d6a0c3,2159,0
215:0:0,component-f2b72f03754e687f,215,0
2160:0:0,component-c10b0ec614da3720,2160,4
2161:0:0,component-8e72c5e0924d4e85,2161,2
2162:0:0,component-1ea729285589897a,2162,2
2162:2:0,component-1ea729285589897a,2162,2
2163:0:0,component-630fe0d67274a71a,2163,1
2164:0:0,component-d28228525d8cb559,2164,1
2165:0:0,component-fc2d5350c31b84f8,2165,0
2166:0:0,component-208620d7c013e254,2166,0
2167:0:0,component-0317b09d556e3433,2167,3
2168:0:0,component-e95a209d253ee1de,2168,1
2169:0:0,component-10d36291d89bdac4,2169,1
216:0:0,component-f0cd3bfbb819b728,216,3
2170:0:0,component-3f655a0117f6b33b,2170,0
2171:0:0,component-b1a54a2d3b72a97c,2171,1
2172:0:0,component-c4a8d5b475a8dc85,2172,4
2173:0:0,component-cf51be7c4a70a6d3,2173,3
2174:0:0,component-b16100c4fc417eb7,2174,1
2175:0:0,component-665a7a4e838456d2,2175,3
2176:0:0,component-d3548058aee742c8,2176,3
2177:0:0,component-d7ceb145381625e2,2177,2
2178:0:0,component-41c5a7c51ba7e188,2178,2
2178:2:0,component-41c5a7c51ba7e188,2178,2
2179:0:0,component-f8cf2ef7b35bc7c2,2179,3
2179:2:0,component-f8cf2ef7b35bc7c2,2179,3
217:0:0,component-0a910edc5f66cf51,217,3
2180:0:0,component-82c9af5dd0de5d8f,2180,3
2181:0:0,component-1a0aaf66db013345,2181,2
2182:0:0,component-3e172c211cd159f7,2182,3
2183:0:0,component-b06e7fef474d9b4c,2183,4
2184:0:0,component-550341798865625f,2184,0
2185:0:0,component-e247c73cc4a2b384,2185,1
2186:0:0,component-54656eb56d223ddb,2186,2
2186:10:0,component-54656eb56d223ddb,2186,2
2186:12:0,component-54656eb56d223ddb,2186,2
2186:14:0,component-54656eb56d223ddb,2186,2
2186:14:1,component-54656eb56d223ddb,2186,2
2186:14:2,component-54656eb56d223ddb,2186,2
2186:14:3,component-54656eb56d223ddb,2186,2
2186:2:0,component-54656eb56d223ddb,2186,2
2186:4:0,component-54656eb56d223ddb,2186,2
2186:6:0,component-54656eb56d223ddb,2186,2
2186:8:0,component-54656eb56d223ddb,2186,2
2187:0:0,component-95648914f6152dc0,2187,4
2188:0:0,component-a02a74437395ebf2,2188,4
2189:0:0,component-36036786b66ec417,2189,1
218:0:0,component-e57dc83775b4cf12,218,0
2190:1:0,component-a041cb254aad2877,2190,0
2191:0:0,component-3c2a8e1ccb48ef50,2191,0
2192:0:0,component-1c59def629b03ef1,2192,4
2193:0:0,component-096d72d0a8cb4b88,2193,2
2194:0:0,component-f8b29bc509355a2f,2194,4
2195:0:0,component-23f1fce516554d6c,2195,3
2196:0:0,component-a94645981a76835b,2196,1
2197:0:0,component-eccbdd5ce6468d50,2197,3
2197:2:0,component-eccbdd5ce6468d50,2197,3
2198:1:0,component-0bcdc1f59313d11c,2198,4
2198:3:0,component-0bcdc1f59313d11c,2198,4
2199:0:0,component-4b8c38b72c4b7c4c,2199,4
2199:0:1,component-4b8c38b72c4b7c4c,2199,4
2199:2:0,component-4b8c38b72c4b7c4c,2199,4
219:1:0,component-cb437aece68e06f8,219,2
219:3:0,component-cb437aece68e06f8,219,2
21:0:0,component-060563f1a9eff48c,21,3
2200:0:0,component-f26e9d9f2dbab6c0,2200,1
2201:0:0,component-942950fe00fc7c36,2201,3
2202:1:0,component-8d01839988b71e03,2202,3
2203:0:0,component-d3edb01d91c495bb,2203,2
2203:2:0,component-d3edb01d91c495bb,2203,2
2204:0:0,component-bc6893ec4d8edb91,2204,3
2204:0:1,component-bc6893ec4d8edb91,2204,3
2205:0:0,component-a09a18390f71afce,2205,1
2206:0:0,component-58f99ad77b3463bb,2206,2
2206:2:0,component-58f99ad77b3463bb,2206,2
2207:0:0,component-5d9c20ba8182c19c,2207,0
2208:0:0,component-c6b14855d68d7e4b,2208,3
2208:2:0,component-c6b14855d68d7e4b,2208,3
2209:0:0,component-47ef2f989f6a1648,2209,1
220:0:0,component-672477442fe49acd,220,1
2210:0:0,component-dc8c504a7f29a60e,2210,4
2210:0:1,component-dc8c504a7f29a60e,2210,4
2211:0:0,component-e5c98a72002baadd,2211,0
2212:0:0,component-c3001663bf412c06,2212,0
2212:2:0,component-c3001663bf412c06,2212,0
2213:0:0,component-9a2a9b81f5de8992,2213,3
2214:0:0,component-cd4c299e1adb44c9,2214,2
2215:0:0,component-071629b32e044993,2215,3
2215:0:1,component-071629b32e044993,2215,3
2215:0:2,component-071629b32e044993,2215,3
2215:2:0,component-071629b32e044993,2215,3
2216:0:0,component-221617932aac175f,2216,4
2217:0:0,component-c2fa0e4525e20e56,2217,3
2218:0:0,component-a70d014c1bab019c,2218,3
2219:0:0,component-927933d88a923ce5,2219,1
221:0:0,component-06a0aa0d207fe413,221,0
2220:0:0,component-45672d4461f41729,2220,0
2221:0:0,component-399171058aaa0cf7,2221,0
2222:0:0,component-281700c3189425a2,2222,1
2222:2:0,component-281700c3189425a2,2222,1
2223:0:0,component-71ca7cbd37a8131d,2223,3
2224:0:0,component-aaae56d1392eaa5c,2224,0
2225:0:0,component-bf30bc2876413cc4,2225,1
2226:0:0,component-d3b626cfc40f5cbd,2226,2
2226:2:0,component-d3b626cfc40f5cbd,2226,2
2227:0:0,component-fb46687d4c3117a9,2227,4
2228:0:0,component-384f819238f812b4,2228,2
2229:0:0,component-8cdc18129679f963,2229,4
222:0:0,component-d54874de4434d21b,222,0
2230:1:0,component-4422868fadcc3397,2230,3
2231:0:0,component-e0b4a12b63b7c8df,2231,1
2232:0:0,component-37ee4c7d573be3ec,2232,1
2233:0:0,component-29b775a815189c92,2233,0
2234:0:0,component-813a01cd6c597ce5,2234,4
2235:0:0,component-5c7da823b2d8e1d9,2235,0
2236:0:0,component-7b4962ecc6f247c9,2236,4
2236:2:0,component-7b4962ecc6f247c9,2236,4
2237:0:0,component-d35497b63df21c1d,2237,2
2238:0:0,component-af88de73edc8b8d4,2238,3
2238:2:0,component-af88de73edc8b8d4,2238,3
2239:0:0,component-12c7347974404854,2239,2
223:0:0,component-f8dfab9fc5d6f0a4,223,2
2240:0:0,component-b72ab09d3c2b3ca5,2240,1
2241:0:0,component-14d1c7d9dc2c5ec7,2241,2
2242:0:0,component-a5e5f4bd2a78d80d,2242,4
2242:2:0,component-a5e5f4bd2a78d80d,2242,4
2243:0:0,component-e73fb2605bc426b9,2243,3
2243:2:0,component-e73fb2605bc426b9,2243,3
2244:0:0,component-ed80c5b33dd8f6db,2244,1
2245:0:0,component-1d7c16cf289db248,2245,1
2245:2:0,component-1d7c16cf289db248,2245,1
2246:0:0,component-b7935c74b0d5f755,2246,2
2247:0:0,component-d2a08c146d91b260,2247,0
2248:0:0,component-261dc22b25887232,2248,3
2248:2:0,component-261dc22b25887232,2248,3
2249:0:0,component-5b1a59af922cb629,2249,2
224:0:0,component-d35990f632f71ef8,224,2
2250:0:0,component-03d41d5235d8ae9f,2250,1
2252:0:0,component-65d5753b6de1acec,2252,4
2253:0:0,component-d642c7628877bba1,2253,2
2254:0:0,component-abc99406ba9329a7,2254,0
2255:1:0,component-03cdc018e4a16576,2255,2
2256:0:0,component-6486fac1e8e781d1,2256,0
2256:2:0,component-6486fac1e8e781d1,2256,0
2256:4:0,component-6486fac1e8e781d1,2256,0
2256:6:0,component-6486fac1e8e781d1,2256,0
2257:0:0,component-340d058f9cbd6273,2257,0
2258:0:0,component-06d28ab22a931582,2258,1
2259:0:0,component-a376b289c92262a0,2259,0
2259:2:0,component-a376b289c92262a0,2259,0
225:0:0,component-6371a6c6015fbc50,225,2
2260:1:0,component-a18d1dc2dbe35345,2260,3
2260:3:0,component-a18d1dc2dbe35345,2260,3
2261:0:0,component-eab8f7af05a344d5,2261,1
2262:0:0,component-9f674456f3cbe554,2262,1
2263:0:0,component-7f3011fdaedacbdc,2263,2
2264:0:0,component-9a9a1409cd24fd21,2264,2
2265:0:0,component-620290f09095ed0b,2265,3
2266:0:0,component-809c15ed5eab617b,2266,4
2267:0:0,component-3033387208f4b190,2267,2
2268:0:0,component-74252a006d97e273,2268,3
2269:0:0,component-dccb29c10aa25be4,2269,1
2269:2:0,component-dccb29c10aa25be4,2269,1
226:0:0,component-4a2772e690f25295,226,0
226:2:0,component-4a2772e690f25295,226,0
2270:0:0,component-9f3266c404df2005,2270,2
2271:0:0,component-b40e16274cb5a16d,2271,3
2272:0:0,component-fce0b88e70b93667,2272,3
2273:0:0,component-e7cc6f2b9ae7988c,2273,1
2273:2:0,component-e7cc6f2b9ae7988c,2273,1
2274:0:0,component-09590379ba230c67,2274,4
2275:0:0,component-9745160daa6b973c,2275,1
2275:2:0,component-9745160daa6b973c,2275,1
2275:4:0,component-9745160daa6b973c,2275,1
2276:0:0,component-ea3a41ae0c5ed284,2276,4
2277:0:0,component-7a4963ad9009e074,2277,3
2278:0:0,component-0a35d49acfbdd6a4,2278,2
2279:0:0,component-47a2dd44564c8f93,2279,4
2279:2:0,component-47a2dd44564c8f93,2279,4
227:0:0,component-94e5743cb32b9cab,227,0
227:2:0,component-94e5743cb32b9cab,227,0
2280:0:0,component-2d886cfc6dae423f,2280,0
2281:0:0,component-554a2d3019f399fb,2281,3
2282:0:0,component-01207d90428dd4b4,2282,1
2283:0:0,component-75c722d71b7bf411,2283,0
2284:0:0,component-57148b134d6d959b,2284,0
2285:0:0,component-c681eebc9bf655dd,2285,2
2286:0:0,component-0e939298f4a8528b,2286,4
2287:0:0,component-5cf46f901c5c30da,2287,2
2288:0:0,component-74437338321d5d0f,2288,0
2289:0:0,component-cf207ea6e83877f1,2289,3
228:0:0,component-1b94b33db3a77762,228,4
2290:0:0,component-036bb76446748405,2290,1
2290:2:0,component-036bb76446748405,2290,1
2290:4:0,component-036bb76446748405,2290,1
2291:0:0,component-31867827a60c98cc,2291,4
2292:0:0,component-67bfe0e996db65de,2292,2
2292:2:0,component-67bfe0e996db65de,2292,2
2292:4:0,component-67bfe0e996db65de,2292,2
2292:6:0,component-67bfe0e996db65de,2292,2
2293:0:0,component-2ea9c39cdd7ae429,2293,3
2294:0:0,component-32506a86a8902556,2294,3
2294:2:0,component-32506a86a8902556,2294,3
2294:2:1,component-32506a86a8902556,2294,3
2294:4:0,component-32506a86a8902556,2294,3
2295:0:0,component-edb3de9bb6067a39,2295,3
2295:0:1,component-edb3de9bb6067a39,2295,3
2296:0:0,component-4d5ce47a9f3f1cf4,2296,2
2297:0:0,component-0991a99117d376ee,2297,3
2298:0:0,component-d4c04eff77717321,2298,2
2298:2:0,component-d4c04eff77717321,2298,2
2298:4:0,component-d4c04eff77717321,2298,2
2299:0:0,component-b031b6bf3f9e5099,2299,0
2299:0:1,component-b031b6bf3f9e5099,2299,0
2299:2:0,component-b031b6bf3f9e5099,2299,0
229:0:0,component-21105dcd14824e2b,229,3
22:0:0,component-a36119367e2e455f,22,1
2300:0:0,component-b5e0b0737d2f3584,2300,3
2301:0:0,component-274bfc03f72dda68,2301,3
2302:0:0,component-622e3953917dae7e,2302,1
2303:0:0,component-69e267a8a3d383d5,2303,4
2304:0:0,component-05fec53295d1f866,2304,3
2305:0:0,component-004f02330700cc53,2305,0
2305:2:0,component-004f02330700cc53,2305,0
2306:0:0,component-c28d040d57ffc743,2306,1
2307:0:0,component-143fb2d9289ce321,2307,2
2308:0:0,component-a116ae9dfc049a47,2308,2
2308:2:0,component-a116ae9dfc049a47,2308,2
2309:0:0,component-8122207ee454e917,2309,1
230:0:0,component-795acaa19c957fdf,230,4
2310:0:0,component-5df7a102b8336d4d,2310,3
2310:2:0,component-5df7a102b8336d4d,2310,3
2311:0:0,component-39cd7225589eeb7a,2311,3
2311:2:0,component-39cd7225589eeb7a,2311,3
2311:4:0,component-39cd7225589eeb7a,2311,3
2312:0:0,component-69422f8fcf0e5c49,2312,3
2313:0:0,component-e42b71cb0f9a1c23,2313,3
2314:0:0,component-e3b86846e74c5658,2314,1
2314:2:0,component-e3b86846e74c5658,2314,1
2315:0:0,component-dea20d50002272fc,2315,1
2315:2:0,component-dea20d50002272fc,2315,1
2315:4:0,component-dea20d50002272fc,2315,1
2316:0:0,component-f9234f7dbb65a073,2316,0
2317:0:0,component-3e74aef31bc38579,2317,0
2318:0:0,component-50ed6a69deb1d5bf,2318,0
2319:0:0,component-c523f49301e84522,2319,3
2319:2:0,component-c523f49301e84522,2319,3
231:0:0,component-b3dd55cdf272c073,231,4
2320:0:0,component-eb1b42e35be732a7,2320,0
2321:0:0,component-10775d910b810dd7,2321,1
2322:0:0,component-73fceab3d6b809af,2322,4
2323:0:0,component-9f8326067d710159,2323,3
2324:0:0,component-25baacc6a5c6eabd,2324,0
2325:0:0,component-ea3d8bd8cfc318db,2325,3
2326:0:0,component-2c4ece8fd068fad7,2326,3
2326:2:0,component-2c4ece8fd068fad7,2326,3
2327:1:0,component-c99b931280db04cc,2327,2
2328:0:0,component-58c2cde7c1027910,2328,0
2329:0:0,component-86d8dea5fd4a0a3a,2329,3
232:0:0,component-5ba26775a6eea27e,232,1
2330:0:0,component-e96b84704558ebe4,2330,1
2331:0:0,component-67fc6e3b5e7dabb9,2331,4
2332:0:0,component-c51401b295808d5f,2332,2
2333:0:0,component-896c7b4b403cda1c,2333,1
2334:0:0,component-e0065805b310a056,2334,2
2334:2:0,component-e0065805b310a056,2334,2
2334:4:0,component-e0065805b310a056,2334,2
2335:0:0,component-42df6d8e63462862,2335,0
2335:2:0,component-42df6d8e63462862,2335,0
2336:0:0,component-b897e9ce3794da21,2336,3
2337:0:0,component-79bfcf68ce805ef1,2337,1
2337:2:0,component-79bfcf68ce805ef1,2337,1
2337:4:0,component-79bfcf68ce805ef1,2337,1
2338:0:0,component-86c2d28660aebb28,2338,1
2339:0:0,component-9625945e7c333937,2339,1
233:0:0,component-d6a52673eed2d3ee,233,3
2340:0:0,component-0d261ede5f2632e6,2340,4
2341:0:0,component-ba600b3e90e79e1d,2341,0
2342:0:0,component-593042a7b9727974,2342,4
2343:0:0,component-ec4a0227e1ba401b,2343,3
2343:2:0,component-ec4a0227e1ba401b,2343,3
2344:0:0,component-981b27636306bc91,2344,0
2345:0:0,component-3466cef0061b67b1,2345,4
2346:0:0,component-f0a92c40b133d962,2346,4
2346:2:0,component-f0a92c40b133d962,2346,4
2347:0:0,component-90b248ba0e377f4c,2347,0
2347:2:0,component-90b248ba0e377f4c,2347,0
2348:0:0,component-061cfb572db00b14,2348,4
2348:2:0,component-061cfb572db00b14,2348,4
2349:0:0,component-9b27e4f809448f4f,2349,1
234:0:0,component-82c801b753ed7d51,234,1
234:2:0,component-82c801b753ed7d51,234,1
234:4:0,component-82c801b753ed7d51,234,1
2350:0:0,component-ffbca5756138825e,2350,4
2351:0:0,component-39807e4deb4b9c00,2351,3
2352:0:0,component-472bf53623fb615f,2352,3
2352:2:0,component-472bf53623fb615f,2352,3
2353:0:0,component-b914432331447afc,2353,0
2354:0:0,component-5e4a8e3468aa2dd3,2354,1
2355:0:0,component-796c77d72de343a8,2355,1
2356:0:0,component-5982e13b8129e830,2356,2
2357:0:0,component-eb21c33f8fad4494,2357,3
2357:2:0,component-eb21c33f8fad4494,2357,3
2358:0:0,component-b5ae7cd234381ac2,2358,0
2358:2:0,component-b5ae7cd234381ac2,2358,0
2359:0:0,component-c4f1cab987cab82b,2359,3
235:0:0,component-2d8e8e59e9d7b20f,235,4
2360:0:0,component-dbdae06b88e1099f,2360,1
2360:2:0,component-dbdae06b88e1099f,2360,1
2361:0:0,component-f4413c832a621eda,2361,2
2361:2:0,component-f4413c832a621eda,2361,2
2362:0:0,component-16c0d5a3510c54d4,2362,1
2363:0:0,component-9cd8c353c3e22c0c,2363,4
2364:0:0,component-f64a9e52a21be383,2364,0
2364:2:0,component-f64a9e52a21be383,2364,0
2365:0:0,component-02b398f63b9e4b0c,2365,1
2366:0:0,component-f9280474df96f1cc,2366,0
2367:0:0,component-81b17f24086d1b82,2367,3
2368:0:0,component-7186229317e47883,2368,2
2369:0:0,component-3dc7709f108d5c0d,2369,3
236:0:0,component-3fbb8cf7f3270c98,236,3
2370:0:0,component-c78e43b753e8bc69,2370,0
2371:0:0,component-da8cdc5ae15555ea,2371,2
2372:0:0,component-908c508f817314aa,2372,3
2372:2:0,component-908c508f817314aa,2372,3
2373:0:0,component-12a1543bfda68940,2373,0
2374:0:0,component-182f3d3be0d33a0e,2374,4
2375:0:0,component-5bb3c57d013748d1,2375,2
2376:0:0,component-d7e5821deb0e14c7,2376,4
2377:0:0,component-404684e07ea6b3df,2377,3
2378:0:0,component-3a6f2f1826d11c2f,2378,0
2379:0:0,component-eae30ea0f1ed55ba,2379,4
237:0:0,component-bdc99206a8db794f,237,0
2380:0:0,component-0ae9e3e2a23c5fda,2380,1
2381:0:0,component-3bf802a3500d1cb7,2381,2
2382:0:0,component-e91cb8721d38c3e7,2382,2
2383:0:0,component-ffe4a1105bc24713,2383,4
2383:0:1,component-ffe4a1105bc24713,2383,4
2383:2:0,component-ffe4a1105bc24713,2383,4
2384:0:0,component-0735a46675cda155,2384,2
2385:0:0,component-8b0234cbac9bfaec,2385,1
2386:0:0,component-89ce7150f5e74eb6,2386,0
2387:0:0,component-a7267ff559de346d,2387,0
2388:1:0,component-61c7492bb5027639,2388,3
2389:0:0,component-9002547c9de559f5,2389,2
238:1:0,component-26be2ce79a8921c5,238,2
2390:0:0,component-834f347b4d142dcc,2390,4
2391:0:0,component-ddb0a625c5f0d535,2391,3
2392:0:0,component-0f11df14dd55dd20,2392,1
2392:2:0,component-0f11df14dd55dd20,2392,1
2392:4:0,component-0f11df14dd55dd20,2392,1
2393:0:0,component-32fe4e262cc45807,2393,2
2394:0:0,component-b523b0128a93cbbf,2394,3
2395:0:0,component-396d1ec67dadc972,2395,4
2396:0:0,component-ed00599c7ceacba2,2396,1
2396:2:0,component-ed00599c7ceacba2,2396,1
2397:0:0,component-2e4710cea56db710,2397,2
2397:2:0,component-2e4710cea56db710,2397,2
2397:4:0,component-2e4710cea56db710,2397,2
2398:0:0,component-b201cee664f0289c,2398,4
2399:0:0,component-514a2b6b042c5296,2399,3
2399:2:0,component-514a2b6b042c5296,2399,3
239:0:0,component-71a9e45e104d6a1b,239,3
23:0:0,component-401530d9344d19df,23,4
2400:0:0,component-e77764e4d80b98ab,2400,2
2400:0:1,component-e77764e4d80b98ab,2400,2
2401:0:0,component-df865dce08f62e7e,2401,1
2402:0:0,component-9a33952d73351e3a,2402,1
2402:2:0,component-9a33952d73351e3a,2402,1
2402:4:0,component-9a33952d73351e3a,2402,1
2403:0:0,component-46e86bb9458d157a,2403,4
2404:0:0,component-d212969a79ffe415,2404,1
2405:0:0,component-2f737475f0fa9821,2405,1
2405:2:0,component-2f737475f0fa9821,2405,1
2406:0:0,component-9ff148d42c6decba,2406,0
2407:0:0,component-38d4efcf6909a05d,2407,4
2408:0:0,component-4acec0746c6bb07d,2408,0
2409:0:0,component-961a90a127d3225a,2409,4
240:1:0,component-7cb21768648af8b4,240,3
240:3:0,component-7cb21768648af8b4,240,3
240:5:0,component-7cb21768648af8b4,240,3
2410:0:0,component-ca7b835327aa5fa7,2410,4
2411:0:0,component-99d8b8a73523f6e0,2411,3
2411:2:0,component-99d8b8a73523f6e0,2411,3
2412:0:0,component-8598a58bc56d9906,2412,3
2413:0:0,component-b78df9bbe20c4336,2413,2
2414:0:0,component-5429884cc83f3754,2414,2
2414:2:0,component-5429884cc83f3754,2414,2
2414:4:0,component-5429884cc83f3754,2414,2
2415:0:0,component-bd145291f87dd297,2415,3
2416:0:0,component-b412a9b31394786d,2416,4
2417:0:0,component-66ad893d48639aa2,2417,4
2417:2:0,component-66ad893d48639aa2,2417,4
2418:0:0,component-ccf7574720e7f321,2418,1
2419:0:0,component-70198c5c277bd03a,2419,3
241:0:0,component-1de418497efd7834,241,4
2420:0:0,component-57f1a8dabba3bc0a,2420,0
2421:0:0,component-947f74c0c7b47cfb,2421,0
2422:0:0,component-ef3683eb4f80a2df,2422,2
2423:0:0,component-ec211831d1e65139,2423,4
2424:0:0,component-c0cc1c8fd1c39f65,2424,1
2425:0:0,component-ee43540afaffba01,2425,3
2426:1:0,component-7ad3ff26545ad15b,2426,4
2426:3:0,component-7ad3ff26545ad15b,2426,4
2427:0:0,component-e0f7a74184fc9c39,2427,4
2427:2:0,component-e0f7a74184fc9c39,2427,4
2428:0:0,component-4a4287532aa69039,2428,4
2428:2:0,component-4a4287532aa69039,2428,4
2429:0:0,component-9d12e25584f761c6,2429,4
242:0:0,component-5f2151f3d9914550,242,4
242:2:0,component-5f2151f3d9914550,242,4
242:4:0,component-5f2151f3d9914550,242,4
2430:1:0,component-f2885b0450d0da45,2430,1
2431:0:0,component-bf4d37b76833f2fb,2431,2
2432:0:0,component-bcbf57d7055daa81,2432,3
2433:0:0,component-5e3f66d20e8a5960,2433,2
2434:0:0,component-56c3e3dd193f24be,2434,3
2435:0:0,component-4dff38452a8c5208,2435,3
2435:2:0,component-4dff38452a8c5208,2435,3
2435:4:0,component-4dff38452a8c5208,2435,3
2436:0:0,component-5b2fb5b4a580967f,2436,2
2437:0:0,component-54243b5b316278d1,2437,0
2438:0:0,component-1d9ab8fd8bb8a5a4,2438,2
2439:0:0,component-a7fd10c923ffada5,2439,2
243:0:0,component-c8cc436463075336,243,3
243:2:0,component-c8cc436463075336,243,3
2440:0:0,component-3fdce943c346ab3b,2440,4
2441:0:0,component-8bbe1b67da06c68e,2441,3
2442:1:0,component-149460bed7c7af0b,2442,1
2443:0:0,component-29ea8a72a310c78e,2443,2
2443:2:0,component-29ea8a72a310c78e,2443,2
2444:0:0,component-51c17319a868119c,2444,3
2445:0:0,component-c926421ab769db06,2445,3
2446:1:0,component-657d91f18dd75f4e,2446,3
2447:0:0,component-ff3f61c169af35ce,2447,4
2448:0:0,component-8cf38b446b393791,2448,1
2448:2:0,component-8cf38b446b393791,2448,1
2448:4:0,component-8cf38b446b393791,2448,1
2448:6:0,component-8cf38b446b393791,2448,1
2449:0:0,component-fcd7a816a8da6b77,2449,1
244:0:0,component-af5cbfb5e606949a,244,2
2450:0:0,component-e774b15423aafa26,2450,3
2451:1:0,component-24c60725bcbadde2,2451,1
2452:0:0,component-69d3f54fb07d358d,2452,3
2453:0:0,component-cdf4ccca508767c5,2453,2
2454:0:0,component-3c231ba4b9123379,2454,3
2455:0:0,component-42c775dca8617af3,2455,1
2455:2:0,component-42c775dca8617af3,2455,1
2455:4:0,component-42c775dca8617af3,2455,1
2456:0:0,component-76d40253195e775b,2456,2
2457:0:0,component-f7541a0e8f83c2f6,2457,3
2458:0:0,component-6d928491d7c33df3,2458,1
2459:0:0,component-76eab0da9db10935,2459,2
245:0:0,component-8cdf6a2ac18f3d79,245,0
2460:0:0,component-5701cdae8efa9c59,2460,1
2460:2:0,component-5701cdae8efa9c59,2460,1
2461:1:0,component-fa8e518f36f6e640,2461,3
2462:0:0,component-1b04a2983976b4fe,2462,2
2463:0:0,component-05553c3f30fb6ca3,2463,3
2464:0:0,component-4ad8ae37ea49e7f0,2464,2
2465:0:0,component-d693b8f0e53197ea,2465,0
2466:0:0,component-e0bd50168fb609f3,2466,4
2467:0:0,component-f1756383e428ee07,2467,3
2468:0:0,component-f23f39554925716f,2468,0
2469:0:0,component-4ada2a0054cff623,2469,0
246:1:0,component-8c62375eb158fdce,246,3
2470:0:0,component-c29302b36d8e5709,2470,4
2472:0:0,component-e38dd06421999a59,2472,4
2473:0:0,component-f2af28af99d5d0d0,2473,2
2474:0:0,component-dd9bfebdb496040f,2474,3
2475:0:0,component-3ed730855d068010,2475,1
2476:0:0,component-75c77251433bfbb6,2476,0
2476:2:0,component-75c77251433bfbb6,2476,0
2477:0:0,component-8d29449c056057b8,2477,4
2478:0:0,component-4eb75e007fe787c3,2478,0
2479:0:0,component-2a6adec60a017745,2479,0
247:0:0,component-fdaec9c758c86c0d,247,2
2480:0:0,component-b9e53668848818e0,2480,0
2481:0:0,component-0a98fdf7fca26d68,2481,3
2482:0:0,component-bda16a2b028542ab,2482,4
2482:2:0,component-bda16a2b028542ab,2482,4
2483:1:0,component-ef48385d6c05f83b,2483,2
2484:0:0,component-9ca405e7abaf0aba,2484,1
2485:0:0,component-4ee1d2a991511e7e,2485,1
2486:0:0,component-bdb10c32447ebe8a,2486,0
2487:0:0,component-9b52a45762ac53f5,2487,4
2487:2:0,component-9b52a45762ac53f5,2487,4
2488:0:0,component-97b7867d10814935,2488,0
2488:0:1,component-97b7867d10814935,2488,0
2488:0:2,component-97b7867d10814935,2488,0
2489:0:0,component-b9bd58ae68893ef4,2489,3
2489:2:0,component-b9bd58ae68893ef4,2489,3
2489:4:0,component-b9bd58ae68893ef4,2489,3
248:1:0,component-3a8747d375423540,248,2
248:3:0,component-3a8747d375423540,248,2
248:5:0,component-3a8747d375423540,248,2
2490:1:0,component-c222c162103c45ba,2490,0
2490:3:0,component-c222c162103c45ba,2490,0
2490:5:0,component-c222c162103c45ba,2490,0
2491:0:0,component-a8ff7385dd7efb50,2491,2
2492:0:0,component-fdd246c9af2b48f9,2492,3
2493:1:0,component-bf9cad4fb0ace28a,2493,4
2494:0:0,component-6e8db95318126694,2494,1
2495:0:0,component-c6354522dd018ed0,2495,3
2496:0:0,component-36d9a702b5949adb,2496,3
2497:0:0,component-ce37d1efa3d627bd,2497,4
2498:1:0,component-9871bf242e882e31,2498,4
2499:0:0,component-214bf172715d9f7b,2499,4
249:0:0,component-c3a2b5c3c40f03a8,249,2
24:0:0,component-e73ec4f39cf40e8d,24,2
2500:0:0,component-fde533dd63c8df63,2500,3
2501:0:0,component-491b9484c6ac7328,2501,4
2501:2:0,component-491b9484c6ac7328,2501,4
2502:0:0,component-a4d9e07b796c8e3c,2502,4
2503:0:0,component-22fd1c2ac220c359,2503,0
2504:0:0,component-09c843b6398d2f8a,2504,3
2504:2:0,component-09c843b6398d2f8a,2504,3
2505:0:0,component-16f77ac1a207a767,2505,4
2506:0:0,component-9834acc6a22c088b,2506,3
2507:0:0,component-fa280121795cd29c,2507,0
2508:0:0,component-c6434bb7bdafd978,2508,1
2508:2:0,component-c6434bb7bdafd978,2508,1
2509:0:0,component-ce0cc315b58f9340,2509,2
250:0:0,component-21785a6d0e24dd4d,250,0
2510:0:0,component-ff20ffc5b400a800,2510,1
2511:0:0,component-cce4fd6569198a12,2511,1
2512:0:0,component-dec6bad2721c1e13,2512,0
2513:0:0,component-f4de4659c3d6150f,2513,3
2514:0:0,component-f37bdfed57023320,2514,4
2515:0:0,component-81c0c428cffbad81,2515,3
2516:0:0,component-0bef58bf0c3e196f,2516,1
2517:0:0,component-e745408456cdd967,2517,0
2518:0:0,component-5be6a512cc3f15d2,2518,0
2519:0:0,component-15154c72db91b816,2519,3
251:0:0,component-13cf21c8d483a605,251,3
2520:0:0,component-8cd44a654e4fd7fa,2520,0
2520:2:0,component-8cd44a654e4fd7fa,2520,0
2521:0:0,component-a95d70682ddcd48f,2521,1
2522:0:0,component-e5c3d75738fa1733,2522,4
2523:0:0,component-9b2b8278b1cd1c8c,2523,0
2524:0:0,component-d636b3fcdf224cf5,2524,2
2525:0:0,component-7393856e44641a42,2525,3
2526:0:0,component-d7c3f4252c4ef8d3,2526,1
2527:0:0,component-b5d55964a823ffef,2527,2
2527:2:0,component-b5d55964a823ffef,2527,2
2528:0:0,component-c0f824482f077b37,2528,0
2529:0:0,component-ef77576fbd6fa414,2529,1
252:0:0,component-b3e0166779b4cbe7,252,2
2530:0:0,component-bbed5376eb991e3c,2530,2
2530:0:1,component-bbed5376eb991e3c,2530,2
2530:0:2,component-bbed5376eb991e3c,2530,2
2531:0:0,component-8a2be454c20def0d,2531,4
2531:2:0,component-8a2be454c20def0d,2531,4
2531:4:0,component-8a2be454c20def0d,2531,4
2532:0:0,component-268d60959eff2788,2532,1
2533:0:0,component-f116a87e0721c651,2533,2
2534:0:0,component-76395e5636bd389d,2534,1
2535:0:0,component-0274910e834d2fe9,2535,3
2536:0:0,component-5699c2a48b485b9b,2536,3
2537:0:0,component-494fe43374ce7ce8,2537,4
2538:0:0,component-f3f247df9b4e77dd,2538,1
2538:2:0,component-f3f247df9b4e77dd,2538,1
2539:0:0,component-1a608b1af6cf11a4,2539,0
253:0:0,component-bcb575d06e603adf,253,4
2540:0:0,component-227fa238e528bbfd,2540,0
2541:0:0,component-c4e77ca8444e45f2,2541,1
2542:0:0,component-d543b084d49afd3c,2542,3
2542:2:0,component-d543b084d49afd3c,2542,3
2542:4:0,component-d543b084d49afd3c,2542,3
2543:0:0,component-be2baf7bc34f3c3b,2543,2
2544:0:0,component-2ef38fdb6f3fdd68,2544,2
2545:0:0,component-8f7b78647a332708,2545,3
2546:0:0,component-943d17b54a8bfac6,2546,0
2547:0:0,component-1e0b5fcabc0468a0,2547,3
2548:0:0,component-380e0fd8eda373f5,2548,1
2549:0:0,component-54fcb171b02fc28c,2549,4
254:0:0,component-5560834f51a0bf12,254,0
2550:0:0,component-05ac2cffd088182f,2550,2
2551:0:0,component-9a71a839c67a2e80,2551,3
2551:0:1,component-9a71a839c67a2e80,2551,3
2551:2:0,component-9a71a839c67a2e80,2551,3
2552:0:0,component-5c4c07056a5f169c,2552,2
2553:0:0,component-d939b7878f3cfc0e,2553,2
2554:0:0,component-2829bf3f7e5fdeee,2554,3
2555:0:0,component-6d27d4be6788966d,2555,4
2556:0:0,component-3894be30069e5241,2556,2
2556:2:0,component-3894be30069e5241,2556,2
2557:0:0,component-fa335ef3ff0f7c52,2557,0
2558:0:0,component-dbd2e16e7cbcd27a,2558,3
2559:0:0,component-3cc826a11ca09c3a,2559,2
2559:2:0,component-3cc826a11ca09c3a,2559,2
255:0:0,component-2c386056dfbb0ed6,255,2
2560:0:0,component-6817372049adb8e9,2560,3
2560:2:0,component-6817372049adb8e9,2560,3
2561:0:0,component-8d5764f124de5f85,2561,4
2561:2:0,component-8d5764f124de5f85,2561,4
2562:0:0,component-3455689563a66502,2562,3
2563:1:0,component-c78087a4c048c564,2563,4
2564:0:0,component-8206f1a2b46d0dd7,2564,3
2565:0:0,component-955f1ddc2948b153,2565,1
2565:2:0,component-955f1ddc2948b153,2565,1
2565:4:0,component-955f1ddc2948b153,2565,1
2566:0:0,component-170b56443ae0c074,2566,2
2567:0:0,component-4df6744b94b7819e,2567,0
2567:2:0,component-4df6744b94b7819e,2567,0
2567:4:0,component-4df6744b94b7819e,2567,0
2567:6:0,component-4df6744b94b7819e,2567,0
2567:8:0,component-4df6744b94b7819e,2567,0
2568:0:0,component-10f762e8484833b1,2568,4
2569:0:0,component-ec21ec26a75f990e,2569,4
256:0:0,component-f230aa5c63c5372d,256,4
2570:0:0,component-ede9e402c62e85b7,2570,2
2571:0:0,component-ef058dfabc40ed26,2571,3
2572:0:0,component-7587cf18fb7fc5ab,2572,3
2572:2:0,component-7587cf18fb7fc5ab,2572,3
2573:0:0,component-2518396ce3533b19,2573,1
2573:2:0,component-2518396ce3533b19,2573,1
2573:4:0,component-2518396ce3533b19,2573,1
2574:0:0,component-50f60af52580e6ec,2574,1
2574:2:0,component-50f60af52580e6ec,2574,1
2575:0:0,component-729cd3f5ac41b199,2575,3
2576:0:0,component-3bb3cad6bdd4a92d,2576,0
2577:0:0,component-6f6700f56bb35012,2577,0
2578:1:0,component-9db7653d52f630ab,2578,4
2579:0:0,component-143e887171d33948,2579,0
2579:2:0,component-143e887171d33948,2579,0
257:0:0,component-65ef870ba23eeef2,257,3
2580:0:0,component-ddb8cbdaa322076c,2580,1
2581:0:0,component-34101681199cb9c5,2581,3
2582:0:0,component-15c3a18370aa3cd7,2582,1
2583:0:0,component-ce18b2f60b6f8652,2583,1
2583:0:1,component-ce18b2f60b6f8652,2583,1
2584:0:0,component-1bb4e53bcc6c3af5,2584,4
2585:0:0,component-a0e5ad3babddd37d,2585,0
2586:0:0,component-72086583bcb53a92,2586,1
2586:2:0,component-72086583bcb53a92,2586,1
2587:0:0,component-84f1ea97514b7fc6,2587,0
2588:0:0,component-09c282fed402fbd8,2588,2
2589:0:0,component-f47d414c3e4a13bb,2589,1
258:0:0,component-94b1976476d65648,258,2
2590:0:0,component-c9fa29bdf8ffe1be,2590,0
2591:0:0,component-d7798ab3c4a6de94,2591,2
2592:0:0,component-abadd613cf111ad9,2592,4
2593:0:0,component-fe8bdc6780563783,2593,0
2594:0:0,component-1a1b05481c2dde7a,2594,1
2595:0:0,component-edff96d7293aacf7,2595,2
2596:0:0,component-30c9190f74155203,2596,3
2597:0:0,component-cd1ad94a83667e85,2597,0
2598:0:0,component-59da8a17870b2569,2598,4
2598:2:0,component-59da8a17870b2569,2598,4
2599:0:0,component-27a6c7e9337a7dca,2599,3
2599:2:0,component-27a6c7e9337a7dca,2599,3
259:0:0,component-a6f477d9c203bd27,259,3
25:0:0,component-a2ecab8fc32b5308,25,0
2600:0:0,component-9662b7cfcb13c052,2600,1
2600:2:0,component-9662b7cfcb13c052,2600,1
2601:0:0,component-98cf881107221827,2601,0
2602:0:0,component-f2c80f3aca182ab5,2602,4
2603:0:0,component-7bc615fca27f720b,2603,3
2604:0:0,component-624e7373fed1417b,2604,0
2605:1:0,component-7ce8595233350111,2605,3
2606:0:0,component-dba0be64c5cc617a,2606,4
2607:0:0,component-a5bd293ec654752e,2607,1
2608:0:0,component-832c62c9496c7ac1,2608,4
2609:0:0,component-0f2073dacd18b0f0,2609,2
2609:2:0,component-0f2073dacd18b0f0,2609,2
2609:4:0,component-0f2073dacd18b0f0,2609,2
2609:6:0,component-0f2073dacd18b0f0,2609,2
2609:8:0,component-0f2073dacd18b0f0,2609,2
260:0:0,component-4684ad7758faed8e,260,3
2610:0:0,component-b5f51108c1330937,2610,1
2611:0:0,component-dad90d3d880ef7ce,2611,2
2612:0:0,component-daac7fe9254f5f63,2612,2
2613:0:0,component-6595652cfe5092f3,2613,2
2614:0:0,component-2085dccd338fd48b,2614,3
2615:0:0,component-b3583d4e990d12a5,2615,2
2615:2:0,component-b3583d4e990d12a5,2615,2
2616:1:0,component-1b9046100fac46e1,2616,3
2617:0:0,component-9ad04297f8fe8599,2617,4
2617:0:1,component-9ad04297f8fe8599,2617,4
2618:0:0,component-0eb7c9c7164dfa6f,2618,1
2619:0:0,component-3cf2d963488563ca,2619,2
2619:0:1,component-3cf2d963488563ca,2619,2
261:1:0,component-995371da41aa4850,261,3
2620:0:0,component-42018fbd6455b079,2620,4
2621:0:0,component-54ea5a1570df3622,2621,3
2622:0:0,component-c8ee8dc487c07058,2622,4
2623:0:0,component-cb1787e638626b79,2623,1
2624:0:0,component-5efe59560c24df8f,2624,1
2624:0:1,component-5efe59560c24df8f,2624,1
2624:2:0,component-5efe59560c24df8f,2624,1
2624:4:0,component-5efe59560c24df8f,2624,1
2625:0:0,component-03c938eebff16bda,2625,4
2626:0:0,component-5b5f92fe6cf62577,2626,0
2627:0:0,component-b02736b1289d82f3,2627,3
2628:0:0,component-69f5600191dc0575,2628,1
2628:2:0,component-69f5600191dc0575,2628,1
2629:0:0,component-cdae87dedb52895b,2629,2
262:0:0,component-2aa05f5df82f07db,262,4
2630:0:0,component-e1b901dfb3c32d3b,2630,4
2631:0:0,component-9a52175e3bf42b6d,2631,4
2632:0:0,component-4a90226f9649f210,2632,0
2632:2:0,component-4a90226f9649f210,2632,0
2633:0:0,component-87c066864f946444,2633,2
2634:0:0,component-150fb829b1e07e50,2634,1
2635:1:0,component-5f0ff97fcda1d943,2635,2
2636:0:0,component-6e61cc7c59d99db1,2636,4
2637:0:0,component-98ad125183db9f61,2637,2
2638:0:0,component-9a18ea3a0b50722d,2638,2
263:0:0,component-b3f83110223ed049,263,2
2640:0:0,component-add3aa6acd1d0fd7,2640,2
2641:0:0,component-f911c91f1b3c9c71,2641,0
2642:0:0,component-f950bd3ae77f1ad2,2642,0
2643:0:0,component-48e8554d9e23c838,2643,2
2644:0:0,component-38e9d8924e300fe4,2644,4
2645:0:0,component-7b6b47cea76ccd24,2645,0
2645:2:0,component-7b6b47cea76ccd24,2645,0
2646:0:0,component-dafe2227ab9202ee,2646,4
2647:0:0,component-0aad1439167a0d5d,2647,2
2648:0:0,component-975302a7dc860ca2,2648,4
2649:0:0,component-900c7aec527aa855,2649,2
264:0:0,component-661cf2f6253443a6,264,4
2650:0:0,component-04ae9b3213086f12,2650,0
2650:2:0,component-04ae9b3213086f12,2650,0
2651:0:0,component-a2ebb535c4639be0,2651,3
2652:0:0,component-201d8bb379e8c284,2652,0
2653:0:0,component-9ef7dd26d7a7bd8e,2653,1
2653:2:0,component-9ef7dd26d7a7bd8e,2653,1
2653:4:0,component-9ef7dd26d7a7bd8e,2653,1
2653:6:0,component-9ef7dd26d7a7bd8e,2653,1
2653:8:0,component-9ef7dd26d7a7bd8e,2653,1
2654:0:0,component-bc367bdd79568a34,2654,3
2654:2:0,component-bc367bdd79568a34,2654,3
2655:0:0,component-8a04080b2d36fd49,2655,0
2656:1:0,component-a65d288c850427fb,2656,3
2657:0:0,component-a3492bf32dec630d,2657,1
2658:0:0,component-483f0b715122402b,2658,0
2659:0:0,component-e58a724f659f973f,2659,4
2659:2:0,component-e58a724f659f973f,2659,4
2659:4:0,component-e58a724f659f973f,2659,4
2659:6:0,component-e58a724f659f973f,2659,4
265:0:0,component-955f1ddc2948b153,265,1
265:0:1,component-955f1ddc2948b153,265,1
265:2:0,component-955f1ddc2948b153,265,1
265:4:0,component-955f1ddc2948b153,265,1
265:4:1,component-955f1ddc2948b153,265,1
2660:0:0,component-c8fef0a87012cc06,2660,1
2660:0:1,component-c8fef0a87012cc06,2660,1
2661:0:0,component-14f3119ab263e306,2661,1
2662:0:0,component-6428ca9c20e751ed,2662,0
2663:0:0,component-2c4813b56592e247,2663,0
2664:0:0,component-3037be5269aa110b,2664,3
2665:0:0,component-d9bf1099ce9fe35a,2665,2
2666:0:0,component-d37140952a95954c,2666,3
2666:2:0,component-d37140952a95954c,2666,3
2666:2:1,component-d37140952a95954c,2666,3
2667:0:0,component-cd6806b89c7a751e,2667,4
2668:0:0,component-696dc9e36f469d81,2668,4
2668:2:0,component-696dc9e36f469d81,2668,4
2669:0:0,component-8c9fbe6b68166bb6,2669,4
2669:2:0,component-8c9fbe6b68166bb6,2669,4
2669:4:0,component-8c9fbe6b68166bb6,2669,4
266:0:0,component-32d3996b905ad45d,266,1
266:2:0,component-32d3996b905ad45d,266,1
2670:0:0,component-f50995bcadaad304,2670,0
2671:0:0,component-5b0a473172cdf0a1,2671,3
2672:0:0,component-0e3a99446970e3c1,2672,1
2673:0:0,component-eac38c77fb476f2d,2673,4
2674:0:0,component-ac82c19c2cb5cf09,2674,0
2675:0:0,component-edc98f940b859d2a,2675,0
2676:0:0,component-b8dea86b5587dc96,2676,1
2677:0:0,component-26023b4dfa400a83,2677,4
2678:0:0,component-22cb56bef4e49fa2,2678,2
2679:0:0,component-cef2f2dc432dc082,2679,1
267:0:0,component-8ce97b430205447d,267,1
2680:0:0,component-c3f416745a0c57f6,2680,0
2681:0:0,component-8b5cf5e6306674f8,2681,4
2682:1:0,component-ae019007423c7d7e,2682,3
2683:0:0,component-ddb35d42781b427f,2683,4
2684:0:0,component-8ddf058730099cec,2684,3
2685:0:0,component-edecfd71ba705886,2685,3
2686:0:0,component-6c661c3487051e08,2686,1
2686:2:0,component-6c661c3487051e08,2686,1
2687:0:0,component-417a8564d92a7573,2687,4
2688:0:0,component-73acc1462d4f3d83,2688,0
2688:2:0,component-73acc1462d4f3d83,2688,0
2689:0:0,component-e9f648d80df7cbc9,2689,3
268:0:0,component-4eac06785144b9c2,268,0
268:2:0,component-4eac06785144b9c2,268,0
2690:0:0,component-ef7e55098320a191,2690,2
2691:0:0,component-fd383a27d6dd3274,2691,4
2691:2:0,component-fd383a27d6dd3274,2691,4
2691:4:0,component-fd383a27d6dd3274,2691,4
2692:0:0,component-5338c124e19e6e48,2692,4
2692:2:0,component-5338c124e19e6e48,2692,4
2692:4:0,component-5338c124e19e6e48,2692,4
2693:0:0,component-ba343260e264543f,2693,0
2693:2:0,component-ba343260e264543f,2693,0
2693:4:0,component-ba343260e264543f,2693,0
2693:6:0,component-ba343260e264543f,2693,0
2693:8:0,component-ba343260e264543f,2693,0
2694:1:0,component-61cdaa6c767cfc8a,2694,1
2694:3:0,component-61cdaa6c767cfc8a,2694,1
2694:5:0,component-61cdaa6c767cfc8a,2694,1
2694:7:0,component-61cdaa6c767cfc8a,2694,1
2694:9:0,component-61cdaa6c767cfc8a,2694,1
2695:0:0,component-81b29d4cff0d1c01,2695,1
2696:1:0,component-9b53fb7043d32efe,2696,0
2697:0:0,component-f4b2ca93726c35c6,2697,0
2698:0:0,component-5670c0737dc15427,2698,2
2698:2:0,component-5670c0737dc15427,2698,2
2699:0:0,component-4e064d09c2cf27c5,2699,3
269:0:0,component-1e1333a510a9b7a7,269,1
26:0:0,component-949ba04e8c512e33,26,4
26:2:0,component-949ba04e8c512e33,26,4
2700:0:0,component-4b71d97e46fee87b,2700,0
2701:0:0,component-5f9061770e9f7852,2701,2
2702:0:0,component-feac21bee08e00f4,2702,4
2703:0:0,component-806bf6f12d32e44b,2703,0
2704:0:0,component-0583e6633a82d8d5,2704,0
2705:0:0,component-0545f03775d4d15b,2705,0
2706:0:0,component-f3e2e0ed92cd3a29,2706,2
2707:0:0,component-436a982d44427e59,2707,4
2708:0:0,component-32024c6304e69ad1,2708,4
2709:0:0,component-05ebee4c625d9610,2709,3
270:0:0,component-a37f9fd3e3852ada,270,1
270:2:0,component-a37f9fd3e3852ada,270,1
2710:0:0,component-83baeeacf3b90f8a,2710,0
2710:2:0,component-83baeeacf3b90f8a,2710,0
2711:0:0,component-808f5696100e7d78,2711,1
2711:2:0,component-808f5696100e7d78,2711,1
2712:0:0,component-451a939f05a94a84,2712,2
2713:0:0,component-fbd320c7cdc59749,2713,4
2714:0:0,component-b96e4ea3be02c0c6,2714,2
2714:0:1,component-b96e4ea3be02c0c6,2714,2
2715:0:0,component-85e5c8ed0d939586,2715,4
2715:2:0,component-85e5c8ed0d939586,2715,4
2716:0:0,component-0733f104130c14db,2716,3
2716:2:0,component-0733f104130c14db,2716,3
2717:0:0,component-51ef0345dd6af225,2717,1
2718:0:0,component-04a27d878ba35b36,2718,3
2719:0:0,component-02523a37fe8db2dc,2719,0
271:0:0,component-05f2b787cc8a9ec6,271,2
271:2:0,component-05f2b787cc8a9ec6,271,2
2720:0:0,component-135585a56694c81f,2720,2
2720:2:0,component-135585a56694c81f,2720,2
2721:0:0,component-c7a8ad5accc0bc82,2721,1
2721:2:0,component-c7a8ad5accc0bc82,2721,1
2722:0:0,component-55d228104d7ec91a,2722,2
2723:0:0,component-9fc220db7c4c51ca,2723,2
2724:0:0,component-60a1003982a0eee7,2724,4
2725:0:0,component-410d0acaec920919,2725,1
2726:0:0,component-554f93a0dc4cacbf,2726,0
2727:0:0,component-62b01b6cd32ecb87,2727,2
2728:0:0,component-d72b692d80963801,2728,4
2729:0:0,component-1bd08c38561a8a82,2729,3
272:0:0,component-c890247fb4cc6f5b,272,3
2730:0:0,component-015fce7184ade70a,2730,4
2730:2:0,component-015fce7184ade70a,2730,4
2731:0:0,component-ce060db5ebe2b871,2731,4
2732:0:0,component-186fd01f36152567,2732,1
2733:0:0,component-a71333ff30d83e59,2733,4
2734:0:0,component-35d2cd8100f7f7c1,2734,0
2735:0:0,component-f600cc77ec9e0ffb,2735,2
2736:0:0,component-d4e21b1c6a215856,2736,1
2737:0:0,component-7b8fe35a93e0b385,2737,3
2737:2:0,component-7b8fe35a93e0b385,2737,3
2738:0:0,component-f4e4e5d914a8a67a,2738,0
2739:0:0,component-44236e7d1e5452e7,2739,2
273:0:0,component-e6b199cb034cbb68,273,1
2740:0:0,component-9b422efb4705cf2d,2740,1
2741:0:0,component-f1288724029c2994,2741,4
2741:2:0,component-f1288724029c2994,2741,4
2741:4:0,component-f1288724029c2994,2741,4
2742:0:0,component-a2238113a9870aaf,2742,2
2743:0:0,component-4196d13f190d4a91,2743,4
2744:0:0,component-8e66693cb1926ab5,2744,3
2744:2:0,component-8e66693cb1926ab5,2744,3
2745:0:0,component-ef256aa496ad3614,2745,1
2746:0:0,component-17bd514497f8eb8c,2746,0
2747:0:0,component-5ae59fcfffdc4657,2747,2
2747:2:0,component-5ae59fcfffdc4657,2747,2
2747:4:0,component-5ae59fcfffdc4657,2747,2
2748:0:0,component-d35538ac6233966a,2748,3
2748:2:0,component-d35538ac6233966a,2748,3
2749:0:0,component-e69a88b631fb7410,2749,3
274:0:0,component-e9765dfa71c433da,274,3
2750:0:0,component-92e6134683cb487c,2750,1
2751:0:0,component-c719cbe45a6c1a91,2751,4
2752:0:0,component-6f40d16b75f7a8c9,2752,2
2753:0:0,component-6ee39a894d4196f6,2753,2
2754:0:0,component-190b0f6ccd0a01ea,2754,3
2755:0:0,component-61d8e7d39ae0ce34,2755,2
2756:0:0,component-32c4b14327037528,2756,1
2757:0:0,component-e3fb00565bc88cc1,2757,3
2758:0:0,component-3ff5d78b761cfeac,2758,4
2759:0:0,component-149ba33c76f69699,2759,0
275:0:0,component-1b018c4ea226c559,275,4
275:2:0,component-1b018c4ea226c559,275,4
2760:0:0,component-264fb368f56a0890,2760,3
2760:2:0,component-264fb368f56a0890,2760,3
2761:0:0,component-ae669f2068dbf25b,2761,4
2761:2:0,component-ae669f2068dbf25b,2761,4
2761:4:0,component-ae669f2068dbf25b,2761,4
2762:0:0,component-414cefa76becf2b0,2762,2
2763:0:0,component-196d035be4c47113,2763,4
2764:0:0,component-17c78f5a51117046,2764,1
2765:0:0,component-8fa0b9ac0b9972eb,2765,1
2765:2:0,component-8fa0b9ac0b9972eb,2765,1
2766:0:0,component-7271039cf0e74583,2766,3
2767:0:0,component-874418288ffce2d8,2767,1
2768:0:0,component-3208b7e5ca20cf3a,2768,3
2768:2:0,component-3208b7e5ca20cf3a,2768,3
2769:0:0,component-2c96b656b2ebaeaf,2769,0
2769:2:0,component-2c96b656b2ebaeaf,2769,0
276:0:0,component-b8ef13cb29e57bc1,276,1
276:2:0,component-b8ef13cb29e57bc1,276,1
276:4:0,component-b8ef13cb29e57bc1,276,1
2770:0:0,component-a3ca50af7693a090,2770,2
2771:0:0,component-d010a0fb0999a6cc,2771,4
2772:0:0,component-110692af26268c3b,2772,1
2772:2:0,component-110692af26268c3b,2772,1
2773:0:0,component-12f88d02e37b6ee5,2773,0
2774:0:0,component-3f975ce5ac840ba2,2774,4
2775:0:0,component-2c29f5a4fc7007f5,2775,0
2776:0:0,component-a1c2094ec365f33a,2776,0
2777:0:0,component-ed2eea29433e0beb,2777,2
2777:2:0,component-ed2eea29433e0beb,2777,2
2777:4:0,component-ed2eea29433e0beb,2777,2
2777:6:0,component-ed2eea29433e0beb,2777,2
2778:0:0,component-93d4f147295f77db,2778,0
2779:0:0,component-e72c8b0ed59fc86b,2779,0
277:0:0,component-0dda5203c0691b6f,277,3
2780:0:0,component-9c3ba7c7ee4f43f2,2780,3
2780:2:0,component-9c3ba7c7ee4f43f2,2780,3
2781:0:0,component-dade2a0b02ceec3c,2781,2
2781:0:1,component-dade2a0b02ceec3c,2781,2
2781:0:2,component-dade2a0b02ceec3c,2781,2
2782:0:0,component-ccca9ec0c4ebc982,2782,1
2782:2:0,component-ccca9ec0c4ebc982,2782,1
2783:0:0,component-231f6a91b7ff1577,2783,2
2784:0:0,component-730007ab760b02f0,2784,2
2785:0:0,component-4701be8a275ea597,2785,2
2786:0:0,component-52866c428f807442,2786,3
2787:0:0,component-4fa59d031a18429c,2787,3
2788:0:0,component-34b4274697de06d3,2788,1
2788:2:0,component-34b4274697de06d3,2788,1
2789:0:0,component-0e00f2c26ce37063,2789,0
278:0:0,component-0c2d462b95580b48,278,3
278:2:0,component-0c2d462b95580b48,278,3
278:4:0,component-0c2d462b95580b48,278,3
2790:0:0,component-c05417d41fb4d125,2790,4
2791:0:0,component-fa60edccb889702f,2791,4
2792:0:0,component-ba7cdaa6459e97f4,2792,4
2792:2:0,component-ba7cdaa6459e97f4,2792,4
2793:0:0,component-6351826dc7f36741,2793,2
2794:0:0,component-892a04c0d186d922,2794,1
2795:0:0,component-aac5397440054f65,2795,4
2796:0:0,component-30f5d063f8a395d7,2796,2
2797:0:0,component-e4a9bc01d09e2f1f,2797,3
2797:2:0,component-e4a9bc01d09e2f1f,2797,3
2798:0:0,component-9ad54fcce0ced1b5,2798,3
2799:0:0,component-034404780ea080dc,2799,3
279:0:0,component-5778f9154c2af601,279,3
27:0:0,component-e625af7aaa28f6d9,27,4
2800:1:0,component-8da77b1302c5126c,2800,4
2801:0:0,component-4966a1148835bf56,2801,1
2801:2:0,component-4966a1148835bf56,2801,1
2802:0:0,component-eb6cd24d2f840ce6,2802,2
2803:0:0,component-f62e8960b7838921,2803,3
2803:2:0,component-f62e8960b7838921,2803,3
2804:0:0,component-dad8a9f2345197ba,2804,4
2805:0:0,component-848dd322a1f9b5db,2805,1
2806:0:0,component-b87c1a40d78311a4,2806,0
2807:0:0,component-8ba3b983cf26d4c7,2807,2
2808:0:0,component-7298adfca2d57359,2808,0
2809:0:0,component-f6e34a9802ab3297,2809,0
280:0:0,component-cd68a54e4028613b,280,1
2810:0:0,component-d776c0ca70a71279,2810,1
2811:0:0,component-8bb98749bc6a36a1,2811,1
2812:0:0,component-96e0c25bbf17ad4d,2812,3
2813:0:0,component-6ad4974ba2465e2f,2813,3
2814:0:0,component-1f9f2ebc6fbdd3ac,2814,2
2814:2:0,component-1f9f2ebc6fbdd3ac,2814,2
2815:0:0,component-94f5540ac19491f3,2815,2
2816:0:0,component-e7b79bb463ea6082,2816,2
2817:0:0,component-3735d7980ed91c7f,2817,2
2817:2:0,component-3735d7980ed91c7f,2817,2
2817:4:0,component-3735d7980ed91c7f,2817,2
2817:6:0,component-3735d7980ed91c7f,2817,2
2818:0:0,component-afd5b88f70745f2c,2818,2
2819:0:0,component-3d8bb8e3fcb5dfd8,2819,4
281:0:0,component-56a3bedd0d59b284,281,2
281:2:0,component-56a3bedd0d59b284,281,2
2820:0:0,component-a893ddee8d01391c,2820,2
2821:0:0,component-ea700d7fafbdaee5,2821,3
2822:0:0,component-cd2d260e3cde59a0,2822,3
2822:0:1,component-cd2d260e3cde59a0,2822,3
2823:0:0,component-9959481d1a3e0886,2823,3
2823:2:0,component-9959481d1a3e0886,2823,3
2824:0:0,component-1d1f82556ed5bdca,2824,2
2824:2:0,component-1d1f82556ed5bdca,2824,2
2824:4:0,component-1d1f82556ed5bdca,2824,2
2825:0:0,component-90b7499dcfb034da,2825,3
2826:0:0,component-a320281c6db93781,2826,2
2826:2:0,component-a320281c6db93781,2826,2
2827:0:0,component-f20b5b2b4ffd2f08,2827,4
2827:2:0,component-f20b5b2b4ffd2f08,2827,4
2828:0:0,component-9a908381eb8a16fd,2828,1
2829:0:0,component-04d8643154ef3b9c,2829,2
282:0:0,component-ff20a4394cf62a6b,282,3
2830:0:0,component-9ca639b2d4dca661,2830,0
2830:2:0,component-9ca639b2d4dca661,2830,0
2831:0:0,component-037f831b843a6e5e,2831,2
2832:0:0,component-c444fbb9ad4b45e4,2832,3
2833:0:0,component-e60054fa01c9e83b,2833,2
2834:0:0,component-b2a8140035c16548,2834,1
2834:2:0,component-b2a8140035c16548,2834,1
2834:4:0,component-b2a8140035c16548,2834,1
2834:6:0,component-b2a8140035c16548,2834,1
2835:0:0,component-34b00c08000ba168,2835,3
2836:0:0,component-955f1ddc2948b153,2836,1
2836:10:0,component-955f1ddc2948b153,2836,1
2836:2:0,component-955f1ddc2948b153,2836,1
2836:4:0,component-955f1ddc2948b153,2836,1
2836:4:1,component-955f1ddc2948b153,2836,1
2836:6:0,component-955f1ddc2948b153,2836,1
2836:8:0,component-955f1ddc2948b153,2836,1
2837:0:0,component-43e54bf1b06bf587,2837,0
2838:0:0,component-e8157743370b9b9b,2838,0
2839:0:0,component-71d7530619ef3866,2839,3
2839:2:0,component-71d7530619ef3866,2839,3
283:0:0,component-1e0e26508d7a6ec9,283,0
2840:0:0,component-a5eaad1492e72e68,2840,0
2841:0:0,component-deed43caa6c9c2d2,2841,3
2842:0:0,component-ecfd361ca1971a08,2842,3
2843:0:0,component-0ebfd1e8ded6f14f,2843,3
2844:0:0,component-535544e4e15a18b4,2844,4
2845:0:0,component-0486ebd4c634d96a,2845,3
2845:2:0,component-0486ebd4c634d96a,2845,3
2846:0:0,component-53801b7e5badb634,2846,3
2847:0:0,component-0543e57446fd2238,2847,4
2848:0:0,component-3d37a7cff0d77359,2848,1
2849:0:0,component-419b824490a54c31,2849,2
284:0:0,component-40128aa8e9f1f0bd,284,1
2850:0:0,component-9d97c51b15f8fc09,2850,1
2851:0:0,component-c28ebc8307a52b56,2851,1
2851:2:0,component-c28ebc8307a52b56,2851,1
2852:0:0,component-5e7cbc288122b6b4,2852,4
2853:0:0,component-3f29e67a148511f5,2853,3
2853:2:0,component-3f29e67a148511f5,2853,3
2853:4:0,component-3f29e67a148511f5,2853,3
2854:0:0,component-d55f2ecf647a05d0,2854,4
2855:0:0,component-2a992c3561430dfc,2855,0
2856:0:0,component-39327e47758edc30,2856,3
2857:0:0,component-d1160de399dae35b,2857,1
2858:0:0,component-4569bf3970e3b27c,2858,2
2858:2:0,component-4569bf3970e3b27c,2858,2
2859:0:0,component-39ed00d791edbaa4,2859,2
285:0:0,component-29fce61fe807127d,285,2
2860:0:0,component-40c046dc073e1496,2860,1
2860:2:0,component-40c046dc073e1496,2860,1
2860:4:0,component-40c046dc073e1496,2860,1
2860:6:0,component-40c046dc073e1496,2860,1
2861:0:0,component-6b6ad048b2141e1f,2861,1
2861:2:0,component-6b6ad048b2141e1f,2861,1
2862:0:0,component-a8f96d147a2ec0f1,2862,1
2863:0:0,component-39448da9cb2172bb,2863,1
2864:0:0,component-5efc144eccc11276,2864,0
2864:2:0,component-5efc144eccc11276,2864,0
2864:4:0,component-5efc144eccc11276,2864,0
2864:6:0,component-5efc144eccc11276,2864,0
2865:0:0,component-00e289455a01cda5,2865,0
2866:0:0,component-60981d01c599893d,2866,3
2867:0:0,component-3e0c0ce83ba27392,2867,4
2868:0:0,component-d8339a8ff9fa83f3,2868,2
2869:0:0,component-04535c91503549d9,2869,4
2869:2:0,component-04535c91503549d9,2869,4
286:0:0,component-9286d0530cd9a147,286,3
2870:0:0,component-cd7bbf63a67df483,2870,4
2870:2:0,component-cd7bbf63a67df483,2870,4
2870:4:0,component-cd7bbf63a67df483,2870,4
2871:0:0,component-44461a30261cd32f,2871,2
2872:0:0,component-9089872eccea6864,2872,3
2873:0:0,component-66046fd1d8b63dc2,2873,3
2874:0:0,component-802d8fd43c7fd3fe,2874,2
2875:0:0,component-174744c7ee09df16,2875,2
2876:0:0,component-f9447b3898e356bc,2876,4
2877:0:0,component-f26f813e3c5ed11c,2877,2
2878:0:0,component-73d5fd4f5a63cdfe,2878,2
2879:0:0,component-aba7df7b1ff5bbb8,2879,4
287:0:0,component-2a3f080e55286faf,287,0
2880:0:0,component-865cd539d446de65,2880,4
2881:0:0,component-4ac773891825a480,2881,2
2882:0:0,component-a1c28938e52f3eb5,2882,0
2883:0:0,component-1585ad1c3f5bef1c,2883,1
2884:0:0,component-fd7849db97ffd668,2884,3
2885:0:0,component-d7e44a8a218c919c,2885,4
2886:0:0,component-27db9da37dc9da57,2886,3
2887:0:0,component-0bec8357d3538aba,2887,4
2888:0:0,component-32f09614ef8cee9f,2888,0
2889:0:0,component-2b21bcb90a95828f,2889,3
2889:2:0,component-2b21bcb90a95828f,2889,3
2889:2:1,component-2b21bcb90a95828f,2889,3
288:0:0,component-dfa4811fb936c7cc,288,4
2890:0:0,component-6f3c452a7afce85c,2890,2
2890:2:0,component-6f3c452a7afce85c,2890,2
2891:0:0,component-279a4c9aa73cf879,2891,4
2892:0:0,component-763a45df6af19ae8,2892,0
2893:0:0,component-c4e13b175cc0858b,2893,1
2894:0:0,component-765a423771b8d778,2894,3
2895:1:0,component-e2cac6dfa9d18880,2895,1
2896:0:0,component-f4c48b7ac6ec4e2f,2896,1
2896:2:0,component-f4c48b7ac6ec4e2f,2896,1
2897:0:0,component-a00bc6b34ce956f7,2897,0
2898:0:0,component-fd74ed8360940bef,2898,3
2898:2:0,component-fd74ed8360940bef,2898,3
2898:4:0,component-fd74ed8360940bef,2898,3
2899:0:0,component-7c52fc1bcdfb77f7,2899,2
289:0:0,component-db14fda0389e3d6f,289,1
28:0:0,component-0c6e17fc4873a52d,28,0
2900:0:0,component-210330f40ced8b65,2900,2
2901:0:0,component-c6189ca676aaec8c,2901,4
2902:0:0,component-73cab9ec6c882761,2902,3
2903:0:0,component-b90508d735276eb1,2903,2
2903:2:0,component-b90508d735276eb1,2903,2
2904:0:0,component-c4caddfc56027f65,2904,3
2905:0:0,component-2884fa3be08eec09,2905,2
2906:0:0,component-79557bc0a1947253,2906,1
2907:0:0,component-5f682fa1c3aa6550,2907,0
2908:0:0,component-8aa398c822e2b304,2908,2
2909:0:0,component-e7473fff940e9529,2909,0
290:0:0,component-1a9d4b1b68fda2dd,290,1
290:2:0,component-1a9d4b1b68fda2dd,290,1
290:2:1,component-1a9d4b1b68fda2dd,290,1
2910:0:0,component-147353705dbb84b1,2910,0
2911:0:0,component-36475015c0cb50bf,2911,0
2912:0:0,component-d990367201f3569b,2912,0
2913:0:0,component-27781596766dcd82,2913,3
2913:2:0,component-27781596766dcd82,2913,3
2913:2:1,component-27781596766dcd82,2913,3
2914:0:0,component-3e86a81649f7a737,2914,0
2914:0:1,component-3e86a81649f7a737,2914,0
2914:0:2,component-3e86a81649f7a737,2914,0
2915:0:0,component-3190f3b3bf5f34f2,2915,4
2916:0:0,component-51ef0345dd6af225,2916,1
2917:0:0,component-0b34d5999f524280,2917,1
2918:0:0,component-f8eefe602d1e4a8f,2918,3
2919:0:0,component-effd46bff75e23a8,2919,2
291:0:0,component-6b996cca737555c7,291,2
2920:0:0,component-72a09cc3396991d4,2920,2
2921:0:0,component-939e18e63f11a2f4,2921,0
2922:0:0,component-02c7365afb17f27d,2922,0
2922:2:0,component-02c7365afb17f27d,2922,0
2922:2:1,component-02c7365afb17f27d,2922,0
2922:4:0,component-02c7365afb17f27d,2922,0
2923:0:0,component-a216a0326093f456,2923,1
2924:0:0,component-c949f0b2c1eab77a,2924,3
2925:0:0,component-bdeb077dd47591f2,2925,0
2926:0:0,component-f04a9bf8094c2e32,2926,3
2927:0:0,component-bfd52bbcae4441d7,2927,2
2928:0:0,component-d16931a71a171edf,2928,1
2929:0:0,component-7d1476b37257aecb,2929,4
292:0:0,component-631e91a8338b291a,292,3
2930:0:0,component-6ef19a59a964c3e9,2930,3
2930:2:0,component-6ef19a59a964c3e9,2930,3
2931:0:0,component-5d081f31729f39ad,2931,4
2932:0:0,component-1c1142b2cebf6311,2932,2
2933:0:0,component-d9dc2cce14800cde,2933,2
2934:0:0,component-432216d83bde2516,2934,0
2935:0:0,component-e2c1a9445c7a818e,2935,0
2935:2:0,component-e2c1a9445c7a818e,2935,0
2936:0:0,component-7fe40ed306650b18,2936,1
2936:2:0,component-7fe40ed306650b18,2936,1
2937:0:0,component-f82bef18028c54ae,2937,4
2938:0:0,component-48931e09d5b76a3e,2938,1
2939:0:0,component-ccf2a35d3718133b,2939,1
293:0:0,component-bd2333fdc47c0c46,293,1
2940:0:0,component-afe6a9e432ccb4da,2940,2
2941:1:0,component-58d28b993df50629,2941,1
2942:0:0,component-8d24f9ed41b3affc,2942,2
2943:0:0,component-52b8b8ba7b61f735,2943,0
2944:0:0,component-6003f0d66fec8b0b,2944,0
2945:0:0,component-195f22f501b676fd,2945,2
2946:0:0,component-fe159f783e2cc057,2946,1
2947:0:0,component-893774aed9b26d7d,2947,2
2948:0:0,component-38a7833e783f3e69,2948,1
2948:2:0,component-38a7833e783f3e69,2948,1
2949:0:0,component-52b6bd625a7549f3,2949,1
2949:2:0,component-52b6bd625a7549f3,2949,1
2949:4:0,component-52b6bd625a7549f3,2949,1
294:0:0,component-79366a480ea792c6,294,2
2950:0:0,component-0c29f65070b5f550,2950,3
2951:0:0,component-498388d40f874c83,2951,1
2952:0:0,component-75cbe717176086a1,2952,3
2953:0:0,component-82c936782f4d23f0,2953,3
2953:2:0,component-82c936782f4d23f0,2953,3
2954:0:0,component-8fbb08763d56d9bb,2954,2
2955:0:0,component-1ac628898045c0ee,2955,2
2955:2:0,component-1ac628898045c0ee,2955,2
2956:0:0,component-33fbd02adfd4546c,2956,0
2956:2:0,component-33fbd02adfd4546c,2956,0
2956:4:0,component-33fbd02adfd4546c,2956,0
2957:0:0,component-85f1821c703a45cd,2957,3
2958:0:0,component-122ab06e1f57a092,2958,3
2959:1:0,component-5f3105cd87693fc9,2959,2
295:0:0,component-d36adf131ca5f052,295,3
2960:0:0,component-a0c5ebd18ae3c6d6,2960,2
2961:0:0,component-8c06c0750c16d41a,2961,3
2962:0:0,component-c8207de1b8a8c83e,2962,0
2963:0:0,component-830b5100193705b2,2963,0
2964:0:0,component-e1eaafa1adf61b01,2964,4
2965:0:0,component-eaa3a56ec0627d4d,2965,3
2966:0:0,component-6abe42e43c0b4fe7,2966,4
2966:2:0,component-6abe42e43c0b4fe7,2966,4
2967:0:0,component-c063d8f38594618b,2967,0
2967:2:0,component-c063d8f38594618b,2967,0
2968:0:0,component-d524ea4ffe7a4f46,2968,1
2968:2:0,component-d524ea4ffe7a4f46,2968,1
2969:0:0,component-56cadb875705cece,2969,0
296:0:0,component-45960c1bdfa3f19e,296,4
2970:0:0,component-237a084863bca1fb,2970,0
2971:0:0,component-eb8f60d21df89e45,2971,4
2972:0:0,component-013998260b5320aa,2972,1
2973:0:0,component-8490d2509f4d1566,2973,2
2974:0:0,component-f72f844479042aac,2974,2
2975:0:0,component-be7a0c1fbd0f7c4d,2975,0
2975:2:0,component-be7a0c1fbd0f7c4d,2975,0
2976:0:0,component-ff90a1915b7c6a02,2976,4
2976:2:0,component-ff90a1915b7c6a02,2976,4
2977:0:0,component-7e1825bb1cf5f108,2977,4
2978:0:0,component-9b0823a0f3162154,2978,2
2979:0:0,component-17ac88a06390b747,2979,0
2979:2:0,component-17ac88a06390b747,2979,0
2979:4:0,component-17ac88a06390b747,2979,0
297:0:0,component-11a2a4c932b644b5,297,4
297:2:0,component-11a2a4c932b644b5,297,4
2980:0:0,component-45bff7cf37895e4d,2980,1
2981:0:0,component-f65343eec79d0c41,2981,2
2982:0:0,component-3bc5eae0414c7f11,2982,1
2983:0:0,component-b9f6e56fe6f5d18d,2983,0
2983:2:0,component-b9f6e56fe6f5d18d,2983,0
2984:0:0,component-5358c32115c10783,2984,1
2984:2:0,component-5358c32115c10783,2984,1
2984:4:0,component-5358c32115c10783,2984,1
2984:6:0,component-5358c32115c10783,2984,1
2985:0:0,component-39c7e54b2def7ead,2985,2
2986:0:0,component-fe4c3738e70ecab7,2986,2
2986:2:0,component-fe4c3738e70ecab7,2986,2
2987:0:0,component-4ebc43ef73300823,2987,2
2987:2:0,component-4ebc43ef73300823,2987,2
2988:0:0,component-5583bcdd909cba1c,2988,4
2989:0:0,component-fff0dc47b7ab909f,2989,2
298:0:0,component-617542a53925cb33,298,3
2990:0:0,component-08109451e51b783d,2990,1
2990:2:0,component-08109451e51b783d,2990,1
2990:2:1,component-08109451e51b783d,2990,1
2991:0:0,component-434e7a0c6d57db03,2991,0
2992:0:0,component-8b0f8ffbd27ab612,2992,2
2993:0:0,component-82062455069f9a3a,2993,4
2994:0:0,component-783b15a8772a2abb,2994,4
2995:0:0,component-9e7a724ed9b0dd28,2995,4
2996:0:0,component-a2289c15c603c6c0,2996,3
2997:1:0,component-b6634fd439bd2b90,2997,2
2998:0:0,component-26f37e32c196ccb0,2998,4
2999:0:0,component-7d0bb6b9103716d5,2999,4
299:0:0,component-1b2792a33a9e4274,299,0
29:0:0,component-93a4ee8037236a15,29,1
2:0:0,component-9b8aea4e51cc25d1,2,1
2:2:0,component-9b8aea4e51cc25d1,2,1
3000:0:0,component-955f1ddc2948b153,3000,1
3000:2:0,component-955f1ddc2948b153,3000,1
3000:4:0,component-955f1ddc2948b153,3000,1
3000:6:0,component-955f1ddc2948b153,3000,1
3001:0:0,component-8a86e1259e59a3b5,3001,0
3002:0:0,component-a48efe6c163d49d5,3002,4
3003:0:0,component-e345523236cf2336,3003,0
3004:0:0,component-4be67219d2fba4e0,3004,3
3005:0:0,component-49bd783f103a4b55,3005,1
3005:2:0,component-49bd783f103a4b55,3005,1
3006:0:0,component-662aee3dedac3c87,3006,1
3007:0:0,component-5ddb0a458360b457,3007,3
3008:0:0,component-61b31b833cac5acc,3008,1
3009:0:0,component-5b85e81f7b7eb460,3009,3
300:0:0,component-e1fcad27fe692176,300,2
3010:0:0,component-6b51d53c15aea0ce,3010,4
3011:0:0,component-d2403968206c9c95,3011,3
3012:0:0,component-37689e6f433b9cd8,3012,0
3013:0:0,component-451926f63bd282b1,3013,3
3014:0:0,component-c5314381895cdcbe,3014,4
3015:0:0,component-d159998d7683756d,3015,4
3016:0:0,component-ec12cc59bd7ee69a,3016,4
3017:1:0,component-77f91b7941fbf08b,3017,3
3018:0:0,component-e1102620fefec0ea,3018,4
3018:2:0,component-e1102620fefec0ea,3018,4
3019:0:0,component-ff89f5683abbcd22,3019,2
301:0:0,component-20267af6f656c504,301,1
301:2:0,component-20267af6f656c504,301,1
3020:0:0,component-68420acf6955273f,3020,4
3021:0:0,component-8d232ddcdd733124,3021,3
3022:0:0,component-77218289f432dc6e,3022,1
3023:0:0,component-8a2bbd1c072d858a,3023,1
3024:0:0,component-cf9a49271c479075,3024,1
3025:0:0,component-18522d74e1e94edf,3025,2
3025:2:0,component-18522d74e1e94edf,3025,2
3026:0:0,component-5a8cb76c45dd0636,3026,3
3027:0:0,component-032ecd5e76d6d8f8,3027,4
3027:2:0,component-032ecd5e76d6d8f8,3027,4
3027:4:0,component-032ecd5e76d6d8f8,3027,4
3028:0:0,component-f1df5fc5b1ae4395,3028,2
3029:0:0,component-4ac97914524f68ad,3029,0
302:0:0,component-b596dcfcf6a775dc,302,3
302:2:0,component-b596dcfcf6a775dc,302,3
3030:0:0,component-40ec00dff7643198,3030,3
3031:0:0,component-1919b6c7688f0210,3031,1
3031:2:0,component-1919b6c7688f0210,3031,1
3032:0:0,component-f58fbc2bd37b9c42,3032,3
3033:0:0,component-ca06699de4daee8e,3033,3
3033:2:0,component-ca06699de4daee8e,3033,3
3034:0:0,component-e038f07ba1ae1e9e,3034,0
3035:0:0,component-3568203cf31a58e2,3035,1
3036:0:0,component-79cea8f9451566c6,3036,0
3037:0:0,component-a670cb24540ef9ee,3037,3
3038:0:0,component-050402aa1e282888,3038,4
3039:0:0,component-ecec9abe0d9ea324,3039,3
303:0:0,component-1fc63917ae7eadc8,303,3
3040:0:0,component-6ea993a9c53ecbec,3040,2
3040:2:0,component-6ea993a9c53ecbec,3040,2
3041:0:0,component-358a3ec1ac134a78,3041,2
3041:2:0,component-358a3ec1ac134a78,3041,2
3042:0:0,component-1b94a16f4d78c658,3042,4
3042:2:0,component-1b94a16f4d78c658,3042,4
3043:0:0,component-ddb8fadc746b512f,3043,3
3044:0:0,component-fe4c45c0261cb42e,3044,2
3045:0:0,component-ddc5f51fb8c96798,3045,1
3046:0:0,component-d3fa16b0917f06c3,3046,0
3047:0:0,component-73be6b43ef678f37,3047,4
3048:1:0,component-c05de62cf7501cb3,3048,4
3049:0:0,component-d8d4ead17c0a1437,3049,2
3049:2:0,component-d8d4ead17c0a1437,3049,2
304:0:0,component-5a3a6279301c142b,304,4
304:2:0,component-5a3a6279301c142b,304,4
3050:0:0,component-bf0fc14a363200e1,3050,3
3051:0:0,component-b73d05b4430f9486,3051,4
3051:2:0,component-b73d05b4430f9486,3051,4
3052:1:0,component-2f73f2ab56676dad,3052,1
3053:1:0,component-3ac0f95fadb68d27,3053,4
3054:0:0,component-b254001571429620,3054,1
3055:0:0,component-744d2f4779d6f5ce,3055,2
3056:0:0,component-714edad889d7dc64,3056,2
3057:0:0,component-56fd729bfa19b5f6,3057,4
3058:0:0,component-23b45b0f06e69fc6,3058,0
3059:0:0,component-9bfe11cb5e9038f9,3059,2
305:0:0,component-94564c2d480bc01d,305,2
3060:0:0,component-350d95c08504c941,3060,0
3061:0:0,component-f22053ac8b1da0b4,3061,2
3062:0:0,component-8278034e9604acf0,3062,0
3063:0:0,component-060563f1a9eff48c,3063,3
3064:0:0,component-8156022eb18ec7e6,3064,3
3065:0:0,component-180328bdc7042c34,3065,1
3066:0:0,component-edde5e887345df38,3066,3
3067:0:0,component-aa83850146aca68c,3067,2
3068:0:0,component-da14d677e3613ba7,3068,0
3069:0:0,component-decddcac57c16162,3069,1
306:0:0,component-b2b9bcb028e3c684,306,2
3070:0:0,component-7f3f80a9d7c0f71e,3070,0
3070:2:0,component-7f3f80a9d7c0f71e,3070,0
3070:4:0,component-7f3f80a9d7c0f71e,3070,0
3071:0:0,component-435468ee99eb2e20,3071,2
3072:0:0,component-3e29d3b45b00f083,3072,3
3073:0:0,component-9954ee5a35dfd061,3073,1
3074:0:0,component-805136636d7e6c4b,3074,4
3075:0:0,component-b573995c5fbb7e6b,3075,3
3076:0:0,component-6f66fc9b7caebb7c,3076,0
3077:0:0,component-86caae56f514d1b1,3077,0
3077:2:0,component-86caae56f514d1b1,3077,0
3078:0:0,component-f4e3407f356ce515,3078,3
3079:0:0,component-5b7ab6ea29ac8295,3079,1
307:0:0,component-bb652a19f428ef66,307,1
3080:0:0,component-0465fedcd02c8a38,3080,3
3081:0:0,component-356fe332a7462f42,3081,1
3082:0:0,component-af72dd3a7f1c130a,3082,4
3083:0:0,component-b5ca84711fb51076,3083,1
3084:1:0,component-1f371bd349b97f57,3084,1
3084:3:0,component-1f371bd349b97f57,3084,1
3085:0:0,component-656d71ca3e212f50,3085,1
3086:0:0,component-4c1489bafb7ed3eb,3086,1
3087:0:0,component-c3b3ea9e5564d68a,3087,1
3088:0:0,component-bf9c589e8ace0f09,3088,2
3089:0:0,component-5def84be73a7ebde,3089,3
308:0:0,component-db77dbba3346a65c,308,0
308:10:0,component-db77dbba3346a65c,308,0
308:12:0,component-db77dbba3346a65c,308,0
308:14:0,component-db77dbba3346a65c,308,0
308:16:0,component-db77dbba3346a65c,308,0
308:2:0,component-db77dbba3346a65c,308,0
308:4:0,component-db77dbba3346a65c,308,0
308:6:0,component-db77dbba3346a65c,308,0
308:8:0,component-db77dbba3346a65c,308,0
3090:0:0,component-c0a13d46b4b11a6b,3090,0
3090:2:0,component-c0a13d46b4b11a6b,3090,0
3091:0:0,component-2f1f221ffcd38f95,3091,4
3091:2:0,component-2f1f221ffcd38f95,3091,4
3092:0:0,component-851746c3415efed6,3092,2
3093:0:0,component-197deee7f025e70e,3093,1
3094:0:0,component-75ca211545d82174,3094,2
3095:0:0,component-fff72ff5f00eef07,3095,4
3096:0:0,component-dad7b56c45d4772e,3096,4
3097:0:0,component-f709319781500232,3097,1
3098:0:0,component-4d9bb0b9055d2040,3098,1
3099:0:0,component-20a2ac33d5cae055,3099,4
309:0:0,component-2313e3b0add9fccc,309,1
309:2:0,component-2313e3b0add9fccc,309,1
30:0:0,component-e5f0f9f377de4cfa,30,4
3100:0:0,component-3a8fad4bcef4244e,3100,0
3101:0:0,component-cfc113c1962913b0,3101,2
3102:0:0,component-d56217ed458fcd42,3102,2
3103:0:0,component-13fcb4826f6e6f83,3103,0
3103:2:0,component-13fcb4826f6e6f83,3103,0
3103:4:0,component-13fcb4826f6e6f83,3103,0
3104:0:0,component-06b52e4fa7d7d8dc,3104,2
3104:2:0,component-06b52e4fa7d7d8dc,3104,2
3105:0:0,component-b9ae98ffcf606cad,3105,4
3106:0:0,component-e79970c59a45fc47,3106,3
3107:0:0,component-707db6f80a8d0b83,3107,4
3108:0:0,component-6dd309e13a0a6d63,3108,2
3109:0:0,component-8c0aa88628c4abaf,3109,1
3109:0:1,component-8c0aa88628c4abaf,3109,1
3109:10:0,component-8c0aa88628c4abaf,3109,1
3109:12:0,component-8c0aa88628c4abaf,3109,1
3109:2:0,component-8c0aa88628c4abaf,3109,1
3109:4:0,component-8c0aa88628c4abaf,3109,1
3109:6:0,component-8c0aa88628c4abaf,3109,1
3109:8:0,component-8c0aa88628c4abaf,3109,1
310:0:0,component-f167048c901a6859,310,3
3110:0:0,component-b7fad0d46c4a9b96,3110,2
3111:0:0,component-b1fb371e556b06bb,3111,4
3111:2:0,component-b1fb371e556b06bb,3111,4
3112:0:0,component-011db78ba7d6912d,3112,0
3113:0:0,component-b30d8a26b4d07f16,3113,0
3114:0:0,component-68fded691a026214,3114,4
3115:0:0,component-07a60f180acb8ac4,3115,4
3116:0:0,component-42a4e10daedf8f98,3116,2
3117:0:0,component-b7fa605c1c65870d,3117,4
3118:0:0,component-8e335fb9b9867ab9,3118,4
3119:0:0,component-de3c21e1d7b62371,3119,3
3119:2:0,component-de3c21e1d7b62371,3119,3
311:0:0,component-b3c625425e181a4d,311,4
311:0:1,component-b3c625425e181a4d,311,4
3120:0:0,component-43fc65df2df9d1e5,3120,4
3121:0:0,component-760b7700571d9256,3121,3
3121:2:0,component-760b7700571d9256,3121,3
3122:0:0,component-dbef46cff6ee7cf8,3122,3
3123:0:0,component-7c0c633b697f1de9,3123,3
3123:2:0,component-7c0c633b697f1de9,3123,3
3123:2:1,component-7c0c633b697f1de9,3123,3
3124:0:0,component-85927bb047b8fcbe,3124,3
3125:0:0,component-1e3faceadc4542d1,3125,0
3126:0:0,component-bf6f1e41255f9c0f,3126,2
3127:0:0,component-2fe7fc48543ecfba,3127,1
3128:0:0,component-cb55112d1ca72360,3128,2
3129:0:0,component-a93feadce7cf4555,3129,4
312:0:0,component-ec19616a8a8a34cf,312,3
3130:0:0,component-00f4a4c36b1569bb,3130,4
3131:0:0,component-2143f727e9e02ba3,3131,1
3132:1:0,component-728927abe29d33bf,3132,3
3132:3:0,component-728927abe29d33bf,3132,3
3133:0:0,component-17a772436243bbd3,3133,3
3133:2:0,component-17a772436243bbd3,3133,3
3133:4:0,component-17a772436243bbd3,3133,3
3134:0:0,component-c1a0aed2af95cccf,3134,4
3135:0:0,component-1dd0ce9ad4507cbb,3135,1
3136:0:0,component-89b9cfee40c975df,3136,2
3137:0:0,component-814e04d48733d303,3137,2
3138:0:0,component-81899b6212f7923f,3138,4
3139:0:0,component-9cb3680c2d5f373e,3139,1
313:0:0,component-4b60224718f1990a,313,1
3140:0:0,component-35ccb0145f346459,3140,1
3140:2:0,component-35ccb0145f346459,3140,1
3141:0:0,component-84808e4daba0332e,3141,1
3141:2:0,component-84808e4daba0332e,3141,1
3141:4:0,component-84808e4daba0332e,3141,1
3142:0:0,component-02a9077d2f38fcd4,3142,1
3142:2:0,component-02a9077d2f38fcd4,3142,1
3143:0:0,component-32015b854413dc6e,3143,1
3144:0:0,component-f2818ddad8a5bbc4,3144,1
3145:0:0,component-0d0a968087a5d43d,3145,0
3146:0:0,component-c159782164e6bff7,3146,1
3146:2:0,component-c159782164e6bff7,3146,1
3147:0:0,component-a1687c17514a44bd,3147,1
3148:0:0,component-0e896d630656a4e9,3148,0
3148:2:0,component-0e896d630656a4e9,3148,0
314:0:0,component-7d754a352bb28651,314,4
3150:0:0,component-baee8be2d743fa40,3150,4
3151:0:0,component-feae4b773018c33d,3151,1
3152:0:0,component-2d6a4f05381336fd,3152,0
3153:0:0,component-c468f21e5dc6ea41,3153,0
3153:2:0,component-c468f21e5dc6ea41,3153,0
3154:0:0,component-322d51ba97e11252,3154,2
3154:2:0,component-322d51ba97e11252,3154,2
3155:1:0,component-2753b4b6cf25f1ad,3155,1
3155:3:0,component-2753b4b6cf25f1ad,3155,1
3155:3:1,component-2753b4b6cf25f1ad,3155,1
3156:0:0,component-199ff196e22c2305,3156,3
3157:0:0,component-de49ef7de9862253,3157,1
3157:2:0,component-de49ef7de9862253,3157,1
3157:4:0,component-de49ef7de9862253,3157,1
3158:0:0,component-2e5b23f327ec35f7,3158,3
3159:0:0,component-d51f39a548d6b6ac,3159,2
315:0:0,component-c340834782efc8e3,315,1
3160:0:0,component-53e52d6744a59e98,3160,3
3160:2:0,component-53e52d6744a59e98,3160,3
3161:0:0,component-e9b552e8c43a940e,3161,4
3162:0:0,component-14c24120dfa906fb,3162,0
3162:2:0,component-14c24120dfa906fb,3162,0
3163:0:0,component-82f4e9822bae423b,3163,4
3164:0:0,component-dd36fa7c63c86003,3164,4
3164:0:1,component-dd36fa7c63c86003,3164,4
3164:0:2,component-dd36fa7c63c86003,3164,4
3164:2:0,component-dd36fa7c63c86003,3164,4
3164:2:1,component-dd36fa7c63c86003,3164,4
3165:0:0,component-b47873604e6c5d59,3165,2
3166:0:0,component-a81d6f6223e7e526,3166,1
3167:0:0,component-15e8953d5593878c,3167,4
3167:2:0,component-15e8953d5593878c,3167,4
3168:0:0,component-4cf798402fcee4da,3168,0
3169:0:0,component-3c0d571c27386d65,3169,3
3169:2:0,component-3c0d571c27386d65,3169,3
316:0:0,component-1563b3a618cc523c,316,3
3170:0:0,component-e6d89be7603ec07a,3170,3
3171:0:0,component-a51e2ec4f7af74bd,3171,2
3171:0:1,component-a51e2ec4f7af74bd,3171,2
3172:0:0,component-16f53adac478f27e,3172,3
3173:0:0,component-b5c441884e0f9b56,3173,0
3173:2:0,component-b5c441884e0f9b56,3173,0
3174:0:0,component-b9ad9a357a2b351f,3174,1
3175:0:0,component-61fdfd8cb641829a,3175,4
3175:2:0,component-61fdfd8cb641829a,3175,4
3175:4:0,component-61fdfd8cb641829a,3175,4
3176:0:0,component-986c6186313eeb81,3176,4
3177:0:0,component-4df6da60b6e1e900,3177,1
3178:0:0,component-db909e95315b0b08,3178,4
3178:2:0,component-db909e95315b0b08,3178,4
3179:0:0,component-61b41a1f5b3ddcfc,3179,1
3179:0:1,component-61b41a1f5b3ddcfc,3179,1
3179:0:2,component-61b41a1f5b3ddcfc,3179,1
3179:0:3,component-61b41a1f5b3ddcfc,3179,1
317:0:0,component-d2e3f41a942b5da5,317,0
3180:0:0,component-61099ef476f7cf5a,3180,0
3180:2:0,component-61099ef476f7cf5a,3180,0
3180:4:0,component-61099ef476f7cf5a,3180,0
3180:6:0,component-61099ef476f7cf5a,3180,0
3181:0:0,component-93f2b6f0acf13e00,3181,2
3182:0:0,component-074bff2c087e254a,3182,3
3183:0:0,component-e478b5082663be30,3183,1
3184:0:0,component-c203eef711f281ce,3184,3
3185:0:0,component-b146ae6066e42618,3185,0
3186:0:0,component-815ea863fd88c4ce,3186,0
3187:0:0,component-67f43809b89ad5bb,3187,0
3188:0:0,component-582806cc726e7c06,3188,1
3189:0:0,component-05add7ccf4ec25fd,3189,4
3189:2:0,component-05add7ccf4ec25fd,3189,4
3189:4:0,component-05add7ccf4ec25fd,3189,4
3189:6:0,component-05add7ccf4ec25fd,3189,4
318:0:0,component-fe8f37a55e19aada,318,4
3190:0:0,component-4181d2e8f66298df,3190,2
3191:0:0,component-b81b08d4f6acacf7,3191,4
3192:0:0,component-b0262a5c8e6f657e,3192,3
3193:0:0,component-76f9b5ccb6bf4cb8,3193,0
3194:0:0,component-3517e77581d98910,3194,3
3195:0:0,component-befb729e0e4a98c3,3195,4
3196:0:0,component-2753b4b6cf25f1ad,3196,1
3196:2:0,component-2753b4b6cf25f1ad,3196,1
3197:0:0,component-d28bd4a08f0c41bd,3197,0
3197:0:1,component-d28bd4a08f0c41bd,3197,0
3198:0:0,component-10d259cba85f4047,3198,1
3199:0:0,component-fc863b2c40bfaeaa,3199,3
3199:2:0,component-fc863b2c40bfaeaa,3199,3
3199:4:0,component-fc863b2c40bfaeaa,3199,3
3199:6:0,component-fc863b2c40bfaeaa,3199,3
319:0:0,component-d23265cd249f5ca3,319,2
319:2:0,component-d23265cd249f5ca3,319,2
319:4:0,component-d23265cd249f5ca3,319,2
31:0:0,component-0b0c20fc110b19ab,31,2
31:0:1,component-0b0c20fc110b19ab,31,2
3200:0:0,component-9b320d1d271d20f7,3200,0
3201:0:0,component-cd382559de899e9f,3201,3
3202:1:0,component-403fafc05df881a6,3202,4
3203:0:0,component-c6161681ee5e180f,3203,4
3203:2:0,component-c6161681ee5e180f,3203,4
3204:0:0,component-da3f7234e4559991,3204,4
3205:0:0,component-093bf21b3ef6c233,3205,0
3205:2:0,component-093bf21b3ef6c233,3205,0
3206:0:0,component-022296e59f1799c6,3206,0
3207:0:0,component-94df55bc1379bad8,3207,2
3208:0:0,component-4b614b0eef16ee71,3208,4
3209:0:0,component-df7a04f02b2bf41b,3209,0
320:0:0,component-cb0e7cf731f83d35,320,2
3210:0:0,component-2ee580fefee2c0f6,3210,3
3211:0:0,component-48441a50d229b762,3211,0
3212:1:0,component-3d9af61c390148ba,3212,0
3213:0:0,component-5c068ee0e98b857a,3213,0
3213:2:0,component-5c068ee0e98b857a,3213,0
3214:0:0,component-73a28897f77b0942,3214,1
3215:0:0,component-d6368f7812ecd378,3215,3
3216:0:0,component-b1cb82689fbd89eb,3216,4
3217:0:0,component-12cb2e848d188a5a,3217,0
3218:0:0,component-620afa7df734d0fe,3218,2
3219:0:0,component-121c0d3f8d96cc82,3219,0
321:0:0,component-8b67709bf8d5d813,321,4
3220:0:0,component-276213fe53f981ac,3220,2
3221:0:0,component-857c06930561f19b,3221,3
3221:2:0,component-857c06930561f19b,3221,3
3222:0:0,component-c216025edf47cf0a,3222,2
3223:1:0,component-b60f28d3e6161945,3223,2
3224:0:0,component-40c85a72738eea7d,3224,3
3225:0:0,component-5e2727c5437e3d65,3225,4
3226:0:0,component-ec2629cc841f02ee,3226,4
3226:0:1,component-ec2629cc841f02ee,3226,4
3227:0:0,component-5150a75fb4c1326a,3227,2
3227:2:0,component-5150a75fb4c1326a,3227,2
3227:2:1,component-5150a75fb4c1326a,3227,2
3227:4:0,component-5150a75fb4c1326a,3227,2
3228:0:0,component-2f33e6e5662882b2,3228,3
3228:2:0,component-2f33e6e5662882b2,3228,3
3228:4:0,component-2f33e6e5662882b2,3228,3
3229:0:0,component-e287b82ecd5fe6a3,3229,3
322:0:0,component-320f4684bac5c9b3,322,3
3230:0:0,component-db7c42fb45aa077c,3230,4
3231:0:0,component-1a37a8222ff94f92,3231,1
3232:0:0,component-b9b1029878af158e,3232,1
3232:2:0,component-b9b1029878af158e,3232,1
3233:0:0,component-5a50d23d3cbe6213,3233,4
3234:0:0,component-dd5d9b182e8555c9,3234,0
3234:2:0,component-dd5d9b182e8555c9,3234,0
3235:0:0,component-177fcfbdc8680e66,3235,2
3236:0:0,component-8d265397dd3fdbac,3236,2
3236:2:0,component-8d265397dd3fdbac,3236,2
3237:0:0,component-1fa41379b696b07e,3237,3
3237:2:0,component-1fa41379b696b07e,3237,3
3238:0:0,component-e2efefb44856f987,3238,0
3239:0:0,component-4deffbf682c32972,3239,1
323:0:0,component-f5b2788347ca7811,323,1
3240:0:0,component-051596fb600e7fa4,3240,3
3241:0:0,component-a6cf869159448fb9,3241,1
3242:1:0,component-d4c51a8f6610bc59,3242,0
3242:3:0,component-d4c51a8f6610bc59,3242,0
3243:0:0,component-b75e632f2654ecfb,3243,1
3244:0:0,component-7c4465aa4707eb56,3244,3
3244:2:0,component-7c4465aa4707eb56,3244,3
3245:0:0,component-4703b57bcd9f2f96,3245,1
3246:0:0,component-856462af8c48ef23,3246,4
3247:0:0,component-07551f86e9856909,3247,2
3248:0:0,component-273719120db10bac,3248,4
3249:0:0,component-8683311330cb86f7,3249,2
324:0:0,component-16a531c99618befe,324,0
3250:0:0,component-f20745d634fd4234,3250,0
3251:0:0,component-09d1d10f1fe2729f,3251,0
3252:0:0,component-1383ef5f053aa14f,3252,1
3253:0:0,component-e38af22340f2063e,3253,1
3254:0:0,component-775f48e8fe9bbfc0,3254,3
3255:0:0,component-f48daf11380e4dbd,3255,2
3256:0:0,component-c3f404db0ec8c8d2,3256,3
3256:2:0,component-c3f404db0ec8c8d2,3256,3
3257:0:0,component-b134ba42eb81efcd,3257,0
3258:0:0,component-698bb78a3b5bd804,3258,2
3259:0:0,component-b22d0586179bef58,3259,1
3259:2:0,component-b22d0586179bef58,3259,1
3259:4:0,component-b22d0586179bef58,3259,1
325:0:0,component-9ac75d6c0be1dbb7,325,1
3260:0:0,component-30a67b5fb646d462,3260,4
3261:0:0,component-d366bd68db61912a,3261,4
3261:2:0,component-d366bd68db61912a,3261,4
3262:0:0,component-f4f0badfa7285b2b,3262,3
3263:0:0,component-80122ca3661e38d9,3263,1
3264:0:0,component-4710e33c3e6a3c81,3264,1
3265:0:0,component-a55c576a53ceba16,3265,2
3265:2:0,component-a55c576a53ceba16,3265,2
3266:0:0,component-239e86b03b9e0f32,3266,2
3267:0:0,component-618f4bb019af0c1e,3267,1
3268:0:0,component-086475f1d17eea6d,3268,2
3268:2:0,component-086475f1d17eea6d,3268,2
3269:0:0,component-78c029317376cab6,3269,0
326:0:0,component-01811ba41fc6c2d0,326,0
3270:0:0,component-cf19f200dc61e6df,3270,4
3270:2:0,component-cf19f200dc61e6df,3270,4
3270:4:0,component-cf19f200dc61e6df,3270,4
3271:0:0,component-d6ab787cd92f2595,3271,2
3272:0:0,component-36021b08973ae29a,3272,0
3273:0:0,component-2f0d62c25180b16a,3273,1
3274:0:0,component-cb767fec04963047,3274,3
3275:0:0,component-08ec4c90798518aa,3275,0
3276:0:0,component-23b7ee9643d6cf4b,3276,2
3277:0:0,component-5558254db537ea1b,3277,0
3278:0:0,component-8bda4700daf1a787,3278,4
3279:0:0,component-9d59e764a9bf8f29,3279,0
327:0:0,component-e0aa92e1e3c1b8db,327,1
3280:0:0,component-1263dff6141a8f05,3280,3
3280:0:1,component-1263dff6141a8f05,3280,3
3281:0:0,component-10b7ffd5103e860f,3281,2
3281:2:0,component-10b7ffd5103e860f,3281,2
3282:0:0,component-f34abc1d556016b0,3282,0
3283:0:0,component-f497aff66cc4e9e0,3283,1
3284:0:0,component-d44f0e2b084d2db1,3284,4
3285:0:0,component-c284d2ff1a69dbbb,3285,4
3286:0:0,component-e737bd1ec97ff74a,3286,3
3287:0:0,component-0e5f8c67c8b7c470,3287,1
3288:0:0,component-82fa98e72fec81b1,3288,3
3289:0:0,component-02652a1f20d8f491,3289,2
3289:2:0,component-02652a1f20d8f491,3289,2
328:0:0,component-96202310e1d232d6,328,1
3290:0:0,component-ada2ef2762aa6834,3290,2
3291:0:0,component-97bc2a0a22b11183,3291,1
3292:0:0,component-c3a43bd4ecaa724e,3292,3
3292:2:0,component-c3a43bd4ecaa724e,3292,3
3292:4:0,component-c3a43bd4ecaa724e,3292,3
3293:0:0,component-de9f86e5152ac609,3293,1
3293:2:0,component-de9f86e5152ac609,3293,1
3293:4:0,component-de9f86e5152ac609,3293,1
3294:0:0,component-f73e71f874b320d5,3294,0
3295:0:0,component-8a9832d3c7954e00,3295,4
3296:0:0,component-eb2ded094267f0ce,3296,2
3297:0:0,component-399d32d30baa807c,3297,2
3298:0:0,component-bd692424d069a0a7,3298,4
3299:0:0,component-d7db2679f053c52d,3299,2
329:0:0,component-de7aedc638169a71,329,1
32:0:0,component-eb57b2c1fd77bf17,32,4
3300:0:0,component-f9291078420ce3cd,3300,1
3300:0:1,component-f9291078420ce3cd,3300,1
3300:0:2,component-f9291078420ce3cd,3300,1
3300:2:0,component-f9291078420ce3cd,3300,1
3300:4:0,component-f9291078420ce3cd,3300,1
3301:0:0,component-ca33299b3e50ae42,3301,1
3302:0:0,component-9f696817639063bb,3302,2
3303:0:0,component-2b84ce037baf3797,3303,1
3304:0:0,component-3af79e72d44f25fb,3304,1
3305:0:0,component-aa63bd5f6d029528,3305,4
3306:0:0,component-654fb5efb58af443,3306,4
3306:0:1,component-654fb5efb58af443,3306,4
3306:2:0,component-654fb5efb58af443,3306,4
3307:0:0,component-20fd91aa01b9edbb,3307,0
3307:2:0,component-20fd91aa01b9edbb,3307,0
3308:0:0,component-f80e7aa00650ce81,3308,2
3308:2:0,component-f80e7aa00650ce81,3308,2
3308:4:0,component-f80e7aa00650ce81,3308,2
3309:0:0,component-43950984002fa519,3309,1
330:0:0,component-c57d2247ff6d0bc9,330,0
3310:0:0,component-6df0587d0f78caeb,3310,0
3311:0:0,component-c6687930ea4182db,3311,2
3312:0:0,component-58180ce65bd5dd2c,3312,3
3313:0:0,component-c8dfa73df385271b,3313,0
3314:0:0,component-e352d11ff8827d51,3314,2
3315:0:0,component-7f9e9d8919b7ed48,3315,0
3316:0:0,component-53517415480939dd,3316,4
3317:0:0,component-f7384323dadb159b,3317,3
3318:0:0,component-6d8ada0d6be04734,3318,2
3319:1:0,component-e2e03b8ad4abeaf0,3319,2
3319:3:0,component-e2e03b8ad4abeaf0,3319,2
331:0:0,component-50d2d3010bff59ac,331,0
3320:0:0,component-790d428285d52d64,3320,4
3320:2:0,component-790d428285d52d64,3320,4
3321:0:0,component-f3f0a65691812780,3321,1
3322:0:0,component-0c3fc8fb3c357daf,3322,1
3323:0:0,component-25716ee4c49ac125,3323,2
3324:0:0,component-3d530b9dd8a691f4,3324,3
3324:2:0,component-3d530b9dd8a691f4,3324,3
3325:0:0,component-b61367064fd28f4e,3325,4
3326:0:0,component-4f5dbecb74e7a3c5,3326,2
3327:0:0,component-4466f1ac1abac669,3327,0
3328:0:0,component-9b093075b7d37468,3328,1
3329:0:0,component-26ef56e62d4e216c,3329,3
332:0:0,component-70f404bb9816df9a,332,3
3330:0:0,component-59b77a6dc225154c,3330,1
3331:0:0,component-f7a45ca9737532bd,3331,3
3331:2:0,component-f7a45ca9737532bd,3331,3
3332:0:0,component-59ea9a88cb448f7e,3332,2
3333:0:0,component-a674739a46fe2b60,3333,1
3334:0:0,component-6724104e863d8528,3334,0
3334:2:0,component-6724104e863d8528,3334,0
3334:2:1,component-6724104e863d8528,3334,0
3335:0:0,component-437b5370452b0a42,3335,1
3336:0:0,component-ca0fe3daf81b35b9,3336,3
3337:0:0,component-4932be1d62bb6bfc,3337,4
3338:0:0,component-e34cadaac6172b4a,3338,3
3339:0:0,component-251db631ad6a2c95,3339,2
333:0:0,component-ef93f6f83889f677,333,2
3340:0:0,component-a6bced0f47c4e516,3340,3
3340:2:0,component-a6bced0f47c4e516,3340,3
3340:4:0,component-a6bced0f47c4e516,3340,3
3340:6:0,component-a6bced0f47c4e516,3340,3
3341:0:0,component-ff22fbb0e398f97f,3341,2
3342:0:0,component-399729af9bd85b86,3342,0
3343:0:0,component-02870c5e0c45ff23,3343,3
3344:1:0,component-4b7825de989c81ea,3344,3
3345:0:0,component-7e6fc19dd98e1b1a,3345,1
3345:2:0,component-7e6fc19dd98e1b1a,3345,1
3346:0:0,component-b142ad4b2a84d26c,3346,4
3346:2:0,component-b142ad4b2a84d26c,3346,4
3347:0:0,component-091788f97a431a6c,3347,1
3348:0:0,component-ba67d61de66960a3,3348,1
3349:0:0,component-a234518a2750d47e,3349,3
334:0:0,component-5562027d5339d1da,334,0
3350:0:0,component-55b35443ebdbf0fc,3350,4
3350:2:0,component-55b35443ebdbf0fc,3350,4
3351:0:0,component-666eeb17a68ebca6,3351,4
3352:0:0,component-82b71af13d3cdd54,3352,4
3352:2:0,component-82b71af13d3cdd54,3352,4
3353:0:0,component-b6c30350b71eac13,3353,4
3354:0:0,component-e2e2811b97d2884b,3354,1
3354:2:0,component-e2e2811b97d2884b,3354,1
3354:4:0,component-e2e2811b97d2884b,3354,1
3355:0:0,component-bf3d66238269865f,3355,0
3355:2:0,component-bf3d66238269865f,3355,0
3356:0:0,component-b957480b538f61ce,3356,0
3357:0:0,component-199dea8e09dba123,3357,1
3358:0:0,component-8ea5626799733cf1,3358,1
3359:0:0,component-1df00e92743675b8,3359,3
335:0:0,component-65e5e54e9bfb9d96,335,4
3360:0:0,component-a1aec2f25ad61ea7,3360,2
3360:2:0,component-a1aec2f25ad61ea7,3360,2
3362:0:0,component-2a24b9160de88abd,3362,0
3363:0:0,component-b968168d798b2016,3363,4
3364:0:0,component-89254dc50c1dfe75,3364,1
3365:0:0,component-e1d0835205767cb6,3365,2
3365:2:0,component-e1d0835205767cb6,3365,2
3366:0:0,component-e9aaa648b6b271e7,3366,2
3367:0:0,component-74fb60bacc4c8a26,3367,3
3368:1:0,component-73e646488d9a75d7,3368,4
3369:0:0,component-bfff421ee45d51e7,3369,0
336:0:0,component-e245ce825928f0b3,336,4
3370:0:0,component-2a93a75b5f7229db,3370,0
3371:0:0,component-560aa96e42127ad3,3371,1
3372:0:0,component-a5b94dad6a5b534f,3372,2
3373:0:0,component-3f455e4bf1e1ed02,3373,1
3374:0:0,component-9fe3c443d15957f9,3374,1
3374:2:0,component-9fe3c443d15957f9,3374,1
3374:4:0,component-9fe3c443d15957f9,3374,1
3375:0:0,component-55cffe0da055700c,3375,4
3376:0:0,component-0913f66f9da04695,3376,2
3377:0:0,component-a383a61213870c74,3377,3
3378:0:0,component-d4cfe9f594695429,3378,3
3379:0:0,component-86ac190807f6b03d,3379,2
337:0:0,component-7c4faf19d2de6a88,337,1
337:2:0,component-7c4faf19d2de6a88,337,1
3380:0:0,component-05203a794b7693be,3380,4
3381:0:0,component-292ae3e9803b2ebb,3381,1
3381:0:1,component-292ae3e9803b2ebb,3381,1
3382:0:0,component-61d7b12d0095c9e3,3382,2
3383:0:0,component-7acca8713bb94529,3383,1
3383:2:0,component-7acca8713bb94529,3383,1
3384:0:0,component-762625a9433bf6de,3384,2
3385:0:0,component-10baa4139a4b427b,3385,0
3386:0:0,component-ef745bab2bbcdb20,3386,2
3387:0:0,component-adf1c325d38a04dc,3387,2
3388:0:0,component-2b3855a5b166e82e,3388,2
3389:0:0,component-e0cfb326a1c180ac,3389,1
338:0:0,component-953741c219f8ea4d,338,2
3390:0:0,component-52fa90705a8455ad,3390,3
3391:0:0,component-1f487ad021b188cd,3391,0
3392:0:0,component-568830d8c0c4742b,3392,0
3392:2:0,component-568830d8c0c4742b,3392,0
3393:0:0,component-a976aea4373958f1,3393,3
3394:0:0,component-15e7a5e6022b1a9d,3394,0
3394:2:0,component-15e7a5e6022b1a9d,3394,0
3394:4:0,component-15e7a5e6022b1a9d,3394,0
3394:6:0,component-15e7a5e6022b1a9d,3394,0
3394:8:0,component-15e7a5e6022b1a9d,3394,0
3395:0:0,component-051b4651e79159d4,3395,2
3396:0:0,component-5b1762b4ace98cd6,3396,1
3396:2:0,component-5b1762b4ace98cd6,3396,1
3396:4:0,component-5b1762b4ace98cd6,3396,1
3397:0:0,component-8b1aa43c6d1289b2,3397,2
3398:0:0,component-e8af291d44c85034,3398,3
3399:0:0,component-9e33e37a5b87deaf,3399,0
339:0:0,component-6547da40421f71f3,339,2
33:0:0,component-74056b05b8ef5d33,33,3
3400:0:0,component-a7b6a377b1d7d244,3400,3
3401:0:0,component-989122e9443991a5,3401,0
3402:0:0,component-b0139f37b4c28936,3402,2
3403:0:0,component-4e59ac892b35e72a,3403,4
3403:2:0,component-4e59ac892b35e72a,3403,4
3403:4:0,component-4e59ac892b35e72a,3403,4
3403:6:0,component-4e59ac892b35e72a,3403,4
3404:0:0,component-3a234ba65187a40a,3404,3
3405:0:0,component-e92243924ea020b7,3405,2
3406:0:0,component-1f1c1a39f946ab5e,3406,2
3406:2:0,component-1f1c1a39f946ab5e,3406,2
3407:0:0,component-22f3815a3203be78,3407,3
3408:0:0,component-8cdc299c475f3485,3408,2
3408:2:0,component-8cdc299c475f3485,3408,2
3409:0:0,component-47063f391619a42f,3409,3
3409:2:0,component-47063f391619a42f,3409,3
340:0:0,component-597491af3c5f9ac3,340,4
3410:0:0,component-6f08563cd846582b,3410,0
3410:2:0,component-6f08563cd846582b,3410,0
3411:0:0,component-6af0cbf39995c45c,3411,2
3411:2:0,component-6af0cbf39995c45c,3411,2
3412:0:0,component-e333a19d9aff8ee1,3412,1
3413:0:0,component-fcef6ac5b1ba0675,3413,0
3413:2:0,component-fcef6ac5b1ba0675,3413,0
3413:2:1,component-fcef6ac5b1ba0675,3413,0
3413:4:0,component-fcef6ac5b1ba0675,3413,0
3413:6:0,component-fcef6ac5b1ba0675,3413,0
3414:0:0,component-b5dff8984aa6be61,3414,2
3414:2:0,component-b5dff8984aa6be61,3414,2
3415:0:0,component-fade884543cba898,3415,2
3415:2:0,component-fade884543cba898,3415,2
3416:0:0,component-058999568e827a3f,3416,2
3417:0:0,component-91d7562c040ecfd8,3417,3
3418:0:0,component-d3cdaefd07450a56,3418,4
3419:1:0,component-5954b286dfe14f1a,3419,4
341:0:0,component-fc18842313bfbd4b,341,1
3420:0:0,component-c3d6ba6eb5a295cd,3420,4
3421:0:0,component-313db9428abd8cd1,3421,4
3422:0:0,component-6afb54d1cfbb406f,3422,0
3423:1:0,component-3c779f53ac8fbe1e,3423,2
3424:0:0,component-3b1e2370f869a152,3424,0
3425:0:0,component-7d62cc86d0cb77af,3425,3
3426:0:0,component-ed96a19c8ac68e82,3426,4
3426:2:0,component-ed96a19c8ac68e82,3426,4
3426:4:0,component-ed96a19c8ac68e82,3426,4
3427:0:0,component-baee8be2d743fa40,3427,4
3427:0:1,component-baee8be2d743fa40,3427,4
3427:0:10,component-baee8be2d743fa40,3427,4
3427:0:2,component-baee8be2d743fa40,3427,4
3427:0:3,component-baee8be2d743fa40,3427,4
3427:0:4,component-baee8be2d743fa40,3427,4
3427:0:5,component-baee8be2d743fa40,3427,4
3427:0:6,component-baee8be2d743fa40,3427,4
3427:0:7,component-baee8be2d743fa40,3427,4
3427:0:8,component-baee8be2d743fa40,3427,4
3427:0:9,component-baee8be2d743fa40,3427,4
3428:0:0,component-1aeffb98f614c83b,3428,4
3428:2:0,component-1aeffb98f614c83b,3428,4
3429:0:0,component-ac2451c1a3f8fcf1,3429,1
3429:0:1,component-ac2451c1a3f8fcf1,3429,1
3429:2:0,component-ac2451c1a3f8fcf1,3429,1
342:0:0,component-a5abf5cae247d066,342,0
3430:0:0,component-3c7df249f58e61c2,3430,2
3430:0:1,component-3c7df249f58e61c2,3430,2
3431:0:0,component-d94a06c1c7d3d111,3431,2
3432:0:0,component-ab04e7f88c09f82d,3432,2
3432:2:0,component-ab04e7f88c09f82d,3432,2
3433:0:0,component-33ae1a72fc17ffa6,3433,2
3434:0:0,component-e955833dcad47d4a,3434,3
3434:2:0,component-e955833dcad47d4a,3434,3
3435:0:0,component-22ead783f850a479,3435,4
3436:0:0,component-7e9806257da90934,3436,1
3437:0:0,component-79f96d093038520c,3437,1
3438:0:0,component-639bcb79b5457d88,3438,1
343:0:0,component-7f60d2b9db70107c,343,1
3440:1:0,component-293af202c89713c6,3440,0
3441:1:0,component-75a86841db558abc,3441,1
3441:3:0,component-75a86841db558abc,3441,1
3442:0:0,component-f7868b8606fe5348,3442,4
3443:0:0,component-8ee6cdd925c069a9,3443,3
3444:0:0,component-caaf6a3df355ae89,3444,0
3445:0:0,component-f1aaf070d93a9e9d,3445,1
3446:0:0,component-ad6e37d1b4feadc4,3446,3
3447:0:0,component-d56c4d371d4b4445,3447,2
3448:0:0,component-77412a285e390ddd,3448,1
3449:0:0,component-d4171ecfede337c8,3449,1
344:0:0,component-52a0c9c7d40ca124,344,2
3450:0:0,component-be58abb6b1bcaa01,3450,1
3451:0:0,component-35f7a97eec301e87,3451,1
3452:0:0,component-41ec0b76d489236c,3452,4
3453:0:0,component-e8f30c40171d36c1,3453,1
3453:2:0,component-e8f30c40171d36c1,3453,1
3454:0:0,component-09cf180c75c1a8d2,3454,1
3455:0:0,component-22ab90564fa3cd0b,3455,4
3456:1:0,component-1cf4ebc34420c139,3456,4
3457:1:0,component-12af7a01d741d016,3457,2
3457:3:0,component-12af7a01d741d016,3457,2
3458:0:0,component-f94a64d9a417fc09,3458,3
3459:0:0,component-425d15eb6f951010,3459,4
345:0:0,component-1de68a266dcde3ee,345,2
3460:0:0,component-c35fed78d6bfd127,3460,1
3461:0:0,component-ae8875f396380faa,3461,3
3462:0:0,component-0c0c3e5e8d18cb2f,3462,1
3463:0:0,component-6cc2cac19e14c796,3463,3
3463:0:1,component-6cc2cac19e14c796,3463,3
3463:2:0,component-6cc2cac19e14c796,3463,3
3464:0:0,component-1d21e6dbb662444e,3464,0
3464:2:0,component-1d21e6dbb662444e,3464,0
3464:4:0,component-1d21e6dbb662444e,3464,0
3465:0:0,component-fc211b6786875790,3465,0
3466:0:0,component-a61c107a6280f8bd,3466,0
3467:0:0,component-c07839538e52b0eb,3467,0
3468:0:0,component-7cdd1c10c2b7e90e,3468,4
3469:0:0,component-07865c35617ac9f2,3469,0
346:0:0,component-b47c35a04cb47e17,346,3
3470:0:0,component-1b8809689a8d4758,3470,0
3471:0:0,component-d7fd7df516cc3aee,3471,1
3472:0:0,component-839c89a6c72b7b91,3472,3
3473:0:0,component-2282da3d1cce503e,3473,1
3474:0:0,component-bdec79a42aaac67e,3474,1
3475:0:0,component-cafa10e1b0e3c12d,3475,2
3475:2:0,component-cafa10e1b0e3c12d,3475,2
3475:2:1,component-cafa10e1b0e3c12d,3475,2
3475:4:0,component-cafa10e1b0e3c12d,3475,2
3476:0:0,component-ec345b491d835f10,3476,0
3476:2:0,component-ec345b491d835f10,3476,0
3477:0:0,component-f1631bd4fdd10928,3477,1
3477:2:0,component-f1631bd4fdd10928,3477,1
3478:0:0,component-a2b290ff3eb6df82,3478,1
3478:2:0,component-a2b290ff3eb6df82,3478,1
3479:0:0,component-99715190ea7d3869,3479,4
347:0:0,component-27dd146b22acb2e2,347,1
3480:0:0,component-ff24ab75bcc95c2c,3480,2
3481:0:0,component-a01f2a1254f23c28,3481,2
3482:0:0,component-c6cd2dee2fe3fc28,3482,1
3483:0:0,component-784ac802e6065b15,3483,2
3483:0:1,component-784ac802e6065b15,3483,2
3484:0:0,component-12c438d3b55ed9aa,3484,0
3484:10:0,component-12c438d3b55ed9aa,3484,0
3484:2:0,component-12c438d3b55ed9aa,3484,0
3484:4:0,component-12c438d3b55ed9aa,3484,0
3484:6:0,component-12c438d3b55ed9aa,3484,0
3484:8:0,component-12c438d3b55ed9aa,3484,0
3485:0:0,component-18dd3cb20c41dd13,3485,0
3487:0:0,component-3527861dfbb4fc0a,3487,2
3488:0:0,component-3b75cc205ad56f12,3488,0
3488:2:0,component-3b75cc205ad56f12,3488,0
3489:0:0,component-657c881c79ec27bf,3489,1
348:0:0,component-1a162fd2c3f3bc78,348,3
3490:0:0,component-8dc3b7614dcbb679,3490,3
3490:2:0,component-8dc3b7614dcbb679,3490,3
3491:0:0,component-16e701413cffdd95,3491,0
3491:0:1,component-16e701413cffdd95,3491,0
3492:0:0,component-d8dd4c60ced6c4f4,3492,1
3493:0:0,component-2c8ce5a6a8cc698a,3493,3
3494:0:0,component-39c0753d071b0e57,3494,4
3495:0:0,component-c0b0870c7f4b735a,3495,4
3496:0:0,component-e29eefc88a3b5f7f,3496,0
3497:0:0,component-a32be4ffcfc84ce6,3497,2
3498:1:0,component-102300387e0b1f54,3498,1
3499:0:0,component-157e9508b2f9308a,3499,0
349:0:0,component-9fd3255a6c375c73,349,0
34:0:0,component-352a0eff6d8ac2ff,34,1
3500:0:0,component-0fb7c4f5d912a32e,3500,4
3501:0:0,component-8cc096261e4b02ee,3501,4
3502:0:0,component-6ab8a5ede8620261,3502,4
3503:0:0,component-0cc556cd059ca226,3503,2
3504:1:0,component-4c48519a21447491,3504,4
3505:0:0,component-0507b0065d1b60f3,3505,0
3506:0:0,component-d4aad3ddfc162de9,3506,4
3507:0:0,component-e760bd3230226f7d,3507,2
3508:0:0,component-c33082082c517ffc,3508,1
3509:0:0,component-2a42038315a51d29,3509,0
350:0:0,component-676b5749fcebc8df,350,4
350:2:0,component-676b5749fcebc8df,350,4
3510:0:0,component-211b8c7b9d56e04e,3510,4
3510:2:0,component-211b8c7b9d56e04e,3510,4
3511:0:0,component-5ee4b43fc0164a0f,3511,1
3512:0:0,component-62a8374755c71186,3512,4
3512:2:0,component-62a8374755c71186,3512,4
3513:0:0,component-14ee06875bdf1919,3513,4
3514:0:0,component-8e2c6c702c4ca88a,3514,1
3515:0:0,component-aa928c381aafddf6,3515,3
3515:2:0,component-aa928c381aafddf6,3515,3
3515:4:0,component-aa928c381aafddf6,3515,3
3516:0:0,component-83e8eabdc91a8690,3516,4
3517:0:0,component-c7ff7d716b912534,3517,1
3517:0:1,component-c7ff7d716b912534,3517,1
3518:0:0,component-be36837207e4f11e,3518,2
3519:0:0,component-955f1ddc2948b153,3519,1
3519:2:0,component-955f1ddc2948b153,3519,1
3519:4:0,component-955f1ddc2948b153,3519,1
351:0:0,component-4e73fa1516c43df0,351,4
3520:0:0,component-47675c731ce8f911,3520,3
3521:0:0,component-7cd583306bf80bce,3521,3
3521:2:0,component-7cd583306bf80bce,3521,3
3522:0:0,component-e7f5a0c593eb6f40,3522,3
3523:0:0,component-e7d51d024f6e9a34,3523,0
3524:0:0,component-8a72d87814935198,3524,1
3525:0:0,component-8e6a48b385f2e9aa,3525,2
3525:0:1,component-8e6a48b385f2e9aa,3525,2
3525:2:0,component-8e6a48b385f2e9aa,3525,2
3526:0:0,component-1ed0488387f39a60,3526,0
3527:0:0,component-1fd7e1b3deecc076,3527,2
3527:2:0,component-1fd7e1b3deecc076,3527,2
3528:0:0,component-4ef1a989e3f54384,3528,2
3529:0:0,component-1bcfebc3e215717b,3529,3
3529:2:0,component-1bcfebc3e215717b,3529,3
3529:2:1,component-1bcfebc3e215717b,3529,3
352:0:0,component-f40c349206567f91,352,3
3530:0:0,component-569607e6feee564c,3530,1
3531:0:0,component-7864fd4b35afbe53,3531,3
3532:0:0,component-758a6a6fd98618dc,3532,1
3533:0:0,component-beeffdd05808416c,3533,0
3534:0:0,component-8401d512fe682db3,3534,2
3535:0:0,component-1dc1c245b9076cd0,3535,0
3535:2:0,component-1dc1c245b9076cd0,3535,0
3535:4:0,component-1dc1c245b9076cd0,3535,0
3535:6:0,component-1dc1c245b9076cd0,3535,0
3536:0:0,component-ab4bc30723baf5c0,3536,4
3537:0:0,component-3ef13e8b0ced88b1,3537,0
3538:0:0,component-151ca91aba357412,3538,1
3539:0:0,component-f23050a38fb9ca7a,3539,3
353:0:0,component-85f503ef83d896a1,353,3
3540:0:0,component-d4db4a740bf21a9f,3540,4
3541:1:0,component-6c64b42f1d6c52a5,3541,2
3542:0:0,component-433c82fe8a5ec88f,3542,2
3543:0:0,component-26656a4afbeaaa43,3543,4
3544:0:0,component-8acb3d7d4fbda4a5,3544,1
3545:0:0,component-6ba82b4d27d92ce6,3545,2
3545:2:0,component-6ba82b4d27d92ce6,3545,2
3546:0:0,component-1413477867a5de02,3546,2
3547:0:0,component-5127df3291b5a095,3547,3
3548:0:0,component-4998ec3386ab5d39,3548,0
3549:0:0,component-9162cd9e9201277d,3549,2
3549:2:0,component-9162cd9e9201277d,3549,2
3549:4:0,component-9162cd9e9201277d,3549,2
3549:6:0,component-9162cd9e9201277d,3549,2
3549:8:0,component-9162cd9e9201277d,3549,2
354:0:0,component-4b20199289b2b420,354,4
354:2:0,component-4b20199289b2b420,354,4
3550:0:0,component-6d39bad1424210a3,3550,3
3550:0:1,component-6d39bad1424210a3,3550,3
3551:0:0,component-70e8cc322fa2f42f,3551,2
3552:0:0,component-ebf7a042f4c7bf30,3552,1
3553:0:0,component-eb9cac532c0a5437,3553,4
3554:0:0,component-4d7b0f24340a9edd,3554,0
3555:0:0,component-6f638258988ddc3a,3555,1
3556:0:0,component-e784282eeabb5c2a,3556,0
3557:0:0,component-592642bfe3fa7912,3557,4
3558:0:0,component-a9f2ec1be4c3e502,3558,0
3559:0:0,component-749c8a8bc1701bfc,3559,2
355:0:0,component-b25c8cb7e77b389b,355,0
3560:0:0,component-1c171fe5d8eb86dc,3560,2
3561:0:0,component-a4fc3d4e2ea2dac7,3561,2
3562:0:0,component-13cee32297a58e44,3562,2
3563:0:0,component-1f89655fcb31e78d,3563,1
3564:0:0,component-1173ccb0b129e86e,3564,4
3564:2:0,component-1173ccb0b129e86e,3564,4
3565:0:0,component-559972d6b08aa873,3565,2
3565:2:0,component-559972d6b08aa873,3565,2
3566:0:0,component-e6622dddb03fb440,3566,4
3567:0:0,component-629a4759a4bc351a,3567,4
3568:0:0,component-bbcf066de74e128b,3568,4
3569:0:0,component-ede6850785fdd488,3569,2
356:0:0,component-7002b8a8770467cc,356,3
3570:0:0,component-3fbe40ad838ff354,3570,0
3571:0:0,component-ef5b06fddba2163a,3571,3
3572:0:0,component-d9bae4542797c9f5,3572,1
3573:0:0,component-e9adee3148f9c935,3573,3
3574:0:0,component-1e12ee165f95ed6d,3574,4
3575:0:0,component-a9e5df7d4e9a76a4,3575,1
3576:0:0,component-1679c44cfff135a8,3576,4
3577:0:0,component-f1e44ab6eb8fcc13,3577,1
3578:1:0,component-300faf9d53994ced,3578,1
3579:0:0,component-72d3788008d5c5d2,3579,3
357:0:0,component-dfb5fb256f38c5aa,357,1
3580:0:0,component-09c963b07438b458,3580,1
3581:0:0,component-ded1abc935865dce,3581,3
3582:0:0,component-d903e1f14dccf193,3582,0
3583:0:0,component-51f374fd1a6ffff1,3583,3
3583:2:0,component-51f374fd1a6ffff1,3583,3
3584:0:0,component-a395ea39b337dde9,3584,1
3584:2:0,component-a395ea39b337dde9,3584,1
3585:0:0,component-eaeec8caa3eb1a18,3585,2
3586:0:0,component-8117135e99d04a16,3586,4
3587:0:0,component-0b4cef01adab4670,3587,2
3588:0:0,component-54d609094a1ef03b,3588,1
3589:0:0,component-0ee4764587e8bda7,3589,1
3589:2:0,component-0ee4764587e8bda7,3589,1
358:0:0,component-0fc5be476208445f,358,3
3590:0:0,component-4d74bd517d224686,3590,3
3591:0:0,component-5e3387bef9e8ae5c,3591,0
3592:0:0,component-bb11e206693dea67,3592,0
3593:0:0,component-a3541e8ef1408568,3593,4
3593:2:0,component-a3541e8ef1408568,3593,4
3594:0:0,component-4eb51e9281a8e4a2,3594,2
3595:0:0,component-10eba5793535e021,3595,3
3595:2:0,component-10eba5793535e021,3595,3
3596:0:0,component-367a7434e196a47a,3596,1
3596:0:1,component-367a7434e196a47a,3596,1
3597:0:0,component-33ebf7ac43a72cc5,3597,1
3598:0:0,component-81fc93bc059fcefe,3598,4
3599:0:0,component-425d15eb6f951010,3599,4
359:0:0,component-56c587648257c7b4,359,1
35:0:0,component-1dae2efa842d6ca6,35,3
3600:0:0,component-f19d68be461894e9,3600,1
3601:0:0,component-1d6568e782e576bd,3601,4
3601:2:0,component-1d6568e782e576bd,3601,4
3602:0:0,component-28def74083b51f98,3602,2
3602:2:0,component-28def74083b51f98,3602,2
3603:0:0,component-66ba7a4c22c7883c,3603,3
3604:0:0,component-666d23bff5a2add8,3604,2
3605:0:0,component-186928cf5a8da50c,3605,3
3606:0:0,component-baee5d52d77fcb75,3606,4
3607:0:0,component-dec50ba47a07817a,3607,3
3607:2:0,component-dec50ba47a07817a,3607,3
3608:1:0,component-fe0556957caad22f,3608,3
3609:0:0,component-112d5727b4b6c3a6,3609,4
360:0:0,component-13164cbf7316033c,360,2
360:2:0,component-13164cbf7316033c,360,2
3610:0:0,component-83b1dba4a8a1105e,3610,2
3610:10:0,component-83b1dba4a8a1105e,3610,2
3610:2:0,component-83b1dba4a8a1105e,3610,2
3610:4:0,component-83b1dba4a8a1105e,3610,2
3610:6:0,component-83b1dba4a8a1105e,3610,2
3610:8:0,component-83b1dba4a8a1105e,3610,2
3611:0:0,component-84c43e47cc6f2386,3611,4
3612:0:0,component-e549827955229258,3612,3
3612:2:0,component-e549827955229258,3612,3
3613:0:0,component-943d60cc03f1eed5,3613,4
3614:0:0,component-955f1ddc2948b153,3614,1
3614:2:0,component-955f1ddc2948b153,3614,1
3615:0:0,component-0aa78d28c0fb93d8,3615,3
3615:2:0,component-0aa78d28c0fb93d8,3615,3
3616:0:0,component-1927c4d18a65396a,3616,1
3617:0:0,component-aeb8b304a7fff5a5,3617,0
3618:1:0,component-6be7cff60bd5962d,3618,2
3618:3:0,component-6be7cff60bd5962d,3618,2
3618:5:0,component-6be7cff60bd5962d,3618,2
3618:7:0,component-6be7cff60bd5962d,3618,2
3619:0:0,component-3a176522c3fd87b4,3619,3
361:0:0,component-16be088736a78c98,361,0
361:2:0,component-16be088736a78c98,361,0
361:4:0,component-16be088736a78c98,361,0
361:6:0,component-16be088736a78c98,361,0
3620:0:0,component-19a527fc21c6b521,3620,0
3621:0:0,component-503f03f7cf26674b,3621,4
3621:2:0,component-503f03f7cf26674b,3621,4
3621:4:0,component-503f03f7cf26674b,3621,4
3622:0:0,component-7711e207f7a49885,3622,0
3623:0:0,component-c68f6cc09104324d,3623,0
3623:2:0,component-c68f6cc09104324d,3623,0
3623:4:0,component-c68f6cc09104324d,3623,0
3624:0:0,component-577a8ecce4af2110,3624,4
3624:2:0,component-577a8ecce4af2110,3624,4
3625:0:0,component-e6557d0767368232,3625,1
3626:0:0,component-5dcca7ee7222101c,3626,0
3627:0:0,component-a96ef93a68a838fb,3627,0
3628:0:0,component-d2a04a3404bd6fba,3628,1
3629:0:0,component-2fbc0a841d9267d9,3629,2
362:0:0,component-dbf252dd4aecce47,362,1
362:2:0,component-dbf252dd4aecce47,362,1
3630:0:0,component-093d921ee804c24d,3630,0
3631:0:0,component-0c77893526f5eb6a,3631,0
3632:0:0,component-c5f1912f251829d2,3632,3
3633:0:0,component-10c191415f430346,3633,4
3633:2:0,component-10c191415f430346,3633,4
3633:2:1,component-10c191415f430346,3633,4
3634:0:0,component-15c9c745c43bf195,3634,4
3635:0:0,component-7473e39a96bb93d4,3635,0
3635:2:0,component-7473e39a96bb93d4,3635,0
3636:0:0,component-821557469f79822b,3636,1
3636:2:0,component-821557469f79822b,3636,1
3636:4:0,component-821557469f79822b,3636,1
3637:0:0,component-05db0a646d9d6811,3637,3
3637:2:0,component-05db0a646d9d6811,3637,3
3638:0:0,component-da5ef1f7bb80e0b7,3638,4
3639:0:0,component-28e00c201afc8756,3639,3
363:0:0,component-1aadbf10f60679ce,363,1
3640:0:0,component-a4dc8b3952a20436,3640,1
3641:0:0,component-c5548f5248ed8ea9,3641,4
3641:2:0,component-c5548f5248ed8ea9,3641,4
3642:0:0,component-7e0c30d94d610092,3642,3
3643:0:0,component-c77365bb3b653484,3643,4
3643:2:0,component-c77365bb3b653484,3643,4
3644:0:0,component-3a9f28f285fede27,3644,3
3644:2:0,component-3a9f28f285fede27,3644,3
3644:4:0,component-3a9f28f285fede27,3644,3
3645:0:0,component-cad18bf668f0f16c,3645,4
3646:0:0,component-f25a6ff91e7e7245,3646,4
3647:0:0,component-51d83f9d5f67cc71,3647,3
3648:0:0,component-3474f74639f05cb9,3648,1
3649:0:0,component-eec473d607554dea,3649,4
364:0:0,component-c63e669b7d64e514,364,3
364:2:0,component-c63e669b7d64e514,364,3
3650:0:0,component-e05834b9a43e9c19,3650,4
3651:0:0,component-8cdd432bc63e8fec,3651,1
3652:0:0,component-f40d51063a88bcb0,3652,1
3652:2:0,component-f40d51063a88bcb0,3652,1
3652:4:0,component-f40d51063a88bcb0,3652,1
3653:0:0,component-b80ba9f23ad66fe1,3653,0
3654:0:0,component-23eb95f147a1ac20,3654,3
3655:0:0,component-d2062d057a693192,3655,4
3655:2:0,component-d2062d057a693192,3655,4
3655:4:0,component-d2062d057a693192,3655,4
3655:6:0,component-d2062d057a693192,3655,4
3656:0:0,component-a42d32418f1ecb6c,3656,0
3657:1:0,component-39aa51fdb1ddbfdf,3657,0
3658:0:0,component-2c899f2c77fbae01,3658,1
3658:2:0,component-2c899f2c77fbae01,3658,1
3659:0:0,component-727aec7e012f1df2,3659,3
365:0:0,component-f4b65e69ed34099d,365,1
3660:0:0,component-087689661403e344,3660,3
3661:0:0,component-f510c0614b328fe1,3661,0
3662:0:0,component-aef059afede3e43f,3662,0
3663:0:0,component-e5ecbae93fb2f5b8,3663,4
3663:2:0,component-e5ecbae93fb2f5b8,3663,4
3664:0:0,component-0929df221503f7c6,3664,0
3665:1:0,component-4474b95fcb72d679,3665,3
3666:0:0,component-bfd64d04bcb1d161,3666,0
3667:0:0,component-733c215a95da82af,3667,0
3667:2:0,component-733c215a95da82af,3667,0
3668:0:0,component-1411639f7c4a769f,3668,4
3668:2:0,component-1411639f7c4a769f,3668,4
3669:0:0,component-8d6b13cd4a0c0e68,3669,0
3669:2:0,component-8d6b13cd4a0c0e68,3669,0
366:0:0,component-163ba91101292a08,366,3
366:2:0,component-163ba91101292a08,366,3
3670:0:0,component-42cd046db43130d4,3670,0
3671:0:0,component-cc9b61ede90a8232,3671,0
3672:0:0,component-04b0c8b6ed27c7f2,3672,1
3672:2:0,component-04b0c8b6ed27c7f2,3672,1
3672:4:0,component-04b0c8b6ed27c7f2,3672,1
3673:0:0,component-5a284111c9dcebd6,3673,0
3674:0:0,component-545fc5617d2c4da1,3674,4
3674:2:0,component-545fc5617d2c4da1,3674,4
3675:0:0,component-5510635e5ae0de25,3675,4
3675:0:1,component-5510635e5ae0de25,3675,4
3676:0:0,component-5f838d6cb32f6592,3676,4
3677:0:0,component-efac07bfc3b64d02,3677,1
3677:2:0,component-efac07bfc3b64d02,3677,1
3677:4:0,component-efac07bfc3b64d02,3677,1
3678:0:0,component-ef1835866d1bfccf,3678,3
3678:0:1,component-ef1835866d1bfccf,3678,3
3679:0:0,component-1ac79c7bf5b1dc80,3679,2
367:0:0,component-8024753169c5cd82,367,0
367:2:0,component-8024753169c5cd82,367,0
3680:0:0,component-5eb5b485fd9b77df,3680,3
3681:0:0,component-68a03183466019cc,3681,4
3682:0:0,component-bd7d47e500b46474,3682,3
3682:2:0,component-bd7d47e500b46474,3682,3
3682:4:0,component-bd7d47e500b46474,3682,3
3682:6:0,component-bd7d47e500b46474,3682,3
3683:0:0,component-82e37e711524e4ce,3683,3
3684:0:0,component-050dd14e3c2069f9,3684,0
3685:0:0,component-e724932f8f5ebbc9,3685,1
3685:2:0,component-e724932f8f5ebbc9,3685,1
3686:0:0,component-e3ef0e7b06a45aa7,3686,0
3686:2:0,component-e3ef0e7b06a45aa7,3686,0
3687:0:0,component-71a5336dfb8a036c,3687,0
3688:0:0,component-bd0d530ffc82c54e,3688,0
3688:2:0,component-bd0d530ffc82c54e,3688,0
3689:0:0,component-2614eb7a36538f51,3689,4
368:0:0,component-75982ba1b28f79af,368,2
368:2:0,component-75982ba1b28f79af,368,2
3690:0:0,component-216a02712bed3052,3690,4
3690:2:0,component-216a02712bed3052,3690,4
3691:1:0,component-4b10cbf9eceb6b4a,3691,3
3692:0:0,component-9eaff8b1ffac1424,3692,4
3693:0:0,component-5da4ac93f1bba0f8,3693,1
3694:0:0,component-fb9bac2b60b19760,3694,4
3695:0:0,component-ad525e07045a3822,3695,3
3696:0:0,component-af6845c3ee103171,3696,1
3696:2:0,component-af6845c3ee103171,3696,1
3697:0:0,component-a2c3e77633b15597,3697,0
3698:0:0,component-937b1c72421c01c9,3698,4
3699:0:0,component-3a5022f1b4ec9192,3699,4
369:0:0,component-e3d07f81b0b98156,369,2
36:0:0,component-7fb20c7ac63e244e,36,1
3700:0:0,component-ca71091a706b0d2d,3700,0
3700:0:1,component-ca71091a706b0d2d,3700,0
3701:0:0,component-49bd147e8221bb61,3701,3
3702:0:0,component-5472b21110719e3a,3702,4
3703:0:0,component-a4ba8bafe59520f0,3703,1
3704:0:0,component-714aac81b4bac194,3704,3
3705:0:0,component-149f3ce211504009,3705,1
3706:1:0,component-3dbd752b8d845af1,3706,2
3706:3:0,component-3dbd752b8d845af1,3706,2
3707:0:0,component-f590c47a16f35830,3707,4
3708:0:0,component-386d29b8483458d9,3708,2
3709:0:0,component-7efaed8c8fbebf35,3709,1
3709:2:0,component-7efaed8c8fbebf35,3709,1
3709:4:0,component-7efaed8c8fbebf35,3709,1
3709:6:0,component-7efaed8c8fbebf35,3709,1
370:0:0,component-ae3a86c27e25909b,370,0
3710:0:0,component-a3f7e636370bf19f,3710,2
3710:2:0,component-a3f7e636370bf19f,3710,2
3711:0:0,component-12af7a01d741d016,3711,2
3711:2:0,component-12af7a01d741d016,3711,2
3711:4:0,component-12af7a01d741d016,3711,2
3712:0:0,component-651cd6dc0a8a086d,3712,1
3712:2:0,component-651cd6dc0a8a086d,3712,1
3713:0:0,component-575481d81134c163,3713,4
3714:0:0,component-1e2cb8f378aa3d61,3714,0
3714:2:0,component-1e2cb8f378aa3d61,3714,0
3715:0:0,component-5a22f0de84d1fc7e,3715,3
3716:0:0,component-60e62b7a7009c66c,3716,1
3717:0:0,component-27c50bf5552937b1,3717,3
3717:2:0,component-27c50bf5552937b1,3717,3
3718:0:0,component-65ef600fa1788ee6,3718,3
3718:2:0,component-65ef600fa1788ee6,3718,3
3719:0:0,component-04f6b2ceac02e8be,3719,0
371:0:0,component-4010aaae2dafdfe0,371,0
3720:0:0,component-c9943666d6dff2e9,3720,3
3721:0:0,component-a7b712f73ceebf10,3721,3
3722:1:0,component-7f223352144fa0e1,3722,0
3723:0:0,component-b233fc4b16f24e6c,3723,1
3723:2:0,component-b233fc4b16f24e6c,3723,1
3724:0:0,component-1cbdb90fcc56b32d,3724,2
3725:0:0,component-6579a661cecb75a1,3725,4
3726:0:0,component-16d27f7fea66bb4e,3726,4
3727:0:0,component-4666687e000ad637,3727,1
3728:1:0,component-abdf780b088bae45,3728,1
372:1:0,component-b2411239f20e65e7,372,4
3730:0:0,component-8da4802fe07fc3c9,3730,0
3731:0:0,component-3773c26d9952072d,3731,1
3732:0:0,component-d54d3f54bcd2b2e6,3732,2
3733:0:0,component-4542a93e54e0f04a,3733,3
3734:0:0,component-1c31b897163d8c2a,3734,4
3735:0:0,component-96abfc6b93353658,3735,0
3736:0:0,component-dcbb388c3a0b62c5,3736,3
3737:0:0,component-a39d6cea30d0394a,3737,3
3738:0:0,component-664c5d0f7572eb8e,3738,3
3738:0:1,component-664c5d0f7572eb8e,3738,3
3738:2:0,component-664c5d0f7572eb8e,3738,3
3739:1:0,component-ee2b18ed06a66de4,3739,3
373:0:0,component-9ac5eb68d7979ec5,373,2
3740:0:0,component-a503206d66281d35,3740,2
3741:0:0,component-124e3a8056f6f619,3741,4
3742:0:0,component-4e4f828448d901a8,3742,4
3742:2:0,component-4e4f828448d901a8,3742,4
3743:0:0,component-120db71a3e4b415e,3743,0
3743:2:0,component-120db71a3e4b415e,3743,0
3743:4:0,component-120db71a3e4b415e,3743,0
3744:1:0,component-1cb16df3c75716d8,3744,2
3745:0:0,component-123264cabd9dbb2d,3745,2
3746:0:0,component-3a3056213608cbc5,3746,4
3748:0:0,component-6e837636eba63922,3748,1
3749:0:0,component-0b947232c5417650,3749,1
374:0:0,component-442b96817a3ceab9,374,4
3750:0:0,component-db383a4e9d344227,3750,0
3751:0:0,component-8e2aa78016b1f150,3751,2
3752:0:0,component-a72b8fe5afe8ee33,3752,1
3752:2:0,component-a72b8fe5afe8ee33,3752,1
3753:0:0,component-a76c87943e2ae41d,3753,1
3754:0:0,component-cb438111ee358234,3754,3
3755:0:0,component-3c037b554f2dff3d,3755,1
3756:0:0,component-c8d6c7a66b6ff177,3756,4
3757:0:0,component-572b85ee932c5e44,3757,0
3757:2:0,component-572b85ee932c5e44,3757,0
3757:4:0,component-572b85ee932c5e44,3757,0
3758:0:0,component-0f9256da014d2c65,3758,1
3759:0:0,component-26b1eca458eb991c,3759,0
375:0:0,component-0507b0065d1b60f3,375,0
3760:0:0,component-c814012d2f1f385c,3760,1
3761:0:0,component-598ebceba5471e8d,3761,2
3762:0:0,component-d068f5047c9f7af6,3762,3
3763:0:0,component-f475d4b70d88bbd9,3763,4
3763:2:0,component-f475d4b70d88bbd9,3763,4
3764:0:0,component-5a0eb18117a3eeb2,3764,4
3764:2:0,component-5a0eb18117a3eeb2,3764,4
3765:0:0,component-5b4b6a659433926e,3765,0
3766:0:0,component-72b55a98ffde77f7,3766,3
3767:0:0,component-5d57df3cab9bd079,3767,4
3767:2:0,component-5d57df3cab9bd079,3767,4
3768:0:0,component-d328c6f8c07473f3,3768,4
3769:0:0,component-26e85d6bfeab2809,3769,4
3769:2:0,component-26e85d6bfeab2809,3769,4
376:0:0,component-32e45cf6f1cf1b91,376,0
376:2:0,component-32e45cf6f1cf1b91,376,0
376:4:0,component-32e45cf6f1cf1b91,376,0
3770:0:0,component-fc10cff8e92d0bf8,3770,4
3770:2:0,component-fc10cff8e92d0bf8,3770,4
3771:0:0,component-ae2be323f5a106bd,3771,0
3772:0:0,component-ecc9b1500d6a23ac,3772,3
3772:0:1,component-ecc9b1500d6a23ac,3772,3
3773:0:0,component-d9203c6b3f3af758,3773,4
3774:0:0,component-adc566607b0e027e,3774,2
3775:0:0,component-fec4b92b7b2b3618,3775,0
3776:0:0,component-e77cbcf7896c983c,3776,3
3776:0:1,component-e77cbcf7896c983c,3776,3
3776:0:2,component-e77cbcf7896c983c,3776,3
3776:0:3,component-e77cbcf7896c983c,3776,3
3776:0:4,component-e77cbcf7896c983c,3776,3
3777:0:0,component-bdeee712e80dafcd,3777,2
3777:2:0,component-bdeee712e80dafcd,3777,2
3778:0:0,component-55661fe8ef754860,3778,2
3779:0:0,component-9f953f463a97752a,3779,4
377:1:0,component-58263d6a6f2b05a7,377,1
3780:0:0,component-1fcb0d4544d48e93,3780,4
3780:2:0,component-1fcb0d4544d48e93,3780,4
3780:4:0,component-1fcb0d4544d48e93,3780,4
3780:6:0,component-1fcb0d4544d48e93,3780,4
3781:0:0,component-1dd60501a4d24139,3781,0
3781:2:0,component-1dd60501a4d24139,3781,0
3781:4:0,component-1dd60501a4d24139,3781,0
3781:6:0,component-1dd60501a4d24139,3781,0
3782:0:0,component-4f87c38739f9aef9,3782,3
3782:2:0,component-4f87c38739f9aef9,3782,3
3782:4:0,component-4f87c38739f9aef9,3782,3
3782:6:0,component-4f87c38739f9aef9,3782,3
3783:0:0,component-cf089c50ddeb472a,3783,1
3784:0:0,component-1b4329b71576c47d,3784,0
3785:0:0,component-1939e09da82fa7cb,3785,3
3785:2:0,component-1939e09da82fa7cb,3785,3
3786:0:0,component-517dd9799f5e0d2d,3786,3
3786:2:0,component-517dd9799f5e0d2d,3786,3
3787:0:0,component-51e3a053e709804a,3787,3
3788:0:0,component-3ae1269225e78309,3788,0
3789:0:0,component-d1ea4e4a2d4cc8ad,3789,3
3789:0:1,component-d1ea4e4a2d4cc8ad,3789,3
3789:0:2,component-d1ea4e4a2d4cc8ad,3789,3
3789:0:3,component-d1ea4e4a2d4cc8ad,3789,3
378:0:0,component-4467eb6ef0f4fdea,378,0
3790:0:0,component-dff554d230cf3985,3790,0
3791:0:0,component-b3e032a6ec6883ca,3791,2
3791:2:0,component-b3e032a6ec6883ca,3791,2
3792:0:0,component-36a8a045704166b2,3792,0
3793:1:0,component-87296cd07bacc113,3793,1
3793:3:0,component-87296cd07bacc113,3793,1
3794:0:0,component-f2d472ff7a9317fe,3794,3
3795:0:0,component-87d7c01181a9dcf6,3795,2
3796:0:0,component-074447faee406df1,3796,0
3797:1:0,component-0fb52c210f569717,3797,0
3798:0:0,component-1b8186d40853df6e,3798,1
3799:0:0,component-652f9704ed20ee77,3799,4
379:0:0,component-2f27ead667958f75,379,0
37:0:0,component-dcb5a86fdb195411,37,1
3800:0:0,component-1ac0d46516848bae,3800,1
3800:2:0,component-1ac0d46516848bae,3800,1
3801:0:0,component-1222a0cea7fb3a6c,3801,2
3801:0:1,component-1222a0cea7fb3a6c,3801,2
3802:0:0,component-688e82c1f97d097f,3802,4
3802:2:0,component-688e82c1f97d097f,3802,4
3803:0:0,component-f1abdb668ee86622,3803,3
3803:2:0,component-f1abdb668ee86622,3803,3
3804:0:0,component-d1b4985765476532,3804,2
3805:0:0,component-8ab4d6560de28cb9,3805,3
3805:2:0,component-8ab4d6560de28cb9,3805,3
3806:0:0,component-5628bcfdf449678b,3806,0
3807:0:0,component-a979419ff5ae74e4,3807,4
3808:0:0,component-0ee62eee2cf3751f,3808,1
3809:0:0,component-de9aaa477efc87ce,3809,1
3809:2:0,component-de9aaa477efc87ce,3809,1
3809:4:0,component-de9aaa477efc87ce,3809,1
380:0:0,component-a844901b59ab6e5d,380,2
3810:0:0,component-06f604c8d9011bea,3810,1
3811:0:0,component-d0cc9162ad8f8a9a,3811,2
3812:0:0,component-bf52d0ab7a847960,3812,3
3813:0:0,component-835547389c877a40,3813,3
3813:2:0,component-835547389c877a40,3813,3
3814:0:0,component-252e417d1da921c7,3814,4
3815:0:0,component-86397d6da4820d4d,3815,1
3816:0:0,component-7a7059878957049f,3816,3
3816:2:0,component-7a7059878957049f,3816,3
3816:4:0,component-7a7059878957049f,3816,3
3817:0:0,component-51a1ad3a7542a4e0,3817,3
3818:0:0,component-65e4a9860a84640d,3818,4
3819:0:0,component-64f78d2fa0c7f2d4,3819,2
381:0:0,component-3c11dd5f0f5704e5,381,2
3820:0:0,component-dc875a7a17ef104e,3820,1
3821:0:0,component-cc899bdd33075bca,3821,2
3822:0:0,component-6950e7713e9575aa,3822,0
3823:0:0,component-1779170c6e4cae94,3823,2
3824:0:0,component-97f0aefd477515e8,3824,3
3825:1:0,component-c294a6803b22e6a0,3825,4
3826:0:0,component-72c012e416302362,3826,0
3827:0:0,component-f4ca8c3894d0f15d,3827,2
3828:0:0,component-1048af92772820e9,3828,3
3828:2:0,component-1048af92772820e9,3828,3
3829:1:0,component-75649a0e1d145c18,3829,2
382:0:0,component-10dc478aacdccfce,382,3
3830:0:0,component-ea5e55902f06a40d,3830,0
3831:0:0,component-bd68cdd1560a18a4,3831,3
3832:0:0,component-5640cd04b5ba0525,3832,1
3833:0:0,component-c83907936d75f820,3833,0
3834:0:0,component-3edd21d2f8d214e9,3834,1
3835:0:0,component-794fa052a95cde93,3835,4
3836:0:0,component-fd1850b5e91256b1,3836,0
3837:0:0,component-38b9bf87003f38cc,3837,0
3838:0:0,component-a91eb3712b94cc8b,3838,3
3839:0:0,component-643cdeedc08831dd,3839,2
383:0:0,component-1f4af4cd9c98ef8a,383,2
3840:0:0,component-e602e81d541e8491,3840,1
3841:0:0,component-2d403a4ea179f73c,3841,4
3842:0:0,component-8f5eea7603308005,3842,1
3842:2:0,component-8f5eea7603308005,3842,1
3843:1:0,component-65a713a079e2b341,3843,2
3844:0:0,component-02c2b708b198dc19,3844,1
3845:0:0,component-39f972f38e7057dc,3845,3
3846:0:0,component-2cb728271d3ccd5a,3846,3
3847:0:0,component-7e70d921f75557c8,3847,4
3848:0:0,component-3597fb7a2bac1656,3848,4
3848:2:0,component-3597fb7a2bac1656,3848,4
3849:0:0,component-75f7cd6066bc09c2,3849,0
384:0:0,component-7f550b7d36296927,384,0
3850:0:0,component-05014e114f72d8e1,3850,1
3851:0:0,component-05da6c7ef2a0c380,3851,1
3852:0:0,component-f1e50a7d36b83cc3,3852,1
3853:0:0,component-f26bd90c62db1437,3853,3
3854:0:0,component-54e0b737e773812b,3854,1
3855:0:0,component-d7f08923fe1bb81a,3855,1
3856:1:0,component-ee25ed5e8711e036,3856,1
3857:0:0,component-b98b30b66f5733bd,3857,1
3858:0:0,component-b8c6c1d0b53b23d6,3858,4
3859:0:0,component-ad166a179b8f3685,3859,1
385:0:0,component-c4a2a088a1e3e1e4,385,3
3860:0:0,component-1c17bcd92645be3d,3860,0
3861:0:0,component-9048031f963c1598,3861,1
3861:2:0,component-9048031f963c1598,3861,1
3862:0:0,component-e0536eab6ad0fdad,3862,1
3863:0:0,component-2b1296859f95f31f,3863,4
3864:0:0,component-f95a0ddb5420de4c,3864,2
3865:0:0,component-8192e70eb0d6f985,3865,0
3866:0:0,component-38c28c5bc5552816,3866,4
3866:10:0,component-38c28c5bc5552816,3866,4
3866:12:0,component-38c28c5bc5552816,3866,4
3866:14:0,component-38c28c5bc5552816,3866,4
3866:16:0,component-38c28c5bc5552816,3866,4
3866:18:0,component-38c28c5bc5552816,3866,4
3866:20:0,component-38c28c5bc5552816,3866,4
3866:22:0,component-38c28c5bc5552816,3866,4
3866:2:0,component-38c28c5bc5552816,3866,4
3866:4:0,component-38c28c5bc5552816,3866,4
3866:6:0,component-38c28c5bc5552816,3866,4
3866:8:0,component-38c28c5bc5552816,3866,4
3867:0:0,component-2dc7ef06708495cd,3867,4
3867:2:0,component-2dc7ef06708495cd,3867,4
3867:4:0,component-2dc7ef06708495cd,3867,4
3868:0:0,component-1e531a0fae5eca34,3868,2
3869:0:0,component-47465a2f77775500,3869,2
3869:2:0,component-47465a2f77775500,3869,2
3869:2:1,component-47465a2f77775500,3869,2
386:0:0,component-4de44d763f7810ba,386,3
3870:0:0,component-67d3190c662f9a4d,3870,0
3871:0:0,component-3f18b90d7a998757,3871,1
3871:2:0,component-3f18b90d7a998757,3871,1
3872:0:0,component-cce7a9c144cc38c4,3872,4
3873:0:0,component-c8b8559be160faf1,3873,1
3874:0:0,component-a6a24c03c6ba065e,3874,0
3875:0:0,component-0fdc41becd5357f9,3875,0
3876:1:0,component-f31fbe989a726e68,3876,3
3877:0:0,component-2b7bc2d725573838,3877,3
3878:0:0,component-8e055a40f7cca044,3878,1
3878:2:0,component-8e055a40f7cca044,3878,1
3879:0:0,component-3a31b0af34b6e49a,3879,3
387:0:0,component-82034e2d4aee0ca8,387,0
3880:0:0,component-bc3247a4c76bd7d1,3880,2
3881:0:0,component-8f82b5f49950e171,3881,2
3881:2:0,component-8f82b5f49950e171,3881,2
3881:4:0,component-8f82b5f49950e171,3881,2
3882:0:0,component-205b4c1c26e5cf96,3882,4
3882:2:0,component-205b4c1c26e5cf96,3882,4
3883:0:0,component-f01f9261ee5694a3,3883,1
3884:0:0,component-b2926fc8c45402a0,3884,0
3885:0:0,component-e5500e68d8093db8,3885,2
3886:0:0,component-a623be710ea4243e,3886,2
3887:0:0,component-3a2e2f8cc6a262a9,3887,0
3888:0:0,component-1cbe37f9d510a765,3888,2
3889:0:0,component-5b36cdac67e16d18,3889,1
388:0:0,component-68934e7a62e9739e,388,4
3890:0:0,component-5be06078bb3fcd18,3890,2
3891:0:0,component-f68e6f1164e2c524,3891,3
3892:0:0,component-37c6c21dc18bcd6a,3892,2
3892:2:0,component-37c6c21dc18bcd6a,3892,2
3893:0:0,component-774d8620fa6528c6,3893,1
3894:0:0,component-a477eae30d68599f,3894,0
3895:0:0,component-984f6caaccd21e54,3895,1
3896:0:0,component-fbd54f5010d23d02,3896,4
3896:2:0,component-fbd54f5010d23d02,3896,4
3897:1:0,component-a683804a22be0363,3897,0
3898:0:0,component-e1caa8136396e257,3898,3
3898:2:0,component-e1caa8136396e257,3898,3
3899:0:0,component-65731006687c2ac3,3899,3
389:0:0,component-21202a891dcd8654,389,0
38:0:0,component-1a7f8f516c2ca3ab,38,3
38:2:0,component-1a7f8f516c2ca3ab,38,3
3900:0:0,component-24c3803b45b8de7c,3900,2
3900:2:0,component-24c3803b45b8de7c,3900,2
3901:0:0,component-12e13c675b99dc3b,3901,0
3902:0:0,component-e0dfa2357af58440,3902,0
3903:0:0,component-0f051a307cd206b1,3903,1
3904:0:0,component-1f671b1d2395405a,3904,1
3905:1:0,component-96d89b6239d13303,3905,3
3906:0:0,component-f629a98ae41e2ebc,3906,4
3906:2:0,component-f629a98ae41e2ebc,3906,4
3907:0:0,component-7ed5fa85deeddc0e,3907,4
3908:0:0,component-abb1b78a1c86b54e,3908,2
3909:0:0,component-4977b00c34726c7b,3909,4
390:0:0,component-626c3ded0679056d,390,4
3910:0:0,component-ae4fd246ab23bd7c,3910,2
3911:0:0,component-fe9f424c37775c96,3911,4
3912:0:0,component-f55637b12ef61b12,3912,4
3913:0:0,component-733365cd72663d83,3913,4
3914:0:0,component-e12ef67344c0c6e7,3914,1
3915:0:0,component-3d4a73b66aaf6393,3915,1
3915:2:0,component-3d4a73b66aaf6393,3915,1
3916:0:0,component-7146eba4577bc17c,3916,1
3917:0:0,component-7664b6147450e82f,3917,3
3918:1:0,component-d848c0e563163c78,3918,4
3919:0:0,component-97ef125523d657a4,3919,4
391:0:0,component-3adc340c150d4def,391,3
3920:0:0,component-c20fec53da5fbc95,3920,2
3921:0:0,component-0d449af5ea2c7ce7,3921,1
3922:0:0,component-95ce55ee10278b45,3922,0
3923:0:0,component-ca89eacbb3d837c5,3923,3
3924:0:0,component-cfa2e7c94fb9231a,3924,3
3925:0:0,component-e2738b879d6172d4,3925,2
3926:0:0,component-609fcbe3a0286635,3926,3
3926:2:0,component-609fcbe3a0286635,3926,3
3926:4:0,component-609fcbe3a0286635,3926,3
3927:0:0,component-ddd821565b786c37,3927,2
3928:0:0,component-cc41cefa2a1188ba,3928,2
3929:0:0,component-87da109901938030,3929,0
392:0:0,component-93a61ef76acfc0f9,392,1
3930:0:0,component-d4ffda5b2bc8c399,3930,2
3931:0:0,component-078b1c6868164999,3931,0
3932:0:0,component-e2a1e8890b716869,3932,3
3932:2:0,component-e2a1e8890b716869,3932,3
3932:4:0,component-e2a1e8890b716869,3932,3
3932:6:0,component-e2a1e8890b716869,3932,3
3933:0:0,component-64d7e92de4498b89,3933,4
3933:2:0,component-64d7e92de4498b89,3933,4
3934:0:0,component-225bfd1ba08df877,3934,1
3935:0:0,component-e0798461adc40c5a,3935,2
3936:0:0,component-d2f8342be404bf4f,3936,0
3936:2:0,component-d2f8342be404bf4f,3936,0
3936:4:0,component-d2f8342be404bf4f,3936,0
3936:6:0,component-d2f8342be404bf4f,3936,0
3937:0:0,component-cc4c2e08894f29c0,3937,3
3937:2:0,component-cc4c2e08894f29c0,3937,3
3938:0:0,component-fda2f3e645d78465,3938,0
3939:0:0,component-1948fadd0210f071,3939,2
393:0:0,component-caa5923930482580,393,1
393:2:0,component-caa5923930482580,393,1
3940:0:0,component-20d8bfd5897f5620,3940,2
3940:2:0,component-20d8bfd5897f5620,3940,2
3940:4:0,component-20d8bfd5897f5620,3940,2
3941:0:0,component-dcbfcf14dc99dd9a,3941,3
3941:2:0,component-dcbfcf14dc99dd9a,3941,3
3942:0:0,component-a033066d5004ef52,3942,1
3943:0:0,component-de70246d27e6d6c3,3943,2
3943:0:1,component-de70246d27e6d6c3,3943,2
3943:0:2,component-de70246d27e6d6c3,3943,2
3943:2:0,component-de70246d27e6d6c3,3943,2
3944:0:0,component-f2d280935a41f613,3944,4
3944:0:1,component-f2d280935a41f613,3944,4
3944:2:0,component-f2d280935a41f613,3944,4
3944:2:1,component-f2d280935a41f613,3944,4
3944:4:0,component-f2d280935a41f613,3944,4
3945:0:0,component-f1ed4acbd6356c67,3945,4
3946:0:0,component-318efb7ab8751645,3946,4
3947:0:0,component-dff4af29d39dbedc,3947,4
3948:0:0,component-122ba95120d667c6,3948,3
3948:2:0,component-122ba95120d667c6,3948,3
3949:0:0,component-ef1045db4970c85a,3949,2
3949:2:0,component-ef1045db4970c85a,3949,2
394:0:0,component-d6d3dbf38a68e7e9,394,4
3950:0:0,component-bf02cdceeefae5cc,3950,2
3951:0:0,component-b5b14e186882178b,3951,1
3952:0:0,component-f726d57cb5927b15,3952,1
3953:0:0,component-c3a8143f75616557,3953,1
3954:0:0,component-dbbe30110544f5e0,3954,1
3955:1:0,component-88f8aee74636e880,3955,1
3956:0:0,component-105d7bbe7958f47a,3956,2
3957:0:0,component-613171b2a5535653,3957,4
3957:0:1,component-613171b2a5535653,3957,4
3957:2:0,component-613171b2a5535653,3957,4
3958:0:0,component-aa06bc153e23c33d,3958,1
3959:0:0,component-a41167e667176400,3959,0
3959:2:0,component-a41167e667176400,3959,0
395:0:0,component-df026835c46e6a3d,395,4
3960:0:0,component-0ac76d0129153cc2,3960,1
3961:0:0,component-01c98e50d5a81972,3961,3
3962:0:0,component-f14f4f7925630c37,3962,0
3962:2:0,component-f14f4f7925630c37,3962,0
3963:0:0,component-3d55e3849e4164a7,3963,2
3964:0:0,component-3f46ad3617a0546e,3964,2
3964:2:0,component-3f46ad3617a0546e,3964,2
3965:0:0,component-0225ccc90e8cf919,3965,0
3965:2:0,component-0225ccc90e8cf919,3965,0
3966:0:0,component-506e0940ca2526b8,3966,3
3967:0:0,component-a1053c88cfc2becb,3967,3
3968:0:0,component-b9a09426f94ee131,3968,4
3968:2:0,component-b9a09426f94ee131,3968,4
3968:4:0,component-b9a09426f94ee131,3968,4
3969:0:0,component-de25e6d6d187b9f9,3969,4
3969:2:0,component-de25e6d6d187b9f9,3969,4
396:0:0,component-bc457542183d1719,396,2
3970:0:0,component-b92fc673ab234c8c,3970,3
3971:0:0,component-05d43870643248ca,3971,4
3972:0:0,component-4984c186c1c8e1bf,3972,3
3973:0:0,component-ced2a3ece243ce02,3973,2
3974:0:0,component-5f014a259b2cc7d8,3974,3
3974:0:1,component-5f014a259b2cc7d8,3974,3
3974:2:0,component-5f014a259b2cc7d8,3974,3
3974:4:0,component-5f014a259b2cc7d8,3974,3
3975:0:0,component-bc4c26db3fba6dae,3975,1
3975:2:0,component-bc4c26db3fba6dae,3975,1
3975:4:0,component-bc4c26db3fba6dae,3975,1
3976:0:0,component-f0a04ba5d399dd12,3976,2
3977:0:0,component-f1d285886f7f7f58,3977,0
3979:0:0,component-0e8c6c84aec953e5,3979,0
397:0:0,component-8c8d222554c070ba,397,0
3980:0:0,component-df498cef2a0d1cb9,3980,0
3981:0:0,component-965c24aedc988ab0,3981,2
3982:0:0,component-15494386f2838e55,3982,4
3983:0:0,component-da4e83e1d3f6c6a4,3983,4
3984:0:0,component-5d03ba0c43187a45,3984,3
3985:0:0,component-ad2b0cc6e70c3e88,3985,1
3986:0:0,component-fe279f673a48b478,3986,1
3986:2:0,component-fe279f673a48b478,3986,1
3986:4:0,component-fe279f673a48b478,3986,1
3987:0:0,component-cd5a8cbefc36710b,3987,1
3988:0:0,component-b0f263ddb0ebc311,3988,4
3989:0:0,component-4bae038e9cfdf85f,3989,4
398:0:0,component-7b459cd03adfe0c9,398,3
398:2:0,component-7b459cd03adfe0c9,398,3
3990:0:0,component-eef3650a59d7e3b3,3990,4
3991:0:0,component-20bf427dcda935ff,3991,1
3992:0:0,component-06c166327dcc4216,3992,3
3993:0:0,component-6cd62f4e1c7141e7,3993,0
3994:0:0,component-f24691df23664db6,3994,3
3995:0:0,component-c9ab44b9f39d9038,3995,3
3995:2:0,component-c9ab44b9f39d9038,3995,3
3996:0:0,component-f42516fe72eba320,3996,0
3997:1:0,component-c14116831d1dc276,3997,3
3998:0:0,component-1e9a1907023e38d5,3998,0
3999:0:0,component-8f8ee3291eb3e9fa,3999,4
399:0:0,component-749c8a8bc1701bfc,399,2
399:2:0,component-749c8a8bc1701bfc,399,2
399:4:0,component-749c8a8bc1701bfc,399,2
39:0:0,component-1427e0e9ef8390d2,39,2
3:0:0,component-f1620d8d86c42bde,3,2
3:2:0,component-f1620d8d86c42bde,3,2
3:4:0,component-f1620d8d86c42bde,3,2
4000:0:0,component-56bf01ff9c86a3de,4000,0
4001:0:0,component-2d3c1b491da835a0,4001,3
4001:2:0,component-2d3c1b491da835a0,4001,3
4001:4:0,component-2d3c1b491da835a0,4001,3
4001:6:0,component-2d3c1b491da835a0,4001,3
4002:0:0,component-b8e672d92149582a,4002,3
4003:0:0,component-d0852b8012499da7,4003,2
4004:0:0,component-243244a6b84b4e3d,4004,4
4005:0:0,component-3c96737ff6afb473,4005,2
4006:0:0,component-bd045fe26635430b,4006,4
4006:2:0,component-bd045fe26635430b,4006,4
4006:2:1,component-bd045fe26635430b,4006,4
4006:2:2,component-bd045fe26635430b,4006,4
4007:0:0,component-4abbef001d8b3766,4007,1
4008:1:0,component-474009fb0483d6c3,4008,4
4008:3:0,component-474009fb0483d6c3,4008,4
4009:0:0,component-3885d20c73e97c68,4009,4
400:0:0,component-84f6388645589860,400,0
4010:0:0,component-6adadac66fca7b6d,4010,4
4010:2:0,component-6adadac66fca7b6d,4010,4
4011:0:0,component-daa8114e4d5ba8d4,4011,0
4011:2:0,component-daa8114e4d5ba8d4,4011,0
4011:4:0,component-daa8114e4d5ba8d4,4011,0
4012:0:0,component-06bfe321394dd4b1,4012,2
4013:0:0,component-090865c4b54440d0,4013,2
4014:0:0,component-02608a79d4da6bea,4014,3
4014:2:0,component-02608a79d4da6bea,4014,3
4015:0:0,component-887e394e64c8601e,4015,3
4016:0:0,component-459f81edf181bf4d,4016,0
4016:2:0,component-459f81edf181bf4d,4016,0
4016:4:0,component-459f81edf181bf4d,4016,0
4017:0:0,component-34a3d48808798b32,4017,4
4018:0:0,component-0f146bda0a2e9e49,4018,0
4019:0:0,component-c3fa391361e588c8,4019,0
401:0:0,component-28a70cdf937d45dc,401,4
4020:0:0,component-b3fdb5ae4dc400ab,4020,1
4021:0:0,component-1b310a0a2cc9796a,4021,2
4022:0:0,component-eba16b13110b35d7,4022,1
4023:0:0,component-a006c7d20a71d401,4023,2
4023:2:0,component-a006c7d20a71d401,4023,2
4024:0:0,component-12901633abb87500,4024,2
4025:0:0,component-a759d6241b60bb00,4025,1
4026:0:0,component-29bbbb2d91ec45e7,4026,3
4026:0:1,component-29bbbb2d91ec45e7,4026,3
4026:2:0,component-29bbbb2d91ec45e7,4026,3
4027:0:0,component-af33a222472afa5d,4027,0
4028:0:0,component-a07285e218c396ae,4028,2
4029:0:0,component-53b8de8b6ee9f4c9,4029,4
402:0:0,component-0d19991e4e372412,402,3
4030:0:0,component-5bc22b8d5fddf073,4030,3
4031:0:0,component-3dab5c4e3c0e5851,4031,2
4032:0:0,component-592ed21ed86a5b1d,4032,2
4033:0:0,component-dc7c366bf82306d7,4033,3
4034:0:0,component-861a72e41197ef04,4034,3
4035:0:0,component-08580e0b2000c112,4035,0
4036:0:0,component-9d60276bea078fb5,4036,1
4037:0:0,component-349f7f4cd69894ac,4037,4
4038:0:0,component-d17027926f8f1ff7,4038,1
4039:0:0,component-c05255b261a53016,4039,4
403:0:0,component-2504229041316992,403,1
403:0:1,component-2504229041316992,403,1
403:0:2,component-2504229041316992,403,1
403:2:0,component-2504229041316992,403,1
4040:0:0,component-8ac31fdc656b9568,4040,1
4041:0:0,component-b8ccfad04f652a91,4041,4
4042:0:0,component-2c28925292085ca7,4042,3
4044:0:0,component-c1917b1eeaf22b3b,4044,4
4044:10:0,component-c1917b1eeaf22b3b,4044,4
4044:12:0,component-c1917b1eeaf22b3b,4044,4
4044:12:1,component-c1917b1eeaf22b3b,4044,4
4044:2:0,component-c1917b1eeaf22b3b,4044,4
4044:4:0,component-c1917b1eeaf22b3b,4044,4
4044:4:1,component-c1917b1eeaf22b3b,4044,4
4044:6:0,component-c1917b1eeaf22b3b,4044,4
4044:8:0,component-c1917b1eeaf22b3b,4044,4
4045:0:0,component-ee46ee9580d3e5cd,4045,0
4045:2:0,component-ee46ee9580d3e5cd,4045,0
4046:0:0,component-ae1385dfff8e9965,4046,1
4047:0:0,component-ca3de609c1eac916,4047,1
4048:0:0,component-e90c7dc83e2f4292,4048,4
4049:0:0,component-51f29f931aaeda53,4049,2
4049:2:0,component-51f29f931aaeda53,4049,2
404:0:0,component-7d1638a8a8e93a03,404,3
4050:0:0,component-2e3a30ca8393f698,4050,2
4050:2:0,component-2e3a30ca8393f698,4050,2
4051:1:0,component-362761b4d79499e9,4051,0
4051:3:0,component-362761b4d79499e9,4051,0
4052:0:0,component-e7a5fba99537f3f4,4052,1
4052:2:0,component-e7a5fba99537f3f4,4052,1
4053:0:0,component-8dfcc77fa2f8fa20,4053,3
4054:1:0,component-1647f2b9014bd206,4054,1
4055:0:0,component-7ed13e6083dc9acb,4055,4
4056:0:0,component-e974752d3db9a1f2,4056,2
4057:0:0,component-9da115cf647fba52,4057,1
4058:0:0,component-63b1760deeb9e226,4058,1
4059:0:0,component-2677c6cbffb7bc92,4059,3
4059:2:0,component-2677c6cbffb7bc92,4059,3
4059:4:0,component-2677c6cbffb7bc92,4059,3
405:0:0,component-60045914fa490f20,405,4
4060:0:0,component-8aeba8380ff5b949,4060,3
4060:2:0,component-8aeba8380ff5b949,4060,3
4060:2:1,component-8aeba8380ff5b949,4060,3
4061:0:0,component-eabfd946fe5d96b5,4061,3
4061:2:0,component-eabfd946fe5d96b5,4061,3
4061:4:0,component-eabfd946fe5d96b5,4061,3
4062:0:0,component-e29d88d9fe5a416b,4062,2
4062:2:0,component-e29d88d9fe5a416b,4062,2
4063:0:0,component-7e84d11255ba948c,4063,0
4064:0:0,component-e28711bf2fbb721b,4064,1
4065:0:0,component-955f1ddc2948b153,4065,1
4065:2:0,component-955f1ddc2948b153,4065,1
4065:4:0,component-955f1ddc2948b153,4065,1
4065:6:0,component-955f1ddc2948b153,4065,1
4066:0:0,component-90735113d8017d10,4066,0
4067:0:0,component-91692f0f14812e47,4067,2
4068:0:0,component-48301c68bf9709e3,4068,1
4069:0:0,component-21fe268da09c1037,4069,1
4069:2:0,component-21fe268da09c1037,4069,1
406:0:0,component-1cbe732da202418d,406,4
4070:0:0,component-36c91ec36a8279c2,4070,2
4071:0:0,component-70a31037a7e5601e,4071,2
4072:0:0,component-ff8a3b969cee59a3,4072,3
4073:0:0,component-1a53a70a4aeac781,4073,3
4074:0:0,component-9983f2991800055c,4074,3
4075:0:0,component-b7d30a5520d16f77,4075,4
4076:0:0,component-eb4896f1cf315ee9,4076,4
4076:2:0,component-eb4896f1cf315ee9,4076,4
4077:0:0,component-29fe78854d961132,4077,3
4077:2:0,component-29fe78854d961132,4077,3
4078:1:0,component-ce3505f5f816f4d0,4078,1
4079:0:0,component-21be2ce4ffc3172b,4079,1
407:0:0,component-ab06caf4aedd2f32,407,4
4080:0:0,component-b13f00abc7bdbe5e,4080,3
4081:0:0,component-c58e907ee074b77f,4081,1
4082:0:0,component-0eb05527c63bb0eb,4082,2
4083:0:0,component-bc337e5f25ae50ef,4083,4
4083:2:0,component-bc337e5f25ae50ef,4083,4
4084:0:0,component-4541c722fcb88d78,4084,1
4085:0:0,component-a2e509a32afc5f63,4085,0
4086:0:0,component-ec624e80cd5c8141,4086,3
4087:0:0,component-a986d57499c40c90,4087,0
4088:0:0,component-d10de18b25709ee7,4088,3
4088:2:0,component-d10de18b25709ee7,4088,3
4089:0:0,component-03b2b5fc8da5fff5,4089,1
408:0:0,component-b0ecc33542b3d1bd,408,1
408:2:0,component-b0ecc33542b3d1bd,408,1
4090:0:0,component-2adc5609a7278add,4090,4
4091:0:0,component-43a88aec7cc90aef,4091,1
4092:0:0,component-71348b1b72c3165f,4092,0
4093:0:0,component-614862106c441e41,4093,1
4094:0:0,component-9aed670196a23a32,4094,1
4095:0:0,component-5f2666d907c2cd23,4095,4
4096:0:0,component-5022484e48ab323b,4096,3
4096:2:0,component-5022484e48ab323b,4096,3
4097:0:0,component-9748748f19337a8e,4097,1
4098:0:0,component-1ebd3a38308963f7,4098,1
4099:0:0,component-72261d99a2922ec0,4099,2
409:0:0,component-2eca5f4be3511f5d,409,1
40:1:0,component-448aab4c19600abd,40,4
4100:0:0,component-4aada5686a0e220c,4100,0
4101:0:0,component-e961e976a7baa37d,4101,4
4102:0:0,component-eacf7079bad8bcb5,4102,3
4103:0:0,component-be52e72288c2b153,4103,3
4103:10:0,component-be52e72288c2b153,4103,3
4103:2:0,component-be52e72288c2b153,4103,3
4103:4:0,component-be52e72288c2b153,4103,3
4103:6:0,component-be52e72288c2b153,4103,3
4103:8:0,component-be52e72288c2b153,4103,3
4104:0:0,component-ae6a02b5543588df,4104,0
4105:1:0,component-88a4f89e26bdbb87,4105,0
4105:3:0,component-88a4f89e26bdbb87,4105,0
4106:0:0,component-e6e7418509f19ec1,4106,0
4107:0:0,component-e74d9c7147984588,4107,3
4107:2:0,component-e74d9c7147984588,4107,3
4108:0:0,component-412ebc51a908f9ef,4108,4
4108:0:1,component-412ebc51a908f9ef,4108,4
4109:0:0,component-140ae10dd9f43fb0,4109,4
410:0:0,component-ab3ae09865fde5e4,410,1
410:0:1,component-ab3ae09865fde5e4,410,1
4110:0:0,component-4d15a380737e895d,4110,4
4110:2:0,component-4d15a380737e895d,4110,4
4111:0:0,component-02b677fc3ccc815a,4111,3
4112:0:0,component-34b3341b236bc35e,4112,4
4112:2:0,component-34b3341b236bc35e,4112,4
4113:0:0,component-96dfc99128300e0c,4113,3
4114:0:0,component-77c6eef90c42022d,4114,2
4115:0:0,component-4c7cf9ab2a2dd34d,4115,0
4116:0:0,component-b197d466fc1e4001,4116,3
4116:2:0,component-b197d466fc1e4001,4116,3
4117:0:0,component-8c47c352e2a1aae3,4117,2
4118:0:0,component-d61f12b5f5ec41dd,4118,3
4119:0:0,component-978a361e9c2b1294,4119,2
411:0:0,component-811832d3d2148677,411,0
4120:0:0,component-53cc76b1dac7adae,4120,2
4121:0:0,component-b654ef1c716c8c6b,4121,0
4122:0:0,component-b1bb943502fa750b,4122,4
4123:0:0,component-04248923f918887b,4123,0
4124:0:0,component-e77f84d45602213f,4124,2
4124:2:0,component-e77f84d45602213f,4124,2
4125:0:0,component-f2b73c56f43392e2,4125,3
4126:0:0,component-7d0e33075696dbd1,4126,2
4127:0:0,component-7e3cf663246d896a,4127,3
4127:2:0,component-7e3cf663246d896a,4127,3
4128:0:0,component-5c4210e1aec1e923,4128,2
4129:0:0,component-97b6e53a007e6a4e,4129,3
412:0:0,component-acab189012b56ce0,412,4
4130:0:0,component-c78fe74ebb405fae,4130,2
4130:2:0,component-c78fe74ebb405fae,4130,2
4131:0:0,component-5461f9ea799a8b5d,4131,2
4132:0:0,component-58ec343d2b6c9d98,4132,3
4133:0:0,component-a4ff726ac1ee7936,4133,2
4134:0:0,component-1d6c48f650b852fb,4134,2
4135:0:0,component-1ac2e3bf239ceb30,4135,3
4136:0:0,component-ba74d897000be774,4136,4
4136:2:0,component-ba74d897000be774,4136,4
4137:0:0,component-fdbef90f956940dc,4137,2
4138:0:0,component-ce306c640969b47a,4138,3
4139:0:0,component-142e3f73b895e379,4139,1
413:0:0,component-db72ee70a2be7a0c,413,3
4140:0:0,component-04d57d30b4b090a4,4140,2
4140:2:0,component-04d57d30b4b090a4,4140,2
4141:0:0,component-89741a6a8c157dd6,4141,2
4141:2:0,component-89741a6a8c157dd6,4141,2
4142:0:0,component-0ae6aa18fa428071,4142,2
4143:0:0,component-dd8213ef9a05e860,4143,2
4144:0:0,component-4aa5c2447981e97f,4144,1
4145:0:0,component-d52737efad786e70,4145,4
4146:0:0,component-90b27f7eb3c7da14,4146,2
4147:0:0,component-b2dfbdae62901a42,4147,1
4148:0:0,component-ce4ecb98976b8af2,4148,4
4148:0:1,component-ce4ecb98976b8af2,4148,4
4149:0:0,component-a78c5800a16d1620,4149,4
4149:2:0,component-a78c5800a16d1620,4149,4
414:0:0,component-4a85d7e00497b5d3,414,4
414:2:0,component-4a85d7e00497b5d3,414,4
4150:0:0,component-122ed06465075cfc,4150,0
4150:2:0,component-122ed06465075cfc,4150,0
4151:0:0,component-a4f44bb6139a8ab9,4151,3
4152:0:0,component-ad6bc07a16893277,4152,2
4153:0:0,component-a57f3c370d8b563a,4153,1
4154:1:0,component-2edef8097af28da3,4154,3
4154:3:0,component-2edef8097af28da3,4154,3
4155:0:0,component-9d5dba7849f0209b,4155,0
4156:0:0,component-0cd14dddc9bf0555,4156,3
4157:0:0,component-e2432b1e8b9395f0,4157,3
4157:0:1,component-e2432b1e8b9395f0,4157,3
4158:0:0,component-7da669dfc0462d7a,4158,4
4159:0:0,component-2196d7fd56c4a368,4159,1
4160:0:0,component-ead18b92be222b67,4160,2
4161:0:0,component-d9d3695bc763512b,4161,2
4162:0:0,component-e9bccb369ed8170e,4162,3
4163:0:0,component-734a786f594741ae,4163,4
4163:0:1,component-734a786f594741ae,4163,4
4163:0:2,component-734a786f594741ae,4163,4
4164:0:0,component-505e55d746983108,4164,1
4164:0:1,component-505e55d746983108,4164,1
4165:0:0,component-1eb320b30db71de7,4165,2
4165:2:0,component-1eb320b30db71de7,4165,2
4165:4:0,component-1eb320b30db71de7,4165,2
4166:0:0,component-7fd056823019b029,4166,2
4167:0:0,component-fcca85ec3149c695,4167,2
4168:0:0,component-dcb9187ef46c2ceb,4168,1
4169:0:0,component-508c9153ef2fc13d,4169,1
4169:2:0,component-508c9153ef2fc13d,4169,1
416:0:0,component-a2b45237a7b44aaa,416,3
4170:0:0,component-d826597ba4e25562,4170,1
4171:0:0,component-fdc1aaa5952ceefa,4171,0
4172:0:0,component-ecf12813ae6e4f8c,4172,3
4173:0:0,component-304484d115b22572,4173,2
4174:0:0,component-c2f08676508e44d6,4174,3
4175:0:0,component-d7f6297f9e1dca04,4175,0
4176:0:0,component-07686447c9ffd381,4176,1
4177:0:0,component-83224a3d8ad34733,4177,2
4177:2:0,component-83224a3d8ad34733,4177,2
4178:0:0,component-253ac7b9f2cff806,4178,4
4179:1:0,component-d7a093638d5e6ea2,4179,1
4179:3:0,component-d7a093638d5e6ea2,4179,1
417:0:0,component-04d7967801e560fd,417,4
4180:0:0,component-b3c3ab15e775f8ab,4180,1
4181:0:0,component-13fb7cd62b45e24f,4181,0
4182:0:0,component-63db5b762554da49,4182,2
4183:0:0,component-a23ea73d14b5f44f,4183,0
4184:0:0,component-49df8ec5ea2dd68d,4184,2
4185:0:0,component-ac1a3608a1bc09ac,4185,3
4186:0:0,component-12af7a01d741d016,4186,2
4186:0:1,component-12af7a01d741d016,4186,2
4186:2:0,component-12af7a01d741d016,4186,2
4187:0:0,component-ee82ced3eb6fe400,4187,1
4188:0:0,component-a4b0f14ba6d17b55,4188,2
4188:2:0,component-a4b0f14ba6d17b55,4188,2
4189:0:0,component-c8dfa73df385271b,4189,0
418:0:0,component-10da0e9d6545932f,418,1
4190:0:0,component-45bd24852bc86459,4190,4
4191:0:0,component-8d25d7583a805804,4191,0
4192:0:0,component-73f4390c159b503e,4192,1
4193:0:0,component-21d86ccc0fb646ce,4193,1
4194:0:0,component-9a1f8385720fb399,4194,0
4195:0:0,component-64c0dc15477449d7,4195,2
4196:0:0,component-da3d92f3d1af5eb5,4196,3
4197:0:0,component-e845ea10c6261c1f,4197,4
4198:0:0,component-22f89ad113a7dbf6,4198,0
4199:0:0,component-edad52d7a20c800c,4199,1
4199:2:0,component-edad52d7a20c800c,4199,1
419:0:0,component-64c8c17528d6e3f3,419,0
419:2:0,component-64c8c17528d6e3f3,419,0
41:0:0,component-81a36d54d56bcb55,41,3
4200:0:0,component-3fcc485790f8b910,4200,3
4201:0:0,component-86d52ab700030f1d,4201,3
4202:0:0,component-6d7d8a891df02a27,4202,2
4203:0:0,component-52858e89d7f1f631,4203,2
4204:0:0,component-8a272d64c337f0bb,4204,4
4205:0:0,component-42d0808b537ace1f,4205,2
4206:0:0,component-998171d5adb0615e,4206,1
4207:0:0,component-5f24379ad798bad5,4207,4
4207:2:0,component-5f24379ad798bad5,4207,4
4208:0:0,component-8bfbfd3115562717,4208,1
4209:0:0,component-8b9e6e2b7f586e79,4209,1
420:0:0,component-a1ce490caa801816,420,4
4210:0:0,component-a8c5a77cb93ec544,4210,4
4210:2:0,component-a8c5a77cb93ec544,4210,4
4211:0:0,component-13889b39033681c2,4211,2
4211:2:0,component-13889b39033681c2,4211,2
4212:1:0,component-098632584f149cdf,4212,4
4213:0:0,component-a24449cb5f9f992e,4213,1
4214:0:0,component-2beb44721d436ea5,4214,2
4215:0:0,component-c4ba06e7fb7909fb,4215,0
4215:2:0,component-c4ba06e7fb7909fb,4215,0
4216:0:0,component-df2ff4ae256c6b2f,4216,4
4216:2:0,component-df2ff4ae256c6b2f,4216,4
4217:0:0,component-b56f99c41f4c2fc3,4217,4
4218:0:0,component-4036773da1e46f55,4218,3
4218:2:0,component-4036773da1e46f55,4218,3
4219:0:0,component-df7c8c4c702bde9b,4219,0
4219:2:0,component-df7c8c4c702bde9b,4219,0
421:0:0,component-e304c51452001b4b,421,4
4220:0:0,component-099a9d31ac634e16,4220,0
4221:0:0,component-0064d0b8a1c4ed93,4221,3
4221:2:0,component-0064d0b8a1c4ed93,4221,3
4222:0:0,component-71a06d612b3714e6,4222,3
4223:0:0,component-e54f87e811fe6dae,4223,2
4224:0:0,component-acefce23c73921fb,4224,4
4225:0:0,component-8d030013ee38a4ab,4225,0
4226:0:0,component-6b6bdd7485c31a82,4226,1
4227:0:0,component-fe7a2b42c5e03bb1,4227,1
4227:0:1,component-fe7a2b42c5e03bb1,4227,1
4228:0:0,component-0dd724542a2503a1,4228,0
4229:0:0,component-e752af45e7abfc30,4229,3
4229:2:0,component-e752af45e7abfc30,4229,3
4229:4:0,component-e752af45e7abfc30,4229,3
422:0:0,component-607ff55661e18e1d,422,4
4230:0:0,component-db410f1364b006b7,4230,1
4231:0:0,component-61be10e4bf1d0efc,4231,4
4231:2:0,component-61be10e4bf1d0efc,4231,4
4231:4:0,component-61be10e4bf1d0efc,4231,4
4231:6:0,component-61be10e4bf1d0efc,4231,4
4231:8:0,component-61be10e4bf1d0efc,4231,4
4232:0:0,component-cdc9f2fc79ad202e,4232,3
4233:0:0,component-fa60e1765b69ca8b,4233,0
4234:0:0,component-d67eb60da3f0f2a0,4234,3
4234:2:0,component-d67eb60da3f0f2a0,4234,3
4235:0:0,component-2e94b2508bf9bc8a,4235,4
4236:0:0,component-fb7fa779186bc01d,4236,1
4237:0:0,component-060384ecf2e74dc9,4237,1
4238:0:0,component-1d95c6f35cfb84bd,4238,2
4239:0:0,component-697ebe5b34e5b57a,4239,0
423:0:0,component-3177c3f1342d102b,423,0
4240:0:0,component-8081e5a9ff3c09c2,4240,3
4241:0:0,component-bfb62ecb1096492b,4241,0
4241:2:0,component-bfb62ecb1096492b,4241,0
4242:0:0,component-50a9e35d1ef0eae3,4242,0
4242:2:0,component-50a9e35d1ef0eae3,4242,0
4243:0:0,component-8db9c3898d9b6496,4243,4
4244:0:0,component-4e105b5b10953c28,4244,0
4245:0:0,component-6fa63f660202f5df,4245,3
4246:0:0,component-a6d855e460f9ba8a,4246,1
4247:0:0,component-2dd67b8df0f54e72,4247,0
4248:0:0,component-f5e9ed6bbacc2f73,4248,0
4248:2:0,component-f5e9ed6bbacc2f73,4248,0
4249:0:0,component-d51019bff97e3198,4249,4
424:0:0,component-e9c6d4eab2b58c7c,424,3
4250:0:0,component-531347c847d7daa3,4250,0
4250:2:0,component-531347c847d7daa3,4250,0
4251:0:0,component-2ce8f2face5526e6,4251,0
4252:0:0,component-d35329717bdd23fe,4252,3
4253:0:0,component-be84a150184021f0,4253,2
4254:0:0,component-95b1e255a3259a46,4254,3
4254:2:0,component-95b1e255a3259a46,4254,3
4255:0:0,component-4bc745bce0a1fe11,4255,4
4256:0:0,component-0222199f257694bc,4256,3
4257:0:0,component-4bc84dfb9310eec6,4257,3
4258:0:0,component-8285bfdb793f69a1,4258,2
4259:0:0,component-3737f84104777e1b,4259,2
4259:2:0,component-3737f84104777e1b,4259,2
4259:2:1,component-3737f84104777e1b,4259,2
425:0:0,component-dc52bf2930f9b161,425,1
4260:1:0,component-2fe3fbfcd1c7ff65,4260,1
4261:0:0,component-fa2e20657c635d73,4261,0
4262:1:0,component-159f68cf53e603a7,4262,4
4263:0:0,component-67dc04771705ad4e,4263,0
4264:0:0,component-d567608bfe2282b2,4264,1
4265:0:0,component-ef570b57948447f8,4265,4
4265:2:0,component-ef570b57948447f8,4265,4
4265:4:0,component-ef570b57948447f8,4265,4
4266:0:0,component-e8610f3c5d1a0868,4266,4
4267:0:0,component-81a0078d054888d3,4267,2
4268:0:0,component-bcfcecdb6391c99e,4268,1
4269:0:0,component-69ad7973b5d632f3,4269,3
4269:2:0,component-69ad7973b5d632f3,4269,3
4269:4:0,component-69ad7973b5d632f3,4269,3
4269:6:0,component-69ad7973b5d632f3,4269,3
426:0:0,component-9c960710d47dbf68,426,1
426:2:0,component-9c960710d47dbf68,426,1
4270:0:0,component-a31320e6ca5ecec2,4270,1
4271:0:0,component-43f91b3fc5981a5d,4271,4
4272:0:0,component-a35a80862976208b,4272,2
4273:0:0,component-291463516f3449cc,4273,3
4274:0:0,component-4beecd2c7edbcbbe,4274,2
4275:0:0,component-57b3260f3c9d695e,4275,3
4276:0:0,component-ac34b9e3a21a3246,4276,3
4277:0:0,component-98cd0d49147122e0,4277,4
4277:2:0,component-98cd0d49147122e0,4277,4
4278:0:0,component-8f771b4413fda54d,4278,3
4279:0:0,component-8e52a783dd312342,4279,4
427:0:0,component-459a9f2de7c2b004,427,2
427:2:0,component-459a9f2de7c2b004,427,2
4281:0:0,component-48f8c44e35fb6d59,4281,3
4282:0:0,component-df4b61ea803d5312,4282,2
4283:0:0,component-56d0f7a871ff18c3,4283,4
4283:0:1,component-56d0f7a871ff18c3,4283,4
4284:0:0,component-0fa3628117d30bfa,4284,3
4284:2:0,component-0fa3628117d30bfa,4284,3
4285:0:0,component-6a8f72205608b7b8,4285,1
4286:0:0,component-99b82f20c41c9220,4286,4
4287:0:0,component-7bd507398db7ada3,4287,4
4288:0:0,component-c6187ecde9c8ba24,4288,1
4289:0:0,component-720b107681bdb826,4289,3
428:0:0,component-6e8e996d7da37a97,428,0
4290:0:0,component-59f596eca80dd1b5,4290,4
4290:2:0,component-59f596eca80dd1b5,4290,4
4291:0:0,component-98a80170454bed45,4291,2
4292:0:0,component-dea60a0b95ab9725,4292,1
4293:0:0,component-44fe3e13cf587127,4293,0
4294:0:0,component-0b794f9e07e9eac3,4294,4
4294:2:0,component-0b794f9e07e9eac3,4294,4
4294:4:0,component-0b794f9e07e9eac3,4294,4
4294:6:0,component-0b794f9e07e9eac3,4294,4
4295:0:0,component-b13a50756031381d,4295,2
4296:0:0,component-fbc367f8910871ee,4296,1
4297:0:0,component-7a072ae6aba34e8e,4297,2
4298:0:0,component-07561daed1c27927,4298,2
4299:0:0,component-b2c79523de04db64,4299,4
429:0:0,component-18208124a72a6f38,429,2
42:0:0,component-c70c96500ebed319,42,2
4300:0:0,component-cf76d9cf94d6aa76,4300,3
4301:0:0,component-945125c74761aeae,4301,1
4302:0:0,component-3491db53399848e7,4302,4
4303:0:0,component-75df00a01b3a1c2c,4303,3
4303:2:0,component-75df00a01b3a1c2c,4303,3
4304:0:0,component-b2542be7575e89ec,4304,1
4304:2:0,component-b2542be7575e89ec,4304,1
4304:4:0,component-b2542be7575e89ec,4304,1
4305:0:0,component-0f44d499d08e9210,4305,0
4306:0:0,component-ee3f337b15e23eb8,4306,3
4307:0:0,component-2293706dd3f2e0ab,4307,1
4308:0:0,component-08544576b28b0423,4308,0
4309:0:0,component-06a38527ade72e77,4309,4
430:0:0,component-af6b93a7e62035d1,430,2
430:2:0,component-af6b93a7e62035d1,430,2
4310:0:0,component-69a72ee2ed3a7a1e,4310,4
4311:0:0,component-b4ae14240ffede5d,4311,3
4311:2:0,component-b4ae14240ffede5d,4311,3
4311:4:0,component-b4ae14240ffede5d,4311,3
4312:0:0,component-1981d7b8143927db,4312,1
4312:2:0,component-1981d7b8143927db,4312,1
4313:0:0,component-04afc3fbf8332fc2,4313,2
4314:0:0,component-da248ef3684b067b,4314,0
4315:0:0,component-0b5203a5dfa090b6,4315,1
4316:0:0,component-3518abeddfe8e4f3,4316,4
4316:2:0,component-3518abeddfe8e4f3,4316,4
4317:0:0,component-bf01f65da89bbfd4,4317,0
4318:0:0,component-4cd45fca557b38ec,4318,4
4319:0:0,component-0365e1663ae8888f,4319,3
4319:2:0,component-0365e1663ae8888f,4319,3
431:0:0,component-4c20b5d54fe0aa48,431,4
431:2:0,component-4c20b5d54fe0aa48,431,4
431:4:0,component-4c20b5d54fe0aa48,431,4
4320:0:0,component-685b0559d8013c2c,4320,2
4320:2:0,component-685b0559d8013c2c,4320,2
4321:0:0,component-7cdfbe3393964a75,4321,4
4322:0:0,component-8a7240d325e39470,4322,4
4323:0:0,component-ec94ef9a48fc1627,4323,3
4323:2:0,component-ec94ef9a48fc1627,4323,3
4324:0:0,component-968e00d8f04e6702,4324,2
4325:0:0,component-26110fc0754dc34e,4325,1
4326:0:0,component-6fd08dadf2ccf490,4326,0
4327:0:0,component-491ce382b9afea77,4327,1
4327:2:0,component-491ce382b9afea77,4327,1
4328:0:0,component-efa25b00cde100cc,4328,3
4329:0:0,component-9880e0cef49f8509,4329,0
432:0:0,component-e02e24298bbf6385,432,3
4330:0:0,component-4dd07ab5241794dd,4330,3
4331:0:0,component-b30b245f1af2f1df,4331,3
4332:0:0,component-f77601725a7814e3,4332,0
4332:2:0,component-f77601725a7814e3,4332,0
4333:0:0,component-8e17ad631c8b2fed,4333,0
4334:0:0,component-9810d34ffca60914,4334,4
4335:0:0,component-e6ec344b0ad8027f,4335,3
4336:1:0,component-3451e35772bce77d,4336,1
4336:3:0,component-3451e35772bce77d,4336,1
4337:0:0,component-9a45607878cb59a9,4337,1
4337:2:0,component-9a45607878cb59a9,4337,1
4337:4:0,component-9a45607878cb59a9,4337,1
4337:6:0,component-9a45607878cb59a9,4337,1
4338:0:0,component-664c5d0f7572eb8e,4338,3
4339:0:0,component-7c1c80fb64cdf704,4339,2
433:0:0,component-b2813c9ad402b4a1,433,1
4340:0:0,component-4a1d96fbb949ba98,4340,3
4340:2:0,component-4a1d96fbb949ba98,4340,3
4340:4:0,component-4a1d96fbb949ba98,4340,3
4340:6:0,component-4a1d96fbb949ba98,4340,3
4340:8:0,component-4a1d96fbb949ba98,4340,3
4340:8:1,component-4a1d96fbb949ba98,4340,3
4341:0:0,component-9afcec11261ae205,4341,4
4341:2:0,component-9afcec11261ae205,4341,4
4342:0:0,component-c83ecac2e600f544,4342,4
4343:0:0,component-ad0811f6fe8908b8,4343,2
4344:0:0,component-33199fcfbb389cbb,4344,0
4345:0:0,component-00b047675f15fe2f,4345,1
4345:2:0,component-00b047675f15fe2f,4345,1
4346:0:0,component-14d5002be8a949df,4346,2
4347:0:0,component-0d5de32798e28b6d,4347,1
4348:0:0,component-8e327e15d7ddb369,4348,1
4349:0:0,component-5bd61c922cd25fb7,4349,0
434:0:0,component-256340c60dd239b9,434,3
4350:0:0,component-b73acc73bdf99fff,4350,0
4351:0:0,component-c61d8bddb79d6c71,4351,3
4352:0:0,component-0724303d472d024b,4352,2
4353:0:0,component-4204b6c8a9fcc053,4353,1
4354:0:0,component-56c1d63ff5053cfc,4354,3
4354:2:0,component-56c1d63ff5053cfc,4354,3
4355:0:0,component-6c4254b7a3a8974d,4355,0
4356:0:0,component-a331140a16a83513,4356,1
4357:0:0,component-0752a30255c3c5f0,4357,0
4358:0:0,component-a77381f9122f795c,4358,0
4359:0:0,component-545e254d9622bc28,4359,3
435:0:0,component-7c847455ac9f9a2f,435,0
4360:0:0,component-21be3643bf7c5f10,4360,0
4360:2:0,component-21be3643bf7c5f10,4360,0
4361:0:0,component-3612da0e8582d45e,4361,2
4361:2:0,component-3612da0e8582d45e,4361,2
4362:0:0,component-142b2ffd3c8c4ef5,4362,1
4363:0:0,component-3b71c7df876956ad,4363,0
4363:2:0,component-3b71c7df876956ad,4363,0
4363:4:0,component-3b71c7df876956ad,4363,0
4364:0:0,component-23568d6d59134b16,4364,3
4365:0:0,component-c4d503b84ff95e9c,4365,3
4365:2:0,component-c4d503b84ff95e9c,4365,3
4365:4:0,component-c4d503b84ff95e9c,4365,3
4366:0:0,component-5a170ce7e154c33e,4366,2
4367:0:0,component-f10d0964a0fbc6b0,4367,2
4368:0:0,component-1f071adca4cc7a67,4368,3
4369:0:0,component-fe9be3c0bd1b9465,4369,3
436:0:0,component-1ca71bb0fd6ed2c9,436,2
436:2:0,component-1ca71bb0fd6ed2c9,436,2
436:4:0,component-1ca71bb0fd6ed2c9,436,2
4370:0:0,component-a1fbc26d75360281,4370,3
4370:2:0,component-a1fbc26d75360281,4370,3
4371:0:0,component-2221c357eabe1c92,4371,3
4372:0:0,component-e683792375406767,4372,2
4373:0:0,component-902bfe533c50495c,4373,3
4374:0:0,component-b90c2dfe2a90d420,4374,1
4375:0:0,component-3da19d479aa8cae9,4375,1
4375:2:0,component-3da19d479aa8cae9,4375,1
4376:0:0,component-482dc23024f62e23,4376,1
4376:2:0,component-482dc23024f62e23,4376,1
4377:0:0,component-dfa496aeaec69bbc,4377,2
4378:0:0,component-88713c022b98f8c5,4378,1
4379:0:0,component-6cbc04e6010ee61e,4379,2
437:0:0,component-db8e16a81fede6e0,437,3
4380:0:0,component-a1e91c1d7c94edbb,4380,3
4381:0:0,component-30686014affb349a,4381,1
4381:2:0,component-30686014affb349a,4381,1
4382:0:0,component-de9cde1369c7f3a6,4382,1
4383:0:0,component-2e77a5450759929d,4383,2
4384:0:0,component-f14bc0d2c98af86d,4384,0
4385:0:0,component-5e71443f79999994,4385,1
4386:0:0,component-b22ad9f5972cf0f7,4386,1
4387:0:0,component-e82ac30c7df1b402,4387,2
4389:0:0,component-4e61d89024a09b8d,4389,3
438:0:0,component-0dbf1bc9b45b120a,438,2
4390:0:0,component-f2b911fcc5e99046,4390,0
4391:0:0,component-bef8eba440c4e957,4391,2
4392:0:0,component-78df03bf38b3307d,4392,3
4393:0:0,component-24b055dc0c3ca205,4393,2
4394:0:0,component-87d5dd9a1a5552d0,4394,1
4395:0:0,component-0cee6503a9601d34,4395,4
4396:0:0,component-2122d70530593ae9,4396,4
4397:0:0,component-7cb1d99922011730,4397,4
4398:0:0,component-ed29bf44c231d402,4398,1
4398:2:0,component-ed29bf44c231d402,4398,1
4399:0:0,component-3b1a02513dcf68fc,4399,2
4399:2:0,component-3b1a02513dcf68fc,4399,2
439:0:0,component-f4a5d030d9daeea0,439,3
43:0:0,component-a23508f6c4f86a42,43,1
4400:0:0,component-961be634a4a6d963,4400,1
4401:0:0,component-77418b2bed2444c8,4401,4
4402:0:0,component-6b02c68d75ff9066,4402,3
4403:0:0,component-4c626d861fd9030a,4403,2
4403:2:0,component-4c626d861fd9030a,4403,2
4404:0:0,component-2a07c93ad7e8526c,4404,4
4404:2:0,component-2a07c93ad7e8526c,4404,4
4404:2:1,component-2a07c93ad7e8526c,4404,4
4405:0:0,component-9586459e7aeb5348,4405,0
4406:0:0,component-0c884e51b42f87fc,4406,1
4407:0:0,component-c5c5526f6b9fcf61,4407,0
4408:0:0,component-d0dd93bc4405db17,4408,0
4408:2:0,component-d0dd93bc4405db17,4408,0
4409:0:0,component-4e5865db8ed67686,4409,2
440:0:0,component-2463d9c1ad3c2c8c,440,1
4410:0:0,component-a9a722f304319872,4410,1
4411:0:0,component-226ea2a29fa459f6,4411,1
4412:0:0,component-06746291d47493fa,4412,0
4413:0:0,component-65175e1bded2dc94,4413,4
4414:0:0,component-96d906bbcbd314ce,4414,2
4415:0:0,component-d17b2ea8d82761ff,4415,0
4416:0:0,component-4d665e5cbb33dd16,4416,0
4416:2:0,component-4d665e5cbb33dd16,4416,0
4417:0:0,component-21a2a0309dc89040,4417,0
4418:0:0,component-48b495e31c4445b8,4418,4
4419:0:0,component-0f235fc51018f0ac,4419,3
441:0:0,component-a130f5b928bad276,441,3
4420:0:0,component-481d75f9474ac489,4420,0
4420:2:0,component-481d75f9474ac489,4420,0
4421:0:0,component-2e343cfc995a39f7,4421,1
4421:0:1,component-2e343cfc995a39f7,4421,1
4422:0:0,component-0d95180a230238e7,4422,4
4423:0:0,component-703e765550728a18,4423,2
4424:0:0,component-cf400158eca6fabc,4424,4
4425:0:0,component-a3e7da9eb36deb46,4425,4
4426:0:0,component-0e82c2cbf4efeb33,4426,0
4427:0:0,component-63057ad5b2ba52e0,4427,0
4428:0:0,component-90b121076107439c,4428,4
4429:0:0,component-62a89e7ecbb455d8,4429,1
4429:2:0,component-62a89e7ecbb455d8,4429,1
4429:4:0,component-62a89e7ecbb455d8,4429,1
4429:6:0,component-62a89e7ecbb455d8,4429,1
442:0:0,component-bfde6fb21a5c8f31,442,1
442:0:1,component-bfde6fb21a5c8f31,442,1
442:2:0,component-bfde6fb21a5c8f31,442,1
4430:0:0,component-f2c9075299d22f63,4430,3
4430:2:0,component-f2c9075299d22f63,4430,3
4431:0:0,component-7a57ce2fc4991ba0,4431,3
4432:0:0,component-730b1f1d899f44cd,4432,4
4433:0:0,component-19a7517ba80a7e59,4433,0
4434:0:0,component-45d5b89bd7002676,4434,0
4435:0:0,component-fab59a0b70ac41a1,4435,1
4436:0:0,component-f1cf9f18b6585f59,4436,1
4436:2:0,component-f1cf9f18b6585f59,4436,1
4437:0:0,component-f0ee4fd276a46238,4437,2
4437:2:0,component-f0ee4fd276a46238,4437,2
4438:0:0,component-94b8d80cf69386d2,4438,3
4439:0:0,component-0885432795121cba,4439,2
443:0:0,component-c246151ea3a11735,443,4
4440:0:0,component-df5435aac9c34569,4440,3
4441:0:0,component-3b40fa8fcdeec0bc,4441,1
4442:0:0,component-5bb8e9c9ccad3c63,4442,0
4442:2:0,component-5bb8e9c9ccad3c63,4442,0
4442:4:0,component-5bb8e9c9ccad3c63,4442,0
4443:0:0,component-9eb28e8266f73f78,4443,3
4444:0:0,component-3e4e631aad0a6602,4444,0
4445:0:0,component-15bad4a9a15d4d3b,4445,2
4446:0:0,component-431ba237922c6da6,4446,0
4447:0:0,component-ab86ce65e9af9255,4447,0
4447:2:0,component-ab86ce65e9af9255,4447,0
4449:0:0,component-4f61de768cdafe59,4449,3
4449:2:0,component-4f61de768cdafe59,4449,3
4449:4:0,component-4f61de768cdafe59,4449,3
444:0:0,component-b7d62f55198a65b3,444,4
4450:0:0,component-64540b80d53fbfe6,4450,1
4451:0:0,component-97186beb028f4969,4451,4
4451:2:0,component-97186beb028f4969,4451,4
4452:0:0,component-340fa323d78328e5,4452,2
4453:0:0,component-d6668a13e2c52ed7,4453,3
4454:0:0,component-2212d4ef5cd8f14c,4454,3
4455:0:0,component-d26b3a51a669c4a2,4455,4
4456:0:0,component-249954b743ef501f,4456,2
4456:2:0,component-249954b743ef501f,4456,2
4456:4:0,component-249954b743ef501f,4456,2
4456:6:0,component-249954b743ef501f,4456,2
4457:0:0,component-740b841e49d62b6b,4457,2
4458:0:0,component-98ad125183db9f61,4458,2
4459:0:0,component-d1446b0def8cb218,4459,0
445:0:0,component-9001cfbec0b9028e,445,4
4460:0:0,component-1f5f2c230db2e578,4460,2
4460:2:0,component-1f5f2c230db2e578,4460,2
4461:0:0,component-0862cd136a6a3418,4461,3
4462:0:0,component-0ed4613b381e016f,4462,1
4463:0:0,component-490d81183138a871,4463,1
4464:0:0,component-ece846536103ef84,4464,1
4464:2:0,component-ece846536103ef84,4464,1
4465:0:0,component-2f0c2d9e36416d43,4465,4
4466:0:0,component-22e9a638fc263276,4466,4
4467:0:0,component-e017c8605184d4cc,4467,2
4467:2:0,component-e017c8605184d4cc,4467,2
4468:0:0,component-da5b217280eeed08,4468,1
4469:0:0,component-438dd25fe894b105,4469,3
446:0:0,component-fa48e9008b3c6bc1,446,0
4470:0:0,component-318ba154dad10441,4470,3
4471:0:0,component-5cc27ca058ea1a1b,4471,4
4472:0:0,component-38faf46f02b1d3ad,4472,2
4473:0:0,component-81e8ab4171bae643,4473,2
4474:0:0,component-fc0371f5437b003f,4474,0
4475:0:0,component-3c3e0728a4ab7a23,4475,4
4475:2:0,component-3c3e0728a4ab7a23,4475,4
4475:4:0,component-3c3e0728a4ab7a23,4475,4
4475:6:0,component-3c3e0728a4ab7a23,4475,4
4476:0:0,component-bc4a4b7e31af46f3,4476,3
4477:0:0,component-edc7e9e8eeca84cd,4477,0
4478:0:0,component-796bc9656f3df7b5,4478,2
4478:2:0,component-796bc9656f3df7b5,4478,2
4479:0:0,component-3f3551be09063b85,4479,0
447:0:0,component-1bbcaa297159f709,447,2
4480:0:0,component-504d2c6ec414b02d,4480,3
4481:0:0,component-9cf3ccc4b9d6f30c,4481,4
4482:0:0,component-5ac7a119366d2b03,4482,4
4483:0:0,component-94a32edf0c6908b6,4483,2
4484:0:0,component-90ec68f4e812dacd,4484,4
4485:0:0,component-d18d9993e2cde98c,4485,2
4486:0:0,component-1f4aaab6b2ff0d13,4486,4
4486:0:1,component-1f4aaab6b2ff0d13,4486,4
4486:0:2,component-1f4aaab6b2ff0d13,4486,4
4487:0:0,component-ede63bf9d9f3b672,4487,0
4487:2:0,component-ede63bf9d9f3b672,4487,0
4488:0:0,component-564dc142d56563a2,4488,4
4488:2:0,component-564dc142d56563a2,4488,4
4489:0:0,component-e73baeca7ebe99a5,4489,3
448:0:0,component-c8430ff900b84f7b,448,0
448:2:0,component-c8430ff900b84f7b,448,0
4490:0:0,component-649ef871b836a86e,4490,3
4490:2:0,component-649ef871b836a86e,4490,3
4491:0:0,component-2cd33c707c0c6da3,4491,4
4491:2:0,component-2cd33c707c0c6da3,4491,4
4491:4:0,component-2cd33c707c0c6da3,4491,4
4492:0:0,component-43a04ebdc9136040,4492,0
4493:0:0,component-22faa42a4b5d3979,4493,0
4494:0:0,component-5488d9ec5f8a9012,4494,0
4495:0:0,component-a240e2752a0f699a,4495,4
4496:0:0,component-a51e01e3c5cc97b5,4496,1
4497:0:0,component-bc5a2e4794609028,4497,3
4498:0:0,component-6943ed1b755fb004,4498,4
4499:0:0,component-9762199f464d4054,4499,3
449:0:0,component-b6cc6e873177af86,449,3
44:0:0,component-358ebfd03ea75ffe,44,1
44:2:0,component-358ebfd03ea75ffe,44,1
4500:0:0,component-80b2031efb09ed2b,4500,3
4501:0:0,component-8de92f5e8550f8a4,4501,1
4502:0:0,component-742a14485a8ac75c,4502,1
4503:0:0,component-d6eca23cc4aabac6,4503,1
4504:0:0,component-598285ef4a8c38e2,4504,4
4505:0:0,component-01e5ea037d783548,4505,1
4506:0:0,component-2ff9baf7d6d49c66,4506,2
4507:0:0,component-3d5ccfcdb2fa41bb,4507,0
4508:0:0,component-4e34842ee2804a08,4508,1
4508:2:0,component-4e34842ee2804a08,4508,1
4509:0:0,component-78d00460ad38f12a,4509,1
450:0:0,component-20a62f6e8395ab73,450,1
4510:0:0,component-bea334febdd6cdce,4510,3
4511:0:0,component-c2677439153dcaad,4511,4
4511:2:0,component-c2677439153dcaad,4511,4
4512:0:0,component-18164b216bf8eeeb,4512,2
4513:0:0,component-3c9b51ddb91b030b,4513,4
4514:0:0,component-1c999e3fe914086c,4514,1
4515:0:0,component-281bbaf82bdcad10,4515,2
4516:0:0,component-404e90b4aff06069,4516,4
4516:0:1,component-404e90b4aff06069,4516,4
4516:2:0,component-404e90b4aff06069,4516,4
4517:0:0,component-28445c00f5036f76,4517,3
4518:0:0,component-e855fa710589a279,4518,0
4519:0:0,component-67e0ace4c299da7e,4519,3
451:1:0,component-3898fc483f308422,451,1
451:3:0,component-3898fc483f308422,451,1
4520:0:0,component-c6d281c56a948c64,4520,3
4521:0:0,component-b83511aa481fc97c,4521,2
4522:0:0,component-e6287f1cba818163,4522,0
4523:0:0,component-8d2860038ad206d1,4523,0
4523:2:0,component-8d2860038ad206d1,4523,0
4523:4:0,component-8d2860038ad206d1,4523,0
4523:6:0,component-8d2860038ad206d1,4523,0
4523:8:0,component-8d2860038ad206d1,4523,0
4524:0:0,component-03ee3c34aa873dc0,4524,1
4524:2:0,component-03ee3c34aa873dc0,4524,1
4525:0:0,component-fd3c2443a43c86cc,4525,2
4526:0:0,component-285a55a3f57f74cd,4526,1
4526:2:0,component-285a55a3f57f74cd,4526,1
4527:0:0,component-26cda0642719c856,4527,1
4527:2:0,component-26cda0642719c856,4527,1
4528:0:0,component-a81aeda1b25c46f7,4528,0
4528:2:0,component-a81aeda1b25c46f7,4528,0
4528:4:0,component-a81aeda1b25c46f7,4528,0
4529:1:0,component-c9bca3963c38aa06,4529,0
452:0:0,component-faa755c350ff8762,452,2
4530:0:0,component-ae27497f7f3db2e0,4530,3
4531:0:0,component-c3ed56db68fc6b37,4531,2
4532:0:0,component-a881240d74b16d63,4532,2
4533:0:0,component-84cb9d4d87708161,4533,0
4534:0:0,component-68ebad0c6091ef52,4534,3
4535:0:0,component-a80b3e2f55d3daaa,4535,2
4536:0:0,component-87373841e84553cc,4536,0
4537:0:0,component-d94f8f0e918389f4,4537,1
4537:2:0,component-d94f8f0e918389f4,4537,1
4538:0:0,component-4c878c560fbd2aff,4538,3
4539:0:0,component-d925ea36464c1156,4539,3
453:0:0,component-d08ef79a944a25a0,453,4
453:2:0,component-d08ef79a944a25a0,453,4
453:4:0,component-d08ef79a944a25a0,453,4
453:6:0,component-d08ef79a944a25a0,453,4
4540:0:0,component-cc0f2cbe492caa5d,4540,0
4541:0:0,component-2b5dfdf02b780bd2,4541,1
4542:0:0,component-05add7ccf4ec25fd,4542,4
4542:2:0,component-05add7ccf4ec25fd,4542,4
4542:4:0,component-05add7ccf4ec25fd,4542,4
4543:0:0,component-07695f7606024105,4543,2
4544:0:0,component-fe7b3e320cff4802,4544,2
4545:0:0,component-76668af0b8e083f5,4545,3
4546:0:0,component-16a5b9c61203fac6,4546,2
4547:0:0,component-85235f26a8aef6f1,4547,1
4548:0:0,component-30a916f40a372f0e,4548,2
4548:2:0,component-30a916f40a372f0e,4548,2
4549:0:0,component-d8c03f08f8d1c134,4549,2
454:0:0,component-561b4260c82e8944,454,3
4550:0:0,component-dea5c53f5e51ceae,4550,1
4550:2:0,component-dea5c53f5e51ceae,4550,1
4551:0:0,component-da374e6dd2ba30b8,4551,3
4552:0:0,component-12af7a01d741d016,4552,2
4552:2:0,component-12af7a01d741d016,4552,2
4552:4:0,component-12af7a01d741d016,4552,2
4552:6:0,component-12af7a01d741d016,4552,2
4552:8:0,component-12af7a01d741d016,4552,2
4553:0:0,component-11a9f4cbba6b4207,4553,2
4554:0:0,component-8814574e11818b35,4554,1
4555:0:0,component-4aafc04aa44a2439,4555,3
4556:0:0,component-4b2ae731e27c9279,4556,0
4556:2:0,component-4b2ae731e27c9279,4556,0
4556:4:0,component-4b2ae731e27c9279,4556,0
4557:0:0,component-0192f5d84ac0669b,4557,2
4558:0:0,component-70c8677fa6a87583,4558,1
4558:0:1,component-70c8677fa6a87583,4558,1
4558:0:2,component-70c8677fa6a87583,4558,1
4558:2:0,component-70c8677fa6a87583,4558,1
4558:4:0,component-70c8677fa6a87583,4558,1
4558:6:0,component-70c8677fa6a87583,4558,1
4559:0:0,component-53cf0c8518135e19,4559,4
455:0:0,component-0af7bd97c8138cff,455,2
4560:0:0,component-2ec4c5febe83975b,4560,0
4560:0:1,component-2ec4c5febe83975b,4560,0
4560:0:2,component-2ec4c5febe83975b,4560,0
4561:1:0,component-01b9d648766de4c5,4561,3
4562:0:0,component-ef9096b74112fff0,4562,0
4562:2:0,component-ef9096b74112fff0,4562,0
4562:4:0,component-ef9096b74112fff0,4562,0
4562:6:0,component-ef9096b74112fff0,4562,0
4563:0:0,component-0982b7ba4cd4e9e8,4563,0
4564:0:0,component-4f335eec2c4f298f,4564,2
4564:2:0,component-4f335eec2c4f298f,4564,2
4564:2:1,component-4f335eec2c4f298f,4564,2
4565:0:0,component-6b28102c1748ac1e,4565,3
4565:2:0,component-6b28102c1748ac1e,4565,3
4566:0:0,component-bd7052ca8c5481f9,4566,4
4567:0:0,component-e4ffb1ab4ba1184e,4567,4
4567:2:0,component-e4ffb1ab4ba1184e,4567,4
4567:4:0,component-e4ffb1ab4ba1184e,4567,4
4568:0:0,component-00c9fa0e3c2b414a,4568,1
4569:0:0,component-13e6fbdda2ee13bb,4569,2
456:0:0,component-79f11edb3b6594ee,456,3
4570:0:0,component-2196facdeefa95e8,4570,0
4571:0:0,component-7a2fc0184fc0b75f,4571,4
4572:1:0,component-50661e757ddbcb71,4572,1
4573:0:0,component-035c4332118348f3,4573,4
4573:2:0,component-035c4332118348f3,4573,4
4574:0:0,component-037d0cc4a5dc1040,4574,4
4574:2:0,component-037d0cc4a5dc1040,4574,4
4575:0:0,component-c537cde7abad089a,4575,2
4576:0:0,component-797916bd765155d9,4576,1
4577:0:0,component-18d2df24a84a6a84,4577,3
4578:0:0,component-a95f148d936eda2e,4578,0
4579:0:0,component-90a975f818f84806,4579,4
4579:2:0,component-90a975f818f84806,4579,4
4579:4:0,component-90a975f818f84806,4579,4
4579:6:0,component-90a975f818f84806,4579,4
457:0:0,component-31563501378bd8fb,457,2
4580:0:0,component-6cac8bfe5a0ff574,4580,4
4581:0:0,component-7b885eb32c0a0521,4581,1
4582:0:0,component-c4bf869074a86d04,4582,4
4582:2:0,component-c4bf869074a86d04,4582,4
4583:0:0,component-6c891573879cb88a,4583,0
4584:0:0,component-b031b6bf3f9e5099,4584,0
4584:2:0,component-b031b6bf3f9e5099,4584,0
4585:0:0,component-6229b47d64233470,4585,3
4586:0:0,component-d3d0ded5fb3cb302,4586,1
4587:0:0,component-61fb23b93e87cb04,4587,4
4588:0:0,component-ed888deeef79055c,4588,2
4589:0:0,component-e70a783b569a6b2b,4589,0
458:0:0,component-596676b25d0cb17c,458,1
458:2:0,component-596676b25d0cb17c,458,1
458:4:0,component-596676b25d0cb17c,458,1
458:6:0,component-596676b25d0cb17c,458,1
4590:0:0,component-ba9860c7a82d26e9,4590,4
4591:0:0,component-03939ec41dede97d,4591,2
4592:0:0,component-eef7ad743e3b6321,4592,0
4593:0:0,component-12a5c35e26dfcead,4593,1
4594:0:0,component-fda8bf6f5ac256d0,4594,1
4595:0:0,component-b17ed52c8c438ded,4595,0
4596:0:0,component-bd934d9abc1bc247,4596,3
4597:0:0,component-9c62d98c6f1b43a0,4597,4
4598:0:0,component-f83f949f49b14de9,4598,3
4599:0:0,component-60eebf040990f05c,4599,4
4599:2:0,component-60eebf040990f05c,4599,4
459:0:0,component-098f9bc513657f94,459,2
45:0:0,component-cd4f7d3667db1755,45,4
4600:0:0,component-9e926835f6a08347,4600,2
4601:0:0,component-2574a55a8c496823,4601,3
4602:0:0,component-0f07989ef7df126d,4602,0
4602:2:0,component-0f07989ef7df126d,4602,0
4603:0:0,component-05add7ccf4ec25fd,4603,4
4603:2:0,component-05add7ccf4ec25fd,4603,4
4603:4:0,component-05add7ccf4ec25fd,4603,4
4603:6:0,component-05add7ccf4ec25fd,4603,4
4604:0:0,component-cd3e68860601734b,4604,1
4605:0:0,component-4a64d4c04f30c688,4605,2
4606:0:0,component-068e7f9b20e8b80e,4606,3
4607:0:0,component-742d20d0abc61889,4607,1
4608:0:0,component-554135208b73210f,4608,0
4609:0:0,component-1348e151e1e534a8,4609,0
4609:2:0,component-1348e151e1e534a8,4609,0
460:0:0,component-97498c0cb2de639a,460,4
4610:0:0,component-587655d5e604c596,4610,2
4610:2:0,component-587655d5e604c596,4610,2
4611:0:0,component-e18d49f12742270b,4611,1
4612:0:0,component-5962ee583811d2ae,4612,4
4613:0:0,component-e09c97615b064a76,4613,3
4613:2:0,component-e09c97615b064a76,4613,3
4614:0:0,component-93eaa623f874dddb,4614,0
4615:0:0,component-9afd82f9e9bdb334,4615,1
4615:2:0,component-9afd82f9e9bdb334,4615,1
4616:0:0,component-6a22cbdbe335fa9e,4616,1
4617:0:0,component-98d083806fca928e,4617,1
4618:0:0,component-4bddfa1dee0849e0,4618,0
4619:0:0,component-6ad795b8bb103f97,4619,1
461:0:0,component-eed0034174a2c79d,461,1
4620:0:0,component-1615b1092ed368b5,4620,2
4621:0:0,component-707b7f88bd66b564,4621,0
4622:0:0,component-ea1c270a02ca3ba3,4622,3
4623:0:0,component-49db905cd8169c1e,4623,1
4623:2:0,component-49db905cd8169c1e,4623,1
4624:0:0,component-3082893e564ac2de,4624,2
4625:0:0,component-0bc2372112804527,4625,2
4626:0:0,component-0a591ba20175b4c2,4626,3
4626:2:0,component-0a591ba20175b4c2,4626,3
4627:0:0,component-dba3669a61e2035c,4627,4
4628:0:0,component-7ca7a870e4b43e3c,4628,3
4628:0:1,component-7ca7a870e4b43e3c,4628,3
4629:0:0,component-d819b69cf6e4a5cf,4629,2
462:0:0,component-6804b903632b40ee,462,1
4630:0:0,component-87e820dde688c0b9,4630,2
4631:1:0,component-79800443ab9ce328,4631,3
4632:0:0,component-923e2623d0c7804c,4632,3
4633:0:0,component-be79a7df37091923,4633,1
4634:0:0,component-1dbc46529a0b5530,4634,4
4635:0:0,component-1547ba83c11c2822,4635,0
4636:0:0,component-6b34b16ab5c3d3d1,4636,2
4636:2:0,component-6b34b16ab5c3d3d1,4636,2
4636:4:0,component-6b34b16ab5c3d3d1,4636,2
4637:0:0,component-985b0cff2aeb022a,4637,2
4638:0:0,component-37f49e494cd88b3a,4638,4
4639:0:0,component-d1464e6f0d91e08e,4639,1
463:0:0,component-eb2ffd829c395450,463,0
4640:0:0,component-26f42d944cf4116e,4640,0
4641:0:0,component-fb1ecaf729717315,4641,3
4642:0:0,component-c5d202db2fe6eab4,4642,2
4642:2:0,component-c5d202db2fe6eab4,4642,2
4643:0:0,component-33f9c9bee1acc59a,4643,4
4644:0:0,component-5ce2c04f42f1f682,4644,2
4644:2:0,component-5ce2c04f42f1f682,4644,2
4644:4:0,component-5ce2c04f42f1f682,4644,2
4644:6:0,component-5ce2c04f42f1f682,4644,2
4644:8:0,component-5ce2c04f42f1f682,4644,2
4645:0:0,component-bd76b8c319991940,4645,4
4645:2:0,component-bd76b8c319991940,4645,4
4646:0:0,component-bbcc4fc448e5152e,4646,4
4646:2:0,component-bbcc4fc448e5152e,4646,4
4646:4:0,component-bbcc4fc448e5152e,4646,4
4647:0:0,component-b71963a6c5c489e0,4647,1
4648:0:0,component-1a581a0812ab3bd5,4648,4
4648:0:1,component-1a581a0812ab3bd5,4648,4
4648:2:0,component-1a581a0812ab3bd5,4648,4
4649:0:0,component-d3fbc07a84964c54,4649,0
464:0:0,component-b6378f9d3871df7e,464,0
464:2:0,component-b6378f9d3871df7e,464,0
464:4:0,component-b6378f9d3871df7e,464,0
464:6:0,component-b6378f9d3871df7e,464,0
4650:0:0,component-0ee0fdaac08c3494,4650,0
4651:0:0,component-a743fd6d746dd125,4651,0
4651:2:0,component-a743fd6d746dd125,4651,0
4651:4:0,component-a743fd6d746dd125,4651,0
4652:0:0,component-2dfb82ab3d2747a0,4652,3
4653:0:0,component-d652938766c656d7,4653,2
4654:0:0,component-54f09875069011d5,4654,2
4655:0:0,component-1a60db0784f6cc5e,4655,2
4655:2:0,component-1a60db0784f6cc5e,4655,2
4655:4:0,component-1a60db0784f6cc5e,4655,2
4656:0:0,component-a0903693c73e7f5b,4656,3
4657:0:0,component-144be03841eb9f60,4657,2
4658:0:0,component-65208d28e8590b7b,4658,4
4659:0:0,component-e339cad4805b234d,4659,2
465:0:0,component-2c0b339d354f0a45,465,1
4660:0:0,component-d5c4383d2b01c9b5,4660,1
4661:0:0,component-f71c7142b28d8da3,4661,2
4662:1:0,component-8e5500f82c701ce1,4662,4
4662:3:0,component-8e5500f82c701ce1,4662,4
4663:0:0,component-69329f3cb9ae89d1,4663,4
4664:0:0,component-b1f5c928c1c29565,4664,0
4665:0:0,component-bbe71de7c9efbc1c,4665,1
4666:0:0,component-2ec1b999f5387382,4666,0
4668:0:0,component-fd8e1dbcaffe33f4,4668,1
4669:0:0,component-2549282e9f4b1c1e,4669,3
466:1:0,component-60efc230fe094e25,466,0
466:3:0,component-60efc230fe094e25,466,0
4670:0:0,component-d758973dca799ea9,4670,3
4671:0:0,component-c725523156140e16,4671,2
4672:0:0,component-92b5b4b52748ec27,4672,2
4673:0:0,component-56d31e44cc74f0e2,4673,2
4674:0:0,component-fe51071df04c7857,4674,2
4674:2:0,component-fe51071df04c7857,4674,2
4675:0:0,component-ac3dbd36300bb251,4675,3
4676:0:0,component-b684ed501d6971cc,4676,0
4677:0:0,component-074a5ab76cc9164a,4677,1
4678:0:0,component-4baef1e06513ec61,4678,1
4679:0:0,component-8c89c810affa77ba,4679,4
467:0:0,component-aaf926c862d82cc1,467,2
4680:0:0,component-c05c01e7cee32163,4680,0
4681:0:0,component-f3af5855b80959c6,4681,0
4682:0:0,component-ce65001ad71575eb,4682,2
4683:0:0,component-9b9fb24484ff8883,4683,0
4684:1:0,component-bff284bd79292fb5,4684,4
4685:0:0,component-56e6524020999655,4685,1
4686:0:0,component-85b3e27fff7d1020,4686,4
4687:0:0,component-0df21f942a4487a2,4687,4
4688:0:0,component-106483b66b357588,4688,2
4688:2:0,component-106483b66b357588,4688,2
4688:4:0,component-106483b66b357588,4688,2
4689:0:0,component-ccf4e41b0b6faa0a,4689,4
468:0:0,component-afe3e5f63f0a7c3c,468,1
4690:1:0,component-3fbf03cf6e4d6ba3,4690,0
4691:0:0,component-a404435eefc92e69,4691,2
4692:0:0,component-75158f65d37e036f,4692,0
4693:0:0,component-0fbab2f278b05e99,4693,1
4693:2:0,component-0fbab2f278b05e99,4693,1
4693:4:0,component-0fbab2f278b05e99,4693,1
4694:0:0,component-ccf690213bf73319,4694,1
4694:2:0,component-ccf690213bf73319,4694,1
4695:0:0,component-15298c4292a288a3,4695,1
4696:0:0,component-1c5cd56a14099cb6,4696,2
4696:2:0,component-1c5cd56a14099cb6,4696,2
4697:0:0,component-8476fe07ce9d90c3,4697,3
4698:0:0,component-b031b6bf3f9e5099,4698,0
4698:0:1,component-b031b6bf3f9e5099,4698,0
4699:0:0,component-99438a73daab6941,4699,2
469:0:0,component-7f2af1b517355cf8,469,3
46:0:0,component-270120246236ec38,46,1
4700:0:0,component-8b1cc90458299dcc,4700,4
4701:0:0,component-0fbf5ea286e0532e,4701,3
4701:2:0,component-0fbf5ea286e0532e,4701,3
4701:4:0,component-0fbf5ea286e0532e,4701,3
4702:0:0,component-d3acecc5733ae2ee,4702,1
4703:0:0,component-746d339e1f066e92,4703,4
4704:0:0,component-97d8475ab0026f47,4704,4
4704:2:0,component-97d8475ab0026f47,4704,4
4705:0:0,component-9941805f6b1b012b,4705,2
4706:0:0,component-21b00d7a748c5496,4706,2
4707:0:0,component-f175f794f439f600,4707,2
4708:0:0,component-973df1e113f346fa,4708,2
4708:2:0,component-973df1e113f346fa,4708,2
4708:4:0,component-973df1e113f346fa,4708,2
4708:6:0,component-973df1e113f346fa,4708,2
4708:8:0,component-973df1e113f346fa,4708,2
4709:1:0,component-579d1ce73f5850ca,4709,1
470:0:0,component-2990c1a2a6dfb47e,470,1
4710:0:0,component-7e49ffca5cfc4e76,4710,3
4711:0:0,component-1c5b3fdda7cc337b,4711,2
4712:0:0,component-b02b0cc57fa1e31f,4712,0
4713:0:0,component-62afd0af9547540e,4713,4
4714:0:0,component-2c57206db087e1eb,4714,4
4715:0:0,component-c878fe668a0d6d32,4715,0
4716:0:0,component-505f4808096cfdb4,4716,1
4716:2:0,component-505f4808096cfdb4,4716,1
4717:0:0,component-4a4925a9439fc988,4717,0
4718:0:0,component-114eaf1166b86da7,4718,1
4719:0:0,component-4221211a69ca3a4e,4719,4
471:0:0,component-896c636fc7e81533,471,0
4720:0:0,component-fbe321d400565b26,4720,4
4721:0:0,component-43e05a8031739e8b,4721,1
4722:0:0,component-6fe29be629ca680e,4722,1
4723:0:0,component-8970a720aa8b1638,4723,0
4724:0:0,component-fc53a26587542fed,4724,2
4724:0:1,component-fc53a26587542fed,4724,2
4724:0:2,component-fc53a26587542fed,4724,2
4725:0:0,component-866ef8ba55c8cb04,4725,3
4726:0:0,component-e4d9bc92b8af2230,4726,1
4727:0:0,component-a395e1f971c6cc09,4727,0
4728:0:0,component-a3fc34d46a386157,4728,2
4729:0:0,component-ddc5f51fb8c96798,4729,1
472:0:0,component-f943d046b5f612d3,472,4
4730:1:0,component-5c76a07e6365d7f0,4730,3
4731:0:0,component-8a09b8070976a1ad,4731,4
4731:2:0,component-8a09b8070976a1ad,4731,4
4731:4:0,component-8a09b8070976a1ad,4731,4
4732:0:0,component-d422b0806bc64248,4732,0
4733:0:0,component-042628bd737c951f,4733,0
4733:2:0,component-042628bd737c951f,4733,0
4734:0:0,component-cb7fc96ea6ee61ef,4734,1
4734:10:0,component-cb7fc96ea6ee61ef,4734,1
4734:2:0,component-cb7fc96ea6ee61ef,4734,1
4734:4:0,component-cb7fc96ea6ee61ef,4734,1
4734:6:0,component-cb7fc96ea6ee61ef,4734,1
4734:8:0,component-cb7fc96ea6ee61ef,4734,1
4734:8:1,component-cb7fc96ea6ee61ef,4734,1
4735:1:0,component-8d906aa4e3fee782,4735,0
4736:0:0,component-c1ce4adc8c256cbb,4736,4
4736:2:0,component-c1ce4adc8c256cbb,4736,4
4737:0:0,component-c56733390c4e86bf,4737,2
4738:1:0,component-08f249e0539b15ba,4738,3
4739:0:0,component-5ab1b49354d11b03,4739,4
473:0:0,component-7c732ff581d9c77d,473,2
4740:0:0,component-791b5cccbf327f7c,4740,2
4741:0:0,component-441eb55540d927f4,4741,1
4742:0:0,component-8af147570d53ab1c,4742,1
4743:0:0,component-e7bb01546fc2a7f8,4743,2
4744:0:0,component-5c18122e236ba34d,4744,3
4745:0:0,component-7441322cba455b72,4745,3
4746:0:0,component-518ea1d588c5a64b,4746,4
4747:0:0,component-4758ce82fa1f6850,4747,4
4748:0:0,component-bc45afdb219d111f,4748,2
4749:0:0,component-f26bb22181d463e7,4749,2
4749:0:1,component-f26bb22181d463e7,4749,2
474:0:0,component-61379d9823c5a479,474,2
4750:0:0,component-ba30b88423337f15,4750,4
4751:0:0,component-27c9590bda0b40df,4751,4
4752:0:0,component-8703621168661c9d,4752,0
4753:0:0,component-df48cdab7f4c8202,4753,0
4753:2:0,component-df48cdab7f4c8202,4753,0
4754:0:0,component-23b867587bb0b0ea,4754,1
4754:2:0,component-23b867587bb0b0ea,4754,1
4755:0:0,component-84d5ee0f0019cd6e,4755,3
4756:0:0,component-1bb0a930a5841e2d,4756,4
4757:0:0,component-047cd31b94c50ea3,4757,3
4758:0:0,component-24f63577dce0caa5,4758,1
4758:2:0,component-24f63577dce0caa5,4758,1
4759:0:0,component-dc6081c2fd3ea78b,4759,3
4759:2:0,component-dc6081c2fd3ea78b,4759,3
4759:2:1,component-dc6081c2fd3ea78b,4759,3
4759:4:0,component-dc6081c2fd3ea78b,4759,3
4759:6:0,component-dc6081c2fd3ea78b,4759,3
4759:6:1,component-dc6081c2fd3ea78b,4759,3
475:0:0,component-af2a21c785cfda8a,475,2
4760:0:0,component-826ee5a559625ff0,4760,3
4761:0:0,component-5a1a6fc2ed10e2e0,4761,0
4762:0:0,component-cebfa1dab04a06f4,4762,4
4763:0:0,component-977998d87c331e18,4763,0
4763:2:0,component-977998d87c331e18,4763,0
4763:4:0,component-977998d87c331e18,4763,0
4763:6:0,component-977998d87c331e18,4763,0
4764:0:0,component-e5570fd898d01a98,4764,3
4765:0:0,component-dffcc494bf462cda,4765,2
4765:0:1,component-dffcc494bf462cda,4765,2
4766:0:0,component-4035585ccf7e132c,4766,2
4766:2:0,component-4035585ccf7e132c,4766,2
4767:0:0,component-6bb8732bd806a823,4767,0
4768:0:0,component-bd4213236a310cd7,4768,0
4769:0:0,component-628159268f24e228,4769,0
4769:0:1,component-628159268f24e228,4769,0
4769:0:2,component-628159268f24e228,4769,0
476:0:0,component-be1d224f2d34ed08,476,2
4770:0:0,component-93a57527aebf43bb,4770,4
4771:0:0,component-31afba055970e11a,4771,2
4772:0:0,component-f9cb42c51ed251f9,4772,1
4773:0:0,component-ff6996aac3992cd8,4773,4
4774:0:0,component-99981200600fcde4,4774,3
4775:0:0,component-347f4297486c1a6c,4775,3
4775:2:0,component-347f4297486c1a6c,4775,3
4776:0:0,component-3bc046f951c1a476,4776,3
4777:0:0,component-7537a28cf2ae70d6,4777,1
4778:0:0,component-06325b36f3309ac3,4778,4
4779:0:0,component-60ea3a4e477f88d1,4779,3
4779:2:0,component-60ea3a4e477f88d1,4779,3
477:0:0,component-fd5eb1425057a29e,477,1
4780:0:0,component-4828084173592c63,4780,3
4781:0:0,component-3bcb9ced3248e1a1,4781,3
4782:0:0,component-c1ca4a7026e13b3e,4782,1
4783:0:0,component-8f84f5f9bf1f1519,4783,0
4783:2:0,component-8f84f5f9bf1f1519,4783,0
4784:0:0,component-8be27dd21d1a704e,4784,3
4785:0:0,component-a0177f2bbaf7ac7e,4785,1
4786:0:0,component-4576118e29472a06,4786,0
4787:0:0,component-2671c0823e434b75,4787,0
4788:0:0,component-68667c1ae12d2b3e,4788,3
4789:0:0,component-f7ac16b0cdd77462,4789,4
478:1:0,component-143f361836f80dc7,478,4
4790:0:0,component-fef332b6d51951be,4790,3
4791:1:0,component-4c114f7cb98cee95,4791,0
4792:0:0,component-2fe8e07d18b64105,4792,3
4792:2:0,component-2fe8e07d18b64105,4792,3
4793:0:0,component-6b66fb7367458d92,4793,1
4794:0:0,component-87edc1fb44480d6e,4794,4
4795:0:0,component-7fb20c7ac63e244e,4795,1
4795:2:0,component-7fb20c7ac63e244e,4795,1
4795:4:0,component-7fb20c7ac63e244e,4795,1
4796:0:0,component-bbb9facf58646af1,4796,2
4797:0:0,component-b25b0384f590171f,4797,1
4797:2:0,component-b25b0384f590171f,4797,1
4798:0:0,component-34a55e0437a811d6,4798,0
4799:0:0,component-b044f2b1af57029f,4799,4
479:0:0,component-e3ba5a54a234bf4b,479,2
479:2:0,component-e3ba5a54a234bf4b,479,2
47:0:0,component-0fcd68d54f7f9e75,47,1
47:2:0,component-0fcd68d54f7f9e75,47,1
4800:1:0,component-b0337bef4c44a7dc,4800,4
4800:3:0,component-b0337bef4c44a7dc,4800,4
4800:5:0,component-b0337bef4c44a7dc,4800,4
4801:0:0,component-9bbe1764e8a8457f,4801,3
4802:0:0,component-f629a6178cfdf33c,4802,4
4803:0:0,component-8c7b4362c5d1e8bb,4803,1
4804:0:0,component-a893fca24c799bd2,4804,2
4805:0:0,component-5489d2ae6aeabb82,4805,0
4805:2:0,component-5489d2ae6aeabb82,4805,0
4806:0:0,component-c0fdfc57099eebb6,4806,4
4807:0:0,component-a556671ab62b9291,4807,1
4808:0:0,component-1c4b5fe8776b0115,4808,0
4808:0:1,component-1c4b5fe8776b0115,4808,0
4808:2:0,component-1c4b5fe8776b0115,4808,0
4809:0:0,component-4d50f910f92725e0,4809,2
4809:2:0,component-4d50f910f92725e0,4809,2
480:0:0,component-0398087d63b4fa24,480,4
4810:0:0,component-927d7a37533603df,4810,1
4811:0:0,component-68b3ef27ea02065e,4811,0
4812:0:0,component-0c32498a1b7d2483,4812,4
4813:0:0,component-57e53c9bca3a043b,4813,0
4813:2:0,component-57e53c9bca3a043b,4813,0
4814:0:0,component-5268c1c0309aded0,4814,1
4815:0:0,component-b1ad337f2241f9be,4815,3
4816:0:0,component-8529cd45acb44005,4816,2
4817:0:0,component-c357391f79f631b4,4817,0
4818:0:0,component-14899064e39073a9,4818,4
4819:0:0,component-92ae95afa7b7d5a9,4819,3
481:0:0,component-60a203a9dbf28aa5,481,4
4820:0:0,component-af4680fd16746387,4820,4
4821:0:0,component-907e10b9052fb4af,4821,2
4821:2:0,component-907e10b9052fb4af,4821,2
4822:0:0,component-9b9b5e5eee302ea2,4822,2
4823:0:0,component-7c28759d92774237,4823,3
4824:0:0,component-cb1c8bbd899bb4cf,4824,2
4824:2:0,component-cb1c8bbd899bb4cf,4824,2
4824:4:0,component-cb1c8bbd899bb4cf,4824,2
4825:0:0,component-6d17b4fa4927237a,4825,1
4826:0:0,component-1a5240f0c3bb320f,4826,0
4827:0:0,component-202f38899c80750a,4827,2
4827:2:0,component-202f38899c80750a,4827,2
4827:4:0,component-202f38899c80750a,4827,2
4828:0:0,component-6f84a2cfbf2f4513,4828,1
4829:0:0,component-2f58f80c22b473b4,4829,0
482:0:0,component-025fc88c25682940,482,1
482:0:1,component-025fc88c25682940,482,1
482:2:0,component-025fc88c25682940,482,1
4830:0:0,component-446c0bae9e270c08,4830,1
4831:0:0,component-ceec1fdc4af93d24,4831,3
4831:2:0,component-ceec1fdc4af93d24,4831,3
4832:0:0,component-09fafba75d6f3fa2,4832,0
4832:2:0,component-09fafba75d6f3fa2,4832,0
4832:4:0,component-09fafba75d6f3fa2,4832,0
4833:0:0,component-7af9ef982ab1dec1,4833,3
4834:0:0,component-3a114880a65e212a,4834,4
4835:0:0,component-d3a1f4ddaaf531bc,4835,1
4836:0:0,component-3e8feab9f23e9778,4836,1
4837:0:0,component-451a513d1bf4994e,4837,3
4838:1:0,component-af9db42d83d1edb4,4838,4
4838:3:0,component-af9db42d83d1edb4,4838,4
4839:0:0,component-c3d0d68677c39bea,4839,4
483:0:0,component-792c3aff0796e16a,483,0
4840:0:0,component-bf93972e10432aa3,4840,0
4840:2:0,component-bf93972e10432aa3,4840,0
4841:0:0,component-899248dcaa556fd7,4841,0
4841:2:0,component-899248dcaa556fd7,4841,0
4842:0:0,component-7741c57be438e874,4842,0
4843:0:0,component-a642ccab1aa70577,4843,3
4844:1:0,component-a3f79deea3639865,4844,1
4845:0:0,component-00977509affe6274,4845,2
4846:0:0,component-cd88c4b2a970fa9b,4846,2
4846:10:0,component-cd88c4b2a970fa9b,4846,2
4846:2:0,component-cd88c4b2a970fa9b,4846,2
4846:4:0,component-cd88c4b2a970fa9b,4846,2
4846:6:0,component-cd88c4b2a970fa9b,4846,2
4846:8:0,component-cd88c4b2a970fa9b,4846,2
4847:0:0,component-cd9ac5c0c018c3d3,4847,1
4848:0:0,component-13eae61c86964ade,4848,3
4849:0:0,component-5decdd499091b6e7,4849,1
484:0:0,component-260bac2c70226cef,484,1
484:2:0,component-260bac2c70226cef,484,1
484:4:0,component-260bac2c70226cef,484,1
4850:1:0,component-92208f00c3f8f8db,4850,1
4851:0:0,component-fd9ea23f46a0f7e1,4851,4
4852:0:0,component-1c7720a6a32449c5,4852,2
4853:0:0,component-3ba0e02cdff13564,4853,4
4853:2:0,component-3ba0e02cdff13564,4853,4
4853:4:0,component-3ba0e02cdff13564,4853,4
4853:6:0,component-3ba0e02cdff13564,4853,4
4854:0:0,component-551fe841b1b86667,4854,4
4855:0:0,component-e437110002ecb040,4855,1
4855:2:0,component-e437110002ecb040,4855,1
4855:4:0,component-e437110002ecb040,4855,1
4856:0:0,component-0c46d2c89172c85b,4856,1
4857:0:0,component-222c54a429ea6c8c,4857,0
4858:0:0,component-fcb6fa0ae2b9b405,4858,1
4859:0:0,component-c625b60061a29561,4859,1
4859:2:0,component-c625b60061a29561,4859,1
4859:4:0,component-c625b60061a29561,4859,1
4859:6:0,component-c625b60061a29561,4859,1
485:0:0,component-b034d64f4e997362,485,4
485:0:1,component-b034d64f4e997362,485,4
4860:0:0,component-f589c2a75ccc0329,4860,3
4861:0:0,component-23d99274c066ed92,4861,4
4861:2:0,component-23d99274c066ed92,4861,4
4861:4:0,component-23d99274c066ed92,4861,4
4862:0:0,component-d511a404420b3c6e,4862,4
4863:0:0,component-757fbcf1bf5c995e,4863,3
4864:0:0,component-78d233c9eedf6586,4864,3
4865:0:0,component-58f62d588b1eeb8a,4865,3
4865:0:1,component-58f62d588b1eeb8a,4865,3
4866:0:0,component-a3f8edc951bfea86,4866,3
4867:0:0,component-085aa0c7953cc742,4867,0
4868:0:0,component-ad091b0a64fa1fb3,4868,1
4868:2:0,component-ad091b0a64fa1fb3,4868,1
4869:0:0,component-c2affa67cda34e02,4869,1
486:0:0,component-ddafd3a857b9ebcd,486,0
4870:0:0,component-5d2f6be65bd521ee,4870,3
4871:0:0,component-c96be05f5bedd26f,4871,1
4871:2:0,component-c96be05f5bedd26f,4871,1
4872:0:0,component-a444de2708a312af,4872,2
4873:0:0,component-a8e6d2fcaaa8f0f4,4873,0
4874:0:0,component-1186161df3870e9d,4874,0
4875:0:0,component-2e7516e9b693a2d2,4875,2
4876:0:0,component-3f0d0c7c9fb3341a,4876,0
4876:2:0,component-3f0d0c7c9fb3341a,4876,0
4877:0:0,component-c107cc84e227e8d4,4877,4
4878:0:0,component-3692e8e39afbdbdf,4878,2
4879:0:0,component-d7571b9d161c54f4,4879,2
4879:2:0,component-d7571b9d161c54f4,4879,2
487:0:0,component-b497758a63915e29,487,0
487:2:0,component-b497758a63915e29,487,0
4880:0:0,component-5bca7c8a4ec1d6cc,4880,2
4881:0:0,component-ede61b6e9e34dbca,4881,3
4882:0:0,component-77af7488c2b72417,4882,4
4883:0:0,component-6126aa6ec2165b28,4883,4
4884:0:0,component-a488269bcde48f5a,4884,0
4885:1:0,component-6c2cca5d9c80e2fa,4885,1
4886:0:0,component-7588e249a56af108,4886,4
4887:0:0,component-49a6de4f474aef35,4887,4
4888:1:0,component-f968f89cf46122b3,4888,2
4888:1:1,component-f968f89cf46122b3,4888,2
4888:3:0,component-f968f89cf46122b3,4888,2
4889:0:0,component-c219bdae5f5ae669,4889,3
4889:0:1,component-c219bdae5f5ae669,4889,3
488:0:0,component-d6c951fed93d856c,488,0
4890:0:0,component-34cf8d06dbffe737,4890,1
4891:0:0,component-bd7da4ab6438bf91,4891,1
4892:0:0,component-04d90e191c070482,4892,1
4892:2:0,component-04d90e191c070482,4892,1
4892:4:0,component-04d90e191c070482,4892,1
4892:6:0,component-04d90e191c070482,4892,1
4892:8:0,component-04d90e191c070482,4892,1
4892:8:1,component-04d90e191c070482,4892,1
4893:0:0,component-e3d9002ef7e06f10,4893,4
4894:0:0,component-4e7b2f04b429c5b3,4894,2
4895:0:0,component-9c07234a4518f1f5,4895,3
4896:0:0,component-c2b07cee2e08634d,4896,1
4897:0:0,component-298c50c03e8414c2,4897,0
4898:0:0,component-8c3245d62242f874,4898,4
4898:2:0,component-8c3245d62242f874,4898,4
4898:4:0,component-8c3245d62242f874,4898,4
4899:0:0,component-cd09baad2008d25f,4899,3
489:0:0,component-19ca6d3fec066f51,489,0
48:0:0,component-0a7b7978f45139f5,48,2
4900:0:0,component-41aaac2980758969,4900,0
4900:2:0,component-41aaac2980758969,4900,0
4901:0:0,component-9f0b97007b8536a5,4901,2
4902:0:0,component-4a74704b45f86dd4,4902,0
4903:0:0,component-f1d56af226b5e4eb,4903,3
4904:0:0,component-4c7990322c80d08c,4904,1
4905:0:0,component-a404a800a726703a,4905,1
4906:0:0,component-05add7ccf4ec25fd,4906,4
4906:10:0,component-05add7ccf4ec25fd,4906,4
4906:12:0,component-05add7ccf4ec25fd,4906,4
4906:14:0,component-05add7ccf4ec25fd,4906,4
4906:16:0,component-05add7ccf4ec25fd,4906,4
4906:2:0,component-05add7ccf4ec25fd,4906,4
4906:4:0,component-05add7ccf4ec25fd,4906,4
4906:6:0,component-05add7ccf4ec25fd,4906,4
4906:8:0,component-05add7ccf4ec25fd,4906,4
4907:0:0,component-1d3027b5ad2aee39,4907,2
4907:2:0,component-1d3027b5ad2aee39,4907,2
4908:0:0,component-ff18055fe7bf182e,4908,4
4909:0:0,component-302b750cf6884d7a,4909,4
4909:2:0,component-302b750cf6884d7a,4909,4
490:0:0,component-2ca145462fbc6987,490,1
490:2:0,component-2ca145462fbc6987,490,1
4910:0:0,component-46a9e332db4fa14a,4910,3
4911:0:0,component-2f2c0d049f793e43,4911,2
4912:0:0,component-fe6215142be138cc,4912,2
4913:0:0,component-d721d4606052942f,4913,4
4914:0:0,component-93a5343bd2630549,4914,4
4914:2:0,component-93a5343bd2630549,4914,4
4915:0:0,component-d77bd05d3af742de,4915,4
4916:0:0,component-26a21bf133eae332,4916,2
4916:2:0,component-26a21bf133eae332,4916,2
4916:2:1,component-26a21bf133eae332,4916,2
4917:0:0,component-42750699cbbe902d,4917,2
4918:0:0,component-50d8840f9d83d438,4918,3
4919:1:0,component-54f0141c36666fa0,4919,3
4919:3:0,component-54f0141c36666fa0,4919,3
4919:5:0,component-54f0141c36666fa0,4919,3
491:0:0,component-0370c1bdedb0af2d,491,4
4920:0:0,component-092a26542b2c3ec6,4920,4
4920:2:0,component-092a26542b2c3ec6,4920,4
4921:1:0,component-fa29df0e100f0398,4921,3
4921:1:1,component-fa29df0e100f0398,4921,3
4922:0:0,component-e9461b1c8df9dea2,4922,4
4923:0:0,component-a2853280bbead521,4923,1
4924:0:0,component-a8f4a349d9d75260,4924,0
4925:0:0,component-3a2dd31af7e78be6,4925,3
4926:0:0,component-0223dfbb1657ce06,4926,3
4927:0:0,component-2257267b2516a084,4927,0
4928:1:0,component-382f2a8c86ddc02c,4928,4
4929:0:0,component-5357a3dbd5b93e95,4929,1
492:0:0,component-b69a3e9be194e9ad,492,2
492:2:0,component-b69a3e9be194e9ad,492,2
4930:0:0,component-fd2c375d869f61a2,4930,4
4931:0:0,component-ca701869395bf178,4931,3
4932:0:0,component-c848a8b96eb4a249,4932,3
4932:2:0,component-c848a8b96eb4a249,4932,3
4933:0:0,component-509dfd0734eb396a,4933,2
4933:2:0,component-509dfd0734eb396a,4933,2
4934:0:0,component-27ea9abc0f365bae,4934,2
4935:0:0,component-71096abe9b5b66b2,4935,2
4936:0:0,component-c5d5ca76c60580e2,4936,2
4936:2:0,component-c5d5ca76c60580e2,4936,2
4936:4:0,component-c5d5ca76c60580e2,4936,2
4937:0:0,component-b1b1a52420f42563,4937,1
4937:2:0,component-b1b1a52420f42563,4937,1
4938:0:0,component-9808d881c29bb005,4938,2
4938:2:0,component-9808d881c29bb005,4938,2
4939:0:0,component-c7899c97f48bb316,4939,2
4939:2:0,component-c7899c97f48bb316,4939,2
493:0:0,component-a340788e4bb9c862,493,0
4940:0:0,component-e6e67cf1ef0001c0,4940,0
4941:0:0,component-a9680cb3d8ebdd56,4941,0
4941:2:0,component-a9680cb3d8ebdd56,4941,0
4941:4:0,component-a9680cb3d8ebdd56,4941,0
4942:0:0,component-ecd9d9b5bb347e3e,4942,3
4943:0:0,component-22c4466af6215058,4943,0
4944:0:0,component-85cc4c6a7feea3a4,4944,0
4945:0:0,component-fa446a0731ee97b4,4945,1
494:0:0,component-0f4a71d1fd3162b2,494,2
496:0:0,component-6dfcd7d2e49a65f6,496,1
496:0:1,component-6dfcd7d2e49a65f6,496,1
497:0:0,component-095e3c4ad6f7718e,497,2
498:0:0,component-f732d72b46343f66,498,2
498:10:0,component-f732d72b46343f66,498,2
498:12:0,component-f732d72b46343f66,498,2
498:14:0,component-f732d72b46343f66,498,2
498:14:1,component-f732d72b46343f66,498,2
498:16:0,component-f732d72b46343f66,498,2
498:18:0,component-f732d72b46343f66,498,2
498:2:0,component-f732d72b46343f66,498,2
498:4:0,component-f732d72b46343f66,498,2
498:6:0,component-f732d72b46343f66,498,2
498:8:0,component-f732d72b46343f66,498,2
499:0:0,component-bb5fbb0f8638e424,499,3
49:0:0,component-9a68e78cf5f05b44,49,0
49:2:0,component-9a68e78cf5f05b44,49,0
49:4:0,component-9a68e78cf5f05b44,49,0
49:4:1,component-9a68e78cf5f05b44,49,0
4:0:0,component-6a81581723c084bc,4,3
5000:0:0,component-955f1ddc2948b153,5000,1
5000:0:1,component-955f1ddc2948b153,5000,1
5001:0:0,component-af0d749e46522a0a,5001,0
5002:1:0,component-b5b82fe9a8a78a99,5002,2
5003:0:0,component-817774b71dfa70c2,5003,0
5003:0:1,component-817774b71dfa70c2,5003,0
5003:0:2,component-817774b71dfa70c2,5003,0
5003:2:0,component-817774b71dfa70c2,5003,0
5003:2:1,component-817774b71dfa70c2,5003,0
5003:2:2,component-817774b71dfa70c2,5003,0
5003:2:3,component-817774b71dfa70c2,5003,0
5003:2:4,component-817774b71dfa70c2,5003,0
5004:0:0,component-1d9931d9e73a6016,5004,0
5004:2:0,component-1d9931d9e73a6016,5004,0
5005:0:0,component-4cc8f0e21c151be5,5005,1
5006:0:0,component-b3f3fb0e8ff39628,5006,0
5006:2:0,component-b3f3fb0e8ff39628,5006,0
5007:0:0,component-d84e21c318bd6c74,5007,0
5008:0:0,component-89529eb16770df96,5008,4
5009:0:0,component-a71571eb6ea77e20,5009,0
500:0:0,component-e7d32b8672abc104,500,3
500:2:0,component-e7d32b8672abc104,500,3
5010:0:0,component-045c69b68fb52635,5010,1
5011:0:0,component-2dfa25c869d482d9,5011,0
5011:2:0,component-2dfa25c869d482d9,5011,0
5012:0:0,component-27423834c7aca2b6,5012,0
5013:0:0,component-b4647eb5bf9622d3,5013,2
5014:0:0,component-33567450f9fea7b9,5014,4
5015:0:0,component-786c99704a072a9b,5015,1
5016:1:0,component-569291afb0e3cffb,5016,3
5016:3:0,component-569291afb0e3cffb,5016,3
5016:5:0,component-569291afb0e3cffb,5016,3
5016:7:0,component-569291afb0e3cffb,5016,3
5017:0:0,component-50bc0f8cca1bfdce,5017,4
5018:0:0,component-8a1a2b4f675f9e9a,5018,1
5018:2:0,component-8a1a2b4f675f9e9a,5018,1
5019:0:0,component-36e5ec2b369925e1,5019,0
5019:2:0,component-36e5ec2b369925e1,5019,0
501:1:0,component-893fb9993fece234,501,3
5020:0:0,component-fc143f3a39074a65,5020,2
5020:2:0,component-fc143f3a39074a65,5020,2
5021:1:0,component-d29b427e679b5d16,5021,2
5022:0:0,component-4281da97069df862,5022,3
5023:0:0,component-390c851a4d1e6b03,5023,0
5024:0:0,component-4fce8d4afa9791ec,5024,1
5025:0:0,component-e3e04c171a66bae0,5025,3
5026:0:0,component-e585b094add6418f,5026,4
5027:0:0,component-4c4305be44b1849e,5027,4
5028:0:0,component-89b53e8d8d83b01b,5028,3
5029:0:0,component-da34228698a2a05a,5029,2
5029:2:0,component-da34228698a2a05a,5029,2
5029:4:0,component-da34228698a2a05a,5029,2
502:0:0,component-e54ee6af19a0a54e,502,2
5030:0:0,component-3101281e1a5ff74f,5030,0
5031:0:0,component-97be4991fc43ea53,5031,1
5032:0:0,component-71806b98ec4d3785,5032,4
5033:0:0,component-147fbab77b46af27,5033,0
5033:2:0,component-147fbab77b46af27,5033,0
5034:0:0,component-08b89b60a90ed218,5034,1
5035:0:0,component-601ebffc314b308b,5035,2
5035:2:0,component-601ebffc314b308b,5035,2
5035:4:0,component-601ebffc314b308b,5035,2
5035:6:0,component-601ebffc314b308b,5035,2
5036:0:0,component-132fd7dcfbe1a620,5036,3
5037:0:0,component-922c478b129890ff,5037,4
5037:2:0,component-922c478b129890ff,5037,4
5037:4:0,component-922c478b129890ff,5037,4
5038:0:0,component-90305ffed532d526,5038,4
5039:0:0,component-8d7b2555b93a68c4,5039,3
503:0:0,component-9002547c9de559f5,503,2
5040:0:0,component-805f50aa703236b4,5040,2
5041:0:0,component-c004b58abbd2c22c,5041,2
5042:0:0,component-a15744f2a35873e5,5042,4
5043:0:0,component-52cca9a59e2805d5,5043,1
5043:2:0,component-52cca9a59e2805d5,5043,1
5044:0:0,component-c428e0689e43250e,5044,0
5044:2:0,component-c428e0689e43250e,5044,0
5044:4:0,component-c428e0689e43250e,5044,0
5045:0:0,component-01954a33ff227f91,5045,1
5046:0:0,component-b3f949b3050fc657,5046,2
5047:0:0,component-a3776b5e352c5260,5047,1
5048:0:0,component-86a43fd9808c1f1f,5048,4
5049:1:0,component-c68e633f265b05a3,5049,0
504:0:0,component-38bcfa5a9eee04cf,504,1
5050:0:0,component-66f0b28c4e5344d2,5050,3
5050:2:0,component-66f0b28c4e5344d2,5050,3
5051:0:0,component-ec53457c832449ad,5051,4
5052:0:0,component-2c027f2632f0844e,5052,3
5053:0:0,component-84f20b98eb9532c5,5053,4
5054:0:0,component-4e5181175c13eadb,5054,1
5055:0:0,component-4d6fe6a25a82c20e,5055,3
5056:0:0,component-806a96b82586bcd0,5056,3
5056:2:0,component-806a96b82586bcd0,5056,3
5056:4:0,component-806a96b82586bcd0,5056,3
5057:0:0,component-22283343a21c9c9a,5057,2
5058:1:0,component-ad9589f2b693c9c1,5058,1
5059:0:0,component-ef88e8e53c49d8d9,5059,3
5059:0:1,component-ef88e8e53c49d8d9,5059,3
505:0:0,component-04ef0840f22d67f8,505,0
5060:0:0,component-c9bd0a25266c1804,5060,0
5061:0:0,component-9f9847bf5ac42a4b,5061,1
5062:0:0,component-613c114e272cc2c8,5062,4
5063:0:0,component-7c183aae5a26a702,5063,0
5064:0:0,component-e7b62128fb97e653,5064,3
5064:2:0,component-e7b62128fb97e653,5064,3
5065:0:0,component-637dea9414f8b5c6,5065,3
5066:0:0,component-9fd616f17b2b9225,5066,2
5067:0:0,component-3ee18f4dee0dac19,5067,3
5068:0:0,component-40262e166750f675,5068,3
5069:0:0,component-322659de62228299,5069,0
506:0:0,component-5688d1529240c672,506,4
5070:0:0,component-779049d499a7d630,5070,4
5071:0:0,component-eae678e379469698,5071,3
5072:0:0,component-6cbab961a4b548c1,5072,3
5072:2:0,component-6cbab961a4b548c1,5072,3
5073:0:0,component-9215ea21dac70b1e,5073,0
5073:2:0,component-9215ea21dac70b1e,5073,0
5074:0:0,component-55c96729bec7a3e0,5074,4
5074:2:0,component-55c96729bec7a3e0,5074,4
5075:0:0,component-41ecb890c2446184,5075,2
5075:2:0,component-41ecb890c2446184,5075,2
5075:2:1,component-41ecb890c2446184,5075,2
5076:0:0,component-70c5c46ac493f21b,5076,1
5077:0:0,component-a4ca8ae400a73dca,5077,0
5078:0:0,component-85b44bd82f8c0206,5078,2
5079:0:0,component-c3a4298b9476c7ba,5079,2
507:0:0,component-1d37f855c7a28b9c,507,0
5080:0:0,component-05add7ccf4ec25fd,5080,4
5080:2:0,component-05add7ccf4ec25fd,5080,4
5081:0:0,component-d6274ff55ba55966,5081,4
5082:0:0,component-61ac1f4c897e8551,5082,3
5083:0:0,component-3d8f89369d5d62f3,5083,2
5084:0:0,component-d74ed1f7d44a3bca,5084,2
5085:0:0,component-b4ecf4bb5fa6eac3,5085,1
5085:2:0,component-b4ecf4bb5fa6eac3,5085,1
5086:0:0,component-315ad24691b9b110,5086,3
5087:0:0,component-8e92ee71e4c2e403,5087,2
5088:0:0,component-e4d3d17f38d8f2fc,5088,4
5089:0:0,component-5e365e18afcd6333,5089,4
508:0:0,component-60f3c5f68f832a0a,508,1
5090:0:0,component-4906bfc59fb4a880,5090,2
5091:0:0,component-a841f969c9c4241e,5091,2
5092:1:0,component-6c541515fd5c892b,5092,2
5093:1:0,component-f2ca005d75b7a86f,5093,0
5094:0:0,component-ead349f43ad9b4ac,5094,2
5095:0:0,component-f824da0e31c27821,5095,1
5095:0:1,component-f824da0e31c27821,5095,1
5096:0:0,component-e69d12b86dee381a,5096,3
5096:2:0,component-e69d12b86dee381a,5096,3
5096:4:0,component-e69d12b86dee381a,5096,3
5097:0:0,component-e4a1d1993f1932b0,5097,2
5098:0:0,component-71c1bb9157cf79c3,5098,1
5099:0:0,component-d69d2a8ceac2c02e,5099,2
50:0:0,component-9a872bef39a81ae1,50,1
5100:0:0,component-4e2b93823511667e,5100,1
5101:0:0,component-dd732cae2acad5a6,5101,4
5102:0:0,component-cf0ca60c432e95e8,5102,0
5103:0:0,component-e58d27f4a7bda35a,5103,3
5104:0:0,component-1c6897e483d37e74,5104,0
5105:0:0,component-a61cfff12251c413,5105,3
5106:1:0,component-5d8073fe92eeac5b,5106,1
5107:0:0,component-256d2ea084067f4c,5107,0
5107:2:0,component-256d2ea084067f4c,5107,0
5108:0:0,component-fc6cc37a282cebf7,5108,3
5109:0:0,component-8aae81cbf90166b9,5109,3
510:0:0,component-3e4b64b98feca8c9,510,0
5110:0:0,component-c1917b1eeaf22b3b,5110,4
5110:2:0,component-c1917b1eeaf22b3b,5110,4
5111:0:0,component-7b995df5394c1bc9,5111,3
5112:0:0,component-5a332ea94c3f601d,5112,1
5113:0:0,component-3d119f4bf1b34c28,5113,2
5114:0:0,component-1b549800db53b98c,5114,2
5115:0:0,component-89b93153fad374cd,5115,2
5116:0:0,component-f37b8ffbd14b3e3a,5116,1
5117:0:0,component-19fa1e842ee5d757,5117,3
5118:1:0,component-4ea1e4e3536c84e5,5118,4
5119:0:0,component-8ec6eaa1487ccc32,5119,1
511:0:0,component-2ceede05aedbde3f,511,4
5120:0:0,component-2cc4c1ef0cf1c7f9,5120,1
5120:2:0,component-2cc4c1ef0cf1c7f9,5120,1
5121:0:0,component-365e3c89643c9aa6,5121,3
5121:2:0,component-365e3c89643c9aa6,5121,3
5122:0:0,component-7755d5d8af802357,5122,2
5123:0:0,component-7e3bcd0698d809b5,5123,0
5124:0:0,component-f784bea671a5ee6a,5124,2
5125:0:0,component-b724578a6956d97b,5125,4
5125:2:0,component-b724578a6956d97b,5125,4
5126:0:0,component-31b79dd9bcfcaf20,5126,2
5127:0:0,component-faa5f6c5da7a16df,5127,0
5127:2:0,component-faa5f6c5da7a16df,5127,0
5128:0:0,component-a4423ad24e4dfb89,5128,2
5129:0:0,component-217440590cb7b198,5129,2
512:1:0,component-1a872fafdc26b68b,512,1
5130:0:0,component-31ae9b59d18a1404,5130,3
5131:0:0,component-b909ca9fc6d950c8,5131,3
5131:2:0,component-b909ca9fc6d950c8,5131,3
5132:0:0,component-6034214dea2cb14d,5132,3
5133:0:0,component-445dfa58036480da,5133,4
5133:2:0,component-445dfa58036480da,5133,4
5134:0:0,component-5158c09d049adf9d,5134,1
5135:0:0,component-54c2745a661c276d,5135,1
5136:0:0,component-2352e39f0f1232c8,5136,3
5137:0:0,component-be516ad39a1e936d,5137,4
5138:0:0,component-f2b5b0bd0cf5ddec,5138,1
5139:0:0,component-b1a37e0220660581,5139,0
5139:2:0,component-b1a37e0220660581,5139,0
513:0:0,component-d976dbb181d83e4c,513,3
5140:0:0,component-8096f95cee4be4c3,5140,4
5140:2:0,component-8096f95cee4be4c3,5140,4
5141:0:0,component-4428373c206e93dd,5141,0
5142:0:0,component-0194d25685a4a830,5142,3
5143:0:0,component-34b25ba48c774aad,5143,4
5143:2:0,component-34b25ba48c774aad,5143,4
5144:0:0,component-cdff0212b984495f,5144,2
5145:0:0,component-9fe320b291d068e2,5145,2
5145:2:0,component-9fe320b291d068e2,5145,2
5146:0:0,component-53e2069f6aba8f34,5146,1
5147:0:0,component-a4359adda191f969,5147,1
5148:0:0,component-c29c4cd8c736acb7,5148,0
5148:2:0,component-c29c4cd8c736acb7,5148,0
5149:0:0,component-39683e6163243785,5149,4
514:0:0,component-ca13d395e9ffc0fd,514,2
5150:0:0,component-af5034e2771e49e3,5150,3
5151:0:0,component-9a5915075768ac83,5151,2
5152:0:0,component-4fbb0058079f5bf1,5152,2
5153:0:0,component-7b6b69be504e5328,5153,3
5153:2:0,component-7b6b69be504e5328,5153,3
5154:0:0,component-b4b9ef1b5c07bb01,5154,2
5155:0:0,component-7ffb67697ab979e8,5155,4
5156:0:0,component-807af0e921d7241f,5156,3
5157:0:0,component-43feab0d0958f519,5157,2
5158:0:0,component-ab66bddd16a5195a,5158,3
5159:0:0,component-d53f8e534de7bc14,5159,2
515:0:0,component-74e325fb7a4a674d,515,1
5160:1:0,component-0dd3a5b80ebda356,5160,2
5161:0:0,component-94fa101023e325dd,5161,1
5162:0:0,component-d06421f3eea73ffc,5162,4
5163:0:0,component-234849d847d5b383,5163,1
5164:0:0,component-a3dfdd7eba1c4a0b,5164,0
5165:0:0,component-871b0ed49c22b98d,5165,1
5166:0:0,component-c12be53088fd110a,5166,4
5167:0:0,component-9cfd2dfeeaeea0e6,5167,3
5168:0:0,component-6e7703c72069e009,5168,2
5168:2:0,component-6e7703c72069e009,5168,2
5169:0:0,component-39af9b180c7a51b9,5169,2
516:0:0,component-df51127d3dc90a1d,516,3
516:2:0,component-df51127d3dc90a1d,516,3
5170:0:0,component-b8d678b901496c6d,5170,3
5171:0:0,component-58967c2ca2df70f7,5171,3
5171:2:0,component-58967c2ca2df70f7,5171,3
5172:0:0,component-68aaa8097ed81935,5172,4
5173:0:0,component-3a457cfa82f38e91,5173,1
5174:0:0,component-5aa75996639064ee,5174,4
5174:0:1,component-5aa75996639064ee,5174,4
5174:0:2,component-5aa75996639064ee,5174,4
5174:0:3,component-5aa75996639064ee,5174,4
5174:0:4,component-5aa75996639064ee,5174,4
5174:2:0,component-5aa75996639064ee,5174,4
5175:1:0,component-a11ba091c276ad92,5175,4
5176:0:0,component-6b28d98c89225438,5176,0
5177:0:0,component-79ec240df3197a62,5177,3
5177:0:1,component-79ec240df3197a62,5177,3
5178:0:0,component-ea3f0844665e6513,5178,3
5179:0:0,component-aad1c5f13070d008,5179,0
5179:0:1,component-aad1c5f13070d008,5179,0
517:0:0,component-ddc83ac680fb4322,517,4
5180:0:0,component-847bbb905a1893e4,5180,3
5180:2:0,component-847bbb905a1893e4,5180,3
5180:4:0,component-847bbb905a1893e4,5180,3
5180:6:0,component-847bbb905a1893e4,5180,3
5181:1:0,component-a260e2fbbb5b99ab,5181,0
5182:0:0,component-d3a0f652e952fc4a,5182,4
5182:2:0,component-d3a0f652e952fc4a,5182,4
5183:0:0,component-3cf0ca4c1c387cda,5183,2
5184:0:0,component-45c32f0d72ff1113,5184,2
5185:0:0,component-f707147614a571b8,5185,0
5186:0:0,component-015c6aaaaa119ea9,5186,3
5186:2:0,component-015c6aaaaa119ea9,5186,3
5187:0:0,component-cd806e69247c45cc,5187,2
5188:0:0,component-1a3f610f959e8d1f,5188,0
5188:2:0,component-1a3f610f959e8d1f,5188,0
5188:4:0,component-1a3f610f959e8d1f,5188,0
5189:0:0,component-31c153baa6a54bc9,5189,2
5189:0:1,component-31c153baa6a54bc9,5189,2
518:0:0,component-2b57b23fea6748b5,518,4
5190:0:0,component-d56fad755e3d0c5d,5190,1
5191:0:0,component-357389946dfad286,5191,4
5192:0:0,component-0ccd576691bf51ad,5192,0
5193:0:0,component-d9d15fb50337847a,5193,0
5194:0:0,component-a85b75a724a93cd4,5194,4
5195:0:0,component-0af6c3feeab84719,5195,0
5196:0:0,component-c192376040289184,5196,3
5197:0:0,component-63ae0161fe7a5ff0,5197,3
5198:1:0,component-22fb5fadb6be2c52,5198,2
5199:0:0,component-ef194dcf5ac14761,5199,0
519:0:0,component-ae286e01f2aee024,519,2
51:0:0,component-955f1ddc2948b153,51,1
51:2:0,component-955f1ddc2948b153,51,1
5200:0:0,component-ca9c722f94eedba1,5200,2
5200:2:0,component-ca9c722f94eedba1,5200,2
5200:4:0,component-ca9c722f94eedba1,5200,2
5201:0:0,component-26ec172b3dcb2493,5201,1
5202:0:0,component-56d0744fc1ace481,5202,2
5203:0:0,component-ff4dd56a40643dee,5203,0
5204:0:0,component-dd9cc1e37580157c,5204,3
5205:0:0,component-76c8b9f6e8f265c4,5205,3
5206:0:0,component-cf24a65ca05747dc,5206,2
5207:0:0,component-5620d0c89b506960,5207,3
5207:2:0,component-5620d0c89b506960,5207,3
5207:4:0,component-5620d0c89b506960,5207,3
5207:6:0,component-5620d0c89b506960,5207,3
5208:0:0,component-510aa37af204c450,5208,1
5209:0:0,component-dcfcdfaee04a0904,5209,0
520:0:0,component-cebf0e3245b0dddb,520,4
5210:0:0,component-d28fc99fc715007a,5210,0
5210:2:0,component-d28fc99fc715007a,5210,0
5210:4:0,component-d28fc99fc715007a,5210,0
5210:6:0,component-d28fc99fc715007a,5210,0
5211:0:0,component-a175217a4f19293f,5211,0
5212:0:0,component-4600b9af1a399376,5212,1
5213:0:0,component-bf91120ca600583a,5213,3
5214:0:0,component-837bb14c98165fc0,5214,4
5214:2:0,component-837bb14c98165fc0,5214,4
5215:0:0,component-8ca481d9291cffa6,5215,4
5215:2:0,component-8ca481d9291cffa6,5215,4
5216:1:0,component-6be89dea3eb3f52c,5216,1
5217:0:0,component-2c4ae4e696c05173,5217,4
5218:0:0,component-a4f609d9c044690c,5218,0
5218:2:0,component-a4f609d9c044690c,5218,0
5219:0:0,component-058197592399b519,5219,4
521:0:0,component-e8560069efeea1aa,521,0
5220:0:0,component-35c2fabf35dd6d3d,5220,4
5221:0:0,component-505e55d746983108,5221,1
5221:0:1,component-505e55d746983108,5221,1
5221:0:2,component-505e55d746983108,5221,1
5222:0:0,component-4fd4cc2cea5d228a,5222,3
5222:2:0,component-4fd4cc2cea5d228a,5222,3
5223:0:0,component-e5a7a38681c1f560,5223,0
5224:0:0,component-2dbdba6ddebe1753,5224,1
5225:0:0,component-2156c5754ce661c0,5225,0
5225:2:0,component-2156c5754ce661c0,5225,0
5226:0:0,component-7f5f7427b06036d8,5226,0
5226:2:0,component-7f5f7427b06036d8,5226,0
5227:0:0,component-ec00ef4ceccc5851,5227,1
5228:0:0,component-48cb395ec768eb82,5228,3
5228:2:0,component-48cb395ec768eb82,5228,3
5229:0:0,component-6b9e34d744ca88ba,5229,3
522:0:0,component-d8e34adfdf5fb80a,522,1
5230:0:0,component-a36ca1ac8ca62d85,5230,4
5231:0:0,component-f4e3407f356ce515,5231,3
5232:0:0,component-182bfee428d62d95,5232,2
5233:0:0,component-1abd1987b8d21584,5233,4
5233:2:0,component-1abd1987b8d21584,5233,4
5233:4:0,component-1abd1987b8d21584,5233,4
5234:0:0,component-5012fb54620f0043,5234,2
5235:0:0,component-280efa2406bb2ca2,5235,1
5236:0:0,component-d803733834a73666,5236,4
5237:0:0,component-5e65be1ccdd94119,5237,2
5238:0:0,component-0cf888385538aacd,5238,0
5239:0:0,component-b8d35405808e88a9,5239,2
523:0:0,component-67923c1c265d3e77,523,1
5240:0:0,component-d43ee723cbcd7d60,5240,2
5241:0:0,component-6acc499b7a5921db,5241,1
5241:2:0,component-6acc499b7a5921db,5241,1
5242:0:0,component-3a5705c732749daf,5242,2
5243:0:0,component-08f1f67fc3aa3a0c,5243,0
5244:0:0,component-264cbbc847610e46,5244,2
5245:0:0,component-5958319ede5b4b7d,5245,2
5245:2:0,component-5958319ede5b4b7d,5245,2
5246:0:0,component-e5b646d612712d91,5246,0
5247:0:0,component-c6324d1a28605f17,5247,3
5247:2:0,component-c6324d1a28605f17,5247,3
5248:0:0,component-bdb7978f24cf07f0,5248,4
5249:0:0,component-01ebd17bedaae39c,5249,1
524:0:0,component-bed1bdd7899b8c86,524,2
524:2:0,component-bed1bdd7899b8c86,524,2
524:4:0,component-bed1bdd7899b8c86,524,2
5250:0:0,component-758aeb1c92ca3506,5250,1
5251:0:0,component-6eb100673edbadda,5251,3
5252:0:0,component-5f47f0cee568e6a3,5252,4
5252:2:0,component-5f47f0cee568e6a3,5252,4
5252:4:0,component-5f47f0cee568e6a3,5252,4
5253:0:0,component-e5f42264bf5e5152,5253,4
5254:0:0,component-1233ebd3b6e11eaa,5254,3
5254:2:0,component-1233ebd3b6e11eaa,5254,3
5255:0:0,component-2de9ee23a0c4dfa5,5255,2
5255:2:0,component-2de9ee23a0c4dfa5,5255,2
5256:1:0,component-e973b3b65f690940,5256,2
5257:0:0,component-c681acb70e863ebb,5257,2
5257:2:0,component-c681acb70e863ebb,5257,2
5258:0:0,component-ae99b9df77b35b69,5258,2
5258:0:1,component-ae99b9df77b35b69,5258,2
5259:0:0,component-3d37a7cff0d77359,5259,1
525:0:0,component-8cb5a7e2b264baf4,525,1
5260:0:0,component-a415ea25f1f685d5,5260,3
5261:0:0,component-f3b011d47ba7a162,5261,4
5262:0:0,component-d1f92866bbb9a1a8,5262,1
5262:0:1,component-d1f92866bbb9a1a8,5262,1
5263:0:0,component-aa89326f3ca7f28f,5263,0
5264:0:0,component-dd7b9c666ac8c2f3,5264,3
5264:2:0,component-dd7b9c666ac8c2f3,5264,3
5265:0:0,component-fceffd8e768910c9,5265,0
5266:0:0,component-0efd6a4f6e3fcef4,5266,1
5267:0:0,component-4303fe05ab297b0b,5267,1
5268:0:0,component-4c2ca5d98cc8e4da,5268,3
5269:0:0,component-2a3659c169260419,5269,4
526:0:0,component-5d6dd85db27cc98b,526,3
5270:0:0,component-808e9fef7435688d,5270,2
5271:0:0,component-cd5914362d8ce748,5271,2
5272:0:0,component-0b6bbaa8f78a71cf,5272,4
5272:2:0,component-0b6bbaa8f78a71cf,5272,4
5273:0:0,component-b16399d25f6ad350,5273,3
5274:0:0,component-b7ee5c6faa574b53,5274,3
5275:0:0,component-d16a8d3326d45694,5275,1
5275:2:0,component-d16a8d3326d45694,5275,1
5276:0:0,component-2c0ab3203132663c,5276,2
5276:2:0,component-2c0ab3203132663c,5276,2
5277:0:0,component-550343835a32ae8f,5277,0
5278:0:0,component-04f56d382dcfb95b,5278,2
5278:2:0,component-04f56d382dcfb95b,5278,2
5279:0:0,component-912c5bf85f51cebd,5279,4
527:0:0,component-71536dd57ac52946,527,0
5280:0:0,component-2176d35e4cac2634,5280,2
5281:0:0,component-582fb51618359d16,5281,1
5282:0:0,component-512a123583ab321b,5282,4
5283:0:0,component-60cd1cb893360114,5283,3
5283:2:0,component-60cd1cb893360114,5283,3
5284:0:0,component-d4b24615482ea487,5284,2
5286:0:0,component-826424630b79b48a,5286,0
5287:0:0,component-800f210dee144344,5287,0
5288:0:0,component-f35a176f1361f711,5288,1
5289:0:0,component-9e41bda86c780c21,5289,0
528:0:0,component-64334a9566112393,528,0
528:2:0,component-64334a9566112393,528,0
528:4:0,component-64334a9566112393,528,0
528:6:0,component-64334a9566112393,528,0
5290:0:0,component-a7c1bd5b038238d7,5290,2
5291:0:0,component-25a862fe6098c5d0,5291,4
5292:0:0,component-c00d4ba0af37e317,5292,0
5292:2:0,component-c00d4ba0af37e317,5292,0
5293:0:0,component-5842fa7ccc8d341f,5293,3
5294:0:0,component-a88715846ca66d2a,5294,1
5295:0:0,component-4371bc228f802833,5295,2
5296:0:0,component-c71e9ee90eececfb,5296,2
5297:0:0,component-b414811de7f60f29,5297,4
5298:0:0,component-8da247fc53be2d17,5298,3
5299:0:0,component-a4551e14ad143ea8,5299,2
529:0:0,component-a10887dce5624c84,529,1
529:2:0,component-a10887dce5624c84,529,1
52:0:0,component-aa57e4a1c0822174,52,3
5300:0:0,component-77ed4b75d26e6375,5300,3
5301:0:0,component-5f0df48c7f9ae0ba,5301,2
5302:0:0,component-6b414487c42ea1e8,5302,3
5303:0:0,component-527fd27632fd96b3,5303,4
5303:2:0,component-527fd27632fd96b3,5303,4
5304:0:0,component-0cdac1a7ff7f5933,5304,2
5305:0:0,component-99295a9046f99b01,5305,4
5306:0:0,component-8c09469340ca2dbf,5306,3
5307:0:0,component-635eaf4ad3aaa6c3,5307,0
5308:0:0,component-3d358587510c5702,5308,0
5309:0:0,component-b0b01cc471499c27,5309,1
530:0:0,component-43498c6a90e0b472,530,1
5310:0:0,component-854b9b8eeffecb59,5310,3
5311:0:0,component-2e5282d9bf87b75f,5311,3
5312:0:0,component-48ec24205b7f5d1b,5312,1
5313:0:0,component-8f8c2f1ee5814de3,5313,1
5313:2:0,component-8f8c2f1ee5814de3,5313,1
5314:0:0,component-a061eaa11a550497,5314,3
5315:0:0,component-c4086e91d48d9c8c,5315,2
5316:0:0,component-afc44908274c48f9,5316,4
5317:0:0,component-e271e4033b3350d3,5317,2
5318:0:0,component-4722211e3c16fea9,5318,3
5319:0:0,component-1890e4ea5fbe009d,5319,2
531:0:0,component-5ff4ff9ae0a4bcf7,531,2
5320:0:0,component-7f1aabece9d89f44,5320,1
5321:0:0,component-60eb093a798adaba,5321,4
5322:0:0,component-f4bd7fc759e4d251,5322,4
5322:2:0,component-f4bd7fc759e4d251,5322,4
5323:0:0,component-cef07eb3db9d2015,5323,3
5324:0:0,component-72d22bd7bd06fab4,5324,0
5324:2:0,component-72d22bd7bd06fab4,5324,0
5325:0:0,component-73928acfe4d3db7c,5325,0
5326:0:0,component-a63542970f6b58a9,5326,1
5327:1:0,component-357a7b3523c6f079,5327,3
5328:0:0,component-77fe8718d5411913,5328,3
5329:0:0,component-20350406b6b8f8c5,5329,3
532:0:0,component-79998e560236b747,532,0
5330:0:0,component-0d9049b44f42724d,5330,0
5331:0:0,component-3c33b047d62924e1,5331,4
5332:0:0,component-1d9931d9e73a6016,5332,0
5333:0:0,component-a649fc5013b77a19,5333,4
5333:0:1,component-a649fc5013b77a19,5333,4
5334:0:0,component-4643201b124bdbde,5334,4
5335:0:0,component-7cc9a9ee9cb9d499,5335,2
5336:0:0,component-132805eb89fd2824,5336,0
5337:0:0,component-243e6db3d6b8d017,5337,1
5338:0:0,component-2def4de5cfa8cde7,5338,2
5339:0:0,component-c041d73a703c9588,5339,1
5339:2:0,component-c041d73a703c9588,5339,1
533:0:0,component-524db77067764052,533,2
533:2:0,component-524db77067764052,533,2
533:4:0,component-524db77067764052,533,2
5340:0:0,component-d7c4adcce209e171,5340,3
5341:0:0,component-a711ca836d101465,5341,2
5342:0:0,component-8cd4d4fe8fe2f78e,5342,4
5343:0:0,component-a0b2fdc8f45976a2,5343,3
5343:2:0,component-a0b2fdc8f45976a2,5343,3
5344:0:0,component-5a37b398b9b8f02f,5344,4
5345:0:0,component-90a1f5a4022bbf88,5345,0
5346:0:0,component-96a580dbdc4740c2,5346,4
5346:2:0,component-96a580dbdc4740c2,5346,4
5347:0:0,component-d2f9e9b81e6b4241,5347,2
5347:2:0,component-d2f9e9b81e6b4241,5347,2
5348:0:0,component-7ea87238c660ed4a,5348,2
5349:0:0,component-02212bcc37f8aa85,5349,0
534:0:0,component-bea6969de3f4d0cc,534,4
5350:0:0,component-07ab4e6021dc71b1,5350,1
5350:2:0,component-07ab4e6021dc71b1,5350,1
5351:0:0,component-3c9b38445ad1aed5,5351,1
5352:0:0,component-1b6040a13d6793ab,5352,1
5353:1:0,component-47ce0f00eae98c9a,5353,1
5354:0:0,component-5901d3005b9c34e7,5354,4
5355:0:0,component-0b905149a07f5f76,5355,2
5356:0:0,component-ac021f125fff81a3,5356,3
5357:0:0,component-2cf9853e15c0767d,5357,3
5358:0:0,component-b5c2431149871a71,5358,4
5358:2:0,component-b5c2431149871a71,5358,4
5359:0:0,component-671742a68df3aee3,5359,1
535:0:0,component-e189298ef0a6fc64,535,4
5360:0:0,component-781a823e6ca13d63,5360,3
5361:0:0,component-5b0a192c30832fe8,5361,3
5361:0:1,component-5b0a192c30832fe8,5361,3
5361:2:0,component-5b0a192c30832fe8,5361,3
5362:0:0,component-50cacbb368853be7,5362,3
5363:0:0,component-6a4d4308157e3779,5363,1
5363:2:0,component-6a4d4308157e3779,5363,1
5364:0:0,component-3eeb2b614fffb112,5364,2
5365:0:0,component-15ac194c88cd3121,5365,1
5366:0:0,component-f2969cfb88dedbc9,5366,2
5366:2:0,component-f2969cfb88dedbc9,5366,2
5367:0:0,component-28252b6a7d21c93f,5367,4
5368:0:0,component-44ff790e9c4485f5,5368,3
5369:0:0,component-4580600ac7cbf59a,5369,4
536:0:0,component-b258b2a0723f6de8,536,0
5370:0:0,component-90b14b6d39255db7,5370,3
5370:2:0,component-90b14b6d39255db7,5370,3
5371:0:0,component-0b56ed7fbb9b2e4c,5371,2
5372:0:0,component-5d2fa5197a63c215,5372,4
5373:0:0,component-f73ee9775300117d,5373,1
5374:0:0,component-96a2babbd5a44f94,5374,3
5375:0:0,component-685c29400af2e9bd,5375,2
5376:0:0,component-349b87ccbd661285,5376,4
5377:0:0,component-61bd8525bfdf7e94,5377,3
5378:0:0,component-7cd4d8ebb5e43e54,5378,3
5378:2:0,component-7cd4d8ebb5e43e54,5378,3
5379:0:0,component-3e3b10572e628e9e,5379,2
537:0:0,component-688f345b94097b7a,537,0
5380:0:0,component-270120246236ec38,5380,1
5381:0:0,component-eadfbbf72eddbfe0,5381,0
5381:2:0,component-eadfbbf72eddbfe0,5381,0
5381:4:0,component-eadfbbf72eddbfe0,5381,0
5382:0:0,component-6c01fcb41144ba82,5382,3
5382:2:0,component-6c01fcb41144ba82,5382,3
5383:0:0,component-9d6069ec24cf5d44,5383,3
5384:0:0,component-18424f31bbbda1bd,5384,1
5385:0:0,component-e5c98a3f883b0748,5385,2
5386:0:0,component-4132cd259206a214,5386,2
5387:0:0,component-59e29ab043a340ad,5387,3
5388:0:0,component-45057aa3eb71c778,5388,2
5389:0:0,component-c03ae83e4ef55336,5389,4
538:0:0,component-330940a77d0a9991,538,3
5390:0:0,component-0b7f40031fbcc6d4,5390,4
5391:0:0,component-5d501e330fe4ecf1,5391,3
5391:2:0,component-5d501e330fe4ecf1,5391,3
5392:0:0,component-1580662987824212,5392,1
5393:0:0,component-7f6ae5fa7b8172cf,5393,1
5394:0:0,component-f584b4ff6ac11643,5394,3
5395:0:0,component-3d5ed212174363f1,5395,0
5396:0:0,component-def60d5083e950bd,5396,1
5397:0:0,component-e0940ae0bc8153e5,5397,2
5398:0:0,component-92f4b4d1cec6f118,5398,2
5399:0:0,component-d059890f57976184,5399,1
5399:0:1,component-d059890f57976184,5399,1
5399:2:0,component-d059890f57976184,5399,1
539:0:0,component-f2b53da9f620deec,539,2
539:2:0,component-f2b53da9f620deec,539,2
53:0:0,component-e1877def10a77aed,53,1
5400:0:0,component-4955cbc14a721fba,5400,2
5401:0:0,component-56b46ad58b6e182e,5401,2
5401:2:0,component-56b46ad58b6e182e,5401,2
5401:4:0,component-56b46ad58b6e182e,5401,2
5402:0:0,component-1ca1b8223e5630e1,5402,0
5403:0:0,component-3876c51fb53a65cd,5403,2
5404:0:0,component-7decd821b9c2a849,5404,2
5405:0:0,component-585559f6e4bcc9e8,5405,2
5406:0:0,component-1f8b0749641705dd,5406,3
5407:0:0,component-fe72cc460c1baf94,5407,4
5408:0:0,component-e2aaabe18653ba18,5408,2
5408:2:0,component-e2aaabe18653ba18,5408,2
5409:0:0,component-3d832f21776f4c06,5409,1
540:0:0,component-24e9a6a27c15541a,540,2
5410:0:0,component-830add7415ba6e8e,5410,2
5411:0:0,component-343ddff14087db93,5411,4
5412:1:0,component-53e784ea1522b9ab,5412,3
5413:0:0,component-5134a56f85e8d4e2,5413,1
5414:0:0,component-0ef1201495c09db2,5414,0
5415:0:0,component-f793cb662ca1be82,5415,1
5415:2:0,component-f793cb662ca1be82,5415,1
5416:0:0,component-3e28d13d04db8a7d,5416,4
5417:0:0,component-c7cc3a23a55cdb3b,5417,4
5418:0:0,component-ea7c493fdd991d67,5418,4
5418:0:1,component-ea7c493fdd991d67,5418,4
5418:0:2,component-ea7c493fdd991d67,5418,4
5418:0:3,component-ea7c493fdd991d67,5418,4
5419:0:0,component-072f9fbcaa6d7c85,5419,2
541:0:0,component-89ef859fa5fc9691,541,0
5420:0:0,component-59409789ee344fd9,5420,3
5420:2:0,component-59409789ee344fd9,5420,3
5421:0:0,component-b77da1a498acfe00,5421,1
5422:0:0,component-c2adacaef13b033f,5422,0
5423:0:0,component-46116d72ffb97704,5423,1
5424:0:0,component-320f340d56050771,5424,1
5425:0:0,component-1a85d520f3cfa4b8,5425,2
5426:0:0,component-8ed15de61536f392,5426,0
5427:0:0,component-bf411b87f9bf4621,5427,0
5428:0:0,component-496a2f3db40ffcaa,5428,4
5428:2:0,component-496a2f3db40ffcaa,5428,4
5429:0:0,component-9c4002c8aed82242,5429,3
5429:0:1,component-9c4002c8aed82242,5429,3
542:0:0,component-cec15d06d1d4bdfd,542,3
5430:0:0,component-f862bc0d2426e574,5430,1
5432:0:0,component-6c82ddc1d3344189,5432,3
5433:0:0,component-c0a8715cbf1d68bb,5433,3
5433:10:0,component-c0a8715cbf1d68bb,5433,3
5433:12:0,component-c0a8715cbf1d68bb,5433,3
5433:2:0,component-c0a8715cbf1d68bb,5433,3
5433:4:0,component-c0a8715cbf1d68bb,5433,3
5433:6:0,component-c0a8715cbf1d68bb,5433,3
5433:8:0,component-c0a8715cbf1d68bb,5433,3
5434:0:0,component-1b0b1a509916e28b,5434,3
5435:0:0,component-4151e13dd8127717,5435,2
5435:2:0,component-4151e13dd8127717,5435,2
5436:0:0,component-e383f2fa6f9a35e9,5436,0
5437:0:0,component-353090b459abb57f,5437,3
5438:0:0,component-00235dd565f0e9f6,5438,2
5439:0:0,component-769fa52960686a69,5439,2
543:0:0,component-3a3f8a8896bcc2d1,543,3
5440:0:0,component-3ab98855534a8fb3,5440,4
5441:0:0,component-223a45934622402d,5441,4
5442:0:0,component-afbb149cc1020037,5442,3
5442:2:0,component-afbb149cc1020037,5442,3
5442:4:0,component-afbb149cc1020037,5442,3
5442:6:0,component-afbb149cc1020037,5442,3
5442:8:0,component-afbb149cc1020037,5442,3
5443:0:0,component-213e864cedff91cf,5443,4
5444:0:0,component-57032b97f05cda22,5444,4
5444:2:0,component-57032b97f05cda22,5444,4
5444:4:0,component-57032b97f05cda22,5444,4
5445:0:0,component-f59271b19460b3a4,5445,3
5446:0:0,component-4616775645bc6fea,5446,0
5447:0:0,component-ab708bfd8fc18c7e,5447,0
5448:0:0,component-77626e885a9af1a4,5448,0
5449:0:0,component-30ab0acb3f747352,5449,3
544:0:0,component-a4bcf7af64864930,544,3
5450:0:0,component-1c87b044d99c51d1,5450,3
5451:0:0,component-4f1931f56222587d,5451,4
5452:0:0,component-614d3dafc5bacaf0,5452,3
5453:0:0,component-e89fcd6cd072f895,5453,0
5453:2:0,component-e89fcd6cd072f895,5453,0
5454:0:0,component-640481bf76e921a8,5454,2
5454:2:0,component-640481bf76e921a8,5454,2
5455:0:0,component-db5c9670c3a2026d,5455,0
5456:0:0,component-f5bfaf8bc5943654,5456,3
5457:0:0,component-1fbedfcf995622a1,5457,0
5458:0:0,component-54152b042e087565,5458,4
5459:0:0,component-fcd6ea74b8f7bf1b,5459,2
5459:2:0,component-fcd6ea74b8f7bf1b,5459,2
545:0:0,component-d6e3c81a1208756a,545,3
5460:0:0,component-a7273e0b3e2db24e,5460,4
5460:0:1,component-a7273e0b3e2db24e,5460,4
5461:0:0,component-7f90eb95b0748944,5461,2
5462:0:0,component-efba96990d3d83b0,5462,1
5463:0:0,component-8a2745e809bec9c2,5463,4
5463:2:0,component-8a2745e809bec9c2,5463,4
5463:4:0,component-8a2745e809bec9c2,5463,4
5464:0:0,component-9c0d6674e6256491,5464,1
5465:0:0,component-f048763fcea56f5b,5465,2
5466:0:0,component-b0bc02603d036fa4,5466,3
5467:0:0,component-0febf0ddf18fe8cc,5467,3
5467:2:0,component-0febf0ddf18fe8cc,5467,3
5468:0:0,component-a7f608cec31f548c,5468,4
5469:0:0,component-cb94a03fc2c99666,5469,0
546:0:0,component-87e4c01e6bb3456b,546,1
5470:0:0,component-c2cf55d2c4887317,5470,1
5471:0:0,component-3b35389156c1549a,5471,2
5472:0:0,component-345cf736949d07c7,5472,1
5473:0:0,component-c5d9215afe8cb21f,5473,4
5473:2:0,component-c5d9215afe8cb21f,5473,4
5473:4:0,component-c5d9215afe8cb21f,5473,4
5474:0:0,component-b5111e21717d9337,5474,4
5475:0:0,component-91e6d812b0485c70,5475,0
5475:2:0,component-91e6d812b0485c70,5475,0
5476:0:0,component-193f38b467e6f93e,5476,0
5476:2:0,component-193f38b467e6f93e,5476,0
5476:4:0,component-193f38b467e6f93e,5476,0
5477:0:0,component-591239e789b2bbc6,5477,1
5477:0:1,component-591239e789b2bbc6,5477,1
5478:0:0,component-5fbadc8534b9ffba,5478,4
5479:0:0,component-1c3b953873300572,5479,3
5479:0:1,component-1c3b953873300572,5479,3
547:0:0,component-c6b7a87a5541cf85,547,4
5480:0:0,component-fc5b5b5c1150f4fe,5480,1
5481:0:0,component-3e44562e577ea52f,5481,0
5482:0:0,component-ee3e4b5f234cda0d,5482,3
5483:0:0,component-2a6cdedfb9907a99,5483,0
5483:2:0,component-2a6cdedfb9907a99,5483,0
5484:0:0,component-9fe2fb7ca80babed,5484,0
5485:0:0,component-7570f7ae457db6bb,5485,4
5486:0:0,component-8c3425e4f31af581,5486,3
5487:0:0,component-ca2877f9435c6b6c,5487,4
5487:2:0,component-ca2877f9435c6b6c,5487,4
5488:0:0,component-cd40351f38fc2172,5488,3
5489:1:0,component-a74a82aca8421703,5489,0
5489:3:0,component-a74a82aca8421703,5489,0
5489:5:0,component-a74a82aca8421703,5489,0
548:0:0,component-64d7cd0ee3868d2e,548,4
5490:0:0,component-a786ab0ce4c7a722,5490,2
5491:0:0,component-1b7ea5a719deb69a,5491,3
5491:2:0,component-1b7ea5a719deb69a,5491,3
5491:2:1,component-1b7ea5a719deb69a,5491,3
5492:0:0,component-e5dcd26226d758b7,5492,4
5493:1:0,component-b39e4d6c2e0a7ba2,5493,0
5494:0:0,component-90b2af93e7db115a,5494,4
5495:0:0,component-7533a38c86f0d678,5495,4
5496:0:0,component-80587bc84514f0ef,5496,1
5497:0:0,component-b2a8dcf2a7c42545,5497,0
5498:0:0,component-eb7f9fece4f96691,5498,3
5498:2:0,component-eb7f9fece4f96691,5498,3
5499:0:0,component-bc26fc9817ca411a,5499,0
549:0:0,component-49f50edf230ef4dc,549,2
54:0:0,component-7e74231aa7cfa619,54,2
5500:0:0,component-c731a6a4148e2ebf,5500,3
5500:2:0,component-c731a6a4148e2ebf,5500,3
5501:0:0,component-0582ef6614a1d9bd,5501,2
5501:2:0,component-0582ef6614a1d9bd,5501,2
5502:0:0,component-436e4b81a09cb0e8,5502,2
5503:0:0,component-50c24d0cdd1b13fb,5503,1
5503:2:0,component-50c24d0cdd1b13fb,5503,1
5503:4:0,component-50c24d0cdd1b13fb,5503,1
5503:6:0,component-50c24d0cdd1b13fb,5503,1
5503:6:1,component-50c24d0cdd1b13fb,5503,1
5504:0:0,component-da08e202f851a5fd,5504,2
5504:2:0,component-da08e202f851a5fd,5504,2
5505:0:0,component-e57c99b7e404f9f2,5505,4
5505:2:0,component-e57c99b7e404f9f2,5505,4
5505:4:0,component-e57c99b7e404f9f2,5505,4
5506:0:0,component-f0ef495281b86193,5506,1
5507:0:0,component-6fb0f1ebd16abfe8,5507,1
5508:0:0,component-8ede59aadf320f15,5508,3
5509:0:0,component-87e8ae9b661aa0ea,5509,3
550:0:0,component-74ad8a915dee0dfd,550,4
5510:0:0,component-2fa420cf7ec6dd8a,5510,1
5511:0:0,component-fd6e3adf28e73aaf,5511,3
5511:2:0,component-fd6e3adf28e73aaf,5511,3
5512:0:0,component-66ca14aeba362e65,5512,1
5513:0:0,component-a7f7e6359e64e5a1,5513,1
5513:2:0,component-a7f7e6359e64e5a1,5513,1
5514:0:0,component-603479b8fc55a20b,5514,2
5515:0:0,component-9d749b90e698b7a8,5515,0
5516:0:0,component-95f54dcafa0815d7,5516,1
5517:0:0,component-0d63a3cd6234acfa,5517,3
5517:0:1,component-0d63a3cd6234acfa,5517,3
5517:0:2,component-0d63a3cd6234acfa,5517,3
5517:0:3,component-0d63a3cd6234acfa,5517,3
5517:0:4,component-0d63a3cd6234acfa,5517,3
5517:0:5,component-0d63a3cd6234acfa,5517,3
5518:0:0,component-3828fa751bc302cc,5518,4
5519:0:0,component-dc7e2ae4433a45c4,5519,4
551:0:0,component-139ee13cbcd76133,551,0
551:2:0,component-139ee13cbcd76133,551,0
5520:0:0,component-477dfced3695406e,5520,1
5521:0:0,component-f45911171f0647f6,5521,4
5522:0:0,component-a617683bbf1fb9b5,5522,1
5523:0:0,component-0a4abad8cddd324b,5523,1
5523:2:0,component-0a4abad8cddd324b,5523,1
5523:2:1,component-0a4abad8cddd324b,5523,1
5523:2:2,component-0a4abad8cddd324b,5523,1
5524:0:0,component-065699e09a4f2a0c,5524,0
5524:2:0,component-065699e09a4f2a0c,5524,0
5524:2:1,component-065699e09a4f2a0c,5524,0
5524:2:2,component-065699e09a4f2a0c,5524,0
5525:0:0,component-07822c9514fd17fd,5525,3
5525:2:0,component-07822c9514fd17fd,5525,3
5526:0:0,component-94fc08e10b3945e9,5526,2
5527:0:0,component-c250ea9a5eede4dd,5527,0
5527:2:0,component-c250ea9a5eede4dd,5527,0
5527:4:0,component-c250ea9a5eede4dd,5527,0
5528:0:0,component-47276d4f7940b14b,5528,0
5529:0:0,component-afadbdd3af7422e5,5529,2
552:0:0,component-f8b67aa5311b583d,552,2
5530:0:0,component-a84099d3317c49f8,5530,0
5530:2:0,component-a84099d3317c49f8,5530,0
5531:0:0,component-db3554119524f345,5531,3
5532:0:0,component-4a6462d230e680d4,5532,1
5533:0:0,component-293bc5071eeb5e5b,5533,2
5534:0:0,component-299cf117d43900a8,5534,4
5535:0:0,component-42ec86f1bb5059f5,5535,4
5536:0:0,component-54a6dd1fdb05dc04,5536,1
5537:0:0,component-c16acda9b5797d75,5537,1
5537:2:0,component-c16acda9b5797d75,5537,1
5538:0:0,component-533288c0c8bd8936,5538,3
5539:0:0,component-955f1ddc2948b153,5539,1
5539:2:0,component-955f1ddc2948b153,5539,1
5539:4:0,component-955f1ddc2948b153,5539,1
5539:6:0,component-955f1ddc2948b153,5539,1
553:0:0,component-eb56bb14eff6b1c8,553,4
5540:0:0,component-3195c014d6a7710d,5540,2
5541:0:0,component-11894a4eac260fa9,5541,4
5542:0:0,component-f15b5a26bd6b1554,5542,3
5543:0:0,component-36ec1b1eaf347139,5543,1
5544:0:0,component-f3a9973f0290eab7,5544,0
5545:0:0,component-c79f72b6255416fb,5545,1
5545:2:0,component-c79f72b6255416fb,5545,1
5546:0:0,component-44c802b6e95f1afc,5546,2
5546:0:1,component-44c802b6e95f1afc,5546,2
5546:2:0,component-44c802b6e95f1afc,5546,2
5547:0:0,component-8d9e986d7db78269,5547,3
5548:0:0,component-d809896a78399eca,5548,1
5549:0:0,component-30fdc45657aa4db1,5549,1
554:0:0,component-ebe08f3ca0960d9b,554,0
5550:0:0,component-5fe26192ad45e478,5550,4
5550:2:0,component-5fe26192ad45e478,5550,4
5550:4:0,component-5fe26192ad45e478,5550,4
5551:0:0,component-b97d70f9b989d7c3,5551,0
5552:0:0,component-e1cd04de0ecaf564,5552,3
5552:2:0,component-e1cd04de0ecaf564,5552,3
5553:0:0,component-e6076ac125a9915a,5553,1
5553:2:0,component-e6076ac125a9915a,5553,1
5554:0:0,component-ade3b5bccc58e0fc,5554,4
5555:0:0,component-647e75ee81dd607e,5555,4
5555:2:0,component-647e75ee81dd607e,5555,4
5556:0:0,component-36dab8a6cf32fcc1,5556,4
5557:0:0,component-6d8831a5287c5c7d,5557,4
5558:0:0,component-0cc54fd7691b0a5d,5558,4
5558:2:0,component-0cc54fd7691b0a5d,5558,4
5559:0:0,component-2c331c003fbb0ee5,5559,1
5559:2:0,component-2c331c003fbb0ee5,5559,1
555:0:0,component-58aad9d9e9fbc2bb,555,4
5560:0:0,component-2efdc0cf1177196e,5560,0
5560:2:0,component-2efdc0cf1177196e,5560,0
5560:4:0,component-2efdc0cf1177196e,5560,0
5561:0:0,component-85e180e6e8b30e9d,5561,1
5562:0:0,component-c5734c18c09e5622,5562,4
5562:0:1,component-c5734c18c09e5622,5562,4
5562:0:2,component-c5734c18c09e5622,5562,4
5563:0:0,component-e600cafe447f49f3,5563,3
5564:0:0,component-e8a1c30b68324e35,5564,3
5565:0:0,component-7b7f7d669288763b,5565,0
5566:0:0,component-6d254e77dabd9941,5566,1
5567:0:0,component-36fbccc3e7eee228,5567,3
5568:0:0,component-29c442faf431a347,5568,4
5569:0:0,component-5e340b7286bac4e1,5569,0
556:0:0,component-4fe80f7d2e158212,556,4
5570:0:0,component-5a80c1d439de7d72,5570,4
5571:0:0,component-6b8cfec98061c88b,5571,4
5572:0:0,component-b96e8f0140a42401,5572,3
5573:0:0,component-d7c38097882fe801,5573,1
5573:2:0,component-d7c38097882fe801,5573,1
5574:0:0,component-6b20ccef8d343e6a,5574,1
5574:2:0,component-6b20ccef8d343e6a,5574,1
5575:0:0,component-389f50a7d6dec8ef,5575,2
5576:0:0,component-a575a0ea9d6e5334,5576,3
5577:0:0,component-a9a371c98937da82,5577,0
5577:2:0,component-a9a371c98937da82,5577,0
5578:0:0,component-7b0efc518a345ba7,5578,3
5579:0:0,component-6363648e7ca35a3e,5579,3
557:0:0,component-6feb3acfa165e7fa,557,3
5580:0:0,component-27e6fd69c3989d70,5580,2
5581:0:0,component-40bec9db31a7c78e,5581,1
5581:2:0,component-40bec9db31a7c78e,5581,1
5581:4:0,component-40bec9db31a7c78e,5581,1
5582:0:0,component-723f5dca77b420c6,5582,2
5583:0:0,component-76ee307fbb837508,5583,1
5584:0:0,component-9fe5239eb05532b8,5584,4
5584:10:0,component-9fe5239eb05532b8,5584,4
5584:12:0,component-9fe5239eb05532b8,5584,4
5584:2:0,component-9fe5239eb05532b8,5584,4
5584:4:0,component-9fe5239eb05532b8,5584,4
5584:6:0,component-9fe5239eb05532b8,5584,4
5584:8:0,component-9fe5239eb05532b8,5584,4
5585:0:0,component-3f1d6d7b328c41b8,5585,0
5586:0:0,component-901a846aa490fc98,5586,4
5587:0:0,component-2218378f3a1abe5a,5587,0
5588:0:0,component-3344965ae7488fc8,5588,1
5588:2:0,component-3344965ae7488fc8,5588,1
5589:0:0,component-b7fdbbaa05682633,5589,4
5589:2:0,component-b7fdbbaa05682633,5589,4
558:0:0,component-1c62024082644ce4,558,3
5590:0:0,component-b2e6c59c1621694a,5590,3
5591:0:0,component-902edfab16e55f41,5591,4
5591:0:1,component-902edfab16e55f41,5591,4
5592:0:0,component-4a411f7bc239ba69,5592,3
5592:2:0,component-4a411f7bc239ba69,5592,3
5592:4:0,component-4a411f7bc239ba69,5592,3
5592:6:0,component-4a411f7bc239ba69,5592,3
5593:0:0,component-ca1a2f0857478b2c,5593,1
5594:0:0,component-b2a75c31fea09cb0,5594,1
5595:0:0,component-fe2949249206257c,5595,0
5596:0:0,component-faed335648cd2872,5596,0
5597:0:0,component-78649f45584a68a3,5597,4
5598:0:0,component-912d076f5778699f,5598,2
5598:2:0,component-912d076f5778699f,5598,2
5599:0:0,component-d88efcfc0cbfe0cc,5599,3
5599:2:0,component-d88efcfc0cbfe0cc,5599,3
559:0:0,component-c41db462c59aae81,559,3
55:0:0,component-d73819f33ab53f2c,55,1
55:2:0,component-d73819f33ab53f2c,55,1
5600:0:0,component-d82c7a5717857e3d,5600,2
5601:0:0,component-4a6b5753dc7440b8,5601,0
5602:0:0,component-6f4cf2b463e57bd4,5602,0
5603:0:0,component-75b56cec225b0c80,5603,4
5604:0:0,component-86089478d465f7ed,5604,1
5605:0:0,component-ed4d8dbfd051f396,5605,4
5606:0:0,component-429990c9df614336,5606,0
5607:0:0,component-121e17af97665161,5607,4
5607:2:0,component-121e17af97665161,5607,4
5607:4:0,component-121e17af97665161,5607,4
5608:0:0,component-6857c6884b3b3f6f,5608,1
5609:0:0,component-9fd62561e28e115e,5609,2
5609:2:0,component-9fd62561e28e115e,5609,2
560:0:0,component-5588a975c7ff6e91,560,3
5610:0:0,component-931b282e8836eab1,5610,3
5611:0:0,component-9c3477e2798d7d32,5611,4
5612:0:0,component-ba297053f5d74741,5612,3
5613:0:0,component-996f56338a5852f7,5613,4
5614:0:0,component-80ff5fa1bcaa9d97,5614,4
5614:2:0,component-80ff5fa1bcaa9d97,5614,4
5614:4:0,component-80ff5fa1bcaa9d97,5614,4
5615:0:0,component-0a6ef5b9c7807cbc,5615,2
5616:0:0,component-b0fc63441502732d,5616,4
5617:0:0,component-9522fca726142fcc,5617,2
5618:0:0,component-73bc4e455337c237,5618,1
5619:0:0,component-6f12507f0250ba3d,5619,4
561:0:0,component-e7ffb5c304f2d34d,561,4
561:2:0,component-e7ffb5c304f2d34d,561,4
5620:0:0,component-10d8972365611762,5620,4
5620:2:0,component-10d8972365611762,5620,4
5621:0:0,component-9179012a9fffde1f,5621,2
5622:0:0,component-7147c4abccc0dc06,5622,2
5623:0:0,component-e8f306fbcafc6685,5623,4
5624:0:0,component-ff5ec91b7d5166df,5624,0
5625:0:0,component-b33d66da11fe005b,5625,3
5626:0:0,component-b5c0f89a290a9dac,5626,3
5627:0:0,component-7be168534cf2ad5e,5627,2
5627:2:0,component-7be168534cf2ad5e,5627,2
5628:0:0,component-9f40f6ab82f37e3a,5628,0
5629:0:0,component-e8698309ec80a22c,5629,1
562:0:0,component-1efe6e9b87e6ce54,562,2
562:2:0,component-1efe6e9b87e6ce54,562,2
5630:0:0,component-ff6e64fa6e0998ed,5630,2
5631:0:0,component-6a008ebce885516c,5631,0
5632:0:0,component-632e05be183b0508,5632,4
5632:2:0,component-632e05be183b0508,5632,4
5632:2:1,component-632e05be183b0508,5632,4
5633:0:0,component-fcc4f31cdc8eb487,5633,0
5634:0:0,component-8f2fb330ae7e79cb,5634,0
5635:0:0,component-9f77e955f2ec7327,5635,4
5636:0:0,component-401d15c4500e2e4d,5636,0
5636:2:0,component-401d15c4500e2e4d,5636,0
5636:4:0,component-401d15c4500e2e4d,5636,0
5636:6:0,component-401d15c4500e2e4d,5636,0
5637:1:0,component-810221403d7671de,5637,2
5638:0:0,component-c8a785c14155eafd,5638,3
5639:0:0,component-a5b9996ff8bc51c1,5639,0
563:0:0,component-d653677806ed82fa,563,0
5640:0:0,component-0fbfbacebceec69e,5640,2
5641:1:0,component-3aa5d98671f8c714,5641,4
5641:3:0,component-3aa5d98671f8c714,5641,4
5641:5:0,component-3aa5d98671f8c714,5641,4
5642:0:0,component-9b2c3cab92025080,5642,2
5643:0:0,component-d011b0e922873855,5643,4
5644:0:0,component-5e3de62e45fbffb8,5644,3
5644:10:0,component-5e3de62e45fbffb8,5644,3
5644:12:0,component-5e3de62e45fbffb8,5644,3
5644:2:0,component-5e3de62e45fbffb8,5644,3
5644:4:0,component-5e3de62e45fbffb8,5644,3
5644:6:0,component-5e3de62e45fbffb8,5644,3
5644:8:0,component-5e3de62e45fbffb8,5644,3
5645:0:0,component-f649b16324c70d04,5645,1
5646:0:0,component-c1917b1eeaf22b3b,5646,4
5647:0:0,component-c103779fc16c8038,5647,4
5648:0:0,component-f3f1e432337d7cfe,5648,0
5648:2:0,component-f3f1e432337d7cfe,5648,0
5649:0:0,component-a2a4fd1b4e3a9f0c,5649,4
5649:10:0,component-a2a4fd1b4e3a9f0c,5649,4
5649:10:1,component-a2a4fd1b4e3a9f0c,5649,4
5649:10:2,component-a2a4fd1b4e3a9f0c,5649,4
5649:12:0,component-a2a4fd1b4e3a9f0c,5649,4
5649:2:0,component-a2a4fd1b4e3a9f0c,5649,4
5649:4:0,component-a2a4fd1b4e3a9f0c,5649,4
5649:4:1,component-a2a4fd1b4e3a9f0c,5649,4
5649:6:0,component-a2a4fd1b4e3a9f0c,5649,4
5649:6:1,component-a2a4fd1b4e3a9f0c,5649,4
5649:8:0,component-a2a4fd1b4e3a9f0c,5649,4
5649:8:1,component-a2a4fd1b4e3a9f0c,5649,4
5650:0:0,component-7c7e90f7b3000f6e,5650,0
5651:0:0,component-06d1b0716a6a29c0,5651,3
5651:2:0,component-06d1b0716a6a29c0,5651,3
5651:4:0,component-06d1b0716a6a29c0,5651,3
5652:0:0,component-6bee73704d255083,5652,4
5653:0:0,component-dc703b0865ee9498,5653,0
5653:2:0,component-dc703b0865ee9498,5653,0
5654:0:0,component-fd36ec68ce3a8162,5654,1
5655:0:0,component-6a29e104779fd4e0,5655,1
5656:0:0,component-01717e368d4d8123,5656,0
5657:0:0,component-d9e3daee14c8fb3b,5657,1
5658:0:0,component-e055e153c07de03e,5658,3
5659:0:0,component-9d2f0209b283363b,5659,3
5659:2:0,component-9d2f0209b283363b,5659,3
565:0:0,component-b030fe2c74d5169e,565,3
5660:0:0,component-e6172830364ebbff,5660,2
5661:0:0,component-d374b6130683faae,5661,1
5662:0:0,component-9c92ed98fd64f1f6,5662,4
5663:0:0,component-0f88db322ed48730,5663,0
5664:0:0,component-2b38c3512be85298,5664,3
5665:0:0,component-0007df03ad38f5ad,5665,1
5666:0:0,component-fc0ece9c304101d6,5666,4
5667:0:0,component-5a47386374399522,5667,2
5668:0:0,component-3548afd6e6b3a117,5668,0
5669:0:0,component-fdfcabd659538760,5669,0
5669:2:0,component-fdfcabd659538760,5669,0
566:0:0,component-11b8d9f4b59c457a,566,3
5670:0:0,component-82961cd22c1a2dac,5670,1
5671:0:0,component-15cc61e96219e351,5671,3
5672:0:0,component-557e38af475d92b2,5672,2
5673:0:0,component-299cf117d43900a8,5673,4
5674:0:0,component-c3627e9a747e38ee,5674,1
5674:2:0,component-c3627e9a747e38ee,5674,1
5675:0:0,component-d2092c097d8fbcc1,5675,2
5676:0:0,component-345453e304902da3,5676,1
5676:2:0,component-345453e304902da3,5676,1
5676:2:1,component-345453e304902da3,5676,1
5676:4:0,component-345453e304902da3,5676,1
5677:0:0,component-7864a0271d38e837,5677,3
5677:2:0,component-7864a0271d38e837,5677,3
5678:0:0,component-cff64bcbfe2b2e50,5678,2
5678:2:0,component-cff64bcbfe2b2e50,5678,2
5679:0:0,component-fb2b7c070ac48ec1,5679,3
567:0:0,component-2c3ae3f124ce2371,567,1
567:0:1,component-2c3ae3f124ce2371,567,1
5680:0:0,component-5305c6d2b96045ec,5680,0
5680:10:0,component-5305c6d2b96045ec,5680,0
5680:12:0,component-5305c6d2b96045ec,5680,0
5680:2:0,component-5305c6d2b96045ec,5680,0
5680:4:0,component-5305c6d2b96045ec,5680,0
5680:6:0,component-5305c6d2b96045ec,5680,0
5680:8:0,component-5305c6d2b96045ec,5680,0
5681:0:0,component-89b903140bbcbe2a,5681,2
5681:2:0,component-89b903140bbcbe2a,5681,2
5682:0:0,component-ebe31f0d27ccfdb7,5682,1
5683:0:0,component-80a7e9f338b746fd,5683,3
5684:0:0,component-f57a09bc111c5e96,5684,2
5684:2:0,component-f57a09bc111c5e96,5684,2
5685:0:0,component-81e3481fddaa1dad,5685,4
5686:0:0,component-88fab84e23a71bd2,5686,0
5687:0:0,component-9d53ce3f9e5d9541,5687,1
5688:0:0,component-69a039c9a86c36fc,5688,1
5689:0:0,component-9f1e936326222158,5689,3
568:0:0,component-cc72da14a31a9617,568,0
5690:0:0,component-b32f5a4c31fb2df0,5690,2
5690:2:0,component-b32f5a4c31fb2df0,5690,2
5690:2:1,component-b32f5a4c31fb2df0,5690,2
5690:4:0,component-b32f5a4c31fb2df0,5690,2
5691:0:0,component-0a9ee4bfdaae3db4,5691,2
5692:0:0,component-4735afacd1ab9f63,5692,4
5693:0:0,component-adf22b00b7b3657c,5693,3
5693:2:0,component-adf22b00b7b3657c,5693,3
5693:4:0,component-adf22b00b7b3657c,5693,3
5694:0:0,component-08eb02a37f1df4cf,5694,2
5695:0:0,component-228e266332f665f8,5695,1
5696:0:0,component-195f1a549b17c64b,5696,2
5696:2:0,component-195f1a549b17c64b,5696,2
5696:4:0,component-195f1a549b17c64b,5696,2
5697:0:0,component-30cdbef944024163,5697,2
5698:0:0,component-852c1d6112fd0e96,5698,1
5698:2:0,component-852c1d6112fd0e96,5698,1
5699:0:0,component-db7577c2843e2ebf,5699,4
5699:2:0,component-db7577c2843e2ebf,5699,4
5699:4:0,component-db7577c2843e2ebf,5699,4
569:0:0,component-221c2cdad5cf419a,569,3
569:2:0,component-221c2cdad5cf419a,569,3
56:0:0,component-185cc08a27af0c05,56,0
56:2:0,component-185cc08a27af0c05,56,0
5700:0:0,component-3b7faf0108484e9c,5700,1
5701:0:0,component-876df408cd987620,5701,3
5702:0:0,component-ad48ff177e06c203,5702,3
5703:0:0,component-10bd63a61200ece1,5703,2
5703:2:0,component-10bd63a61200ece1,5703,2
5704:0:0,component-2a1d9f9a264faa55,5704,4
5705:0:0,component-d58e26ad21e4ce17,5705,4
5706:0:0,component-d6a90eaf80f35fd1,5706,3
5706:2:0,component-d6a90eaf80f35fd1,5706,3
5706:4:0,component-d6a90eaf80f35fd1,5706,3
5707:0:0,component-522f09954248f5c4,5707,4
5708:0:0,component-7bccfdf86fa097cf,5708,0
5709:0:0,component-9b5092abadb85e93,5709,2
570:0:0,component-e3f75114db76257c,570,2
5710:0:0,component-26939fee9bc546d6,5710,4
5710:2:0,component-26939fee9bc546d6,5710,4
5711:0:0,component-1eeb1d966a1ba7ce,5711,3
5712:0:0,component-7ffab8e3d5c92887,5712,1
5713:0:0,component-014e1144f4969171,5713,1
5713:2:0,component-014e1144f4969171,5713,1
5714:0:0,component-133fa852d712e651,5714,4
5714:0:1,component-133fa852d712e651,5714,4
5715:1:0,component-9d345a5c1137a12a,5715,2
5716:0:0,component-645a59e4a11bc8dc,5716,4
5716:2:0,component-645a59e4a11bc8dc,5716,4
5717:0:0,component-af94c1fac71b1d43,5717,1
5718:0:0,component-b3a31a89e04ac198,5718,2
5719:0:0,component-0d529d8adb3f45db,5719,0
571:0:0,component-0de0a7741382a2a7,571,2
5720:0:0,component-e1f9b81eba65c53a,5720,0
5720:2:0,component-e1f9b81eba65c53a,5720,0
5721:0:0,component-fcc2b469224509aa,5721,2
5722:0:0,component-b73ce7662525e0c4,5722,1
5722:2:0,component-b73ce7662525e0c4,5722,1
5723:0:0,component-ad3511b0c3f38c8b,5723,0
5723:2:0,component-ad3511b0c3f38c8b,5723,0
5724:0:0,component-281aab7873e4af89,5724,0
5724:2:0,component-281aab7873e4af89,5724,0
5725:0:0,component-649805c89994e9ed,5725,0
5726:0:0,component-105d2a5864cc9a80,5726,4
5727:0:0,component-aba6ba9192137fcf,5727,2
5728:0:0,component-29b9e33ad923cd96,5728,0
5728:2:0,component-29b9e33ad923cd96,5728,0
5728:4:0,component-29b9e33ad923cd96,5728,0
5729:0:0,component-a81a6380b4fc75a8,5729,1
572:0:0,component-88a3fa1ba6eb4240,572,0
5730:0:0,component-196d035be4c47113,5730,4
5731:0:0,component-7b69b51ca2b1941d,5731,4
5732:0:0,component-63f8f4788f58d5d2,5732,4
5733:0:0,component-08451f92688c5305,5733,3
5734:0:0,component-581dc599a92a63eb,5734,3
5735:0:0,component-3e03fd9a4e2dee45,5735,0
5736:0:0,component-225355231e1f7c7e,5736,2
5736:2:0,component-225355231e1f7c7e,5736,2
5736:4:0,component-225355231e1f7c7e,5736,2
5737:0:0,component-577915b275f1c89d,5737,4
5738:0:0,component-404dcbcff5cc4b80,5738,3
5738:2:0,component-404dcbcff5cc4b80,5738,3
5739:0:0,component-04d90e191c070482,5739,1
5739:2:0,component-04d90e191c070482,5739,1
573:0:0,component-e2642f6282d94670,573,3
573:2:0,component-e2642f6282d94670,573,3
5740:0:0,component-b2e726ece7675180,5740,0
5741:0:0,component-943892116e04f00c,5741,4
5742:0:0,component-016929b642464d54,5742,2
5743:0:0,component-700fa102b33af9de,5743,2
5744:0:0,component-0f806d3bf131326c,5744,4
5745:0:0,component-1159ab8a9f5f2c11,5745,0
5746:0:0,component-1103fbf8c1177bb7,5746,4
5747:0:0,component-1581b70545242592,5747,2
5747:2:0,component-1581b70545242592,5747,2
5748:0:0,component-c5a0150ec8aed47c,5748,3
5749:0:0,component-463aaaa049dcd5f2,5749,2
574:0:0,component-81be4ba9db8358da,574,0
5750:0:0,component-3c5f3b00746c00f7,5750,1
5751:0:0,component-068221d1cd314d37,5751,0
5752:0:0,component-b37944dbe670408f,5752,4
5753:0:0,component-19836531b4ed99be,5753,1
5754:0:0,component-d8ca288ad43b45a9,5754,0
5755:0:0,component-3c514cb441874342,5755,2
5757:0:0,component-f8e05090b97e6e64,5757,4
5758:0:0,component-b3393e7860d69f7f,5758,2
5758:0:1,component-b3393e7860d69f7f,5758,2
5758:0:2,component-b3393e7860d69f7f,5758,2
5759:0:0,component-b1f3c0712fbc6e1a,5759,1
575:0:0,component-d0f8db7d3dbb5880,575,2
5760:0:0,component-47551ffab651b77a,5760,0
5760:2:0,component-47551ffab651b77a,5760,0
5761:0:0,component-fda0dac981d75127,5761,3
5762:0:0,component-a609a06e69e311bf,5762,4
5762:2:0,component-a609a06e69e311bf,5762,4
5763:0:0,component-a830db33d8d8dc69,5763,0
5764:0:0,component-55b35443ebdbf0fc,5764,4
5764:0:1,component-55b35443ebdbf0fc,5764,4
5764:0:2,component-55b35443ebdbf0fc,5764,4
5764:2:0,component-55b35443ebdbf0fc,5764,4
5764:4:0,component-55b35443ebdbf0fc,5764,4
5764:4:1,component-55b35443ebdbf0fc,5764,4
5765:0:0,component-39ec2e3a9b96e259,5765,1
5766:0:0,component-b1e2f608ae7c49b6,5766,3
5767:0:0,component-70fe4d6d3355ae5e,5767,0
5767:2:0,component-70fe4d6d3355ae5e,5767,0
5768:0:0,component-a5fe8136e5dd9b75,5768,3
5769:1:0,component-5832b863d9a07a81,5769,0
576:0:0,component-6a3df599d7058d67,576,1
5770:0:0,component-c412610514e4a784,5770,1
5771:0:0,component-42aef7e405a536b5,5771,0
5772:0:0,component-507e907621ea66d2,5772,3
5773:0:0,component-abd660ebc274a6f0,5773,0
5774:0:0,component-f0bcc7d8608a8fee,5774,3
5775:0:0,component-7009897be4922ded,5775,1
5776:0:0,component-cbaa8a0e9f067cab,5776,3
5777:0:0,component-6b4c8ce7ffffdeed,5777,2
5778:0:0,component-20a9ab330a031f51,5778,3
5779:0:0,component-8cb8b32c03d23c55,5779,1
5779:2:0,component-8cb8b32c03d23c55,5779,1
577:0:0,component-93522f91df8c8663,577,2
5780:0:0,component-ec737e26c51eed1d,5780,1
5781:0:0,component-28d40cd5cdfb9351,5781,4
5782:0:0,component-ad3de2a35665144c,5782,3
5783:0:0,component-581821a388851316,5783,1
5784:0:0,component-d029342b60fdce18,5784,1
5785:0:0,component-434cd105e3c64389,5785,3
5786:0:0,component-b3c625425e181a4d,5786,4
5787:0:0,component-eaf2f089759e90b3,5787,2
5788:0:0,component-51d56f8fca90405c,5788,4
5789:0:0,component-2824620ce99f3368,5789,3
578:0:0,component-5332f3d0537a4a59,578,3
5790:0:0,component-66032265246b26ae,5790,1
5791:0:0,component-cc7aec3f71c54f76,5791,4
5792:0:0,component-44d800f76d0529fd,5792,3
5793:0:0,component-b67aec61ea289835,5793,2
5794:0:0,component-d7a20489f4e62fc6,5794,4
5794:0:1,component-d7a20489f4e62fc6,5794,4
5794:2:0,component-d7a20489f4e62fc6,5794,4
5795:0:0,component-12b4072c893dd302,5795,1
5796:0:0,component-81893acadb09b86e,5796,0
5796:2:0,component-81893acadb09b86e,5796,0
5797:0:0,component-0e7ee4f4eb30b76c,5797,4
5798:0:0,component-594205769693c5a2,5798,3
5799:0:0,component-2b4c9a8b987ddfde,5799,2
579:0:0,component-d71f46222f687ebf,579,2
57:0:0,component-52b960ee2cd49f9c,57,3
5800:0:0,component-db436402afeb98f3,5800,1
5801:0:0,component-4bfa9575c46a5fab,5801,4
5801:2:0,component-4bfa9575c46a5fab,5801,4
5802:0:0,component-dd11d0af3f34293a,5802,3
5802:2:0,component-dd11d0af3f34293a,5802,3
5802:4:0,component-dd11d0af3f34293a,5802,3
5803:0:0,component-a506cd42edff8040,5803,0
5803:2:0,component-a506cd42edff8040,5803,0
5804:0:0,component-493f5bde17169816,5804,2
5804:2:0,component-493f5bde17169816,5804,2
5805:0:0,component-58e880336f65b99b,5805,1
5806:0:0,component-8be2cf40d02bc19b,5806,4
5807:0:0,component-41e1c272c7bfadee,5807,3
5808:0:0,component-74b8e78cbf0d121b,5808,4
5809:0:0,component-7d8d59948157c66d,5809,3
580:0:0,component-3dab514ad7c487de,580,3
5810:0:0,component-7a5ad23149a91c2e,5810,2
5810:2:0,component-7a5ad23149a91c2e,5810,2
5811:0:0,component-a415368a4357698a,5811,0
5812:0:0,component-a510bda4db31f244,5812,0
5813:0:0,component-0ba3e46e4b6c0312,5813,1
5813:2:0,component-0ba3e46e4b6c0312,5813,1
5814:1:0,component-95388a08f28be2ac,5814,3
5815:0:0,component-ed806f68fa04a45d,5815,4
5816:0:0,component-12af7a01d741d016,5816,2
5816:2:0,component-12af7a01d741d016,5816,2
5816:4:0,component-12af7a01d741d016,5816,2
5817:0:0,component-fb85e2195dacc3d4,5817,0
5818:1:0,component-170d8abc1de0ef5d,5818,0
5819:0:0,component-5ca1a25e9406d269,5819,4
581:0:0,component-4d6bf05752a8d016,581,1
5820:0:0,component-95884680bb6e8897,5820,3
5821:0:0,component-96822b5b745ec383,5821,0
5822:0:0,component-ff84ba61e572e9ec,5822,4
5822:2:0,component-ff84ba61e572e9ec,5822,4
5823:0:0,component-2aa940872e0611ad,5823,0
5824:0:0,component-d91ba841d0b2d877,5824,3
5825:0:0,component-8d2ae02643c09c11,5825,4
5826:0:0,component-135e6d9c02c9eae5,5826,2
5827:0:0,component-fcc6d963830cb0b3,5827,4
5828:0:0,component-058a1b564b70006f,5828,3
5829:0:0,component-96ac21659a857f3a,5829,2
582:0:0,component-4bcf9d8536f133c0,582,2
5830:0:0,component-a376b289c92262a0,5830,0
5830:2:0,component-a376b289c92262a0,5830,0
5831:0:0,component-d8738aa00ddb3ced,5831,2
5832:0:0,component-dd6e10d998c9ef55,5832,0
5833:0:0,component-396c4d59f5e9ec8d,5833,3
5834:0:0,component-dd4bd276b130dc2b,5834,2
5835:0:0,component-ce8be611c6e458c6,5835,1
5835:2:0,component-ce8be611c6e458c6,5835,1
5835:4:0,component-ce8be611c6e458c6,5835,1
5835:6:0,component-ce8be611c6e458c6,5835,1
5836:0:0,component-5c83c8c2be19d35f,5836,2
5837:0:0,component-ca32b75b4167385b,5837,4
5837:2:0,component-ca32b75b4167385b,5837,4
5838:0:0,component-e875ee06e6d4e078,5838,1
5839:0:0,component-500956ce36739ed2,5839,0
583:0:0,component-2b62c9c43de905e9,583,3
5840:0:0,component-d611dbfb316c6399,5840,0
5841:0:0,component-c3ab0107ca0fbb16,5841,2
5841:2:0,component-c3ab0107ca0fbb16,5841,2
5842:0:0,component-da5eede5ec614a83,5842,3
5843:0:0,component-4a6e2fce3f586357,5843,4
5844:0:0,component-93edbb48a43923b9,5844,1
5845:0:0,component-6fbf19f01bb290cb,5845,4
5846:1:0,component-fee92a78935dfa31,5846,2
5847:0:0,component-10ef0ae0e267833c,5847,4
5848:0:0,component-0e097aa3b7380472,5848,3
5849:0:0,component-fa346aa43a947ca1,5849,4
584:0:0,component-37defebe9018ff88,584,0
5850:0:0,component-5ad40dc6beff6162,5850,0
5851:0:0,component-d2b69dcea75d896d,5851,3
5852:0:0,component-724fc95151e147aa,5852,3
5852:2:0,component-724fc95151e147aa,5852,3
5853:0:0,component-40b6067fc279c39d,5853,3
5854:0:0,component-61a327644e738594,5854,4
5854:2:0,component-61a327644e738594,5854,4
5855:0:0,component-34a6112754947514,5855,1
5856:0:0,component-042813e66d4ad86d,5856,0
5857:0:0,component-0c825374b8685020,5857,1
5858:0:0,component-c5540ea1ec0ac627,5858,1
5859:0:0,component-41e1c272c7bfadee,5859,3
585:0:0,component-d032490e9ef528c0,585,2
585:2:0,component-d032490e9ef528c0,585,2
5860:0:0,component-e465baf8edf63612,5860,0
5861:0:0,component-bac4724ca35d1c97,5861,4
5862:0:0,component-429b928230b180c8,5862,0
5863:0:0,component-30b24e606ecf1ca2,5863,3
5864:0:0,component-9891d28e63f90164,5864,4
5864:2:0,component-9891d28e63f90164,5864,4
5865:0:0,component-fa242dea9114042b,5865,4
5866:0:0,component-6c9b8a5d02110152,5866,0
5867:0:0,component-2073b5b07cb21cbf,5867,2
5868:0:0,component-0a918dbe735d4414,5868,1
5869:0:0,component-252c4ddd0ba71efb,5869,2
586:0:0,component-20ff7fe72436455d,586,2
586:0:1,component-20ff7fe72436455d,586,2
586:2:0,component-20ff7fe72436455d,586,2
586:4:0,component-20ff7fe72436455d,586,2
5870:0:0,component-65408a7b3b9795f4,5870,3
5871:0:0,component-7b40d84cf5a92e40,5871,4
5872:0:0,component-68393a48b232c304,5872,2
5873:0:0,component-41f99313fa28c26b,5873,4
5874:0:0,component-a81de623e1e0aac0,5874,3
5875:0:0,component-899bca654fbe1907,5875,3
5875:2:0,component-899bca654fbe1907,5875,3
5875:4:0,component-899bca654fbe1907,5875,3
5875:4:1,component-899bca654fbe1907,5875,3
5876:0:0,component-7d5a42eae3b3ff22,5876,0
5876:2:0,component-7d5a42eae3b3ff22,5876,0
5877:0:0,component-27ce1654b8c6ce28,5877,1
5878:0:0,component-419692ed811f27db,5878,1
5879:0:0,component-5c22bcc22742793b,5879,0
587:0:0,component-aef9a728c1667222,587,1
587:2:0,component-aef9a728c1667222,587,1
587:4:0,component-aef9a728c1667222,587,1
5880:0:0,component-41b9a801f266732c,5880,0
5881:0:0,component-8140b5121ab53675,5881,1
5882:0:0,component-85dceff155b735b8,5882,3
5883:0:0,component-a8ee37696a74430d,5883,1
5884:0:0,component-8262a4e2b826ae89,5884,1
5885:0:0,component-b7d4e9cebdf57b89,5885,2
5886:0:0,component-ff8ea858587a3cb9,5886,2
5886:2:0,component-ff8ea858587a3cb9,5886,2
5886:4:0,component-ff8ea858587a3cb9,5886,2
5886:6:0,component-ff8ea858587a3cb9,5886,2
5887:0:0,component-b031b6bf3f9e5099,5887,0
5887:0:1,component-b031b6bf3f9e5099,5887,0
5888:0:0,component-dc5fe72aa4ccd72b,5888,0
5889:0:0,component-ce8b7928adad5c6c,5889,1
588:0:0,component-2cefa20d1a32556a,588,4
5890:0:0,component-bbbc8134aad7568c,5890,4
5891:0:0,component-19fdb578a0053f71,5891,3
5891:2:0,component-19fdb578a0053f71,5891,3
5892:0:0,component-e1d0835205767cb6,5892,2
5892:2:0,component-e1d0835205767cb6,5892,2
5893:0:0,component-00b21b06d4a2842e,5893,3
5894:0:0,component-983ec9866af852e7,5894,3
5895:0:0,component-b0b6293c19d38cd9,5895,0
5896:0:0,component-7df9a1e0d01fa74f,5896,1
5897:0:0,component-3bcc2c65d5a064f1,5897,3
5898:0:0,component-25bf6e8cce2c60b1,5898,2
5899:0:0,component-32e3850e96360ad2,5899,0
589:0:0,component-4ff603a2d6956322,589,2
58:0:0,component-4239d032e2ff8574,58,0
5900:0:0,component-b4e2b06a330a2b8e,5900,2
5900:2:0,component-b4e2b06a330a2b8e,5900,2
5901:0:0,component-7e2765a99b680768,5901,4
5902:0:0,component-049cfcbfc5b1e196,5902,2
5903:0:0,component-700b17af46018435,5903,0
5904:0:0,component-71616ab9e11b9024,5904,3
5904:2:0,component-71616ab9e11b9024,5904,3
5904:4:0,component-71616ab9e11b9024,5904,3
5905:0:0,component-63117b5823893088,5905,3
5906:0:0,component-e0045f4e9858a545,5906,4
5907:0:0,component-b1dc512f9b4060b5,5907,1
5907:2:0,component-b1dc512f9b4060b5,5907,1
5908:0:0,component-2a4cb760fcb21c5c,5908,0
5909:0:0,component-42e3ef5d48d60c98,5909,1
590:0:0,component-f6969deacb319de9,590,2
5910:1:0,component-f01f7018928b8151,5910,1
5911:0:0,component-90ce9e4fc6fad8bd,5911,2
5911:2:0,component-90ce9e4fc6fad8bd,5911,2
5912:0:0,component-9a348d16f806a6f8,5912,4
5912:0:1,component-9a348d16f806a6f8,5912,4
5912:2:0,component-9a348d16f806a6f8,5912,4
5913:0:0,component-883352f26732dde1,5913,2
5914:0:0,component-994e3ad99fc47f9f,5914,0
5914:2:0,component-994e3ad99fc47f9f,5914,0
5914:4:0,component-994e3ad99fc47f9f,5914,0
5915:0:0,component-65219d3f39e3361e,5915,4
5916:0:0,component-7fd55a16c2539dcd,5916,3
5917:0:0,component-4a4682c0e8afb0fc,5917,1
5918:0:0,component-1c110e2519aaca34,5918,4
5918:2:0,component-1c110e2519aaca34,5918,4
5918:4:0,component-1c110e2519aaca34,5918,4
5919:0:0,component-a7e6d52c00d84b80,5919,0
591:0:0,component-00e408ada3fcce55,591,0
5920:0:0,component-296f7941b90aadef,5920,2
5921:0:0,component-f4fba12ab3fcb00e,5921,0
5922:0:0,component-30c8a1195facace5,5922,2
5923:0:0,component-83dd03728aef9860,5923,2
5923:2:0,component-83dd03728aef9860,5923,2
5924:0:0,component-fec1c33578e982a6,5924,3
5925:0:0,component-1ff266e9d18d8e38,5925,1
5925:2:0,component-1ff266e9d18d8e38,5925,1
5926:0:0,component-0376813b88736568,5926,1
5927:0:0,component-97889b4dd6ea2826,5927,3
5928:0:0,component-bfbb8b0de8d6a923,5928,3
5929:0:0,component-074c797dc933dd9e,5929,1
592:0:0,component-e6e19a647db42e08,592,1
592:2:0,component-e6e19a647db42e08,592,1
5930:0:0,component-02f0243c33da6157,5930,0
5931:0:0,component-e0909c5411b21aec,5931,2
5932:0:0,component-63d7a5c9a2323d1d,5932,0
5933:0:0,component-2d58e4e8f3689a5a,5933,3
5934:1:0,component-6a3f15ac7c82812f,5934,1
5935:0:0,component-c06aa0302707ac10,5935,4
5936:0:0,component-1e593c8dd618d0d1,5936,1
5936:2:0,component-1e593c8dd618d0d1,5936,1
5937:0:0,component-b388f51c32b46464,5937,0
5938:0:0,component-476c0472ab21afd6,5938,2
5939:0:0,component-9eb4e7ac5405c942,5939,3
5939:10:0,component-9eb4e7ac5405c942,5939,3
5939:2:0,component-9eb4e7ac5405c942,5939,3
5939:4:0,component-9eb4e7ac5405c942,5939,3
5939:6:0,component-9eb4e7ac5405c942,5939,3
5939:8:0,component-9eb4e7ac5405c942,5939,3
5939:8:1,component-9eb4e7ac5405c942,5939,3
593:0:0,component-4f4b1407169b9b0c,593,3
5940:0:0,component-267f142d2f5d8d5a,5940,3
5941:0:0,component-8cb177ded96b8250,5941,1
5942:0:0,component-0b0fa8e32dd607be,5942,0
5942:2:0,component-0b0fa8e32dd607be,5942,0
5943:0:0,component-9831a09f70cc603e,5943,1
5944:0:0,component-8e2f7671b5e5e00d,5944,0
5945:0:0,component-4227b4469e88a1df,5945,4
5946:0:0,component-c7c095ec247c2c7e,5946,0
5947:0:0,component-18f77ac23878aa7b,5947,2
5947:2:0,component-18f77ac23878aa7b,5947,2
5947:4:0,component-18f77ac23878aa7b,5947,2
5948:0:0,component-39888fe1c8cba348,5948,3
5949:0:0,component-8d37334423361e9d,5949,0
5949:10:0,component-8d37334423361e9d,5949,0
5949:12:0,component-8d37334423361e9d,5949,0
5949:2:0,component-8d37334423361e9d,5949,0
5949:4:0,component-8d37334423361e9d,5949,0
5949:6:0,component-8d37334423361e9d,5949,0
5949:8:0,component-8d37334423361e9d,5949,0
594:0:0,component-70efd07f8c406e22,594,0
5950:0:0,component-368079acd43ca549,5950,1
5951:0:0,component-294b50c0bf4dbcbb,5951,1
5951:0:1,component-294b50c0bf4dbcbb,5951,1
5951:2:0,component-294b50c0bf4dbcbb,5951,1
5952:0:0,component-6bfbdc435614a291,5952,1
5953:0:0,component-34ffbf3ebe743309,5953,3
5953:2:0,component-34ffbf3ebe743309,5953,3
5954:0:0,component-c219bdae5f5ae669,5954,3
5955:0:0,component-d56d03ec5850e4f9,5955,3
5956:0:0,component-d2c4f1ed2393f814,5956,4
5957:0:0,component-17c587d8f3ee1007,5957,4
5958:0:0,component-98460957183e8640,5958,1
5959:0:0,component-f2c41181f459a895,5959,2
595:0:0,component-b5e1d83469f43349,595,3
595:2:0,component-b5e1d83469f43349,595,3
5960:0:0,component-28d89891d48b2e69,5960,2
5961:0:0,component-41e1e5ed00bcd542,5961,2
5961:0:1,component-41e1e5ed00bcd542,5961,2
5961:2:0,component-41e1e5ed00bcd542,5961,2
5962:0:0,component-71e6d6b18fc18eb1,5962,4
5963:0:0,component-7b5350ff377fb97d,5963,1
5964:0:0,component-c668c681468c2426,5964,0
5964:2:0,component-c668c681468c2426,5964,0
5965:0:0,component-353ea314df431eb1,5965,3
5966:0:0,component-3ae7f7adcf2e5d5f,5966,0
5967:1:0,component-da09672eda73201d,5967,0
5967:3:0,component-da09672eda73201d,5967,0
5968:0:0,component-6d6b4ee7d0090a42,5968,2
5969:0:0,component-54c8de26ecd044b5,5969,0
596:0:0,component-4c01dcc499b0cf46,596,0
5970:0:0,component-0aed0edb53321124,5970,0
5970:2:0,component-0aed0edb53321124,5970,0
5971:0:0,component-2c3d57fc55d9f408,5971,2
5972:0:0,component-aac3271558ace430,5972,1
5973:0:0,component-c84b42e749ab87eb,5973,1
5974:0:0,component-0725761baddb165a,5974,0
5975:0:0,component-414f2f7be9654e53,5975,3
5976:0:0,component-2df4b7429a7d4185,5976,2
5977:0:0,component-0e4aeb4c1852c4e4,5977,2
5978:0:0,component-971df6fb6d6cb22b,5978,4
5978:2:0,component-971df6fb6d6cb22b,5978,4
5979:0:0,component-aa44f1a5dc7c6049,5979,4
597:0:0,component-f584783ba0daff8f,597,0
5980:0:0,component-579e76990a0101bf,5980,4
5981:0:0,component-519fa0ac0a145efc,5981,4
5982:0:0,component-137c2a59438aa523,5982,4
5983:0:0,component-69a7252e278df2ce,5983,4
5984:0:0,component-b89b9e3ed76c975e,5984,0
5985:0:0,component-6f54d7b51bebf5cf,5985,0
5986:0:0,component-364136a4cd7bd33f,5986,4
5987:0:0,component-45207c1fa63cb84c,5987,4
5988:0:0,component-cd1f51a7e5a50b2b,5988,2
5989:0:0,component-bfbb01c2d964fc3f,5989,4
5989:0:1,component-bfbb01c2d964fc3f,5989,4
598:0:0,component-8b5d4a276187d771,598,4
5990:0:0,component-4e2a8c6490777251,5990,1
5991:0:0,component-c12003dd6af978da,5991,0
5992:1:0,component-ed9f2b38fcaee011,5992,1
5993:0:0,component-e3dfb4cb9c555f18,5993,4
5994:0:0,component-b794312578bbd9a1,5994,0
5995:0:0,component-f2ac32be60fa5c1e,5995,4
5995:0:1,component-f2ac32be60fa5c1e,5995,4
5995:2:0,component-f2ac32be60fa5c1e,5995,4
5995:4:0,component-f2ac32be60fa5c1e,5995,4
5995:6:0,component-f2ac32be60fa5c1e,5995,4
5995:8:0,component-f2ac32be60fa5c1e,5995,4
5996:0:0,component-9f7da5574e27474d,5996,0
5996:2:0,component-9f7da5574e27474d,5996,0
5997:0:0,component-143b7c7d2b79a9c4,5997,1
5998:0:0,component-b50b79e16e238bf9,5998,3
5999:0:0,component-639077baf57e6dd2,5999,0
599:0:0,component-f3b3bd55f3d491d2,599,1
59:0:0,component-2ce83ad4027547fc,59,4
5:0:0,component-15410854c0fa2a2d,5,1
5:2:0,component-15410854c0fa2a2d,5,1
5:4:0,component-15410854c0fa2a2d,5,1
6000:0:0,component-0264942c0ff4bcd1,6000,3
6000:2:0,component-0264942c0ff4bcd1,6000,3
6001:0:0,component-74fc04d9594d1035,6001,1
6001:2:0,component-74fc04d9594d1035,6001,1
6002:0:0,component-3d11607a4ae5a02d,6002,2
6003:0:0,component-f7a1ef7179a11924,6003,0
6004:0:0,component-9e6b3a894142d9b3,6004,2
6005:0:0,component-f201470d6ec62519,6005,3
6005:2:0,component-f201470d6ec62519,6005,3
6006:0:0,component-960792b4d72ef772,6006,0
6006:2:0,component-960792b4d72ef772,6006,0
6007:0:0,component-13be2fdb84b6bec1,6007,2
6008:0:0,component-1f4618ded161edc5,6008,0
6009:0:0,component-79a68d6e01624e1d,6009,4
600:0:0,component-523a2984fb1cb3df,600,1
600:2:0,component-523a2984fb1cb3df,600,1
600:2:1,component-523a2984fb1cb3df,600,1
6010:0:0,component-a6078771d4fa5554,6010,0
6011:0:0,component-e280ab062e90dce0,6011,1
6012:0:0,component-f783af2fde9c106a,6012,3
6013:0:0,component-c90625f2821b1377,6013,0
6014:0:0,component-28a00e55a73de20f,6014,2
6014:0:1,component-28a00e55a73de20f,6014,2
6014:0:2,component-28a00e55a73de20f,6014,2
6015:0:0,component-0cad5d12df7570b1,6015,1
6016:0:0,component-572b57a796f2389a,6016,2
6017:0:0,component-029cd36e7f3161e5,6017,4
6018:0:0,component-adfbbf32647c021e,6018,1
6019:0:0,component-f1463feed8b9224d,6019,0
601:0:0,component-65bc8e401d89b964,601,4
6020:0:0,component-5256164a0ae50c92,6020,2
6021:0:0,component-33d8485cbed61742,6021,3
6022:1:0,component-0bb8107cb6051476,6022,0
6023:0:0,component-ae11a85853fc6567,6023,0
6023:2:0,component-ae11a85853fc6567,6023,0
6024:0:0,component-7dd1e4571ecd7da0,6024,1
6024:2:0,component-7dd1e4571ecd7da0,6024,1
6025:0:0,component-6e11bf5d3371d74e,6025,4
6026:0:0,component-1e4887aade80f05c,6026,2
6027:0:0,component-7c064084d2435e6b,6027,1
6028:0:0,component-35cd6e1fa86cb900,6028,2
6029:0:0,component-a2749e5442eabd8a,6029,1
6029:0:1,component-a2749e5442eabd8a,6029,1
6029:2:0,component-a2749e5442eabd8a,6029,1
6029:4:0,component-a2749e5442eabd8a,6029,1
6029:6:0,component-a2749e5442eabd8a,6029,1
602:0:0,component-08ba6482cb37a1f4,602,4
6030:0:0,component-952dfe3f2e0fa5e7,6030,2
6031:0:0,component-dbf078a6e9fdf988,6031,3
6032:0:0,component-3960c6b4f86d76d0,6032,2
6033:0:0,component-1c2401e06a0fa43d,6033,0
6034:0:0,component-7f3ae50157bc9f10,6034,3
6035:0:0,component-64490df475a5a719,6035,4
6036:11:0,component-73cbfbb37959c862,6036,2
6036:13:0,component-73cbfbb37959c862,6036,2
6036:15:0,component-73cbfbb37959c862,6036,2
6036:1:0,component-73cbfbb37959c862,6036,2
6036:3:0,component-73cbfbb37959c862,6036,2
6036:5:0,component-73cbfbb37959c862,6036,2
6036:7:0,component-73cbfbb37959c862,6036,2
6036:9:0,component-73cbfbb37959c862,6036,2
6037:0:0,component-8dae0de02f4e4a68,6037,4
6038:0:0,component-84be16d052d51552,6038,3
6039:0:0,component-8f00df79e7f09118,6039,3
6039:2:0,component-8f00df79e7f09118,6039,3
6039:4:0,component-8f00df79e7f09118,6039,3
603:0:0,component-71ed8c6b4700a467,603,4
603:2:0,component-71ed8c6b4700a467,603,4
6040:0:0,component-6facbae75962dc14,6040,0
6041:0:0,component-e84d39fe711159af,6041,0
6041:2:0,component-e84d39fe711159af,6041,0
6041:4:0,component-e84d39fe711159af,6041,0
6041:6:0,component-e84d39fe711159af,6041,0
6042:0:0,component-c9d79f232993c692,6042,3
6043:0:0,component-9530781011d43e62,6043,0
6043:2:0,component-9530781011d43e62,6043,0
6044:0:0,component-27765f77e9352c0a,6044,1
6045:1:0,component-e38560aa00c1724d,6045,4
6046:0:0,component-a30f9345c3e267c1,6046,0
6047:0:0,component-955f1ddc2948b153,6047,1
6047:2:0,component-955f1ddc2948b153,6047,1
6048:0:0,component-c0ce50c183b6441b,6048,3
6048:2:0,component-c0ce50c183b6441b,6048,3
6048:4:0,component-c0ce50c183b6441b,6048,3
6049:0:0,component-cdcc02f98a572a8d,6049,2
6049:0:1,component-cdcc02f98a572a8d,6049,2
604:0:0,component-5b517071f102bed7,604,3
6050:0:0,component-5467f24ab2d483b6,6050,0
6051:0:0,component-730b7a3f745ad015,6051,2
6052:0:0,component-1f24142517b2e3f8,6052,2
6053:0:0,component-786eb520e715e0db,6053,3
6054:0:0,component-dfe2721303ede29d,6054,0
6054:2:0,component-dfe2721303ede29d,6054,0
6054:4:0,component-dfe2721303ede29d,6054,0
6054:4:1,component-dfe2721303ede29d,6054,0
6054:6:0,component-dfe2721303ede29d,6054,0
6054:6:1,component-dfe2721303ede29d,6054,0
6054:6:2,component-dfe2721303ede29d,6054,0
6055:0:0,component-7f4f46bf7f7861a2,6055,0
6056:0:0,component-ac7c8a11e5a1a659,6056,2
6057:0:0,component-da1cef62cb936d64,6057,2
6058:0:0,component-d7c9d871850947ef,6058,4
6059:0:0,component-334be8d5d9fbd6ec,6059,4
605:0:0,component-93bffc5391ca422e,605,2
6060:0:0,component-3d09f0e476b33b8e,6060,4
6060:2:0,component-3d09f0e476b33b8e,6060,4
6060:4:0,component-3d09f0e476b33b8e,6060,4
6060:6:0,component-3d09f0e476b33b8e,6060,4
6061:0:0,component-3de8530408564174,6061,0
6062:0:0,component-3d5924d6f7b9c2d7,6062,1
6063:0:0,component-cb7145223a08144b,6063,2
6064:1:0,component-f8f561bab2831597,6064,2
6065:0:0,component-1f0b14e5589eda56,6065,2
6065:2:0,component-1f0b14e5589eda56,6065,2
6065:4:0,component-1f0b14e5589eda56,6065,2
6065:6:0,component-1f0b14e5589eda56,6065,2
6066:0:0,component-17777775b6fd6e97,6066,3
6067:0:0,component-50461afebc745ceb,6067,2
6068:0:0,component-b87805faf7d55e4e,6068,4
6069:0:0,component-968c6e96b9cee933,6069,1
606:0:0,component-4bb3fbc61ce455ce,606,4
6070:0:0,component-e4175fed2f020eed,6070,2
6071:0:0,component-6fddff972441a98b,6071,1
6071:2:0,component-6fddff972441a98b,6071,1
6071:2:1,component-6fddff972441a98b,6071,1
6071:4:0,component-6fddff972441a98b,6071,1
6072:0:0,component-f73f80c197410ca9,6072,1
6072:2:0,component-f73f80c197410ca9,6072,1
6073:0:0,component-ba99ce2ce6afb527,6073,0
6074:0:0,component-f87a67e4d2592293,6074,3
6075:1:0,component-a62bd42dc0be29ee,6075,0
6075:3:0,component-a62bd42dc0be29ee,6075,0
6076:0:0,component-71749fb3aee55b3e,6076,2
6077:0:0,component-9d980e50586aa132,6077,0
6078:0:0,component-373c6ce4d416807c,6078,0
6079:0:0,component-a3c318a5049b7bf4,6079,0
607:0:0,component-31e0c3a8caef193c,607,2
6080:0:0,component-ef255c587da96589,6080,3
6081:0:0,component-06e98d9d8b1233af,6081,4
6081:2:0,component-06e98d9d8b1233af,6081,4
6081:4:0,component-06e98d9d8b1233af,6081,4
6082:0:0,component-92aea65b24533026,6082,2
6083:0:0,component-fdd4520468febf43,6083,4
6084:1:0,component-d6b3e32107a3dd2d,6084,4
6085:0:0,component-b39a1f1df3222869,6085,1
6085:2:0,component-b39a1f1df3222869,6085,1
6085:4:0,component-b39a1f1df3222869,6085,1
6086:0:0,component-fcfcc9266ee09c41,6086,2
6087:0:0,component-ba27282218599f71,6087,0
6087:2:0,component-ba27282218599f71,6087,0
6088:0:0,component-e9f8cc7c6d3e5769,6088,1
6089:0:0,component-03504a08b7becf6d,6089,1
608:0:0,component-2b89b050bf4e9004,608,2
6090:0:0,component-aeb378bf5b9f21d0,6090,3
6090:2:0,component-aeb378bf5b9f21d0,6090,3
6090:4:0,component-aeb378bf5b9f21d0,6090,3
6091:0:0,component-d4ed725dcee0f721,6091,0
6091:2:0,component-d4ed725dcee0f721,6091,0
6092:1:0,component-7ee50c8f41bdae2e,6092,2
6093:0:0,component-2035808f5217b48c,6093,3
6094:0:0,component-899d7425296f5f7c,6094,2
6095:0:0,component-b99f584a855de4f9,6095,1
6096:0:0,component-dc8505079ec3422b,6096,3
6096:2:0,component-dc8505079ec3422b,6096,3
6097:0:0,component-6d20bffad32f665c,6097,1
6098:0:0,component-bbb70c78738a30d2,6098,4
6099:0:0,component-c7f35fc4642be69c,6099,1
6099:2:0,component-c7f35fc4642be69c,6099,1
609:0:0,component-0a01b671f6af24c0,609,0
60:0:0,component-e1af8d01e6ae50e6,60,3
6100:0:0,component-a88df46b7fb5dc34,6100,1
6101:0:0,component-a5c0ad93e0cb2e28,6101,0
6101:2:0,component-a5c0ad93e0cb2e28,6101,0
6102:0:0,component-a44a24f8d27a5c68,6102,2
6103:0:0,component-88d857a455c5806a,6103,0
6104:0:0,component-9ca05c9eceb72779,6104,2
6105:0:0,component-730af3e5efd92ef2,6105,4
6106:0:0,component-035baafc85309669,6106,4
6107:0:0,component-f3728d4da5c07132,6107,1
6108:0:0,component-9aaab1726af12f69,6108,1
6109:0:0,component-8a2745e809bec9c2,6109,4
6109:2:0,component-8a2745e809bec9c2,6109,4
610:0:0,component-9e214bd917cbbe8a,610,4
6110:0:0,component-08f271c780958f3e,6110,4
6110:2:0,component-08f271c780958f3e,6110,4
6110:4:0,component-08f271c780958f3e,6110,4
6111:0:0,component-4952eb5619046b26,6111,1
6112:0:0,component-18588c3e77967790,6112,0
6113:0:0,component-5687647be4912880,6113,1
6114:0:0,component-1401b659d6504f7e,6114,3
6114:2:0,component-1401b659d6504f7e,6114,3
6115:0:0,component-2d1a10c0ac06d61d,6115,3
6116:0:0,component-ef2f419c8e7fb20c,6116,4
6117:0:0,component-581b83038018d871,6117,3
6117:2:0,component-581b83038018d871,6117,3
6118:0:0,component-14e2102b8ad5895c,6118,1
6119:0:0,component-61caeafef15f17db,6119,3
611:0:0,component-5e8c9cb77e0acccd,611,3
6120:0:0,component-fd23e4b36934e31f,6120,3
6121:0:0,component-93ccd832998922b7,6121,1
6121:2:0,component-93ccd832998922b7,6121,1
6122:0:0,component-093c59ba3e704900,6122,3
6123:0:0,component-adcdb40317a2eda3,6123,3
6124:11:0,component-e3cac16283b6540c,6124,2
6124:13:0,component-e3cac16283b6540c,6124,2
6124:1:0,component-e3cac16283b6540c,6124,2
6124:3:0,component-e3cac16283b6540c,6124,2
6124:5:0,component-e3cac16283b6540c,6124,2
6124:7:0,component-e3cac16283b6540c,6124,2
6124:9:0,component-e3cac16283b6540c,6124,2
6125:0:0,component-b30e5d31f7f3dc2d,6125,0
6125:2:0,component-b30e5d31f7f3dc2d,6125,0
6126:1:0,component-5d67d1771f42f8ea,6126,0
6127:0:0,component-12e1aaae39988930,6127,3
6128:0:0,component-d8810a0d091cebdf,6128,4
6129:0:0,component-ffc54e7fb7b69c14,6129,2
612:0:0,component-b94a6113167b1725,612,0
6130:0:0,component-365e3c89643c9aa6,6130,3
6130:2:0,component-365e3c89643c9aa6,6130,3
6130:4:0,component-365e3c89643c9aa6,6130,3
6131:0:0,component-fbff8042c869caa7,6131,0
6131:2:0,component-fbff8042c869caa7,6131,0
6132:0:0,component-0169df8e210f8e6d,6132,2
6133:0:0,component-a03b27960de68ea4,6133,0
6134:0:0,component-d2154d9d415f7306,6134,3
6135:0:0,component-cdd459035a9c2abb,6135,2
6136:0:0,component-1a690c9febdaca29,6136,0
6137:0:0,component-6910cc8673478857,6137,2
6138:0:0,component-32e071a83f274469,6138,0
6139:0:0,component-e2227be2ef360d02,6139,2
613:0:0,component-7c6120730c2d3ce2,613,3
6140:0:0,component-a130a9b0782a7d28,6140,4
6140:2:0,component-a130a9b0782a7d28,6140,4
6141:0:0,component-d790c6874a53c8c9,6141,3
6141:0:1,component-d790c6874a53c8c9,6141,3
6142:0:0,component-6b7761b5342b4edd,6142,3
6143:0:0,component-d5b9c32ff5409f92,6143,3
6144:0:0,component-34ee33c21f27e6f6,6144,3
6145:0:0,component-9ec106eb0f4dd3d6,6145,4
6145:2:0,component-9ec106eb0f4dd3d6,6145,4
6146:1:0,component-2227263be6ba9a80,6146,2
6147:0:0,component-2635b64b10b09eaf,6147,0
6148:0:0,component-c6ffae4f3f4b6a58,6148,1
6148:2:0,component-c6ffae4f3f4b6a58,6148,1
6148:4:0,component-c6ffae4f3f4b6a58,6148,1
6148:6:0,component-c6ffae4f3f4b6a58,6148,1
6149:0:0,component-17f1543c1dd66b2f,6149,2
614:0:0,component-c4443304ac49bd3c,614,4
6150:0:0,component-3ee5024f01810d9e,6150,1
6150:0:1,component-3ee5024f01810d9e,6150,1
6151:0:0,component-8c94206a26930408,6151,0
6152:0:0,component-9890024976b24718,6152,3
6153:0:0,component-d87ed59d2c53cf03,6153,4
6154:0:0,component-4626d54a3d7a1014,6154,4
6155:0:0,component-79a97838d9626d6f,6155,3
6156:0:0,component-06c4cc16b21ed669,6156,1
6156:2:0,component-06c4cc16b21ed669,6156,1
6157:0:0,component-3fdb36b76fc8102c,6157,2
6158:0:0,component-9d0bc15913c7d973,6158,0
6159:0:0,component-4343bd6b8dc5ee57,6159,2
615:0:0,component-5f31cbb522dd4597,615,3
615:2:0,component-5f31cbb522dd4597,615,3
615:4:0,component-5f31cbb522dd4597,615,3
6160:0:0,component-cd75977de477b12c,6160,2
6161:0:0,component-917ba1a630521c7f,6161,3
6161:2:0,component-917ba1a630521c7f,6161,3
6162:0:0,component-d6f94c00ad260634,6162,3
6163:0:0,component-935b2f019a6f72d7,6163,0
6163:2:0,component-935b2f019a6f72d7,6163,0
6163:4:0,component-935b2f019a6f72d7,6163,0
6164:0:0,component-27ede1f738ea5d41,6164,3
6165:0:0,component-2d7b5607901b066e,6165,4
6166:0:0,component-df90973382bcaefa,6166,1
6167:0:0,component-db3ab0ae0cf48308,6167,4
6168:0:0,component-3443bf4c799dfc2b,6168,2
6169:0:0,component-9eac9872ced767af,6169,3
616:0:0,component-52c158cc299e2a5b,616,4
6170:1:0,component-ec02e86fb8b5ef52,6170,3
6170:3:0,component-ec02e86fb8b5ef52,6170,3
6171:0:0,component-8fbd4c1799a61705,6171,3
6172:0:0,component-6733c6e13fab04d1,6172,4
6173:0:0,component-d4bf2e61ac6ecf0c,6173,3
6173:2:0,component-d4bf2e61ac6ecf0c,6173,3
6174:0:0,component-862e491635e12b28,6174,2
6174:0:1,component-862e491635e12b28,6174,2
6175:0:0,component-e198553910d470b2,6175,4
6176:0:0,component-58daaf6e4227e992,6176,3
6177:0:0,component-f90cafb360216daf,6177,2
6177:2:0,component-f90cafb360216daf,6177,2
6177:4:0,component-f90cafb360216daf,6177,2
6178:0:0,component-52a8f5ab11c5e90a,6178,0
6178:2:0,component-52a8f5ab11c5e90a,6178,0
6179:0:0,component-2cc39de776711a45,6179,0
617:0:0,component-86c9b8dd06117b36,617,0
6180:1:0,component-c633913525ef1ecf,6180,0
6181:0:0,component-98221b867fe2d220,6181,4
6182:0:0,component-ed28daaadd9b69ec,6182,3
6183:0:0,component-c087246c5703e97b,6183,2
6184:0:0,component-7e49f7ce1ff54443,6184,0
6185:0:0,component-9b055099a19ff448,6185,0
6185:2:0,component-9b055099a19ff448,6185,0
6186:0:0,component-12eac9a449c9273c,6186,0
6187:0:0,component-4049cc4bfa3240ff,6187,3
6188:0:0,component-2a66da57f572ed56,6188,0
6189:0:0,component-8d100a3a915344b1,6189,4
618:1:0,component-de8b6f10603c2ec1,618,1
6190:0:0,component-f4cbda55012a0336,6190,4
6190:2:0,component-f4cbda55012a0336,6190,4
6191:0:0,component-374d26fb9ce3030a,6191,3
6192:0:0,component-7403aad04bcd736c,6192,4
6193:0:0,component-1a6442668f8e2799,6193,0
6194:0:0,component-55dd8307954c687b,6194,1
6195:0:0,component-a40f48ef452f060d,6195,2
6196:0:0,component-674a7ac364655e2c,6196,0
6197:0:0,component-4f1215f2a16c53a4,6197,4
6198:0:0,component-4727221bd2553d20,6198,3
6198:2:0,component-4727221bd2553d20,6198,3
6199:0:0,component-76d023243518fe1b,6199,2
6199:2:0,component-76d023243518fe1b,6199,2
619:0:0,component-4f7617e596d6f250,619,4
61:0:0,component-7867e72045a9c29e,61,3
6200:0:0,component-032d0242d9f2b017,6200,1
6201:0:0,component-73044083f0abae3c,6201,1
6202:0:0,component-d78a91806c78524d,6202,0
6203:0:0,component-d5752764079e74ed,6203,2
6203:2:0,component-d5752764079e74ed,6203,2
6203:4:0,component-d5752764079e74ed,6203,2
6203:6:0,component-d5752764079e74ed,6203,2
6204:0:0,component-9ab9f1540bcb4ad8,6204,3
6205:0:0,component-0a358cd2084b1333,6205,3
6206:0:0,component-5f9a40aa7dbed6b9,6206,4
6207:0:0,component-3377601b62e8c515,6207,0
6208:0:0,component-10d50b00d94da384,6208,1
6209:0:0,component-ec8e15ff713ca545,6209,3
620:0:0,component-e7fa83cbd3c32bda,620,1
620:0:1,component-e7fa83cbd3c32bda,620,1
620:2:0,component-e7fa83cbd3c32bda,620,1
6210:0:0,component-1c3fbff27d5638a1,6210,3
6211:0:0,component-6e0b98c56b8592fa,6211,3
6211:0:1,component-6e0b98c56b8592fa,6211,3
6212:0:0,component-f8b456810cf9590b,6212,1
6213:1:0,component-f737f4484722d724,6213,3
6214:0:0,component-7654404c053f92a8,6214,1
6215:0:0,component-cbb6e7292b60407a,6215,0
6216:0:0,component-609fd0c23f59a169,6216,2
6217:0:0,component-b7a906ed7418fbac,6217,0
6218:0:0,component-ee8fa537011dbf69,6218,4
6219:0:0,component-f8c831c3ac32399f,6219,0
621:0:0,component-af85893bea636d5a,621,0
621:2:0,component-af85893bea636d5a,621,0
6220:0:0,component-b6510a768d52c2a6,6220,2
6221:0:0,component-e801fcb63eb4ae57,6221,2
6222:0:0,component-797a7af5bbdf2141,6222,1
6223:0:0,component-089a9edea586238c,6223,3
6223:2:0,component-089a9edea586238c,6223,3
6224:0:0,component-04139c7421880b18,6224,4
6224:2:0,component-04139c7421880b18,6224,4
6225:0:0,component-c8d662ff68eb50bc,6225,0
6226:0:0,component-fbb59ebc8aa8dae7,6226,2
6227:0:0,component-e51a1ac9a251b000,6227,3
6228:0:0,component-d1224736636820e7,6228,4
6229:0:0,component-53097c53a9f702a9,6229,2
622:0:0,component-70ce2db75d60cbe4,622,0
6230:0:0,component-05b81f7dfe29d173,6230,1
6231:0:0,component-8444fd7339697675,6231,2
6232:0:0,component-3a5b83b49d9cf515,6232,0
6233:0:0,component-a8902cb6e097dd74,6233,2
6234:0:0,component-5523586a738606ff,6234,0
6235:0:0,component-e8d60067556a3e8a,6235,0
6236:0:0,component-f261b7697ee05282,6236,0
6237:0:0,component-da948507a8981427,6237,0
6238:0:0,component-31e2de3791a3d994,6238,4
6239:0:0,component-dc235584d03bc236,6239,3
623:0:0,component-bffdbd9025708643,623,2
623:2:0,component-bffdbd9025708643,623,2
623:4:0,component-bffdbd9025708643,623,2
6240:0:0,component-29a1e60b67409d75,6240,4
6241:0:0,component-3cfe1ef184897375,6241,2
6241:2:0,component-3cfe1ef184897375,6241,2
6241:4:0,component-3cfe1ef184897375,6241,2
6242:0:0,component-3e225bdfb34140f6,6242,4
6243:0:0,component-955f1ddc2948b153,6243,1
6243:10:0,component-955f1ddc2948b153,6243,1
6243:12:0,component-955f1ddc2948b153,6243,1
6243:14:0,component-955f1ddc2948b153,6243,1
6243:16:0,component-955f1ddc2948b153,6243,1
6243:2:0,component-955f1ddc2948b153,6243,1
6243:4:0,component-955f1ddc2948b153,6243,1
6243:6:0,component-955f1ddc2948b153,6243,1
6243:8:0,component-955f1ddc2948b153,6243,1
6244:0:0,component-916a4cd888b40034,6244,3
6245:0:0,component-0fa3866f02ddac16,6245,3
6246:0:0,component-38f1d922ca69af06,6246,2
6246:0:1,component-38f1d922ca69af06,6246,2
6246:2:0,component-38f1d922ca69af06,6246,2
6247:0:0,component-fb96f1c3d9f44980,6247,4
6248:0:0,component-6cfb5e13a86ed512,6248,0
6248:2:0,component-6cfb5e13a86ed512,6248,0
6248:4:0,component-6cfb5e13a86ed512,6248,0
6249:0:0,component-deba900b9921b041,6249,4
6249:2:0,component-deba900b9921b041,6249,4
624:0:0,component-93eb1cef33a3dca3,624,4
6250:0:0,component-758b744b97110810,6250,1
6251:0:0,component-d0319ff33006a3ab,6251,1
6252:0:0,component-29acfdc07248b018,6252,0
6252:2:0,component-29acfdc07248b018,6252,0
6253:0:0,component-4adfc235f3d44bf8,6253,3
6253:2:0,component-4adfc235f3d44bf8,6253,3
6254:0:0,component-c0abe600aa468beb,6254,4
6255:0:0,component-9708e467154cafd9,6255,4
6255:2:0,component-9708e467154cafd9,6255,4
6256:0:0,component-3d4016d829d404fe,6256,2
6257:0:0,component-ba7f0b26516df08c,6257,1
6258:0:0,component-5f0efb562e8f127e,6258,3
6259:0:0,component-fb6899688a1457c8,6259,3
625:1:0,component-eb8e51052e3ae4cb,625,1
6260:0:0,component-57b108d2f88fc1d0,6260,4
6261:0:0,component-d840e5a0faf773a6,6261,1
6262:0:0,component-0652c2b4ef260d8d,6262,4
6263:0:0,component-a20ce79a4f4ade6c,6263,0
6264:0:0,component-57cd5414f09cd4a3,6264,1
6265:0:0,component-3d77d9a56d45c236,6265,4
6266:0:0,component-abffb67f0086d8ad,6266,0
6267:0:0,component-b6bee903bc882d85,6267,2
6267:2:0,component-b6bee903bc882d85,6267,2
6268:0:0,component-6bd2974087eedf2a,6268,3
6269:0:0,component-0bfc64040dec72df,6269,1
6269:2:0,component-0bfc64040dec72df,6269,1
6269:4:0,component-0bfc64040dec72df,6269,1
626:0:0,component-11aa4a97c9ae92ac,626,4
6270:0:0,component-7e1e3eb9b18653d7,6270,2
6271:0:0,component-7ccdf0ba1faf571e,6271,0
6272:0:0,component-b52be7b3c9849aa2,6272,1
6273:0:0,component-814972e9c870e728,6273,1
6274:0:0,component-d77e7bed965e6572,6274,0
6275:0:0,component-aaa3f4533332ff5e,6275,0
6275:0:1,component-aaa3f4533332ff5e,6275,0
6275:0:2,component-aaa3f4533332ff5e,6275,0
6275:0:3,component-aaa3f4533332ff5e,6275,0
6276:0:0,component-6a96d561addade83,6276,3
6277:0:0,component-3e950eb91e4af0ef,6277,1
6278:0:0,component-3343e72ef8c9db9a,6278,3
6279:0:0,component-7472d42e01c2a462,6279,4
6279:2:0,component-7472d42e01c2a462,6279,4
627:0:0,component-c641667baf890858,627,0
6280:0:0,component-6d3cf55cf468cf41,6280,4
6281:0:0,component-6f3c421b4a5fd1ef,6281,1
6281:2:0,component-6f3c421b4a5fd1ef,6281,1
6282:0:0,component-ade6d8b0b0d7d9ad,6282,2
6283:0:0,component-3d3d750bf6f3c3ac,6283,1
6284:0:0,component-eb98964a85dc334d,6284,1
6284:2:0,component-eb98964a85dc334d,6284,1
6285:0:0,component-cdd23b3bb885585d,6285,2
6286:0:0,component-16a2cf6b2a60211e,6286,3
6287:0:0,component-b6966d2b233824ce,6287,1
6288:0:0,component-dbc654cc5534e086,6288,2
6289:0:0,component-8903e6956ef1bfd6,6289,0
628:0:0,component-c051067017dc6512,628,4
6290:0:0,component-fa64ea7c9458f53c,6290,3
6291:0:0,component-3603c32225cd8400,6291,3
6292:0:0,component-346eb57e9e8beb72,6292,3
6293:0:0,component-4905c3e9ab309b7c,6293,4
6294:0:0,component-ec371b8a6d9af8dc,6294,2
6295:0:0,component-cdf34810637b5959,6295,2
6296:0:0,component-4f01b965f76d4f27,6296,3
6296:2:0,component-4f01b965f76d4f27,6296,3
6297:0:0,component-b5c7da4a0bd3587c,6297,2
6298:0:0,component-95925a5e6d1e1a8d,6298,1
6299:0:0,component-69b60d9c9da4c15f,6299,2
629:0:0,component-43962cfadc9f7528,629,1
62:0:0,component-5beb2a201956e740,62,1
62:2:0,component-5beb2a201956e740,62,1
6300:0:0,component-025594c65a282502,6300,1
6300:2:0,component-025594c65a282502,6300,1
6301:0:0,component-0cdf1832d71d646b,6301,2
6302:0:0,component-6cc3fad106bbc396,6302,4
6303:0:0,component-0005f52c2dcb2688,6303,2
6303:2:0,component-0005f52c2dcb2688,6303,2
6304:0:0,component-ddb182819c0cbc25,6304,0
6305:0:0,component-fe49d24c1dec29a6,6305,2
6305:0:1,component-fe49d24c1dec29a6,6305,2
6305:2:0,component-fe49d24c1dec29a6,6305,2
6306:0:0,component-8ff5263b2cdc0630,6306,3
6307:1:0,component-8e08a2eefa9e12a9,6307,0
6307:3:0,component-8e08a2eefa9e12a9,6307,0
6307:5:0,component-8e08a2eefa9e12a9,6307,0
6308:0:0,component-11f06c55989e1432,6308,0
6308:2:0,component-11f06c55989e1432,6308,0
6308:4:0,component-11f06c55989e1432,6308,0
6309:0:0,component-1d3e4e0b3e46e692,6309,3
6309:2:0,component-1d3e4e0b3e46e692,6309,3
630:0:0,component-38153dcdcbc75c30,630,1
6310:1:0,component-e161e1b77d2d2106,6310,3
6311:0:0,component-3e5c888cb2fa03c4,6311,0
6312:0:0,component-b88b307b0f0ca44c,6312,4
6313:0:0,component-107e8372aec42de9,6313,3
6314:0:0,component-01ccd6ecd4c8bd66,6314,4
6314:2:0,component-01ccd6ecd4c8bd66,6314,4
6315:0:0,component-ce73ae56e3d22742,6315,2
6316:0:0,component-9a9aa7a1ff27ce3b,6316,0
6316:2:0,component-9a9aa7a1ff27ce3b,6316,0
6317:0:0,component-0a32f6824f089443,6317,1
6318:0:0,component-607631d9ed62e601,6318,1
6319:0:0,component-535c09b004db49b2,6319,2
631:0:0,component-17b237383cc027de,631,3
6320:0:0,component-2d558fdcf65765a5,6320,0
6321:0:0,component-1b4d70edaa2fb3ad,6321,1
6322:0:0,component-5e12443ad89f79a2,6322,1
6323:0:0,component-f91836ac267c0d34,6323,3
6323:2:0,component-f91836ac267c0d34,6323,3
6324:0:0,component-824590dad8114e27,6324,1
6325:0:0,component-664f67af2585f70d,6325,0
6326:0:0,component-54ae589192d4c5ea,6326,4
6326:2:0,component-54ae589192d4c5ea,6326,4
6326:4:0,component-54ae589192d4c5ea,6326,4
6327:0:0,component-14bcb34cf95515c9,6327,1
6328:0:0,component-aa7294a8b867aa41,6328,1
6329:0:0,component-23d77e34eb9744cd,6329,2
6329:2:0,component-23d77e34eb9744cd,6329,2
632:0:0,component-4f38f3b8a67a59d9,632,0
632:0:1,component-4f38f3b8a67a59d9,632,0
632:2:0,component-4f38f3b8a67a59d9,632,0
632:4:0,component-4f38f3b8a67a59d9,632,0
6330:0:0,component-a8cecc9814b2f090,6330,2
6330:2:0,component-a8cecc9814b2f090,6330,2
6331:0:0,component-cdf5b5a2fb7feb63,6331,3
6332:0:0,component-653e678551a3754e,6332,0
6333:0:0,component-ebe827af70876b9f,6333,0
6334:0:0,component-e62d130d3c61fa77,6334,2
6335:0:0,component-60d755462bb48f47,6335,1
6336:0:0,component-94606abed637207f,6336,2
6337:0:0,component-ba5c105b67580ca9,6337,2
6338:0:0,component-6326a7b41d29385f,6338,0
6339:0:0,component-42c6cd2f068eb027,6339,0
633:0:0,component-03091564bc33e25f,633,1
633:2:0,component-03091564bc33e25f,633,1
633:4:0,component-03091564bc33e25f,633,1
633:6:0,component-03091564bc33e25f,633,1
6340:0:0,component-70cac43e0f3c7679,6340,2
6341:0:0,component-b966e45fbe38aba7,6341,1
6341:2:0,component-b966e45fbe38aba7,6341,1
6341:2:1,component-b966e45fbe38aba7,6341,1
6341:4:0,component-b966e45fbe38aba7,6341,1
6341:6:0,component-b966e45fbe38aba7,6341,1
6342:0:0,component-46dd3e8d9b929413,6342,1
6343:0:0,component-59a62a0105e6716f,6343,0
6344:0:0,component-f0afd3a0b01e1bba,6344,2
6345:0:0,component-cddeaa2bf1d43514,6345,2
6345:2:0,component-cddeaa2bf1d43514,6345,2
6346:0:0,component-34f8e70ac1a376af,6346,2
6346:2:0,component-34f8e70ac1a376af,6346,2
6347:0:0,component-476455a4f65081dd,6347,0
6348:0:0,component-16930fedd7acc2d3,6348,3
6348:2:0,component-16930fedd7acc2d3,6348,3
6348:4:0,component-16930fedd7acc2d3,6348,3
6349:0:0,component-cf760775c5605373,6349,0
634:0:0,component-1ae83c2f349b26c4,634,2
6350:0:0,component-e6aca0c346866c9f,6350,1
6351:0:0,component-de903bdb24c2d6b8,6351,2
6351:2:0,component-de903bdb24c2d6b8,6351,2
6352:0:0,component-fd13b2294fc82dfa,6352,1
6353:0:0,component-ad5f3876894da577,6353,2
6354:0:0,component-76c26efd8412942a,6354,0
6354:2:0,component-76c26efd8412942a,6354,0
6355:0:0,component-e12ca6dde6725a23,6355,3
6355:2:0,component-e12ca6dde6725a23,6355,3
6356:0:0,component-005f7716a1c62837,6356,3
6357:0:0,component-be147882434b9e7f,6357,2
6358:0:0,component-0973c6322f8fce5e,6358,3
6358:2:0,component-0973c6322f8fce5e,6358,3
6359:0:0,component-9c15bfb919ef9092,6359,3
635:0:0,component-62949138694aac44,635,3
635:2:0,component-62949138694aac44,635,3
6360:0:0,component-c91b2ddf2d31fb47,6360,3
6361:0:0,component-00e26074d37b391a,6361,0
6362:0:0,component-49c1ff1be9614572,6362,4
6363:0:0,component-00367cb94316677a,6363,1
6364:0:0,component-e491a2638b4d0c04,6364,2
6365:0:0,component-7b3306b874618edd,6365,3
6366:0:0,component-ebace10fe6227beb,6366,3
6367:0:0,component-dd82a4811bf4f1a5,6367,0
6368:0:0,component-65cf40ca8da8032d,6368,1
6369:0:0,component-cfda06bcaf95f057,6369,4
636:1:0,component-9a4b47ae5b7207f5,636,4
6370:0:0,component-a812c7016aabe094,6370,3
6371:0:0,component-e76306dc964f59fd,6371,0
6372:0:0,component-4d355ab19954d656,6372,2
6373:0:0,component-7093865cc9e0a903,6373,3
6374:0:0,component-aac50ccd0a2c7f56,6374,1
6375:0:0,component-2682a77b66d04252,6375,2
6375:2:0,component-2682a77b66d04252,6375,2
6376:0:0,component-3883b3deca5b4a7b,6376,4
6377:0:0,component-ead3656fab705ec0,6377,2
6378:0:0,component-93cbcab7eaac21da,6378,0
6378:0:1,component-93cbcab7eaac21da,6378,0
6379:0:0,component-62f88736c3698f5b,6379,0
637:0:0,component-c30823bae7b45919,637,1
6380:0:0,component-e34ac55c0bcea7a0,6380,0
6380:2:0,component-e34ac55c0bcea7a0,6380,0
6381:0:0,component-72261d99a2922ec0,6381,2
6382:0:0,component-82b1ba35918f5e8c,6382,1
6383:0:0,component-7823ed9799347479,6383,3
6384:0:0,component-77fa9ad71bc579e5,6384,3
6385:0:0,component-6dcfcb56c77d6f38,6385,3
6385:0:1,component-6dcfcb56c77d6f38,6385,3
6386:0:0,component-0a7a577a1be86059,6386,2
6387:0:0,component-b98331b92ab6d68f,6387,2
6388:1:0,component-5121ec09de9d0017,6388,0
6388:3:0,component-5121ec09de9d0017,6388,0
6389:0:0,component-7c1fc7e8c95356b3,6389,2
6389:2:0,component-7c1fc7e8c95356b3,6389,2
638:0:0,component-409341689ea410ef,638,0
6390:0:0,component-f3047ba554d160ab,6390,0
6391:0:0,component-201e2844c5a9332b,6391,2
6392:0:0,component-531928d39ea41c88,6392,2
6393:0:0,component-69512e08b108253d,6393,3
6393:0:1,component-69512e08b108253d,6393,3
6393:2:0,component-69512e08b108253d,6393,3
6394:0:0,component-9491a41a5969748d,6394,4
6395:0:0,component-9ba2c147c09483b9,6395,4
6396:0:0,component-98fa339f1508a52f,6396,1
6396:2:0,component-98fa339f1508a52f,6396,1
6397:0:0,component-8541397e3f3c047a,6397,3
6398:0:0,component-8751decb088267be,6398,4
6399:0:0,component-446b18790a309810,6399,0
639:0:0,component-33d1c33f539cf0b7,639,4
63:1:0,component-d218d7ad5d3dfb0b,63,3
6400:0:0,component-6598690c14e0609a,6400,1
6401:0:0,component-346843864c58db65,6401,0
6402:0:0,component-fcc171cfe28c858a,6402,3
6403:0:0,component-fb127af689e35d3f,6403,1
6404:0:0,component-a0f94e363f5d2491,6404,0
6404:2:0,component-a0f94e363f5d2491,6404,0
6404:4:0,component-a0f94e363f5d2491,6404,0
6405:0:0,component-bc947bd92f65db51,6405,0
6405:2:0,component-bc947bd92f65db51,6405,0
6406:1:0,component-d48456242328c063,6406,3
6407:1:0,component-c7ca30ea9bd91f57,6407,3
6409:0:0,component-89786f04b9c15dc3,6409,0
640:0:0,component-7f5dd3d435ed7518,640,4
6410:1:0,component-4555573bbf05f0f3,6410,1
6411:0:0,component-adf4d741f6936645,6411,0
6412:0:0,component-c1dc60dfd9652ca0,6412,2
6413:0:0,component-fc2d5350c31b84f8,6413,0
6413:0:1,component-fc2d5350c31b84f8,6413,0
6414:0:0,component-4aaf918baa1b33b7,6414,0
6414:2:0,component-4aaf918baa1b33b7,6414,0
6415:0:0,component-aea2a8c982c32e88,6415,4
6416:0:0,component-a73531e9c4ad5d47,6416,3
6417:0:0,component-08efead0c7393b8c,6417,1
6418:0:0,component-e60836ccb2878450,6418,1
6419:0:0,component-e9052b6a7b9401fa,6419,1
641:0:0,component-a9e5c6104d7cf697,641,2
641:2:0,component-a9e5c6104d7cf697,641,2
641:4:0,component-a9e5c6104d7cf697,641,2
6420:0:0,component-71dc8e8da99f7391,6420,1
6421:0:0,component-56e90a21ef65d3be,6421,2
6422:0:0,component-8479a66c3a74466d,6422,3
6423:0:0,component-7bfacae072d1c61d,6423,0
6424:0:0,component-270ebaa1ba4a3a91,6424,2
6425:0:0,component-211f32143aae7608,6425,3
6426:0:0,component-b7d56e06aa49ba09,6426,0
6427:0:0,component-6d49d5c1f2c14cd3,6427,4
6428:0:0,component-807ecbd83a3d517a,6428,4
6429:0:0,component-e362faf76bdd8c49,6429,4
642:0:0,component-2b0fced21f83ac43,642,1
6430:0:0,component-55f045d4b5010886,6430,3
6431:0:0,component-de69969b341ab330,6431,0
6432:0:0,component-da5f625a61bc963a,6432,1
6433:0:0,component-97ec0bc1477228ee,6433,4
6434:0:0,component-08859338242fb0fe,6434,1
6435:0:0,component-5f6a84c0421d86db,6435,3
6435:2:0,component-5f6a84c0421d86db,6435,3
6436:1:0,component-f3d8f444ad2f877e,6436,1
6437:0:0,component-c0b33825edaa53ca,6437,4
6438:0:0,component-e2fe85e4ced2b5a9,6438,0
6439:0:0,component-ebc5dc4aaff73f45,6439,0
643:0:0,component-6e86a8a05cd6da3f,643,4
6440:0:0,component-27b1742161aa8ded,6440,3
6441:1:0,component-bf0369e7ffd5868e,6441,4
6442:0:0,component-e5b9b0bcc4dbfc0e,6442,1
6443:0:0,component-ffebe07fea95fc70,6443,1
6444:0:0,component-a8d781be7ba27ba5,6444,4
6445:0:0,component-457f555d04fe6e2a,6445,1
6446:0:0,component-a54d8ed6868e9fe1,6446,4
6447:0:0,component-f9592e1e799770f1,6447,2
6448:0:0,component-2eb2ad987ce98cf5,6448,2
6449:0:0,component-bbecca6d7ce63036,6449,2
644:0:0,component-806d83e6a54051ae,644,2
6450:0:0,component-ea74d6bba82d7e65,6450,2
6451:0:0,component-465ec02925053187,6451,1
6452:0:0,component-7bbec7f207da901d,6452,4
6453:0:0,component-eab8f7af05a344d5,6453,1
6453:0:1,component-eab8f7af05a344d5,6453,1
6454:0:0,component-dbf42acac19c68f2,6454,2
6455:0:0,component-1ac29cf137449a9a,6455,4
6456:0:0,component-733b195dda95c5c3,6456,2
6457:0:0,component-7507c6c8e2d4772e,6457,1
6458:0:0,component-093fa2e2bedb1de4,6458,4
6459:0:0,component-231f393de73e4446,6459,2
645:0:0,component-ca50461ed1b8b6d8,645,0
6460:0:0,component-20132245512503ef,6460,3
6460:2:0,component-20132245512503ef,6460,3
6461:0:0,component-b98242ad9206bf7f,6461,1
6462:0:0,component-e30362f05b5369ce,6462,2
6462:2:0,component-e30362f05b5369ce,6462,2
6462:4:0,component-e30362f05b5369ce,6462,2
6463:0:0,component-3defe6afd8aae647,6463,3
6464:0:0,component-11bbfba1b6a1d491,6464,1
6465:0:0,component-9e7bf26048b7129a,6465,0
6466:0:0,component-16fdc20592c7e963,6466,4
6467:0:0,component-b80a0c356cb8fe50,6467,0
6467:2:0,component-b80a0c356cb8fe50,6467,0
6467:4:0,component-b80a0c356cb8fe50,6467,0
6468:0:0,component-268d65ab606d3e4e,6468,4
6469:0:0,component-00367a4873a9b838,6469,3
646:0:0,component-c375c0c71bfabe09,646,2
6470:0:0,component-603604667e82b678,6470,0
6471:1:0,component-cfcfef1c0b1d4618,6471,0
6471:3:0,component-cfcfef1c0b1d4618,6471,0
6472:0:0,component-7ed60aa982cb11d1,6472,0
6472:2:0,component-7ed60aa982cb11d1,6472,0
6472:4:0,component-7ed60aa982cb11d1,6472,0
6473:0:0,component-e04c07cb4b14751f,6473,3
6474:0:0,component-fd30f6f7cc0b7e0c,6474,4
6474:2:0,component-fd30f6f7cc0b7e0c,6474,4
6474:4:0,component-fd30f6f7cc0b7e0c,6474,4
6475:0:0,component-06f6c062410a8d85,6475,4
6476:0:0,component-ec7eccc6d8f4a036,6476,2
6477:0:0,component-2b737e265ae499cc,6477,0
6478:0:0,component-f9a8f1924a146a35,6478,2
6479:0:0,component-fb9d71d9a4bb024a,6479,0
6479:2:0,component-fb9d71d9a4bb024a,6479,0
647:0:0,component-9d2c470904cef0d8,647,0
6480:0:0,component-12dc8b5be0d6c5d3,6480,4
6480:2:0,component-12dc8b5be0d6c5d3,6480,4
6481:0:0,component-b2b94ef57cd89eda,6481,1
6481:0:1,component-b2b94ef57cd89eda,6481,1
6481:2:0,component-b2b94ef57cd89eda,6481,1
6482:0:0,component-eb2beb1402570b92,6482,2
6482:2:0,component-eb2beb1402570b92,6482,2
6483:0:0,component-788a39e79b10821d,6483,0
6483:2:0,component-788a39e79b10821d,6483,0
6483:4:0,component-788a39e79b10821d,6483,0
6484:0:0,component-0af2dbd741d3355a,6484,3
6485:0:0,component-aef0b1ff0700ccdd,6485,1
6486:0:0,component-3ca816ccc02691c6,6486,0
6486:2:0,component-3ca816ccc02691c6,6486,0
6487:0:0,component-b031b6bf3f9e5099,6487,0
6487:0:1,component-b031b6bf3f9e5099,6487,0
6488:0:0,component-1d5e9c6adfa92f76,6488,3
6489:0:0,component-edd9b3160c8bbc60,6489,1
648:0:0,component-4ef6dba3ad49fa31,648,3
6490:0:0,component-051b03c808c282ac,6490,4
6491:0:0,component-68d4fee94a1ab3d2,6491,3
6492:0:0,component-341afccab7a9f683,6492,0
6492:2:0,component-341afccab7a9f683,6492,0
6493:0:0,component-6a11d61bf3e791c5,6493,3
6494:0:0,component-fc5012ae54999877,6494,1
6495:0:0,component-536bbfe5a3a10b7a,6495,4
6496:0:0,component-e71c8562e2bd8e78,6496,4
6497:0:0,component-da78c9e2569131a7,6497,0
6497:10:0,component-da78c9e2569131a7,6497,0
6497:2:0,component-da78c9e2569131a7,6497,0
6497:4:0,component-da78c9e2569131a7,6497,0
6497:6:0,component-da78c9e2569131a7,6497,0
6497:8:0,component-da78c9e2569131a7,6497,0
6498:0:0,component-3ebf70b65d0df6e4,6498,0
649:0:0,component-4a760e9228b5ab33,649,0
649:2:0,component-4a760e9228b5ab33,649,0
64:0:0,component-f8573f707741e74e,64,1
6500:0:0,component-071b5718a79d5b40,6500,1
6500:2:0,component-071b5718a79d5b40,6500,1
6501:0:0,component-593e4b9ef3327d9d,6501,2
6502:0:0,component-e8995b8dad986fc4,6502,4
6503:0:0,component-3e390fe19dfd34c6,6503,1
6504:0:0,component-9e00a39301e4ce0f,6504,1
6504:2:0,component-9e00a39301e4ce0f,6504,1
6505:0:0,component-570aa058143d092b,6505,1
6506:0:0,component-476fbb81244443f1,6506,1
6507:0:0,component-c946736ae4e424db,6507,4
6508:0:0,component-44c12be70e228aeb,6508,3
6509:0:0,component-aa3f924e299cfc37,6509,4
6510:0:0,component-4e6c3d4fe4ea4972,6510,1
6511:0:0,component-b60b7814c7834558,6511,4
6512:0:0,component-ab87b7fa845f0b4d,6512,4
6513:0:0,component-ac043e78f6e113d1,6513,2
6514:0:0,component-431a54616b73527e,6514,1
6515:0:0,component-9c7af22c0ec8a1b8,6515,3
6516:0:0,component-8c92843619c2b947,6516,1
6516:2:0,component-8c92843619c2b947,6516,1
6516:4:0,component-8c92843619c2b947,6516,1
6517:0:0,component-8375d4a302f38e11,6517,2
6518:0:0,component-8669f7a5ef3ee8d4,6518,1
6519:0:0,component-955f1ddc2948b153,6519,1
6519:2:0,component-955f1ddc2948b153,6519,1
651:0:0,component-fe6fdfddd53a2356,651,4
6520:0:0,component-987a0822eec78647,6520,3
6520:2:0,component-987a0822eec78647,6520,3
6520:4:0,component-987a0822eec78647,6520,3
6520:6:0,component-987a0822eec78647,6520,3
6521:0:0,component-7709d007880d3d59,6521,1
6522:0:0,component-f0fff41599cb8b40,6522,2
6523:0:0,component-049ed95ba8079176,6523,1
6524:0:0,component-c7cc3a23a55cdb3b,6524,4
6524:2:0,component-c7cc3a23a55cdb3b,6524,4
6525:0:0,component-1230c2f7b63e1b97,6525,0
6525:2:0,component-1230c2f7b63e1b97,6525,0
6526:0:0,component-9361ec52a8a91687,6526,2
6526:2:0,component-9361ec52a8a91687,6526,2
6526:4:0,component-9361ec52a8a91687,6526,2
6527:0:0,component-9a2f475331bee00e,6527,4
6528:0:0,component-706d2f3173a50b7a,6528,3
6529:0:0,component-292d5edfbb11b769,6529,4
652:0:0,component-ee20cc7b7871cc88,652,3
652:2:0,component-ee20cc7b7871cc88,652,3
6530:0:0,component-d27d2c8bfb91b697,6530,3
6531:0:0,component-c05d1606030b3281,6531,4
6531:2:0,component-c05d1606030b3281,6531,4
6532:0:0,component-a1c07b9594652b0a,6532,3
6533:0:0,component-68b86dde408387c2,6533,0
6533:2:0,component-68b86dde408387c2,6533,0
6534:0:0,component-4a92d7f3655c0b7f,6534,1
6534:2:0,component-4a92d7f3655c0b7f,6534,1
6534:4:0,component-4a92d7f3655c0b7f,6534,1
6535:0:0,component-a9441297e1a33ba7,6535,0
6536:0:0,component-6c7eef5029a525ed,6536,3
6536:2:0,component-6c7eef5029a525ed,6536,3
6537:0:0,component-16431837bc82dbb4,6537,4
6538:0:0,component-552bc26dc1baa8d1,6538,4
6539:0:0,component-760cabca457ec8d8,6539,0
653:0:0,component-edb70fc97228f21b,653,3
6540:0:0,component-b6bf85e660377d8b,6540,4
6541:0:0,component-80d7542490941798,6541,0
6542:0:0,component-2efe9acc2dcdc17a,6542,3
6543:0:0,component-79a7e249c74e6b62,6543,0
6544:0:0,component-4d8126472f691cdb,6544,0
6544:2:0,component-4d8126472f691cdb,6544,0
6545:0:0,component-5da578b8ccf231ad,6545,1
6546:0:0,component-8334f0f3c7f2e851,6546,2
6547:0:0,component-a2020fb80d8740f2,6547,0
6548:0:0,component-27730eac8fa54472,6548,2
6549:0:0,component-685c29400af2e9bd,6549,2
654:0:0,component-2ad59f560cc5690b,654,0
6550:0:0,component-5879b8d2e8857d97,6550,4
6550:2:0,component-5879b8d2e8857d97,6550,4
6551:0:0,component-f3d86d2987728a21,6551,4
6552:0:0,component-71508c2482eafb3e,6552,1
6553:0:0,component-21e2542692f5f899,6553,2
6553:0:1,component-21e2542692f5f899,6553,2
6553:2:0,component-21e2542692f5f899,6553,2
6554:0:0,component-7a8d6df221dcfa83,6554,4
6554:2:0,component-7a8d6df221dcfa83,6554,4
6555:0:0,component-df18de594765ed2f,6555,2
6556:0:0,component-b13e40f1b86bae58,6556,1
6557:0:0,component-7f20c65fa18d5024,6557,3
6557:2:0,component-7f20c65fa18d5024,6557,3
6558:0:0,component-fd46c28c25853b2e,6558,2
6559:1:0,component-a1b8b4a408967c97,6559,0
6559:3:0,component-a1b8b4a408967c97,6559,0
655:0:0,component-5d3fc716c69ada22,655,3
6560:0:0,component-430b10254f9f243d,6560,4
6560:2:0,component-430b10254f9f243d,6560,4
6561:0:0,component-03b3cebdb8ccd1a4,6561,1
6562:0:0,component-00349be5d7443c95,6562,3
6562:2:0,component-00349be5d7443c95,6562,3
6563:0:0,component-06dc004409e01479,6563,4
6563:2:0,component-06dc004409e01479,6563,4
6564:0:0,component-2f00f8480a1cdccb,6564,3
6564:2:0,component-2f00f8480a1cdccb,6564,3
6565:0:0,component-0dbe745da2fbea5f,6565,3
6566:0:0,component-a2bb526b5d91e313,6566,1
6567:0:0,component-1ba45b9cada1ed40,6567,1
6567:2:0,component-1ba45b9cada1ed40,6567,1
6568:0:0,component-4f9d5109e21c4c15,6568,3
6569:0:0,component-aba1d7c5eeeee67f,6569,0
656:0:0,component-1ffc0cbb15169955,656,4
6570:0:0,component-204c80fb6687e7e8,6570,0
6571:0:0,component-e44be172e83ce6fc,6571,3
6572:0:0,component-52f84f9ca61b86b7,6572,2
6573:0:0,component-39d6936735fd7f7b,6573,3
6574:0:0,component-e408b47f442f23cf,6574,0
6574:0:1,component-e408b47f442f23cf,6574,0
6575:0:0,component-cd42512689937b85,6575,1
6575:2:0,component-cd42512689937b85,6575,1
6575:4:0,component-cd42512689937b85,6575,1
6576:0:0,component-7b5c9ddfd5f81be0,6576,1
6577:0:0,component-74832dd13786cb27,6577,4
6577:2:0,component-74832dd13786cb27,6577,4
6578:0:0,component-3a1562c5504a5f14,6578,2
6578:2:0,component-3a1562c5504a5f14,6578,2
6579:0:0,component-86e2801c347c79ce,6579,2
657:0:0,component-0f9167a12d40c89a,657,4
657:2:0,component-0f9167a12d40c89a,657,4
657:4:0,component-0f9167a12d40c89a,657,4
6580:0:0,component-65531f16b41993ed,6580,2
6581:0:0,component-0a8952c78a74353c,6581,3
6581:2:0,component-0a8952c78a74353c,6581,3
6582:0:0,component-48ef22f82216004f,6582,3
6583:0:0,component-2d600cf77f03cb30,6583,0
6584:0:0,component-eb3005912c6a43ef,6584,1
6585:0:0,component-1dc748e59e13057a,6585,1
6586:0:0,component-2d938225013de353,6586,0
6587:0:0,component-ddfb6bf51b83cad9,6587,2
6588:0:0,component-7e488d93138a26b4,6588,2
6589:0:0,component-621dde0d1ca933bb,6589,2
658:0:0,component-8520373a9573d3b3,658,4
6590:0:0,component-2823a3d336165378,6590,2
6591:0:0,component-12658d7063108b44,6591,1
6592:0:0,component-db0d09fab4fee122,6592,4
6592:2:0,component-db0d09fab4fee122,6592,4
6592:4:0,component-db0d09fab4fee122,6592,4
6593:0:0,component-87719895fd15af3f,6593,4
6594:1:0,component-370cb1475357ff46,6594,3
6594:3:0,component-370cb1475357ff46,6594,3
6595:0:0,component-d54f713155287a0b,6595,2
6596:0:0,component-8589c96c96f94975,6596,3
6597:0:0,component-8777b3d99ff53026,6597,4
6598:0:0,component-be720bfea9bc38d8,6598,1
6599:0:0,component-438fec504aaafcb0,6599,1
659:0:0,component-c18f705cd17df6c7,659,1
65:0:0,component-cbba87b2ecb75f20,65,2
65:2:0,component-cbba87b2ecb75f20,65,2
65:4:0,component-cbba87b2ecb75f20,65,2
6600:0:0,component-008c18bb435e1c5e,6600,3
6601:0:0,component-65b6fe402b4e68ba,6601,4
6602:0:0,component-9b47ec1b864aa6b9,6602,4
6603:0:0,component-1dbfb1cd0ccab28d,6603,3
6603:2:0,component-1dbfb1cd0ccab28d,6603,3
6603:2:1,component-1dbfb1cd0ccab28d,6603,3
6604:0:0,component-9633fb9aa8df57bb,6604,2
6604:2:0,component-9633fb9aa8df57bb,6604,2
6605:0:0,component-f5170fb431ea5cfa,6605,4
6606:0:0,component-52e701ad27ee9780,6606,2
6607:0:0,component-657da6f5f3ea7494,6607,2
6608:0:0,component-b26376b0452b727b,6608,2
6609:0:0,component-806a54366e42080b,6609,3
660:0:0,component-5e158d7d5ae36d75,660,3
6610:0:0,component-2090288675a90c1b,6610,3
6611:0:0,component-b22a017e6404a2bb,6611,1
6612:0:0,component-906dce9de3274b7a,6612,4
6613:0:0,component-d3f93d738671b719,6613,4
6614:0:0,component-1e14848f87c77911,6614,2
6614:2:0,component-1e14848f87c77911,6614,2
6615:0:0,component-81aba3d2700a053c,6615,4
6615:2:0,component-81aba3d2700a053c,6615,4
6615:4:0,component-81aba3d2700a053c,6615,4
6615:6:0,component-81aba3d2700a053c,6615,4
6616:0:0,component-50876d1b383039d9,6616,2
6617:0:0,component-a14f911b7ea5742d,6617,3
6618:0:0,component-09f29a6319cd5e5c,6618,1
6618:2:0,component-09f29a6319cd5e5c,6618,1
6619:0:0,component-e1ea933d6fa1b108,6619,2
6619:2:0,component-e1ea933d6fa1b108,6619,2
6619:4:0,component-e1ea933d6fa1b108,6619,2
661:0:0,component-388d6f96750d56e3,661,0
6620:0:0,component-b0e40e9ce11bb3a6,6620,4
6621:0:0,component-3f37e18258cd06b2,6621,0
6621:2:0,component-3f37e18258cd06b2,6621,0
6622:0:0,component-ee4235eeedb72323,6622,1
6623:0:0,component-0d6f1045ea740c02,6623,0
6624:0:0,component-6b01a7410e3af93b,6624,3
6625:0:0,component-790b7fb75564ee9e,6625,2
6626:0:0,component-dc1edd18c24473f5,6626,0
6626:2:0,component-dc1edd18c24473f5,6626,0
6627:0:0,component-24e2c48d6146bb4b,6627,1
6628:0:0,component-e4f49e98f367cf7b,6628,4
6629:0:0,component-eefe1449219498e9,6629,3
662:0:0,component-ff7c055a6cf1016d,662,0
662:2:0,component-ff7c055a6cf1016d,662,0
6630:0:0,component-d3285585612752c4,6630,0
6631:0:0,component-99544b2560b07bf6,6631,4
6632:0:0,component-bb41880ac388576f,6632,4
6632:2:0,component-bb41880ac388576f,6632,4
6633:0:0,component-683c60cd9d45db23,6633,3
6634:0:0,component-b92990d8887a3ad7,6634,3
6635:0:0,component-0ce823e3bf3061b5,6635,1
6635:0:1,component-0ce823e3bf3061b5,6635,1
6636:0:0,component-a161e20c4cf636b8,6636,2
6637:0:0,component-1ca9bad1b9cda75a,6637,4
6638:0:0,component-99ee2ff2f686b364,6638,0
6639:0:0,component-89584e0b2eafc7bd,6639,4
663:0:0,component-9b09df906374beea,663,2
6640:0:0,component-6a4189c9d1c6a829,6640,3
6640:2:0,component-6a4189c9d1c6a829,6640,3
6641:0:0,component-78a2899970ec3e97,6641,2
6642:0:0,component-67376a221b19e62d,6642,4
6643:0:0,component-9210646d94ebb20d,6643,3
6644:0:0,component-ff954f00b813fd7b,6644,1
6645:0:0,component-f8ee322b7312171c,6645,0
6646:0:0,component-f23c27f5b3bd429d,6646,2
6647:0:0,component-4ff67f9ad1e78b36,6647,3
6647:2:0,component-4ff67f9ad1e78b36,6647,3
6648:0:0,component-5df9c4b8875255bf,6648,0
6649:0:0,component-2b2130e797d151ca,6649,4
664:0:0,component-6d04eec81247153c,664,4
6650:0:0,component-05e5bc6fe135705d,6650,3
6651:0:0,component-c50e220374a0949f,6651,1
6651:0:1,component-c50e220374a0949f,6651,1
6651:0:2,component-c50e220374a0949f,6651,1
6651:2:0,component-c50e220374a0949f,6651,1
6652:0:0,component-bf7a0aef2868820b,6652,4
6653:1:0,component-080aea7f6b301aaf,6653,3
6653:3:0,component-080aea7f6b301aaf,6653,3
6653:5:0,component-080aea7f6b301aaf,6653,3
6654:0:0,component-c3f86d952ebb1d4f,6654,1
6655:0:0,component-106dd9604358fba9,6655,3
6656:0:0,component-3ef908582a06569f,6656,2
6657:0:0,component-f97fc31f6c5a63ac,6657,2
6658:0:0,component-cea6050604e49eda,6658,4
6659:0:0,component-d3be7d9ee11b7804,6659,2
665:0:0,component-273065b7e310ebf5,665,3
6660:0:0,component-59839e3c4bf1f890,6660,3
6661:0:0,component-eeb2f44304e14aaf,6661,4
6662:0:0,component-a46d1e44e1675f58,6662,3
6663:0:0,component-316dda71898e3ca7,6663,3
6664:0:0,component-d932ff8f56a64b13,6664,1
6665:0:0,component-fc9e396106f7a702,6665,3
6665:2:0,component-fc9e396106f7a702,6665,3
6665:4:0,component-fc9e396106f7a702,6665,3
6665:6:0,component-fc9e396106f7a702,6665,3
6665:8:0,component-fc9e396106f7a702,6665,3
6666:0:0,component-cc083de64571c24e,6666,1
6667:0:0,component-46cc1405045ce7e3,6667,3
6667:2:0,component-46cc1405045ce7e3,6667,3
6667:4:0,component-46cc1405045ce7e3,6667,3
6668:0:0,component-b3393e7860d69f7f,6668,2
6668:0:1,component-b3393e7860d69f7f,6668,2
6668:2:0,component-b3393e7860d69f7f,6668,2
6669:0:0,component-1148f84d5a918c89,6669,0
666:0:0,component-ecf12813ae6e4f8c,666,3
6670:0:0,component-4217f06bc530f72e,6670,0
6671:0:0,component-9a52a579d19940b3,6671,2
6672:0:0,component-4ed17f2b94c6d52c,6672,0
6673:0:0,component-6475e84bf19ef07a,6673,4
6674:0:0,component-1549fb9bde02ea6d,6674,3
6674:2:0,component-1549fb9bde02ea6d,6674,3
6674:4:0,component-1549fb9bde02ea6d,6674,3
6675:0:0,component-5bcdcb075e6c849d,6675,2
6676:0:0,component-b6932b0a5f75f7bd,6676,0
6677:0:0,component-e30b8147e73fdab7,6677,1
6677:2:0,component-e30b8147e73fdab7,6677,1
6678:0:0,component-02ab2dd6d3473143,6678,4
667:0:0,component-09af22ce262b0f6e,667,3
6680:0:0,component-4caf9a2c58708753,6680,0
6681:0:0,component-322be93a887aafd9,6681,1
6682:0:0,component-35b9f2b001257eec,6682,2
6683:0:0,component-9bcc8b9013bde768,6683,4
6684:1:0,component-f87e0c829f7e5671,6684,0
6685:0:0,component-406f96c97d0b2e9b,6685,4
6686:0:0,component-9bac54afd9a193dd,6686,2
6687:0:0,component-75a898a6d8518110,6687,1
6688:0:0,component-57a91a1766e88d29,6688,4
6688:2:0,component-57a91a1766e88d29,6688,4
6688:4:0,component-57a91a1766e88d29,6688,4
6689:0:0,component-107604f372841824,6689,2
668:0:0,component-d45d2acdb0da4277,668,4
668:2:0,component-d45d2acdb0da4277,668,4
668:4:0,component-d45d2acdb0da4277,668,4
6690:1:0,component-545ce8d68f5e6082,6690,1
6691:0:0,component-5a2d933bdfb1404a,6691,1
6691:2:0,component-5a2d933bdfb1404a,6691,1
6692:0:0,component-d26d064c243570d4,6692,2
6692:2:0,component-d26d064c243570d4,6692,2
6693:0:0,component-85b424c9ad1f311f,6693,2
6694:0:0,component-7083571854f32fae,6694,0
6695:0:0,component-40a30d852d3c3447,6695,2
6696:0:0,component-48de3fd2f407a267,6696,1
6696:0:1,component-48de3fd2f407a267,6696,1
6696:2:0,component-48de3fd2f407a267,6696,1
6697:0:0,component-05c71f89573451ff,6697,2
6698:0:0,component-38c3842c190ce510,6698,1
6698:2:0,component-38c3842c190ce510,6698,1
6699:0:0,component-93a42f35c09053e5,6699,1
669:0:0,component-32f3327b7bbb1adb,669,4
66:0:0,component-b84563744c01d678,66,3
6700:0:0,component-1e6743a88ad00095,6700,4
6701:0:0,component-847c554a3c8f3aa8,6701,1
6702:0:0,component-9e03d779111340fe,6702,0
6703:0:0,component-4ca5021253d76e15,6703,4
6704:0:0,component-17073f9a767239bc,6704,4
6705:0:0,component-deb6f3a3ab169133,6705,4
6706:0:0,component-bb3667e6905c09d2,6706,1
6707:0:0,component-9ddd5d5456e938c9,6707,2
6708:0:0,component-9dd91258ea7e0084,6708,1
6709:0:0,component-b7284789fd3dfeb0,6709,4
6709:0:1,component-b7284789fd3dfeb0,6709,4
6709:0:2,component-b7284789fd3dfeb0,6709,4
6709:0:3,component-b7284789fd3dfeb0,6709,4
670:0:0,component-eb96ea044484c36e,670,1
6710:0:0,component-d17027926f8f1ff7,6710,1
6711:1:0,component-3b17cb886eb254e1,6711,2
6711:3:0,component-3b17cb886eb254e1,6711,2
6712:0:0,component-4e3df7a032c174ba,6712,3
6712:2:0,component-4e3df7a032c174ba,6712,3
6713:0:0,component-063b6d293adb3baf,6713,4
6713:2:0,component-063b6d293adb3baf,6713,4
6713:4:0,component-063b6d293adb3baf,6713,4
6714:0:0,component-f4e3407f356ce515,6714,3
6715:0:0,component-42a260f9f4aebc1c,6715,0
6716:0:0,component-4e65eb12e33e622a,6716,4
6716:2:0,component-4e65eb12e33e622a,6716,4
6717:0:0,component-c304ef040bcad7cd,6717,1
6718:0:0,component-7e94b23d3c6e04c6,6718,1
6719:0:0,component-e8dbe16128651cd9,6719,2
671:0:0,component-5fa4e1a97d909bff,671,3
6720:0:0,component-efef2c7b3093f916,6720,3
6721:0:0,component-46479106e7dee318,6721,4
6721:2:0,component-46479106e7dee318,6721,4
6722:0:0,component-4ca390ada6c79b8e,6722,4
6723:0:0,component-54eba90c92e088bc,6723,4
6724:0:0,component-6936ec2a7cfe2eef,6724,2
6725:0:0,component-091c465ca16a8741,6725,3
6726:0:0,component-c786790407bbcc67,6726,2
6727:0:0,component-7a5c95f5189e6ea5,6727,4
6728:0:0,component-c349649825b089cf,6728,1
6729:0:0,component-05c6695bfbfae745,6729,2
672:0:0,component-d097c2fa564712ec,672,2
6730:0:0,component-5737f949ca037cbc,6730,1
6730:2:0,component-5737f949ca037cbc,6730,1
6731:0:0,component-1f15e476d460c797,6731,3
6732:0:0,component-86c9b8dd06117b36,6732,0
6733:0:0,component-61a8f649bc901adf,6733,2
6734:0:0,component-e5495c378f87ce54,6734,0
6735:0:0,component-60caa050cea9d774,6735,0
6735:2:0,component-60caa050cea9d774,6735,0
6737:0:0,component-d8f2d3175d79c04f,6737,4
6738:0:0,component-695020379a94c34d,6738,4
6739:0:0,component-6099f969c0779903,6739,2
673:0:0,component-b6005e6d6defb22c,673,1
673:2:0,component-b6005e6d6defb22c,673,1
6740:0:0,component-07878c884f0ba6f3,6740,0
6741:0:0,component-ac6f824f7a7bf315,6741,4
6741:2:0,component-ac6f824f7a7bf315,6741,4
6742:0:0,component-0e4af6134284d850,6742,1
6743:0:0,component-e3270914b1cc041d,6743,4
6744:0:0,component-fd2af95dc454d67e,6744,2
6744:2:0,component-fd2af95dc454d67e,6744,2
6745:0:0,component-f0f59f51d272770d,6745,0
6745:2:0,component-f0f59f51d272770d,6745,0
6746:0:0,component-617520d150807b1a,6746,0
6746:2:0,component-617520d150807b1a,6746,0
6747:0:0,component-c6206f39c9a193ad,6747,3
6748:0:0,component-ae92072411a13bbc,6748,4
6749:0:0,component-1cf2a7c7fcd82ac0,6749,1
674:0:0,component-271d7dedf693f7ee,674,0
6750:0:0,component-9e96709269a6d8fd,6750,4
6751:0:0,component-f30b5d4ebdc92a13,6751,3
6752:0:0,component-f3c134e193b5e9f9,6752,1
6752:2:0,component-f3c134e193b5e9f9,6752,1
6753:0:0,component-e67a976397421a91,6753,2
6753:2:0,component-e67a976397421a91,6753,2
6754:0:0,component-cd2854e6394a7538,6754,2
6755:0:0,component-39f95023fa870473,6755,4
6756:1:0,component-556d33dc8487b904,6756,4
6757:0:0,component-5a17cb7f467997a3,6757,2
6758:0:0,component-9d940fcc7c35fb68,6758,1
6759:0:0,component-b98522d52a1bd8b2,6759,1
675:0:0,component-ec95fbd7eadda1f2,675,2
6760:0:0,component-b29061ee5e4fcb8a,6760,4
6761:0:0,component-b69a8b98a7466e75,6761,2
6762:0:0,component-27dc0e2506e46de3,6762,2
6763:0:0,component-b08355b2134bb60f,6763,0
6764:0:0,component-0e019974a12d2a53,6764,0
6765:0:0,component-65bb1e1d5af27f1c,6765,1
6766:0:0,component-918851be9fda2086,6766,2
6766:2:0,component-918851be9fda2086,6766,2
6767:0:0,component-67fcc4e138ea1a2e,6767,2
6768:0:0,component-b15761edb6624109,6768,4
6769:1:0,component-313691cf0fc1707c,6769,4
676:0:0,component-e1ab60b8946fbb5a,676,2
6770:0:0,component-5001788267ed7cc4,6770,4
6771:0:0,component-7bf1a8b6515fa413,6771,3
6772:0:0,component-767c8cecb4d1675a,6772,0
6773:0:0,component-e41ae78c9819bfcc,6773,4
6774:0:0,component-5aad57c0ac5182e0,6774,2
6775:0:0,component-7eb890b28c7f1fbe,6775,1
6776:0:0,component-3fac72fcce00427e,6776,0
6777:0:0,component-f88af34cf9c4d987,6777,0
6777:2:0,component-f88af34cf9c4d987,6777,0
6778:0:0,component-72fe82d3ec118c59,6778,1
6778:2:0,component-72fe82d3ec118c59,6778,1
6779:0:0,component-da616b6b0b0c6176,6779,4
677:0:0,component-9ef9791fa4a08a7a,677,0
677:2:0,component-9ef9791fa4a08a7a,677,0
6780:0:0,component-97b3fb483d7f68e2,6780,4
6781:0:0,component-098cfaa04ec6bb8b,6781,2
6782:0:0,component-a2d48410dc944d7a,6782,3
6783:0:0,component-d042bc8a2ddcf90d,6783,2
6784:0:0,component-a0df5fc33037e7e7,6784,1
6785:0:0,component-58f5fcc3d42ac05a,6785,0
6786:0:0,component-3f57485885cec371,6786,0
6787:0:0,component-457d3d46d7e579a7,6787,1
6788:0:0,component-34cf2b138b796915,6788,0
6789:1:0,component-d6dad675004fb5c7,6789,2
678:0:0,component-2a3f3932882f2e41,678,2
6790:0:0,component-e07a2e46e7d3f488,6790,3
6790:2:0,component-e07a2e46e7d3f488,6790,3
6791:0:0,component-78e6bdd2a73f88a0,6791,4
6792:0:0,component-24590f340da69cd9,6792,3
6793:0:0,component-155a22826f82b891,6793,4
6793:0:1,component-155a22826f82b891,6793,4
6793:2:0,component-155a22826f82b891,6793,4
6794:0:0,component-85d34328c5b21ce3,6794,1
6795:0:0,component-6108d28489126659,6795,4
6796:0:0,component-904c35238feea120,6796,2
6797:0:0,component-ded1540a4e805185,6797,2
6798:0:0,component-2c41cb31eb361e19,6798,2
6798:2:0,component-2c41cb31eb361e19,6798,2
6799:0:0,component-5b0b782989947dca,6799,2
679:0:0,component-44ec6231dd1ba7f0,679,4
67:0:0,component-27d9590fae2b59c0,67,2
6800:0:0,component-482841e2d292ea5f,6800,4
6801:0:0,component-af08f1dcd49f9867,6801,0
6802:0:0,component-38c44b5f5cf5bb52,6802,1
6802:2:0,component-38c44b5f5cf5bb52,6802,1
6803:0:0,component-73a953014f0b3809,6803,2
6804:0:0,component-c5793e830ae0526f,6804,4
6804:2:0,component-c5793e830ae0526f,6804,4
6805:0:0,component-b1e7e09dbc9145a7,6805,4
6806:0:0,component-7e70c6c30df18591,6806,1
6807:0:0,component-927d65325426ee57,6807,4
6808:0:0,component-99da06cd0595c5aa,6808,1
6809:0:0,component-1c9fd0a26851999a,6809,2
680:0:0,component-f412074f3db2c7ce,680,2
6810:0:0,component-9dc71e940c44e7f4,6810,3
6810:2:0,component-9dc71e940c44e7f4,6810,3
6811:0:0,component-1b8f997fb60eb383,6811,2
6812:0:0,component-12b29fcfa233a970,6812,3
6813:0:0,component-703d71cb7d521dfc,6813,4
6813:2:0,component-703d71cb7d521dfc,6813,4
6814:0:0,component-1b99c6c4b51bc5e9,6814,1
6815:0:0,component-c31510e777992478,6815,1
6816:0:0,component-369d217e55358642,6816,1
6817:0:0,component-436e4b81a09cb0e8,6817,2
6818:0:0,component-5d6dd85db27cc98b,6818,3
6818:0:1,component-5d6dd85db27cc98b,6818,3
6819:0:0,component-9247e325c96047a1,6819,0
681:0:0,component-7fe8a026b0b7a26e,681,2
6820:0:0,component-8a7221aacd2af617,6820,3
6820:2:0,component-8a7221aacd2af617,6820,3
6821:0:0,component-a1915c0051311633,6821,2
6821:2:0,component-a1915c0051311633,6821,2
6822:0:0,component-2168c376bc9ba69a,6822,0
6822:0:1,component-2168c376bc9ba69a,6822,0
6822:2:0,component-2168c376bc9ba69a,6822,0
6823:0:0,component-ff787a2c2f4545f3,6823,4
6824:0:0,component-20a57b00a5b92fad,6824,2
6825:0:0,component-25316513a6b67307,6825,2
6826:0:0,component-33fbd298947b88de,6826,3
6827:0:0,component-a0a1024ec58ce629,6827,4
6828:0:0,component-ce281c65faa5230a,6828,2
6829:0:0,component-f67bf0fda4bd7bb9,6829,0
682:1:0,component-bcb2bbe005f88d6d,682,4
682:3:0,component-bcb2bbe005f88d6d,682,4
6830:0:0,component-2cbb8f49e654ccfd,6830,0
6831:0:0,component-abe65b5ad6d2b0d3,6831,0
6832:0:0,component-6a95b38bc1bd9c4d,6832,4
6833:0:0,component-19dce92187be987d,6833,1
6834:0:0,component-e93c53e0b2d5da6c,6834,0
6835:0:0,component-da66b071c9b94ab8,6835,0
6836:0:0,component-2b40bce256248bf2,6836,3
6837:0:0,component-b29db3036b02bc21,6837,3
6838:0:0,component-36e93d4078d690bb,6838,2
6838:2:0,component-36e93d4078d690bb,6838,2
6839:1:0,component-051cdbaf4e39c25f,6839,0
683:0:0,component-4d26cd79b0e3036a,683,1
6840:0:0,component-104ea4c233d55395,6840,0
6840:2:0,component-104ea4c233d55395,6840,0
6840:4:0,component-104ea4c233d55395,6840,0
6841:0:0,component-8d6c7d93869198a1,6841,0
6842:0:0,component-f7f8cef64da1e343,6842,3
6843:0:0,component-ef07f7b16b7809a8,6843,2
6843:2:0,component-ef07f7b16b7809a8,6843,2
6843:4:0,component-ef07f7b16b7809a8,6843,2
6843:6:0,component-ef07f7b16b7809a8,6843,2
6843:8:0,component-ef07f7b16b7809a8,6843,2
6844:0:0,component-4c73e28337e62e7e,6844,1
6845:0:0,component-264c5b8aca9f3a10,6845,0
6846:0:0,component-ccd858b54723e1a4,6846,3
6846:0:1,component-ccd858b54723e1a4,6846,3
6846:2:0,component-ccd858b54723e1a4,6846,3
6846:4:0,component-ccd858b54723e1a4,6846,3
6846:6:0,component-ccd858b54723e1a4,6846,3
6846:8:0,component-ccd858b54723e1a4,6846,3
6847:0:0,component-32c9511f6944c2e1,6847,4
6848:0:0,component-790a872ec7f85563,6848,0
6849:0:0,component-6a5819c574ab4e56,6849,4
684:0:0,component-0fef71a65e96eaaf,684,1
684:0:1,component-0fef71a65e96eaaf,684,1
6850:0:0,component-612087d70b9c3fb4,6850,3
6851:0:0,component-e72b9321153e7291,6851,4
6851:2:0,component-e72b9321153e7291,6851,4
6851:4:0,component-e72b9321153e7291,6851,4
6852:0:0,component-461e375db26dc16e,6852,3
6853:0:0,component-5b37d98055cd384e,6853,2
6853:2:0,component-5b37d98055cd384e,6853,2
6854:0:0,component-a85b75a724a93cd4,6854,4
6854:0:1,component-a85b75a724a93cd4,6854,4
6855:0:0,component-6e80553ce8cf7652,6855,2
6856:0:0,component-d2d6fb48dda23c96,6856,1
6857:0:0,component-0dea7c02b5b6d095,6857,2
6858:0:0,component-6887475c2b580bb7,6858,4
6859:0:0,component-88c701f8a16889d6,6859,4
685:0:0,component-cc06be7f992a06f1,685,0
6860:0:0,component-5c3aaf6be8cac6f8,6860,1
6861:0:0,component-238a03569b63eef9,6861,1
6862:0:0,component-a7f1eb50233ada2e,6862,4
6863:0:0,component-965773cac81aca4a,6863,2
6863:2:0,component-965773cac81aca4a,6863,2
6864:0:0,component-1031a970f41879d3,6864,1
6865:0:0,component-3394a9737da14678,6865,4
6866:0:0,component-e982d7b42190464d,6866,3
6866:2:0,component-e982d7b42190464d,6866,3
6866:4:0,component-e982d7b42190464d,6866,3
6867:0:0,component-98ae950552d7fc0a,6867,3
6867:2:0,component-98ae950552d7fc0a,6867,3
6868:0:0,component-ed919801c3aac636,6868,2
6868:2:0,component-ed919801c3aac636,6868,2
6869:0:0,component-5d88ac6308c07e2c,6869,0
686:0:0,component-e34dac36c3712cbf,686,1
6870:0:0,component-db9f224c25711cab,6870,2
6870:2:0,component-db9f224c25711cab,6870,2
6871:0:0,component-d0ee278ec783428e,6871,1
6872:0:0,component-675292f3305e6e82,6872,4
6873:0:0,component-9b17adc5c63fe151,6873,3
6873:2:0,component-9b17adc5c63fe151,6873,3
6874:0:0,component-695f1287cb3f003b,6874,2
6875:0:0,component-b58d04affd61457b,6875,1
6876:0:0,component-3dc93d718903997c,6876,0
6877:0:0,component-4a53505cf45083f2,6877,3
6878:0:0,component-a775c37bcae24438,6878,2
6878:2:0,component-a775c37bcae24438,6878,2
6879:0:0,component-b1921a9d84f98999,6879,1
687:0:0,component-e358687cb244d5e7,687,2
6880:0:0,component-3936bf5d5edb9ff2,6880,2
6881:0:0,component-8dfaefb654f3d79a,6881,4
6882:0:0,component-3b8ad599f1c9252e,6882,0
6882:2:0,component-3b8ad599f1c9252e,6882,0
6883:0:0,component-01133336b60a4d23,6883,0
6884:0:0,component-17cd190c12abcdf2,6884,1
6885:0:0,component-5e3aa164156a24e9,6885,0
6886:0:0,component-1360390e25e6f345,6886,3
6886:2:0,component-1360390e25e6f345,6886,3
6887:0:0,component-196cc0f2739c6f94,6887,3
6888:0:0,component-afeaf9a16e0c381c,6888,3
6888:2:0,component-afeaf9a16e0c381c,6888,3
6889:0:0,component-f7e4a0993aaf4905,6889,4
688:0:0,component-f0ab82fd28b525e4,688,2
688:2:0,component-f0ab82fd28b525e4,688,2
6890:0:0,component-52a748b2aa9063e0,6890,0
6890:2:0,component-52a748b2aa9063e0,6890,0
6891:0:0,component-d0e4abc117b968ca,6891,2
6891:2:0,component-d0e4abc117b968ca,6891,2
6892:0:0,component-4fbe9cb8375f456a,6892,0
6892:2:0,component-4fbe9cb8375f456a,6892,0
6893:0:0,component-55caf81bf000e7ce,6893,4
6894:0:0,component-fc6c7fffeb977c56,6894,0
6894:2:0,component-fc6c7fffeb977c56,6894,0
6894:4:0,component-fc6c7fffeb977c56,6894,0
6895:0:0,component-3747a40044b92127,6895,1
6895:2:0,component-3747a40044b92127,6895,1
6896:0:0,component-ad7a68b15dc3a527,6896,2
6896:0:1,component-ad7a68b15dc3a527,6896,2
6897:0:0,component-fc3bec28ad0e7be4,6897,1
6897:2:0,component-fc3bec28ad0e7be4,6897,1
6898:0:0,component-442f9a4a6bd81eeb,6898,2
6899:0:0,component-8138b2a03f1b9b5d,6899,3
689:0:0,component-9ac2143dc6fe84eb,689,0
68:0:0,component-66970851510b632a,68,1
6900:0:0,component-65aed1bbc73e75b5,6900,3
6901:0:0,component-05542a6323460527,6901,0
6902:0:0,component-79a127879c8f0e9f,6902,1
6903:0:0,component-15f1daae935c02d1,6903,2
6904:0:0,component-057ad0a769913561,6904,1
6905:0:0,component-d88c053fdb74c35a,6905,3
6906:0:0,component-ac2c3e7a73375bfc,6906,1
6907:0:0,component-594f63dd269986d6,6907,1
6908:0:0,component-52ef759e040dc723,6908,2
6909:0:0,component-b62d947a232884b5,6909,1
6909:10:0,component-b62d947a232884b5,6909,1
6909:12:0,component-b62d947a232884b5,6909,1
6909:2:0,component-b62d947a232884b5,6909,1
6909:4:0,component-b62d947a232884b5,6909,1
6909:6:0,component-b62d947a232884b5,6909,1
6909:8:0,component-b62d947a232884b5,6909,1
690:0:0,component-9010f43be85d9887,690,1
6910:0:0,component-30b39f35794b5d59,6910,0
6910:2:0,component-30b39f35794b5d59,6910,0
6911:0:0,component-0670ab73ad1e9826,6911,3
6912:0:0,component-a31713ae8d30dcac,6912,4
6912:2:0,component-a31713ae8d30dcac,6912,4
6912:4:0,component-a31713ae8d30dcac,6912,4
6913:0:0,component-14d425571367f5fd,6913,0
6914:0:0,component-154a43c195f00e81,6914,2
6914:2:0,component-154a43c195f00e81,6914,2
6915:0:0,component-bca294216e855a17,6915,2
6915:2:0,component-bca294216e855a17,6915,2
6915:4:0,component-bca294216e855a17,6915,2
6916:0:0,component-f90031caf63626f9,6916,4
6917:1:0,component-89136d374b28d86c,6917,4
6918:0:0,component-8c100a18473dfba2,6918,4
6919:0:0,component-d773f4b1464904d3,6919,4
691:0:0,component-c79c59ce27299ae9,691,4
6920:0:0,component-42127f3b78890ce9,6920,1
6921:0:0,component-c9cacad0eb2161ca,6921,4
6921:2:0,component-c9cacad0eb2161ca,6921,4
6922:0:0,component-6906352d9aee9e6e,6922,4
6923:0:0,component-342b019181725a9e,6923,0
6924:0:0,component-972c9b8a616d0816,6924,1
6925:0:0,component-b7d8504b3c2e1823,6925,1
6925:2:0,component-b7d8504b3c2e1823,6925,1
6926:0:0,component-8cad578385d53015,6926,4
6927:0:0,component-fde22ab2cf37c463,6927,4
6928:0:0,component-b268fba61092dc08,6928,1
6929:0:0,component-b67be75d2d405236,6929,0
692:0:0,component-aa6ba987711d189c,692,3
6930:0:0,component-998a41bfcdb9ec8c,6930,4
6930:2:0,component-998a41bfcdb9ec8c,6930,4
6930:4:0,component-998a41bfcdb9ec8c,6930,4
6930:6:0,component-998a41bfcdb9ec8c,6930,4
6930:8:0,component-998a41bfcdb9ec8c,6930,4
6931:0:0,component-d323e02a41f9a4c3,6931,1
6932:0:0,component-070d6944d4d04972,6932,0
6933:0:0,component-2fa7d5b51a3871e6,6933,1
6933:2:0,component-2fa7d5b51a3871e6,6933,1
6934:0:0,component-9fefb9ccd822d19a,6934,3
6935:0:0,component-dc3c685a9b37581d,6935,3
6936:0:0,component-c8d23ab0dffbb676,6936,0
6938:0:0,component-1c4e3f06a28f40ce,6938,0
6939:0:0,component-80ec7442cd9e7599,6939,4
693:0:0,component-e2432b1e8b9395f0,693,3
693:0:1,component-e2432b1e8b9395f0,693,3
6940:0:0,component-e17bbb9b258ce13a,6940,0
6941:0:0,component-9337e8e72bc2ca4b,6941,4
6943:0:0,component-5ebcdf65563478b6,6943,2
6944:0:0,component-87be410686219b2e,6944,0
6945:0:0,component-572fb681c381e29b,6945,0
6945:2:0,component-572fb681c381e29b,6945,0
6946:0:0,component-3925b1279ce410c2,6946,2
6947:0:0,component-6072d7f9ada6ec1f,6947,4
6948:0:0,component-37fa9fbfc9ddc1ec,6948,4
6949:0:0,component-f0145b3723c001c4,6949,4
694:0:0,component-68ab48f4aa65fd24,694,2
6950:0:0,component-3a7567117cb77835,6950,3
6952:0:0,component-098ce14d2658043d,6952,2
6952:2:0,component-098ce14d2658043d,6952,2
6953:0:0,component-ed46b3519e47f1ba,6953,3
6954:0:0,component-335d3e21357df16c,6954,3
6955:0:0,component-20c39e87addd6917,6955,0
6956:0:0,component-1ac0d46516848bae,6956,1
6957:0:0,component-2019fa756f090faf,6957,0
6958:0:0,component-bbc886066fab4cfe,6958,3
6959:0:0,component-83a7416b449b808f,6959,2
695:0:0,component-a96d2deaf181d5b3,695,4
6960:0:0,component-bdaa3bdb7f8ec6c1,6960,0
6961:0:0,component-68e249697e175e02,6961,4
6961:2:0,component-68e249697e175e02,6961,4
6962:0:0,component-74dd5b47a104aed5,6962,2
6963:0:0,component-18c58a922f89f920,6963,2
6964:0:0,component-43c69e4bdb3e6442,6964,4
6964:2:0,component-43c69e4bdb3e6442,6964,4
6964:4:0,component-43c69e4bdb3e6442,6964,4
6964:6:0,component-43c69e4bdb3e6442,6964,4
6964:6:1,component-43c69e4bdb3e6442,6964,4
6965:0:0,component-26cb33892a27fbce,6965,4
6966:0:0,component-5f165f53cbe30347,6966,3
6967:0:0,component-af53116891e15596,6967,0
6967:2:0,component-af53116891e15596,6967,0
6968:0:0,component-0b6bbaa8f78a71cf,6968,4
6969:0:0,component-9605bce12a6d37ac,6969,3
6969:2:0,component-9605bce12a6d37ac,6969,3
696:0:0,component-c4b68a9454f2003e,696,4
6970:0:0,component-6355c9e7f57a3496,6970,4
6971:0:0,component-dc1b5eccb9717537,6971,4
6972:0:0,component-5f1b32cf03cafd55,6972,0
6973:0:0,component-f65cc44576603b2a,6973,2
6973:2:0,component-f65cc44576603b2a,6973,2
6974:0:0,component-30ac8b5daeeeaaed,6974,1
6975:0:0,component-e48ae14fadf85b18,6975,0
6976:0:0,component-831bbef8d13d5fe2,6976,4
6977:0:0,component-1a93539a0496dfdb,6977,3
6978:0:0,component-fbd649a60f08c5a1,6978,1
6979:0:0,component-e91f4aa1e8dc58c9,6979,2
697:0:0,component-ae93596d4df94294,697,2
697:2:0,component-ae93596d4df94294,697,2
697:4:0,component-ae93596d4df94294,697,2
697:6:0,component-ae93596d4df94294,697,2
697:8:0,component-ae93596d4df94294,697,2
6980:0:0,component-7de1b43dbaa01f59,6980,0
6981:0:0,component-c4b2b0f99e0e34a0,6981,1
6981:2:0,component-c4b2b0f99e0e34a0,6981,1
6981:4:0,component-c4b2b0f99e0e34a0,6981,1
6982:0:0,component-e13ae6140443caf3,6982,0
6983:0:0,component-c3df4beac1c0f018,6983,4
6984:0:0,component-20842ed501b0d04c,6984,2
6985:0:0,component-330e484ba2455e35,6985,2
6985:2:0,component-330e484ba2455e35,6985,2
6985:4:0,component-330e484ba2455e35,6985,2
6986:0:0,component-1eab2202168e65d2,6986,3
6987:0:0,component-5c6550a13e1f9ce4,6987,0
6988:0:0,component-ae1738e9440e27b8,6988,4
6988:2:0,component-ae1738e9440e27b8,6988,4
6989:0:0,component-0a832ecdfc66f791,6989,2
698:0:0,component-26ba71bd8e2eb048,698,1
6990:0:0,component-48a0ee3be3697f11,6990,1
6990:2:0,component-48a0ee3be3697f11,6990,1
6991:0:0,component-f7110e8654e8735d,6991,1
6992:1:0,component-c255336c7ea24bd1,6992,1
6993:0:0,component-da1ed487f5e19194,6993,4
6994:0:0,component-ad572742ae7d3c9f,6994,2
6995:0:0,component-9082eb40160edb91,6995,4
6996:0:0,component-410cf68b6c005ca3,6996,4
6996:2:0,component-410cf68b6c005ca3,6996,4
6997:0:0,component-9cd9a2ecf746dd62,6997,0
6998:0:0,component-2534bb87df72853c,6998,2
6999:0:0,component-1ba98828f9854170,6999,4
6999:2:0,component-1ba98828f9854170,6999,4
6999:4:0,component-1ba98828f9854170,6999,4
6999:4:1,component-1ba98828f9854170,6999,4
699:0:0,component-6369fa2192ed3ebf,699,2
69:0:0,component-14f723a56f29ed23,69,3
6:0:0,component-b55611ba62f39efe,6,4
7000:0:0,component-702523c517a7fdab,7000,0
7001:0:0,component-fe9347a158641853,7001,1
7001:2:0,component-fe9347a158641853,7001,1
7001:4:0,component-fe9347a158641853,7001,1
7001:6:0,component-fe9347a158641853,7001,1
7001:8:0,component-fe9347a158641853,7001,1
7002:0:0,component-480b3fdc536b2a1d,7002,3
7003:0:0,component-2ae835e143fc4923,7003,0
7004:0:0,component-b38daee283d8fd4f,7004,2
7005:0:0,component-a1cde5867073df7e,7005,1
7006:0:0,component-2286e3ddadb8da84,7006,1
7006:2:0,component-2286e3ddadb8da84,7006,1
7007:0:0,component-2c57d80572758840,7007,3
7008:0:0,component-8ac6670c38673fce,7008,3
7009:0:0,component-302ebd674661250a,7009,1
7009:2:0,component-302ebd674661250a,7009,1
700:0:0,component-0a4938ac770993e0,700,3
7010:0:0,component-7df5c794774c957f,7010,2
7011:0:0,component-2dfacb6bb802a5c8,7011,1
7012:0:0,component-8c560cd9cc567235,7012,2
7013:0:0,component-830340518a834bd2,7013,4
7015:0:0,component-c109b928d917636f,7015,1
7016:0:0,component-d0ea1cd979665994,7016,0
7017:0:0,component-3281ad21a52ad736,7017,0
7018:0:0,component-b393ee2fd772d858,7018,4
7019:0:0,component-57a52bd723c1cc34,7019,3
701:0:0,component-e1b2b45f1adf0a72,701,4
7020:0:0,component-d0e32c9697ee01cc,7020,2
7021:0:0,component-19d0391571ac353b,7021,0
7022:0:0,component-b031b6bf3f9e5099,7022,0
7022:2:0,component-b031b6bf3f9e5099,7022,0
7023:0:0,component-d26bb4cefadb686c,7023,1
7024:0:0,component-4f50f4d4433493c5,7024,0
7025:0:0,component-ca61efbe4035efe8,7025,0
7025:2:0,component-ca61efbe4035efe8,7025,0
7026:0:0,component-a3ee83b82c8ebe23,7026,0
7027:0:0,component-44c875b9263be86d,7027,0
7028:0:0,component-e03d53f05bee8d3f,7028,3
7028:2:0,component-e03d53f05bee8d3f,7028,3
7029:0:0,component-1a12790a1dafbb23,7029,3
702:0:0,component-f8f1d5cc431c43ad,702,3
702:2:0,component-f8f1d5cc431c43ad,702,3
7030:0:0,component-81a53d0714fbca9f,7030,0
7031:0:0,component-b35e770e411fbb99,7031,2
7032:0:0,component-1307925c4c08e3f2,7032,3
7033:0:0,component-9c75c8417b510379,7033,3
7034:0:0,component-66c271ef9660e1e2,7034,4
7035:0:0,component-057547b9b859e1b6,7035,2
7036:0:0,component-5824339ee944aaa8,7036,0
7037:0:0,component-3c7df249f58e61c2,7037,2
7038:0:0,component-71f649ecc7b9a0f4,7038,0
7039:0:0,component-843d515f3b5374ab,7039,1
7039:2:0,component-843d515f3b5374ab,7039,1
703:0:0,component-d78392f48e0948e3,703,2
7040:0:0,component-306107698bb4653c,7040,4
7041:0:0,component-85d74baf54158989,7041,0
7041:2:0,component-85d74baf54158989,7041,0
7041:4:0,component-85d74baf54158989,7041,0
7041:6:0,component-85d74baf54158989,7041,0
7042:1:0,component-137ba6822af5c2b1,7042,1
7043:0:0,component-2b6093d38379c57b,7043,2
7044:0:0,component-381546014171233d,7044,3
7045:0:0,component-8fbb7fa971e9089d,7045,4
7046:0:0,component-83bbcbfb06cf72e4,7046,1
7047:0:0,component-4ce338de38beafec,7047,0
7048:0:0,component-245e3338e51d9d75,7048,0
7049:0:0,component-556836b821431069,7049,1
7049:2:0,component-556836b821431069,7049,1
704:0:0,component-0f260d583925f886,704,4
7050:0:0,component-60ea035bdf8e1d2e,7050,3
7051:0:0,component-f2746599aa328867,7051,4
7052:0:0,component-d42330743faf44ca,7052,0
7053:0:0,component-ec2ac8a8f851b0a5,7053,0
7054:0:0,component-dd93279916158531,7054,2
7055:0:0,component-0aaae93108501972,7055,4
7055:2:0,component-0aaae93108501972,7055,4
7056:0:0,component-f0543d92f29931f7,7056,4
7057:0:0,component-a195a7ee3209783b,7057,4
7057:2:0,component-a195a7ee3209783b,7057,4
7057:4:0,component-a195a7ee3209783b,7057,4
7058:0:0,component-b06d969b50fc1081,7058,3
7059:0:0,component-d5dc0fc678e590aa,7059,3
705:0:0,component-0c5a8ac773ab7984,705,0
7060:0:0,component-cfa1bb6e6a629df1,7060,0
7060:2:0,component-cfa1bb6e6a629df1,7060,0
7061:0:0,component-d9950345fbbf3c5c,7061,4
7062:0:0,component-6745dbaa1347ff1e,7062,2
7063:0:0,component-95bb583911955bff,7063,4
7063:2:0,component-95bb583911955bff,7063,4
7064:0:0,component-45d5b89bd7002676,7064,0
7064:2:0,component-45d5b89bd7002676,7064,0
7065:0:0,component-294ac6ef7ba96ec9,7065,4
7066:0:0,component-133946a97d24fd75,7066,0
7067:1:0,component-c02695416b721a1f,7067,2
7068:0:0,component-375dc304796ea14b,7068,4
7069:0:0,component-36a454f2c7e0ff12,7069,3
706:0:0,component-6814e83c920d9aa8,706,3
7070:0:0,component-3496376a159d33a6,7070,4
7071:0:0,component-553c15f65e3a7a9a,7071,0
7072:0:0,component-c8f6ba3f5a749dc7,7072,3
7073:0:0,component-51b15318e5d68f9a,7073,0
7073:2:0,component-51b15318e5d68f9a,7073,0
7073:4:0,component-51b15318e5d68f9a,7073,0
7073:6:0,component-51b15318e5d68f9a,7073,0
7074:0:0,component-d14b0498c56f8b40,7074,0
7075:0:0,component-506434b0365f39d8,7075,1
7076:0:0,component-9792c40a12265ce2,7076,2
7077:0:0,component-0b2fda337deb2a63,7077,0
7078:0:0,component-9ca979d736b1b7f1,7078,4
7079:0:0,component-17650e86bae6b259,7079,1
707:0:0,component-e4804c36a86b5ee5,707,2
7080:0:0,component-b206da54f4cfbbc4,7080,0
7080:2:0,component-b206da54f4cfbbc4,7080,0
7081:0:0,component-12af026c2566b635,7081,1
7081:0:1,component-12af026c2566b635,7081,1
7082:0:0,component-b8c3b033b9dc77f0,7082,0
7083:0:0,component-8f6165195898a2d1,7083,1
7084:0:0,component-1edf39bfd8a03342,7084,0
7085:1:0,component-009431709588c0cf,7085,1
7086:0:0,component-10b0c41df70ff4d0,7086,4
7087:0:0,component-1f442320d43b888c,7087,0
7088:0:0,component-f16425ea236c3505,7088,3
7089:0:0,component-ee3998a7e1f0ba55,7089,3
708:0:0,component-edb85cd389b6f601,708,2
7090:0:0,component-b78f3b5d0a3b8d43,7090,1
7091:0:0,component-46d9c9ab213a89db,7091,3
7092:0:0,component-7fd43a344fcceb0f,7092,0
7093:0:0,component-7483c35f32672d39,7093,2
7093:2:0,component-7483c35f32672d39,7093,2
7093:4:0,component-7483c35f32672d39,7093,2
7093:6:0,component-7483c35f32672d39,7093,2
7094:1:0,component-f4534d5306c58f5c,7094,3
7095:0:0,component-dc47c56b24dadbe5,7095,3
7096:0:0,component-b92a927b0f12a656,7096,4
7097:0:0,component-23897b71aa734b07,7097,2
7098:0:0,component-88c9b19cd3f4dfb6,7098,1
7099:0:0,component-f2cbdceed282d79d,7099,1
7099:2:0,component-f2cbdceed282d79d,7099,1
709:0:0,component-e76b75a03000f608,709,2
70:0:0,component-1dcfa35012a4e10b,70,0
70:2:0,component-1dcfa35012a4e10b,70,0
7100:0:0,component-d2f16771eb2047cb,7100,2
7101:0:0,component-053d90f9eb39a25c,7101,2
7102:0:0,component-0eac426df26ddb9a,7102,1
7102:2:0,component-0eac426df26ddb9a,7102,1
7103:0:0,component-7ee44f71fd45e7d2,7103,1
7103:2:0,component-7ee44f71fd45e7d2,7103,1
7104:0:0,component-b3393e7860d69f7f,7104,2
7104:0:1,component-b3393e7860d69f7f,7104,2
7104:2:0,component-b3393e7860d69f7f,7104,2
7104:4:0,component-b3393e7860d69f7f,7104,2
7104:6:0,component-b3393e7860d69f7f,7104,2
7105:0:0,component-25244065fc55f859,7105,1
7105:2:0,component-25244065fc55f859,7105,1
7106:0:0,component-a68786bda4d5372c,7106,1
7107:0:0,component-51101f8550f846d6,7107,1
7108:0:0,component-7d6050906c484c88,7108,1
7108:2:0,component-7d6050906c484c88,7108,1
7109:0:0,component-70239737a0885890,7109,2
710:0:0,component-07ff151f0ad40c04,710,1
7110:0:0,component-c81d7b30a4103a05,7110,1
7111:0:0,component-401b80405a46da06,7111,2
7112:0:0,component-47e6f7f1fc456893,7112,2
7112:2:0,component-47e6f7f1fc456893,7112,2
7113:0:0,component-c28211670eacc6ce,7113,3
7114:0:0,component-032e20ab2333bdec,7114,0
7115:0:0,component-fca8a27a5474535f,7115,0
7116:0:0,component-135c68b4b4d3f4c4,7116,4
7117:0:0,component-96e7aba397e8257f,7117,4
7117:2:0,component-96e7aba397e8257f,7117,4
7118:0:0,component-b0fecab7e862ecbf,7118,3
7119:0:0,component-15082ebf7adee23d,7119,0
711:0:0,component-02d24e0be8a773a4,711,2
711:2:0,component-02d24e0be8a773a4,711,2
7120:0:0,component-593fc3b61e900489,7120,2
7121:0:0,component-a33dfd0f91ace9b5,7121,2
7122:0:0,component-27ccd16b656d6ca2,7122,0
7123:0:0,component-ac53359a7c0a9fda,7123,1
7124:0:0,component-cf6557d911a66748,7124,3
7125:0:0,component-c9768af3a98f5b33,7125,2
7126:0:0,component-29bf9a20d2108955,7126,1
7127:0:0,component-15c4d3de87566a1b,7127,1
7128:0:0,component-ca660edbc6ba28ab,7128,2
7128:2:0,component-ca660edbc6ba28ab,7128,2
7129:0:0,component-07d0ebc6cd3f543e,7129,3
712:0:0,component-a1b998239639195f,712,3
7130:0:0,component-4fa626274aeb360a,7130,3
7131:0:0,component-cbdaab929dbd85e2,7131,0
7132:0:0,component-1b8c4876f4c288d2,7132,0
7132:2:0,component-1b8c4876f4c288d2,7132,0
7133:0:0,component-f09df90710135a04,7133,2
7134:0:0,component-08e6602f4d9fc8bf,7134,0
7135:0:0,component-acb3d125b9b4696e,7135,1
7136:0:0,component-e1df800cf14670e5,7136,3
7137:0:0,component-8676644dbb9f0d40,7137,0
7138:0:0,component-debc3181064d6fc3,7138,0
7138:2:0,component-debc3181064d6fc3,7138,0
7139:0:0,component-99ca500599f6d0df,7139,0
713:0:0,component-cd3e23eb286b0386,713,1
713:2:0,component-cd3e23eb286b0386,713,1
7140:0:0,component-728d2570e8157ac9,7140,1
7141:0:0,component-90aa0305888206e5,7141,2
7142:0:0,component-c0a8715cbf1d68bb,7142,3
7142:2:0,component-c0a8715cbf1d68bb,7142,3
7143:0:0,component-b91616a5efa76e8a,7143,4
7143:2:0,component-b91616a5efa76e8a,7143,4
7144:0:0,component-de31c4f9441d29af,7144,3
7145:0:0,component-8aa1a9c3c8ed8f45,7145,3
7146:0:0,component-f38909e35a227695,7146,0
7147:0:0,component-d561e9523503ec86,7147,2
7148:0:0,component-e38f318453ff8922,7148,1
7149:0:0,component-5bf0453d054f8390,7149,3
714:0:0,component-f26a3707bb063c50,714,3
714:0:1,component-f26a3707bb063c50,714,3
714:0:2,component-f26a3707bb063c50,714,3
7150:1:0,component-f46d41b7b1075ad9,7150,3
7151:0:0,component-378a8eb1bc39df97,7151,1
7151:2:0,component-378a8eb1bc39df97,7151,1
7152:0:0,component-79930391b0791711,7152,0
7153:0:0,component-f7e42c29b643ec9d,7153,1
7154:0:0,component-2ad3180632b19400,7154,2
7155:0:0,component-71ca788617d1db8f,7155,1
7156:0:0,component-b74b698dfd2790f2,7156,2
7157:0:0,component-ce12bb2f3e7596d8,7157,3
7157:2:0,component-ce12bb2f3e7596d8,7157,3
7157:4:0,component-ce12bb2f3e7596d8,7157,3
7157:6:0,component-ce12bb2f3e7596d8,7157,3
7158:0:0,component-57ce63bd90dc2582,7158,0
7159:0:0,component-c8afe5677a8398a6,7159,1
7159:2:0,component-c8afe5677a8398a6,7159,1
715:0:0,component-2275b38fb0088cdd,715,3
7160:0:0,component-1467f5559742abda,7160,0
7160:2:0,component-1467f5559742abda,7160,0
7161:0:0,component-99b0fcc7dd3cae97,7161,2
7162:0:0,component-9cb40a1322b02ba2,7162,2
7163:0:0,component-5ebd3d7e72834200,7163,1
7164:0:0,component-c2106da68fe1d051,7164,0
7165:1:0,component-e65906cefb5ddbdd,7165,0
7166:0:0,component-c085f113de6fc0a7,7166,0
7166:2:0,component-c085f113de6fc0a7,7166,0
7167:0:0,component-4e25044b78447b3e,7167,2
7168:0:0,component-1e86a3d925c361dc,7168,1
7169:0:0,component-812b73cf16d7c21d,7169,4
716:0:0,component-a9317a8e59c02534,716,2
7170:0:0,component-b1fcb288f4d1756b,7170,0
7171:0:0,component-c3d8537577ec9394,7171,4
7172:0:0,component-75e6c85da08e8288,7172,0
7173:0:0,component-7be60ee5621c3a9d,7173,0
7174:0:0,component-cddd021a01953649,7174,2
7175:0:0,component-36e8634cebd81c40,7175,3
7176:0:0,component-7014a431c3dded97,7176,0
7176:2:0,component-7014a431c3dded97,7176,0
7176:4:0,component-7014a431c3dded97,7176,0
7177:0:0,component-9843f5ef2660abab,7177,3
7178:0:0,component-4538c5c534cdde5f,7178,2
7178:2:0,component-4538c5c534cdde5f,7178,2
7179:0:0,component-b94182a6e59ab2f2,7179,3
7179:2:0,component-b94182a6e59ab2f2,7179,3
717:0:0,component-75091ea5806a8176,717,0
717:2:0,component-75091ea5806a8176,717,0
7180:0:0,component-55c84b08533efb4d,7180,2
7181:0:0,component-47d7c7a1e6e93085,7181,0
7181:2:0,component-47d7c7a1e6e93085,7181,0
7182:0:0,component-e61c5b16dafb333e,7182,0
7183:0:0,component-e27ca90e846a7afa,7183,1
7184:0:0,component-087377e2fe8f17fb,7184,3
7185:0:0,component-543bcf2b8844c4fa,7185,3
7186:0:0,component-8f6e9dfc2c0e2572,7186,4
7187:0:0,component-90f2ab20140ade8d,7187,1
7187:2:0,component-90f2ab20140ade8d,7187,1
7187:4:0,component-90f2ab20140ade8d,7187,1
7188:0:0,component-5a741efd6adc1766,7188,0
7188:2:0,component-5a741efd6adc1766,7188,0
7189:0:0,component-07e5fdb87d62a151,7189,3
718:0:0,component-ad35b3a70147809c,718,4
7190:0:0,component-586a96364c447260,7190,3
7191:1:0,component-061443f79e81d14e,7191,0
7192:0:0,component-8d2ae02643c09c11,7192,4
7193:0:0,component-14ffb42f59cc0d8a,7193,1
7193:2:0,component-14ffb42f59cc0d8a,7193,1
7194:0:0,component-df5b99b78e50cbd6,7194,1
7194:2:0,component-df5b99b78e50cbd6,7194,1
7194:2:1,component-df5b99b78e50cbd6,7194,1
7195:0:0,component-9b6dd89556ddf80f,7195,4
7196:0:0,component-c5b1a0888eafc45f,7196,3
7197:0:0,component-29a9dbe3da6c38ad,7197,0
7198:0:0,component-015c14ea9668616c,7198,4
7198:2:0,component-015c14ea9668616c,7198,4
7198:4:0,component-015c14ea9668616c,7198,4
7198:6:0,component-015c14ea9668616c,7198,4
7199:0:0,component-761981f0b94c49dd,7199,4
719:0:0,component-1b85d5582f20c370,719,1
71:0:0,component-b96e8aecf7358c4a,71,2
7200:0:0,component-a6a030adafb011e4,7200,2
7201:0:0,component-d80db988e684f7e8,7201,4
7201:2:0,component-d80db988e684f7e8,7201,4
7201:4:0,component-d80db988e684f7e8,7201,4
7201:6:0,component-d80db988e684f7e8,7201,4
7202:0:0,component-8b9aca477704bc3f,7202,3
7203:0:0,component-1103d17350e8f8a8,7203,1
7204:0:0,component-c77149ae17bed4a4,7204,3
7205:0:0,component-d6132a4e6ae90758,7205,1
7206:0:0,component-1d6723c1bc0faf45,7206,4
7207:0:0,component-943af47891f458d5,7207,3
7208:0:0,component-b97e06cca4aab2cf,7208,0
7209:0:0,component-42db5ded9ba7f4dd,7209,4
720:0:0,component-69ab2c367decc824,720,3
720:2:0,component-69ab2c367decc824,720,3
720:4:0,component-69ab2c367decc824,720,3
7210:0:0,component-62bada1e4b6806b8,7210,1
7210:2:0,component-62bada1e4b6806b8,7210,1
7210:4:0,component-62bada1e4b6806b8,7210,1
7211:0:0,component-807ec03e51596fbe,7211,2
7212:0:0,component-4897e9ce23c0b7ae,7212,4
7213:0:0,component-0be89527313f3da9,7213,0
7213:10:0,component-0be89527313f3da9,7213,0
7213:2:0,component-0be89527313f3da9,7213,0
7213:4:0,component-0be89527313f3da9,7213,0
7213:4:1,component-0be89527313f3da9,7213,0
7213:6:0,component-0be89527313f3da9,7213,0
7213:8:0,component-0be89527313f3da9,7213,0
7214:0:0,component-d494246b2bd67612,7214,1
7215:0:0,component-6c926e41667972d0,7215,0
7216:0:0,component-f115804038ac030b,7216,1
7217:0:0,component-6044192737dd9622,7217,1
7217:2:0,component-6044192737dd9622,7217,1
7217:4:0,component-6044192737dd9622,7217,1
7218:0:0,component-1cfc5b42b67c0beb,7218,3
7219:0:0,component-c0c720b4bd14d279,7219,4
721:0:0,component-45c98a1d30679d8b,721,2
7220:0:0,component-d5d4373c5f6ccdbc,7220,1
7221:0:0,component-8ddfdb049652938b,7221,2
7222:0:0,component-c7a46e85568e568e,7222,1
7223:0:0,component-16f964483a17d51a,7223,2
7224:0:0,component-4ec918745929e352,7224,1
7225:0:0,component-1558354df3d923bb,7225,3
7226:0:0,component-d9185fbeaf46aef8,7226,4
7227:0:0,component-7aa7c444e9d49ef3,7227,0
7228:0:0,component-596e50fcdb180464,7228,2
7229:0:0,component-dff75d8110575753,7229,0
722:0:0,component-7dfa10a4be2f0c7b,722,3
7230:0:0,component-09ab57967b0bbb0d,7230,0
7231:1:0,component-9fe18f41ef7ffc99,7231,1
7232:0:0,component-157dbd6dc5862fc7,7232,1
7233:0:0,component-4305ad036690232d,7233,3
7234:0:0,component-cf0a69b492838e87,7234,0
7234:2:0,component-cf0a69b492838e87,7234,0
7236:0:0,component-706c676cab1a8b7f,7236,0
7237:0:0,component-ba7358379d00a08f,7237,0
7238:0:0,component-1b371256a61ef8d8,7238,3
7239:0:0,component-e952d3c6516a52c7,7239,1
723:0:0,component-a1edaf16956fe9fb,723,2
7240:0:0,component-e3dba3ae14aa1eaf,7240,3
7241:0:0,component-e236a239d7dd12db,7241,3
7242:0:0,component-451594cd795e927f,7242,4
7243:0:0,component-74e1d0d27663a35f,7243,0
7244:0:0,component-072d1416f699866b,7244,1
7245:0:0,component-08a21dadbf17c39d,7245,4
7246:0:0,component-baa031966a990787,7246,0
7247:0:0,component-b37214e93dc3b32f,7247,0
7248:0:0,component-bdd8f54a6ae1d32e,7248,4
7249:0:0,component-329d08b7e1a74305,7249,4
724:1:0,component-b8363223b389650d,724,2
724:3:0,component-b8363223b389650d,724,2
7250:0:0,component-aff176e196924e97,7250,4
7251:0:0,component-6f05abea260d8466,7251,1
7252:0:0,component-3e2ca9f82f4e9728,7252,0
7253:0:0,component-b6268c50f35d1c7a,7253,2
7254:0:0,component-e863d30bd74bc941,7254,1
7255:0:0,component-8473a51193ed5a11,7255,1
7256:0:0,component-dc2feb2871da87a1,7256,1
7256:2:0,component-dc2feb2871da87a1,7256,1
7257:0:0,component-c7c65f4e4d28d638,7257,1
7258:0:0,component-5a970c6338fa5862,7258,2
7259:1:0,component-733e6e911900120b,7259,3
725:0:0,component-4487e4d5475b6643,725,1
7260:0:0,component-c1090a9f6f284066,7260,4
7261:0:0,component-d1379f4bcefc3f3c,7261,2
7262:0:0,component-6cb34b46c8274417,7262,0
7263:0:0,component-93563867bcc0f852,7263,1
7263:2:0,component-93563867bcc0f852,7263,1
7264:0:0,component-42c59181abe6c8e2,7264,2
7265:0:0,component-c938cfb3a134e597,7265,1
7266:1:0,component-22a5d8e7842e5843,7266,0
7267:0:0,component-f3246e9bd4cd7af2,7267,3
7268:0:0,component-ace1977e591c9b7e,7268,2
7269:0:0,component-45ff01bd55fd8470,7269,0
7269:2:0,component-45ff01bd55fd8470,7269,0
726:0:0,component-0fc3037fd73761c6,726,1
7270:0:0,component-aede8cc1da3e6898,7270,4
7271:0:0,component-a9560b67af458176,7271,0
7272:0:0,component-96dbc6aec39642dc,7272,0
7273:0:0,component-f6e34a9802ab3297,7273,0
7273:0:1,component-f6e34a9802ab3297,7273,0
7274:0:0,component-cc2ecbff4314f9a3,7274,0
7274:2:0,component-cc2ecbff4314f9a3,7274,0
7275:1:0,component-fcd2ed0faf02a688,7275,2
7275:3:0,component-fcd2ed0faf02a688,7275,2
7275:3:1,component-fcd2ed0faf02a688,7275,2
7276:0:0,component-f142c6ee3c29fb58,7276,1
7277:0:0,component-006bd2f7f575f922,7277,1
7278:0:0,component-b652658bf0b8108f,7278,4
7278:2:0,component-b652658bf0b8108f,7278,4
7279:0:0,component-071e98f94215f8fa,7279,1
727:0:0,component-891ef02e19faca11,727,1
7280:0:0,component-673b54911fd42276,7280,0
7281:1:0,component-5619f4598f49e249,7281,1
7282:0:0,component-4767d3433846f037,7282,3
7282:2:0,component-4767d3433846f037,7282,3
7283:0:0,component-ad6e98bffc803e33,7283,2
7284:0:0,component-be3e2be7d7226478,7284,3
7285:0:0,component-3eec5b3607562146,7285,1
7286:0:0,component-a2774ee06866e369,7286,4
7287:0:0,component-e27425bb6a90aaac,7287,4
7287:2:0,component-e27425bb6a90aaac,7287,4
7287:4:0,component-e27425bb6a90aaac,7287,4
7288:0:0,component-685698987fa4d6da,7288,3
7289:0:0,component-70139aabba030c19,7289,1
728:0:0,component-ec681cab7331037c,728,2
7290:1:0,component-dc1cf8238fbedd5c,7290,1
7291:0:0,component-9d2c5ee9281265bc,7291,0
7292:0:0,component-0ce8b531a96aac73,7292,2
7293:1:0,component-4888cbd4ae43969e,7293,2
7294:0:0,component-5e1f2d866c6dbf37,7294,4
7294:2:0,component-5e1f2d866c6dbf37,7294,4
7294:4:0,component-5e1f2d866c6dbf37,7294,4
7296:0:0,component-110454825cdd563e,7296,2
7297:1:0,component-f84b71e5b43ada0e,7297,2
7298:0:0,component-b69ddf68e8ebe57e,7298,1
7298:2:0,component-b69ddf68e8ebe57e,7298,1
7299:0:0,component-ff10dcd6bb0648f5,7299,0
729:0:0,component-a4c4247bc439b388,729,2
72:0:0,component-663969697a2e6096,72,3
72:2:0,component-663969697a2e6096,72,3
7300:1:0,component-2b981c08dd70baaf,7300,3
7300:3:0,component-2b981c08dd70baaf,7300,3
7301:0:0,component-1c3b004e66b000b6,7301,0
7302:0:0,component-fb9ca069b700f2f8,7302,3
7303:0:0,component-5c846285c8741b9c,7303,0
7303:2:0,component-5c846285c8741b9c,7303,0
7304:0:0,component-326cbabf714e6893,7304,3
7304:2:0,component-326cbabf714e6893,7304,3
7304:4:0,component-326cbabf714e6893,7304,3
7305:0:0,component-98470959214ce5cd,7305,3
7306:1:0,component-ab15721932aba1f2,7306,4
7307:0:0,component-12fcf07045734601,7307,0
7308:0:0,component-661f1229cd169729,7308,2
7309:0:0,component-4e223d89d45cc9b4,7309,0
730:0:0,component-337e541233f6e13d,730,0
7310:0:0,component-beb01b30eaebb9e9,7310,3
7311:0:0,component-ba7ca54ec83fcaa9,7311,2
7312:0:0,component-0f2b0a59db78f60b,7312,1
7313:0:0,component-e80c10c38c60dcf3,7313,1
7314:0:0,component-caf25dd1efa0efd4,7314,0
7315:0:0,component-5de1c34fee39f0f0,7315,2
7316:0:0,component-710efb375fc212b3,7316,0
7317:0:0,component-32ceee5e88980806,7317,4
7318:0:0,component-28df30a854ced2e3,7318,2
7319:0:0,component-cce69eefa84e7d7a,7319,2
731:0:0,component-2a345c3171b743ff,731,3
7320:0:0,component-9f845ab2ff149b4d,7320,0
7321:0:0,component-d16cb43243d11936,7321,3
7322:0:0,component-53f6936bdd522b38,7322,4
7323:0:0,component-1deb50e0634b467d,7323,0
7324:1:0,component-c643b79456157e3a,7324,2
7325:0:0,component-c7a11c9006fbd0b2,7325,0
7325:0:1,component-c7a11c9006fbd0b2,7325,0
7326:0:0,component-be2ddce89148238d,7326,1
7327:0:0,component-e1cf143f1cc5ef55,7327,2
7328:0:0,component-f0fac0babdce82c8,7328,2
7328:0:1,component-f0fac0babdce82c8,7328,2
7329:0:0,component-4b55daedc575eb1f,7329,4
732:0:0,component-74e325fb7a4a674d,732,1
732:2:0,component-74e325fb7a4a674d,732,1
7330:0:0,component-c7b5afbd21de76ee,7330,4
7330:2:0,component-c7b5afbd21de76ee,7330,4
7331:0:0,component-5bd4195fbc44e471,7331,4
7332:0:0,component-4f7fb0889ab2b60d,7332,2
7333:0:0,component-588fa6c52c25d539,7333,2
7334:0:0,component-5d338325cc9fb52c,7334,1
7335:0:0,component-24b0d58399339bc8,7335,4
7336:0:0,component-443cc9ba24719d99,7336,2
7337:0:0,component-5b1fcdf9e80bf090,7337,2
7338:0:0,component-4845c1f481495e67,7338,3
7339:0:0,component-5bd6b6c99a9f537c,7339,2
7339:2:0,component-5bd6b6c99a9f537c,7339,2
733:0:0,component-3177f46805fb3e39,733,4
7340:0:0,component-5ea03f27a469fcbd,7340,4
7340:2:0,component-5ea03f27a469fcbd,7340,4
7341:0:0,component-a48efccc76eac9b6,7341,2
7341:2:0,component-a48efccc76eac9b6,7341,2
7341:4:0,component-a48efccc76eac9b6,7341,2
7342:0:0,component-59c8fb1ce2bfcefd,7342,4
7343:0:0,component-8a01592e43343ab2,7343,4
7344:0:0,component-72ca8333ad3e511f,7344,0
7345:0:0,component-7b3f0083441302a6,7345,2
7346:0:0,component-12af7a01d741d016,7346,2
7346:2:0,component-12af7a01d741d016,7346,2
7346:2:1,component-12af7a01d741d016,7346,2
7346:2:2,component-12af7a01d741d016,7346,2
7346:4:0,component-12af7a01d741d016,7346,2
7346:6:0,component-12af7a01d741d016,7346,2
7347:0:0,component-bdd74eec22ceaa32,7347,2
7348:0:0,component-7f9b9d4d6c4b6a53,7348,4
7349:0:0,component-e9e13f148720c221,7349,3
734:0:0,component-aeb8e5cb6591d5c3,734,3
734:2:0,component-aeb8e5cb6591d5c3,734,3
734:4:0,component-aeb8e5cb6591d5c3,734,3
734:6:0,component-aeb8e5cb6591d5c3,734,3
7350:0:0,component-426348a4f00c85a4,7350,0
7350:2:0,component-426348a4f00c85a4,7350,0
7351:0:0,component-5686f8a45804441b,7351,2
7353:0:0,component-361558de7cf61dbd,7353,1
7354:0:0,component-f5077f7d8ed95c04,7354,1
7354:2:0,component-f5077f7d8ed95c04,7354,1
7355:0:0,component-634784813ce95443,7355,1
7356:0:0,component-307911e16f85ad1a,7356,1
7356:2:0,component-307911e16f85ad1a,7356,1
7356:4:0,component-307911e16f85ad1a,7356,1
7356:6:0,component-307911e16f85ad1a,7356,1
7356:8:0,component-307911e16f85ad1a,7356,1
7357:0:0,component-d3d9332964ad3a09,7357,4
7358:1:0,component-2c2f5bba92c9ef8e,7358,3
7359:0:0,component-a52ec6a61383fd2b,7359,3
735:0:0,component-5bda18ad31753929,735,1
7361:0:0,component-032d39cc8c74eb03,7361,1
7362:0:0,component-5c3e536f7c5c5ad6,7362,4
7362:2:0,component-5c3e536f7c5c5ad6,7362,4
7363:0:0,component-ca595d50fcd38818,7363,3
7364:0:0,component-caabc88eacd9baa6,7364,2
7365:0:0,component-570b0089fbd02db3,7365,3
7365:2:0,component-570b0089fbd02db3,7365,3
7365:4:0,component-570b0089fbd02db3,7365,3
7365:6:0,component-570b0089fbd02db3,7365,3
7366:0:0,component-f48870001b90b7dd,7366,3
7367:0:0,component-61a8d6db81605dd4,7367,0
7368:0:0,component-fb527ce808496aa9,7368,3
7368:2:0,component-fb527ce808496aa9,7368,3
7369:0:0,component-a6a98507c0c7619d,7369,0
736:0:0,component-db17eaa1cd60e23c,736,0
736:10:0,component-db17eaa1cd60e23c,736,0
736:2:0,component-db17eaa1cd60e23c,736,0
736:2:1,component-db17eaa1cd60e23c,736,0
736:4:0,component-db17eaa1cd60e23c,736,0
736:6:0,component-db17eaa1cd60e23c,736,0
736:8:0,component-db17eaa1cd60e23c,736,0
7370:0:0,component-7875d7d5085d645e,7370,2
7371:0:0,component-b484b32b62384945,7371,2
7372:0:0,component-8c0ac6dfc82b036c,7372,0
7373:0:0,component-51d053615150bd32,7373,0
7374:0:0,component-d4bcffc9017ea1a7,7374,4
7375:0:0,component-a41ed3f7fb79e167,7375,1
7376:1:0,component-df2b8511d52c49a2,7376,3
7376:3:0,component-df2b8511d52c49a2,7376,3
7377:0:0,component-bf4f3270ec9a20f5,7377,1
7378:0:0,component-0b71f0c0cad63169,7378,1
7379:0:0,component-ea06d2fcdcb5fc23,7379,4
737:0:0,component-f5a8ce4b59aa1115,737,1
7380:0:0,component-ed61046d9b9d4370,7380,3
7380:2:0,component-ed61046d9b9d4370,7380,3
7381:0:0,component-ebb6ef6787e36734,7381,1
7381:2:0,component-ebb6ef6787e36734,7381,1
7382:0:0,component-20be3ebd685620c5,7382,1
7383:1:0,component-62287ab03a3b28ba,7383,4
7384:0:0,component-2babe7137097e28b,7384,3
7385:0:0,component-7b0cd1d2300e8683,7385,0
7386:0:0,component-aa7f95678a03651a,7386,2
7386:2:0,component-aa7f95678a03651a,7386,2
7387:0:0,component-564ac49baa080afd,7387,2
7388:0:0,component-d8c402ec28f15488,7388,3
7389:0:0,component-096fd2700519fdb3,7389,2
738:0:0,component-8b14197f5728cd5a,738,4
7390:0:0,component-db7fb07f83ff1c00,7390,0
7391:0:0,component-51c25621a777e2c3,7391,2
7392:0:0,component-7a074bc894accb16,7392,3
7393:0:0,component-2b0fb13d52ed7d31,7393,2
7394:0:0,component-80c1f64b482fb661,7394,3
7395:1:0,component-9b71903618ce6d5a,7395,2
7396:0:0,component-8542f8ea4e60ff4d,7396,2
7397:0:0,component-989ba8d9d6dd7de0,7397,1
7398:0:0,component-a395e1f971c6cc09,7398,0
7399:0:0,component-4aea2dc6e08f89ee,7399,1
739:0:0,component-697668b2789850e3,739,2
739:2:0,component-697668b2789850e3,739,2
73:0:0,component-d9214b21399ea229,73,2
7400:0:0,component-6f0335da8a5116bd,7400,1
7400:2:0,component-6f0335da8a5116bd,7400,1
7401:0:0,component-727e9610018f049d,7401,3
7402:0:0,component-8e1f8cc89e9faab8,7402,1
7403:0:0,component-af9061b549f52867,7403,4
7404:1:0,component-6761fc53ef74beae,7404,0
7405:0:0,component-450350746086b447,7405,1
7405:2:0,component-450350746086b447,7405,1
7406:0:0,component-3062654bcb5cf3b6,7406,1
7407:0:0,component-ed94b609bd08a8ec,7407,2
7408:0:0,component-a4ac44b7960278f5,7408,1
7408:2:0,component-a4ac44b7960278f5,7408,1
740:0:0,component-340b13ba1fcb34b0,740,1
740:2:0,component-340b13ba1fcb34b0,740,1
7410:0:0,component-a28c52cce33cf7b4,7410,2
7411:0:0,component-05fc85d699921489,7411,1
7413:0:0,component-1200daf4380a64a1,7413,0
7414:0:0,component-16c3bf55766ef43b,7414,3
7415:0:0,component-4fa7b8526340bdbd,7415,0
7417:0:0,component-4619aa70bfa55d0a,7417,1
7417:0:1,component-4619aa70bfa55d0a,7417,1
7418:0:0,component-07a6006ea06bbce5,7418,3
7419:0:0,component-4ad3f65657227b2a,7419,4
741:0:0,component-7d157e65e758f348,741,1
7420:0:0,component-69dbefcef1159c27,7420,0
7421:0:0,component-480185552bea070d,7421,1
7421:2:0,component-480185552bea070d,7421,1
7422:0:0,component-42dba59b2b462bf2,7422,0
7422:2:0,component-42dba59b2b462bf2,7422,0
7423:0:0,component-4554b803e147cfd5,7423,4
7424:0:0,component-fd0b892782df5dd1,7424,2
7424:2:0,component-fd0b892782df5dd1,7424,2
7425:1:0,component-f34ca5ecc97d9c13,7425,2
7426:0:0,component-0ff3a84cafdc50eb,7426,0
7427:0:0,component-85b1e3b34506eb37,7427,1
7428:0:0,component-7f64cbfbe8d9d239,7428,2
7428:2:0,component-7f64cbfbe8d9d239,7428,2
7429:0:0,component-66362b24008ceaaf,7429,3
742:0:0,component-815c1201624ccedd,742,2
742:2:0,component-815c1201624ccedd,742,2
7430:0:0,component-4fe6b422e86725ad,7430,1
7431:0:0,component-e17686e1ff7d84f5,7431,0
7432:0:0,component-fb87690909a5c299,7432,3
7433:0:0,component-1fe1f0fbc5725829,7433,3
7434:0:0,component-04dddbbac0eba9a6,7434,2
7435:0:0,component-a542698e88b88233,7435,4
7436:0:0,component-d6ae171db868e5f7,7436,4
7436:2:0,component-d6ae171db868e5f7,7436,4
7437:1:0,component-5a2847f856a3b1e3,7437,4
7438:0:0,component-b8496ae0cead6537,7438,3
7438:2:0,component-b8496ae0cead6537,7438,3
7439:0:0,component-33e1b93a93c2bb8f,7439,2
7439:2:0,component-33e1b93a93c2bb8f,7439,2
743:0:0,component-18469a6637d5792f,743,2
7440:0:0,component-e94319e71e5a301e,7440,3
7441:0:0,component-8d6ee1376df0c919,7441,1
7441:0:1,component-8d6ee1376df0c919,7441,1
7441:0:2,component-8d6ee1376df0c919,7441,1
7441:2:0,component-8d6ee1376df0c919,7441,1
7442:0:0,component-d1b0ebb333ed1163,7442,3
7442:10:0,component-d1b0ebb333ed1163,7442,3
7442:12:0,component-d1b0ebb333ed1163,7442,3
7442:14:0,component-d1b0ebb333ed1163,7442,3
7442:2:0,component-d1b0ebb333ed1163,7442,3
7442:4:0,component-d1b0ebb333ed1163,7442,3
7442:6:0,component-d1b0ebb333ed1163,7442,3
7442:8:0,component-d1b0ebb333ed1163,7442,3
7443:0:0,component-a6910be96bb3bdb3,7443,4
7444:0:0,component-b3393e7860d69f7f,7444,2
7444:0:1,component-b3393e7860d69f7f,7444,2
7444:0:2,component-b3393e7860d69f7f,7444,2
7444:2:0,component-b3393e7860d69f7f,7444,2
7444:4:0,component-b3393e7860d69f7f,7444,2
7444:6:0,component-b3393e7860d69f7f,7444,2
7444:8:0,component-b3393e7860d69f7f,7444,2
7445:0:0,component-c35924f41755cdd1,7445,4
7445:2:0,component-c35924f41755cdd1,7445,4
7445:4:0,component-c35924f41755cdd1,7445,4
7446:0:0,component-1aaa1a54bc36026e,7446,3
7447:1:0,component-a0fd7b0f2c4f2e61,7447,4
7447:3:0,component-a0fd7b0f2c4f2e61,7447,4
7448:0:0,component-f31fd2b98855bb96,7448,3
7449:0:0,component-afa436d6225eaeea,7449,0
7449:2:0,component-afa436d6225eaeea,7449,0
7449:2:1,component-afa436d6225eaeea,7449,0
744:0:0,component-93700c4296cf8f7d,744,0
744:2:0,component-93700c4296cf8f7d,744,0
7450:1:0,component-a21f349f1dd747a7,7450,0
7450:3:0,component-a21f349f1dd747a7,7450,0
7451:0:0,component-2cc77eb7390b6071,7451,0
7452:0:0,component-6b26cd83067c2895,7452,0
7453:0:0,component-98eb8e33e3353817,7453,0
7454:0:0,component-dcebeef9cb0f7f51,7454,1
7455:0:0,component-63ab577eccdb534a,7455,4
7455:2:0,component-63ab577eccdb534a,7455,4
7456:0:0,component-377de5b93bbeb701,7456,1
7458:0:0,component-a36feef56e1e4b12,7458,2
7459:0:0,component-a2e9d7306024433c,7459,3
745:0:0,component-4c1dbc327110612a,745,3
745:2:0,component-4c1dbc327110612a,745,3
7460:0:0,component-017f6bdec2043505,7460,0
7461:0:0,component-9cc14a1a0f32c1f2,7461,3
7462:0:0,component-0b6f7f6ff47e2510,7462,1
7463:0:0,component-327afd77dffc2046,7463,3
7464:0:0,component-2fc7a16bab55ff29,7464,3
7466:0:0,component-24e439db3847f596,7466,3
7466:2:0,component-24e439db3847f596,7466,3
7467:0:0,component-7fad4e53d7ac481e,7467,0
7468:0:0,component-e4544d186eed618d,7468,0
7469:0:0,component-456129a126ae5773,7469,4
746:1:0,component-c58ce169f577362a,746,1
7470:0:0,component-93e7ff20fbb0e462,7470,1
7471:0:0,component-bd3d3a0f964f9dfd,7471,2
7472:0:0,component-57184ef6eee79441,7472,4
7473:0:0,component-f51a88bc9201bc0d,7473,0
7473:2:0,component-f51a88bc9201bc0d,7473,0
7474:0:0,component-53acb46b0d219755,7474,4
7475:0:0,component-55e325ca685deb9c,7475,0
7476:0:0,component-df719ba814cb6c0f,7476,3
7476:2:0,component-df719ba814cb6c0f,7476,3
7477:0:0,component-6a42df93fe6e60c3,7477,4
7477:2:0,component-6a42df93fe6e60c3,7477,4
7478:0:0,component-5e3a644bec016fcb,7478,4
7479:0:0,component-59c74fd44031a38b,7479,3
747:0:0,component-e96c7c7d99f270b1,747,2
7480:0:0,component-30aab0141df2bfe6,7480,4
7481:0:0,component-78790acb9f4ad2cf,7481,0
7482:0:0,component-b2960c44f919b70e,7482,4
7483:0:0,component-052470e5eafb4fc8,7483,2
7484:0:0,component-9a9051f4359d855c,7484,2
7485:0:0,component-015c14ea9668616c,7485,4
7485:10:0,component-015c14ea9668616c,7485,4
7485:2:0,component-015c14ea9668616c,7485,4
7485:4:0,component-015c14ea9668616c,7485,4
7485:6:0,component-015c14ea9668616c,7485,4
7485:8:0,component-015c14ea9668616c,7485,4
7486:0:0,component-31be498f6e06f96f,7486,0
7487:0:0,component-a0b0df062ff2c264,7487,4
7488:0:0,component-1ce8dceb7198b43e,7488,0
7489:0:0,component-046cde01a27ef77d,7489,3
748:0:0,component-31e1ba19c4415d09,748,0
748:2:0,component-31e1ba19c4415d09,748,0
748:4:0,component-31e1ba19c4415d09,748,0
748:6:0,component-31e1ba19c4415d09,748,0
7490:0:0,component-429670c75ba100ce,7490,0
7491:0:0,component-2c2a22b8001239e8,7491,4
7492:0:0,component-69e9315b54d67ac3,7492,2
7493:0:0,component-1548581ed81d10b3,7493,1
7494:0:0,component-37a3b460ba11955c,7494,4
7495:0:0,component-b5eca31a8b7ac72e,7495,3
7495:2:0,component-b5eca31a8b7ac72e,7495,3
7495:4:0,component-b5eca31a8b7ac72e,7495,3
7495:6:0,component-b5eca31a8b7ac72e,7495,3
7496:0:0,component-04f8d85d20419f9f,7496,2
7496:2:0,component-04f8d85d20419f9f,7496,2
7497:1:0,component-9f62565ae90296dc,7497,1
7498:0:0,component-986f17faf903f1e2,7498,2
7499:0:0,component-de151c061f69edef,7499,0
7499:2:0,component-de151c061f69edef,7499,0
749:0:0,component-6b66bdb2a57fea0d,749,0
74:0:0,component-d18cc05860bc7f6c,74,3
7500:0:0,component-a1c80a0c27578d02,7500,2
7501:0:0,component-a97fca592c8f7ef7,7501,2
7502:0:0,component-1cf515ce2d3c1c0e,7502,1
7502:2:0,component-1cf515ce2d3c1c0e,7502,1
7503:0:0,component-873f0cdd40309dba,7503,4
7504:1:0,component-8562792e6a34b8b1,7504,3
7504:3:0,component-8562792e6a34b8b1,7504,3
7504:5:0,component-8562792e6a34b8b1,7504,3
7504:7:0,component-8562792e6a34b8b1,7504,3
7504:9:0,component-8562792e6a34b8b1,7504,3
7505:0:0,component-11a26d59f4e01502,7505,4
7505:2:0,component-11a26d59f4e01502,7505,4
7505:4:0,component-11a26d59f4e01502,7505,4
7506:0:0,component-e70de0174ebb7170,7506,1
7507:0:0,component-2991911fa4f14ece,7507,2
7507:2:0,component-2991911fa4f14ece,7507,2
7508:0:0,component-e6ec2e702e3de15b,7508,0
7509:0:0,component-b68370fe63143f91,7509,1
750:0:0,component-94c094de0dadc26d,750,0
7510:0:0,component-f58783ece34de922,7510,3
7511:0:0,component-ab7389a3d6c8a384,7511,2
7512:0:0,component-b01acf5d7c49b3aa,7512,4
7513:0:0,component-046a45d3433136ed,7513,1
7514:0:0,component-a21ddf67c3038b72,7514,1
7515:0:0,component-09a5bc99f10109f9,7515,0
7516:0:0,component-0051b095a0e8722b,7516,4
7517:0:0,component-6251af3348710649,7517,3
7517:2:0,component-6251af3348710649,7517,3
7517:4:0,component-6251af3348710649,7517,3
7518:0:0,component-16503aada92078e1,7518,4
7519:0:0,component-8e8e420df58b3458,7519,2
751:0:0,component-8de0affe3aa7c2f4,751,4
7520:0:0,component-00908e12100435c5,7520,1
7521:0:0,component-d4b393e723155fe7,7521,4
7522:0:0,component-ee7dd5ae045bc8d6,7522,3
7523:0:0,component-fefd5488cb9b9c87,7523,2
7523:2:0,component-fefd5488cb9b9c87,7523,2
7523:4:0,component-fefd5488cb9b9c87,7523,2
7523:4:1,component-fefd5488cb9b9c87,7523,2
7524:0:0,component-040842134b683faf,7524,1
7525:0:0,component-b02066ea6d6b7aa3,7525,0
7526:0:0,component-616699ead17e4c0e,7526,1
7526:2:0,component-616699ead17e4c0e,7526,1
7527:0:0,component-4dc5462203140fc6,7527,1
7528:0:0,component-65db279d8fca06b0,7528,3
7529:0:0,component-655a34361889ec1c,7529,4
752:0:0,component-77e4f847a9ffce4e,752,3
752:2:0,component-77e4f847a9ffce4e,752,3
7530:1:0,component-9aec1c2f9a60a389,7530,0
7531:0:0,component-b5fb691f403fe325,7531,2
7532:0:0,component-9482f854059a7939,7532,0
7532:2:0,component-9482f854059a7939,7532,0
7533:0:0,component-4474482f83899d32,7533,1
7533:2:0,component-4474482f83899d32,7533,1
7534:0:0,component-79a0f80873498cf5,7534,1
7535:0:0,component-b8195f1c9a2196a2,7535,2
7536:0:0,component-511961ff98523c04,7536,1
7537:0:0,component-5a8e5525e75dbfff,7537,1
7538:0:0,component-d26d15210b596637,7538,4
7539:0:0,component-855554bb291cf87f,7539,1
7539:2:0,component-855554bb291cf87f,7539,1
753:0:0,component-9b1bb548d26fc01b,753,2
753:2:0,component-9b1bb548d26fc01b,753,2
7540:0:0,component-f6ebab0afa7ef63e,7540,0
7541:0:0,component-1ffbede6ce40c8b3,7541,0
7542:0:0,component-23a9e3012e08b0db,7542,4
7543:0:0,component-6d12e43482117a3d,7543,1
7544:0:0,component-2524bf443d8bbac1,7544,2
7545:0:0,component-8138ab1cb0d33428,7545,3
7546:0:0,component-ea2f950dac9e6bae,7546,0
7546:2:0,component-ea2f950dac9e6bae,7546,0
7547:0:0,component-8df2b14ff2f832a3,7547,0
7548:1:0,component-0cf20e8986d70bb7,7548,1
7548:3:0,component-0cf20e8986d70bb7,7548,1
7549:0:0,component-de2c9ddfffa76084,7549,3
754:0:0,component-73ac66499318ba0f,754,4
754:0:1,component-73ac66499318ba0f,754,4
754:0:2,component-73ac66499318ba0f,754,4
7550:0:0,component-237d6326a45ac910,7550,1
7551:0:0,component-2e0c1b06ae401375,7551,4
7552:0:0,component-5e2dc003a35e5f99,7552,1
7552:2:0,component-5e2dc003a35e5f99,7552,1
7553:0:0,component-cf510a6869534285,7553,4
7554:0:0,component-3a42214ccb1a64d6,7554,3
7555:0:0,component-4a0ca950cb2616c7,7555,0
7556:0:0,component-32d9db1c0bc29bcc,7556,2
7557:0:0,component-93815aff6180bd08,7557,4
7558:0:0,component-ef30847e412a9ad5,7558,3
7559:0:0,component-d8e3c7fc882534a7,7559,1
755:0:0,component-e6d522140ded17db,755,1
7560:0:0,component-7d193593bdb90b68,7560,4
7561:0:0,component-250479b15c1e95b3,7561,2
7562:0:0,component-8efd692d816e35a5,7562,1
7563:0:0,component-d38e469ef86561ce,7563,4
7563:2:0,component-d38e469ef86561ce,7563,4
7564:0:0,component-f8f0a3ddac8f74f6,7564,1
7564:2:0,component-f8f0a3ddac8f74f6,7564,1
7564:4:0,component-f8f0a3ddac8f74f6,7564,1
7564:6:0,component-f8f0a3ddac8f74f6,7564,1
7565:0:0,component-a7d8da635bdaeb4f,7565,1
7566:0:0,component-e8bd0089223cd3cc,7566,3
7567:0:0,component-006960a460d71779,7567,4
7567:0:1,component-006960a460d71779,7567,4
7568:0:0,component-4fe61427736edfa3,7568,2
7568:2:0,component-4fe61427736edfa3,7568,2
7569:0:0,component-8e5b18b054a6e6cf,7569,0
756:0:0,component-cb1d4ec3963c25c8,756,1
7570:0:0,component-6ba60e277583ef6d,7570,2
7571:0:0,component-f59185e3c23ee1be,7571,0
7571:2:0,component-f59185e3c23ee1be,7571,0
7572:0:0,component-dcbead17a719e642,7572,3
7573:0:0,component-495c6cac4f774ff7,7573,1
7574:0:0,component-de5b0623f1a5394e,7574,1
7574:2:0,component-de5b0623f1a5394e,7574,1
7575:0:0,component-903d32bf9bc5b30d,7575,1
7576:0:0,component-b9f620323d76137b,7576,4
7577:0:0,component-aa328f930d6d3202,7577,1
7577:2:0,component-aa328f930d6d3202,7577,1
7577:4:0,component-aa328f930d6d3202,7577,1
7578:0:0,component-79167a7673526ce1,7578,3
7579:0:0,component-32c574e8b414527f,7579,2
757:0:0,component-3e35d2121da46f5c,757,2
7580:0:0,component-e791f56451a8be35,7580,4
7580:2:0,component-e791f56451a8be35,7580,4
7581:0:0,component-369c5d53bb10c36c,7581,4
7582:0:0,component-3a009ed06e009df4,7582,0
7583:0:0,component-7dcca1b7552a8b21,7583,3
7584:0:0,component-27a5c3ef54a3f79f,7584,4
7585:0:0,component-4c15a839603ab02f,7585,0
7586:0:0,component-4d648d008ac9ceba,7586,3
7587:0:0,component-d80aba415d35eb53,7587,3
7588:0:0,component-3fc354ac9e2d487f,7588,2
7589:0:0,component-5486a0e16479096c,7589,1
758:0:0,component-88972aecbc6a9ff7,758,2
7590:0:0,component-927668985273f5ec,7590,2
7591:0:0,component-d22ccd1c1c674412,7591,2
7592:0:0,component-30355512eb0f12d6,7592,0
7593:0:0,component-cdc1250bf4126720,7593,3
7594:0:0,component-b88a0ff38f5df9ca,7594,2
7594:2:0,component-b88a0ff38f5df9ca,7594,2
7595:0:0,component-9623265754bda7f4,7595,1
7596:0:0,component-7ed60aa982cb11d1,7596,0
7596:10:0,component-7ed60aa982cb11d1,7596,0
7596:12:0,component-7ed60aa982cb11d1,7596,0
7596:2:0,component-7ed60aa982cb11d1,7596,0
7596:4:0,component-7ed60aa982cb11d1,7596,0
7596:6:0,component-7ed60aa982cb11d1,7596,0
7596:8:0,component-7ed60aa982cb11d1,7596,0
7597:0:0,component-0a555705c9bebbc7,7597,1
7598:0:0,component-9de9e109fa03c597,7598,2
7598:2:0,component-9de9e109fa03c597,7598,2
7599:0:0,component-2449522d40eeb0ac,7599,3
759:0:0,component-ea3a91e016e48b8b,759,4
75:0:0,component-d7ec1465568c19e4,75,0
7600:0:0,component-3610bae0032435b8,7600,3
7600:2:0,component-3610bae0032435b8,7600,3
7601:0:0,component-2ad11636ebb3d3ee,7601,0
7602:0:0,component-bb7ec785f3c0cf91,7602,4
7603:0:0,component-e0472ad10f7ea677,7603,0
7604:0:0,component-7b3b4ea3bcdf43a0,7604,4
7605:0:0,component-df8509b28d7303bc,7605,0
7606:0:0,component-81e9e640569367ff,7606,3
7607:0:0,component-1fc63917ae7eadc8,7607,3
7608:0:0,component-85b824ceb2b658d0,7608,1
7609:0:0,component-bac53e3954b781fa,7609,0
760:0:0,component-88f302fd71e177c6,760,4
7610:0:0,component-00367a4873a9b838,7610,3
7610:0:1,component-00367a4873a9b838,7610,3
7611:0:0,component-bd4ac2593121a9af,7611,1
7613:0:0,component-052749fdda54e583,7613,2
7614:0:0,component-6af83ced75b41119,7614,3
7615:0:0,component-248340485e69091e,7615,0
7616:0:0,component-5a5ced54722b2898,7616,0
7617:0:0,component-00f5e13aba402c2c,7617,3
7618:0:0,component-151b61dcac11c077,7618,1
7619:0:0,component-a6c1ea1cbf879cc3,7619,2
7619:2:0,component-a6c1ea1cbf879cc3,7619,2
761:0:0,component-7f526b8e0f95dc84,761,3
7620:0:0,component-a640e2748b125c05,7620,3
7621:0:0,component-e0505d0e8671df1b,7621,2
7622:0:0,component-acc901d16739698a,7622,4
7622:2:0,component-acc901d16739698a,7622,4
7623:0:0,component-eab13ab0fd0180b9,7623,1
7624:0:0,component-a207a84a47b03f8f,7624,0
7625:0:0,component-7a675e6c597654c9,7625,2
7626:0:0,component-6fc68a1b0c141ab3,7626,0
7627:0:0,component-66589e9c5e27530c,7627,0
7628:0:0,component-0eda3fbc089f370e,7628,1
7629:0:0,component-7775e931a7bc8b26,7629,4
762:0:0,component-ce785fea84682bf6,762,3
762:2:0,component-ce785fea84682bf6,762,3
762:4:0,component-ce785fea84682bf6,762,3
762:6:0,component-ce785fea84682bf6,762,3
7630:0:0,component-799a81f2727657ea,7630,3
7631:0:0,component-3e2fe569fea98da8,7631,4
7631:0:1,component-3e2fe569fea98da8,7631,4
7631:2:0,component-3e2fe569fea98da8,7631,4
7632:0:0,component-5ded77ac64302a00,7632,3
7632:0:1,component-5ded77ac64302a00,7632,3
7633:0:0,component-9fe517ad0011be23,7633,3
7634:0:0,component-7ecde0073c2fa049,7634,3
7634:2:0,component-7ecde0073c2fa049,7634,3
7635:0:0,component-b712f6c4725d86f2,7635,0
7636:0:0,component-0d7f9e4b22423ce7,7636,2
7636:2:0,component-0d7f9e4b22423ce7,7636,2
7637:0:0,component-7723ac3ccc637272,7637,4
7638:0:0,component-3d0a7c2a9425a174,7638,2
7639:0:0,component-e69d08b266f066e5,7639,3
763:0:0,component-7caba0d1b76fb1f6,763,0
7640:0:0,component-62741bdac81eaf69,7640,0
7641:0:0,component-6c2a8c011ed14f09,7641,3
7641:2:0,component-6c2a8c011ed14f09,7641,3
7641:2:1,component-6c2a8c011ed14f09,7641,3
7642:0:0,component-8aeb8c516bb812f3,7642,1
7642:2:0,component-8aeb8c516bb812f3,7642,1
7643:0:0,component-68a9a477bc499f82,7643,4
7644:1:0,component-0272d46111dd5fa1,7644,4
7645:0:0,component-62bb407419fd9bf2,7645,4
7645:2:0,component-62bb407419fd9bf2,7645,4
7645:4:0,component-62bb407419fd9bf2,7645,4
7645:6:0,component-62bb407419fd9bf2,7645,4
7645:6:1,component-62bb407419fd9bf2,7645,4
7646:0:0,component-6e5218bf1d37ac5f,7646,3
7647:0:0,component-e1a8b4634fe1da75,7647,4
7647:2:0,component-e1a8b4634fe1da75,7647,4
7648:0:0,component-9ff92f1142547619,7648,0
7649:0:0,component-1de69676f6c27bf0,7649,0
764:0:0,component-6e921e77e987ef5b,764,3
7650:0:0,component-062b6974b090a2df,7650,0
7650:2:0,component-062b6974b090a2df,7650,0
7651:0:0,component-47e1cf55109bcd5d,7651,3
7652:0:0,component-1e4dbc6ebb3b0c5a,7652,2
7653:0:0,component-b8c506952f54713d,7653,1
7654:0:0,component-5fde66b01b86403b,7654,4
7654:2:0,component-5fde66b01b86403b,7654,4
7655:0:0,component-8f7f94b1eb9de9b5,7655,4
7656:0:0,component-78ffc481b4d47994,7656,1
7657:0:0,component-00808f37236553ae,7657,4
7657:0:1,component-00808f37236553ae,7657,4
7657:2:0,component-00808f37236553ae,7657,4
7657:2:1,component-00808f37236553ae,7657,4
7657:4:0,component-00808f37236553ae,7657,4
7657:6:0,component-00808f37236553ae,7657,4
7658:0:0,component-749a30bb50c430ca,7658,2
7659:0:0,component-f17f5feb879144be,7659,4
765:0:0,component-1f8592ab4896219d,765,4
7660:0:0,component-f26a3707bb063c50,7660,3
7661:0:0,component-be7366e1ea74db2d,7661,4
7662:0:0,component-1915ed5b03de9316,7662,3
7662:0:1,component-1915ed5b03de9316,7662,3
7662:2:0,component-1915ed5b03de9316,7662,3
7663:0:0,component-95fbfec2fb475582,7663,1
7664:0:0,component-e90b383416a99267,7664,1
7665:0:0,component-1a20e70a04afdc15,7665,1
7666:0:0,component-e0738a5d0eb0f099,7666,3
7667:0:0,component-69b8d35511e1b7e2,7667,0
7667:2:0,component-69b8d35511e1b7e2,7667,0
7668:0:0,component-aff4ef6d27566b70,7668,2
7668:2:0,component-aff4ef6d27566b70,7668,2
7669:0:0,component-70a64621a90aa810,7669,4
766:0:0,component-372919c9fb20b579,766,3
7670:0:0,component-8253effc52227bbe,7670,3
7671:0:0,component-c4b55898d2b9a706,7671,2
7671:2:0,component-c4b55898d2b9a706,7671,2
7672:0:0,component-b0c30deb41bf4151,7672,1
7672:2:0,component-b0c30deb41bf4151,7672,1
7673:0:0,component-f12a097163369714,7673,0
7673:2:0,component-f12a097163369714,7673,0
7673:2:1,component-f12a097163369714,7673,0
7674:0:0,component-da5eb6be4002d53e,7674,3
7675:0:0,component-7b0926248cba0a18,7675,1
7676:0:0,component-3a204e30ba652e3a,7676,1
7677:0:0,component-90562e62e5f14d19,7677,4
7678:0:0,component-9ec4b4feb6518b94,7678,1
7679:0:0,component-cbd90af97160cdc5,7679,3
7679:2:0,component-cbd90af97160cdc5,7679,3
7679:4:0,component-cbd90af97160cdc5,7679,3
7679:6:0,component-cbd90af97160cdc5,7679,3
767:0:0,component-a771e0bc80f20b1c,767,4
7680:0:0,component-7ed8635f28261666,7680,3
7681:0:0,component-963a787a24260e97,7681,3
7681:2:0,component-963a787a24260e97,7681,3
7682:0:0,component-e86f3370a55cb630,7682,4
7683:0:0,component-1a736fe8c50b5c62,7683,4
7684:0:0,component-084a6e1448253981,7684,2
7685:0:0,component-9ca9a39ab3b5c4f4,7685,0
7686:0:0,component-d35c98f8244fe855,7686,3
7687:0:0,component-08f5f8fa48a46037,7687,0
7687:2:0,component-08f5f8fa48a46037,7687,0
7687:2:1,component-08f5f8fa48a46037,7687,0
7688:0:0,component-d9709eaa4472ca87,7688,1
7689:0:0,component-d6a600ef19f5a408,7689,3
768:0:0,component-d80942ba6767c47c,768,2
7690:0:0,component-17c7e19d4c74c432,7690,0
7691:0:0,component-c8baf29157c58b09,7691,2
7692:0:0,component-cf37f39a20e6c695,7692,0
7693:0:0,component-4c1fc126351da1db,7693,1
7694:0:0,component-e78a32ce032b99ef,7694,0
7695:0:0,component-52a8f5ab11c5e90a,7695,0
7696:0:0,component-d3369db508221b4e,7696,2
7696:10:0,component-d3369db508221b4e,7696,2
7696:12:0,component-d3369db508221b4e,7696,2
7696:14:0,component-d3369db508221b4e,7696,2
7696:16:0,component-d3369db508221b4e,7696,2
7696:18:0,component-d3369db508221b4e,7696,2
7696:20:0,component-d3369db508221b4e,7696,2
7696:2:0,component-d3369db508221b4e,7696,2
7696:4:0,component-d3369db508221b4e,7696,2
7696:6:0,component-d3369db508221b4e,7696,2
7696:8:0,component-d3369db508221b4e,7696,2
7697:0:0,component-de90b4da0c30be3a,7697,4
7698:0:0,component-a0b9835e89f3c8f7,7698,3
7699:0:0,component-aba99b8d4b123b00,7699,0
769:0:0,component-f40b4dd80b8d5ff8,769,0
76:0:0,component-801cd13592bef3a7,76,0
7700:0:0,component-be3f203fbcd18185,7700,1
7700:0:1,component-be3f203fbcd18185,7700,1
7700:2:0,component-be3f203fbcd18185,7700,1
7701:0:0,component-58eae4f4216a0bb8,7701,1
7702:0:0,component-17f3221c5a7d4cd1,7702,1
7703:0:0,component-738c4a596099f72e,7703,3
7704:0:0,component-e20fc95d1b96c1c5,7704,1
7704:2:0,component-e20fc95d1b96c1c5,7704,1
7705:0:0,component-135f9e0a2a9310cb,7705,4
7706:0:0,component-d70c103bdfe2493e,7706,0
7707:0:0,component-c6dd9155b3c6cf47,7707,2
7708:0:0,component-bbc396c68571f5c8,7708,0
7709:0:0,component-43fa5ee30262daf6,7709,2
770:0:0,component-e1ecc82289024f23,770,0
7710:0:0,component-09017a8edeabcf3e,7710,4
7711:0:0,component-0dcd2d329ce714ac,7711,3
7712:0:0,component-fcfb6eff8db7b019,7712,2
7713:0:0,component-0b3874b7d03286ff,7713,2
7714:0:0,component-50e5e757bb8133dc,7714,2
7714:2:0,component-50e5e757bb8133dc,7714,2
7714:4:0,component-50e5e757bb8133dc,7714,2
7715:0:0,component-2a4a64eb9c431f17,7715,2
7716:0:0,component-39eb3314be84b624,7716,3
7717:0:0,component-3445426652c072a8,7717,4
7717:2:0,component-3445426652c072a8,7717,4
7718:0:0,component-4c6852e5cc3b8abf,7718,3
771:0:0,component-ea3f8f4d2c6a67b4,771,3
7720:1:0,component-aac7407c38ccb962,7720,4
7720:3:0,component-aac7407c38ccb962,7720,4
7721:0:0,component-70931862a93f865e,7721,0
7722:1:0,component-d68d6a71fb90fbc3,7722,4
7723:0:0,component-d09522b78aa3cc92,7723,2
7724:0:0,component-f8aec46254040f98,7724,3
7725:0:0,component-ce7acc0009d96f15,7725,0
7726:0:0,component-c9cf53cb45dba887,7726,3
7727:0:0,component-c6bb9f2c164ae347,7727,2
7729:0:0,component-42859cb123606119,7729,2
7729:2:0,component-42859cb123606119,7729,2
772:0:0,component-7174404b77947f7f,772,4
7730:0:0,component-2e16c821f924aca8,7730,0
7731:0:0,component-b39687d783f3925b,7731,0
7731:2:0,component-b39687d783f3925b,7731,0
7732:0:0,component-ed9bf3b4b39a8734,7732,0
7733:0:0,component-76c02abb5ebd76e2,7733,0
7734:0:0,component-259c673182081f64,7734,2
7735:0:0,component-fd2854ebfc13e8f5,7735,1
7736:0:0,component-4102250c76359d66,7736,2
7736:2:0,component-4102250c76359d66,7736,2
7737:0:0,component-6948d3259e6f22e7,7737,0
7737:2:0,component-6948d3259e6f22e7,7737,0
7737:4:0,component-6948d3259e6f22e7,7737,0
7738:0:0,component-041cb16575dd8549,7738,0
7739:0:0,component-0b748b7abb9db570,7739,2
773:0:0,component-c81914455f8f695e,773,3
7740:0:0,component-29bc6c25dac51176,7740,4
7741:0:0,component-73dd02d6c049ee4a,7741,4
7742:0:0,component-f76ce6dd3dfd7bee,7742,3
7743:0:0,component-22c5fe477d093625,7743,0
7744:0:0,component-1cd82714fadadbb9,7744,4
7745:0:0,component-ec8430b2efe7b1f5,7745,2
7746:0:0,component-efeefd80785d02bd,7746,3
7747:0:0,component-3a8cc84b09813ed7,7747,0
7748:0:0,component-f7e6c72e7040fc0d,7748,1
7749:0:0,component-d69901bad30003df,7749,3
774:0:0,component-4b9f18803cb61ddd,774,3
774:2:0,component-4b9f18803cb61ddd,774,3
774:4:0,component-4b9f18803cb61ddd,774,3
774:6:0,component-4b9f18803cb61ddd,774,3
7750:0:0,component-b709e56a256a06e1,7750,4
7751:0:0,component-a0545a4c2f6469e3,7751,1
7752:0:0,component-3b979624770df6d9,7752,3
7753:0:0,component-4b492e2913dc1308,7753,2
7754:0:0,component-95c789176b47b84e,7754,4
7755:0:0,component-c3ee6a3d76d28473,7755,1
7756:0:0,component-9fad5bb584113347,7756,3
7756:2:0,component-9fad5bb584113347,7756,3
7757:0:0,component-bd4faf59fb2aca74,7757,4
7758:0:0,component-c36d11f2b0d55146,7758,1
7759:0:0,component-fa0820238e75e436,7759,3
775:0:0,component-e3eb647b2b5988c3,775,3
7760:0:0,component-6c6e4936e7a1c622,7760,0
7761:1:0,component-130325f98e8b36b6,7761,0
7761:1:1,component-130325f98e8b36b6,7761,0
7762:0:0,component-5ed254fb95d80abe,7762,4
7762:0:1,component-5ed254fb95d80abe,7762,4
7763:0:0,component-07a29a894d7a7bfd,7763,2
7763:2:0,component-07a29a894d7a7bfd,7763,2
7764:0:0,component-001c30fbd9360dd6,7764,1
7765:0:0,component-c41830e74fb3dbff,7765,0
7766:0:0,component-25519b938c007856,7766,3
7767:0:0,component-e9f5e31edbcda458,7767,2
7768:0:0,component-02753060370a60b5,7768,2
7768:2:0,component-02753060370a60b5,7768,2
7769:0:0,component-92dbe97fb81c8e5b,7769,4
776:0:0,component-819fdc8149beffa2,776,2
7770:0:0,component-723057cdcd10e505,7770,4
7771:0:0,component-955f1ddc2948b153,7771,1
7771:2:0,component-955f1ddc2948b153,7771,1
7771:2:1,component-955f1ddc2948b153,7771,1
7772:0:0,component-79a4e877d8f2a0aa,7772,0
7772:2:0,component-79a4e877d8f2a0aa,7772,0
7773:0:0,component-8c0ad544fe2025b8,7773,0
7774:0:0,component-57bd25cf96d1fd8a,7774,2
7775:0:0,component-3f491cdf49f64373,7775,1
7775:2:0,component-3f491cdf49f64373,7775,1
7775:4:0,component-3f491cdf49f64373,7775,1
7776:0:0,component-72c168e109fe0364,7776,2
7777:1:0,component-a3c0aac35413ab5a,7777,0
7778:0:0,component-d5c376d6438a77d7,7778,3
7778:0:1,component-d5c376d6438a77d7,7778,3
7779:0:0,component-ac14656470d56550,7779,1
777:0:0,component-f3c3efc2ed35e0e4,777,4
777:2:0,component-f3c3efc2ed35e0e4,777,4
777:4:0,component-f3c3efc2ed35e0e4,777,4
7780:0:0,component-25914890a7f739f6,7780,2
7781:0:0,component-1c1956be5b65ae18,7781,3
7782:0:0,component-e11551791af7f28e,7782,1
7783:0:0,component-f24628de2db71878,7783,3
7784:1:0,component-6699cfb01f61a01b,7784,0
7785:0:0,component-80eae6b8ad897b11,7785,0
7786:0:0,component-c614c02c7bb78ed6,7786,3
7787:1:0,component-6c11d72c992d63fd,7787,3
7788:0:0,component-1016c06b3e5125a7,7788,4
7789:0:0,component-88df781dd5a71a4f,7789,1
778:0:0,component-cc9f30fd4a90e4fa,778,0
7790:0:0,component-d5731e0f953f55c8,7790,4
7791:0:0,component-b76e738006b5db94,7791,0
7791:2:0,component-b76e738006b5db94,7791,0
7792:0:0,component-f0569968303b2999,7792,2
7793:0:0,component-56a595d4d9b875c5,7793,2
7793:2:0,component-56a595d4d9b875c5,7793,2
7794:0:0,component-3dfbfa33028a86e0,7794,0
7795:0:0,component-5abe2befee00d29d,7795,0
7796:0:0,component-8f439e6bb7924254,7796,2
7797:0:0,component-51d547ae7a0c4b1e,7797,1
7798:0:0,component-e15508f0c9874bb5,7798,0
7799:0:0,component-ba8f7e953d9d7eea,7799,4
779:0:0,component-dfc416f6e7980545,779,1
77:0:0,component-824f29449bcb46a4,77,0
7800:0:0,component-d4bd127a17b92186,7800,2
7801:0:0,component-8ffb808e4d443107,7801,2
7802:0:0,component-31fa19f2be4bebd6,7802,4
7802:2:0,component-31fa19f2be4bebd6,7802,4
7803:0:0,component-2dfaf2a9d5b7a2f0,7803,4
7803:0:1,component-2dfaf2a9d5b7a2f0,7803,4
7803:2:0,component-2dfaf2a9d5b7a2f0,7803,4
7804:0:0,component-a1aec2f25ad61ea7,7804,2
7804:2:0,component-a1aec2f25ad61ea7,7804,2
7805:0:0,component-ef76753045fc3e4d,7805,0
7806:0:0,component-2a5410edffbfac2d,7806,1
7807:0:0,component-a3bb55e1cfc2ec62,7807,2
7808:0:0,component-adf367d835f0c430,7808,2
7809:0:0,component-e596a916420e8d6b,7809,4
780:0:0,component-76297f0668983223,780,2
7810:0:0,component-82e5f39171fac9fd,7810,0
7811:0:0,component-02e887bcb85604b5,7811,0
7812:0:0,component-f89a48350f6461eb,7812,0
7813:0:0,component-7d1b26f47af75c48,7813,2
7813:2:0,component-7d1b26f47af75c48,7813,2
7814:0:0,component-f0567c0a532258a2,7814,0
7815:0:0,component-2dcafd2ac0ca8d1f,7815,3
7816:0:0,component-71ca5a103443e2ea,7816,0
7816:2:0,component-71ca5a103443e2ea,7816,0
7817:0:0,component-15ff0a2023cc3c8c,7817,1
7818:0:0,component-63dd98ad6f1d65c3,7818,2
7818:2:0,component-63dd98ad6f1d65c3,7818,2
7818:4:0,component-63dd98ad6f1d65c3,7818,2
7819:0:0,component-7664b6147450e82f,7819,3
7819:2:0,component-7664b6147450e82f,7819,3
7819:4:0,component-7664b6147450e82f,7819,3
7819:6:0,component-7664b6147450e82f,7819,3
7819:8:0,component-7664b6147450e82f,7819,3
781:0:0,component-980a4aee6317d241,781,1
7820:1:0,component-a358b8f75cbcc1ea,7820,0
7821:0:0,component-509bf1d474f3498a,7821,2
7822:0:0,component-0a656f511ec56c22,7822,3
7822:2:0,component-0a656f511ec56c22,7822,3
7823:0:0,component-c74c34ec44f246ea,7823,2
7824:0:0,component-3402ccb18843880f,7824,1
7825:1:0,component-504d3dd6e1573266,7825,0
7825:1:1,component-504d3dd6e1573266,7825,0
7825:3:0,component-504d3dd6e1573266,7825,0
7825:5:0,component-504d3dd6e1573266,7825,0
7825:7:0,component-504d3dd6e1573266,7825,0
7826:0:0,component-97c87b0f54049602,7826,1
7826:2:0,component-97c87b0f54049602,7826,1
7826:4:0,component-97c87b0f54049602,7826,1
7826:6:0,component-97c87b0f54049602,7826,1
7827:0:0,component-5f7f7bc8e8254702,7827,1
7828:0:0,component-e8c1f77ebcc6c843,7828,2
7829:0:0,component-b822e364b1cebce6,7829,2
7829:2:0,component-b822e364b1cebce6,7829,2
782:0:0,component-41292b1a68845c62,782,3
7830:0:0,component-dde36326f481f870,7830,2
7831:0:0,component-8115d41b475e9fd9,7831,0
7832:0:0,component-0e487133fc78885c,7832,3
7833:0:0,component-75b735022b0d2228,7833,2
7834:0:0,component-557c2dfdb8eed817,7834,1
7835:0:0,component-9cc24a35d26e234a,7835,4
7836:0:0,component-7644e5c40ff0cfbd,7836,0
7837:0:0,component-e662d7cc94d67cb0,7837,4
7838:0:0,component-4d7e37ac70e3051e,7838,0
7839:0:0,component-6243665375751040,7839,3
7839:2:0,component-6243665375751040,7839,3
783:0:0,component-a46d2ac99e0d68d6,783,2
7840:0:0,component-5ec4b92810ebef74,7840,4
7841:0:0,component-5720f7eba06e14ed,7841,1
7841:2:0,component-5720f7eba06e14ed,7841,1
7842:0:0,component-6503c8d45ef122ba,7842,0
7843:0:0,component-390e897972af7563,7843,1
7844:0:0,component-62ce6c181ec65538,7844,2
7845:0:0,component-5e6987e14842ab30,7845,3
7846:0:0,component-a9d2cc40dd905cf9,7846,3
7847:0:0,component-e918b12399931fa9,7847,2
7848:0:0,component-2302262f1f47fe40,7848,4
7849:0:0,component-b38b446398ba724f,7849,2
784:0:0,component-4b27021c3bea1024,784,2
7850:1:0,component-cd9129fc405b9721,7850,4
7851:0:0,component-e66473dc37f46079,7851,2
7852:0:0,component-9ad4136014d8e176,7852,3
7853:0:0,component-24dd9825c365fc13,7853,0
7854:0:0,component-3710851de9fb7604,7854,4
7855:0:0,component-fc1c91886aae1ea7,7855,3
7856:0:0,component-786eb520e715e0db,7856,3
7857:0:0,component-2592e8d4f47c3cf5,7857,0
7858:0:0,component-f11c65c00d539af9,7858,4
7858:2:0,component-f11c65c00d539af9,7858,4
7859:0:0,component-eacfd1ccae80dbd3,7859,3
785:0:0,component-0dd07b9e5c19b364,785,4
7860:0:0,component-94ef3a8e59337dce,7860,1
7861:0:0,component-eab4b5c2e5ae9596,7861,1
7861:2:0,component-eab4b5c2e5ae9596,7861,1
7861:4:0,component-eab4b5c2e5ae9596,7861,1
7861:6:0,component-eab4b5c2e5ae9596,7861,1
7861:8:0,component-eab4b5c2e5ae9596,7861,1
7862:0:0,component-80c7c96a3d02f60e,7862,1
7863:0:0,component-1b5e4a864c7bf6fe,7863,3
7863:0:1,component-1b5e4a864c7bf6fe,7863,3
7864:0:0,component-3ee1e1fc77453f3c,7864,2
7865:0:0,component-de6de4290c7701ba,7865,2
7866:0:0,component-56d73e6d3542295e,7866,1
7867:0:0,component-93fc6ecf91c190e8,7867,2
7868:0:0,component-351d776e96ab38e9,7868,0
7869:0:0,component-ce7de18182304fd3,7869,0
7869:2:0,component-ce7de18182304fd3,7869,0
786:1:0,component-75bc058afe8ab613,786,2
7870:0:0,component-29f3e2385c45f49e,7870,4
7871:0:0,component-43bdec4f8f8baaa5,7871,0
7872:0:0,component-756b117a84e2ef3d,7872,3
7873:0:0,component-31220c2aba7f1a2d,7873,2
7874:0:0,component-c0fc0e6e2d054ee1,7874,2
7875:1:0,component-3410385427e8577d,7875,0
7876:0:0,component-b6672acbe95fb41e,7876,4
7877:0:0,component-2d173522915d3a4f,7877,3
7878:0:0,component-ea3f8f4d2c6a67b4,7878,3
7879:0:0,component-5283310ed0abe7d5,7879,2
787:0:0,component-95884680bb6e8897,787,3
7880:0:0,component-c20619be11162266,7880,4
7881:0:0,component-a19bf4e3a535f9a0,7881,3
7882:0:0,component-a5cad676c8e5cc51,7882,0
7883:0:0,component-cc338326266ee8b7,7883,1
7883:2:0,component-cc338326266ee8b7,7883,1
7884:0:0,component-24979e48924e73a4,7884,0
7884:2:0,component-24979e48924e73a4,7884,0
7884:4:0,component-24979e48924e73a4,7884,0
7884:6:0,component-24979e48924e73a4,7884,0
7884:8:0,component-24979e48924e73a4,7884,0
7885:0:0,component-e1766384e5e4a0d3,7885,2
7886:0:0,component-afd1d37ed1498c96,7886,4
7887:0:0,component-8d8f613baeb4c5d0,7887,2
7888:0:0,component-5864112426eef45b,7888,1
7889:0:0,component-c1c99a09fff98ecf,7889,1
788:0:0,component-fd0a622c5cbf9eec,788,4
7890:0:0,component-2cb10c1a26cb138e,7890,1
7891:0:0,component-28d821f6c3aa56e1,7891,2
7892:0:0,component-bcb61e004a90c129,7892,4
7893:0:0,component-0da2da4af1b8d461,7893,2
7894:0:0,component-fecde35605cd5f8e,7894,1
7895:0:0,component-f9c57640da65aae6,7895,4
7895:2:0,component-f9c57640da65aae6,7895,4
7896:0:0,component-bc8c0b821f2dbce1,7896,0
7897:0:0,component-d4569cd04f69d59f,7897,4
7898:0:0,component-01adfceaba615862,7898,4
7898:2:0,component-01adfceaba615862,7898,4
7898:4:0,component-01adfceaba615862,7898,4
7899:0:0,component-e241e6ba5e8aba95,7899,0
789:0:0,component-94b066ec8b194674,789,1
78:0:0,component-b0361b7ec4f9764f,78,0
7900:0:0,component-7e9375e9390b6138,7900,3
7900:0:1,component-7e9375e9390b6138,7900,3
7901:0:0,component-4e7d90bc90c90ee3,7901,3
7902:0:0,component-2e5349ee852836da,7902,4
7903:0:0,component-948477c4baf3657d,7903,0
7904:1:0,component-68d9d63c54e1f49e,7904,2
7905:0:0,component-4a2e2945d5d98363,7905,3
7905:2:0,component-4a2e2945d5d98363,7905,3
7906:0:0,component-7c65eea1c1c0361f,7906,2
7906:2:0,component-7c65eea1c1c0361f,7906,2
7907:0:0,component-5a6074bc4c783f5e,7907,4
7908:0:0,component-24ddc71376d86d29,7908,0
7909:0:0,component-47d731dc334efb28,7909,4
790:0:0,component-b990ae43c62cc5bc,790,2
7910:0:0,component-97eda092ee69793e,7910,4
7911:0:0,component-885f0140141897fc,7911,0
7912:0:0,component-8dbbeac0e6996c39,7912,1
7913:0:0,component-cb1de5fb6267d88b,7913,0
7913:2:0,component-cb1de5fb6267d88b,7913,0
7914:1:0,component-a1f2ab960f4ccc4e,7914,0
7914:3:0,component-a1f2ab960f4ccc4e,7914,0
7915:0:0,component-403d7b444a37e2f8,7915,4
7916:0:0,component-f1006a96a2344fab,7916,1
7917:0:0,component-6b26d4dc86e8450b,7917,3
7918:0:0,component-e7afa681dd86a959,7918,1
7919:0:0,component-35688d3393928288,7919,0
7919:0:1,component-35688d3393928288,7919,0
7919:2:0,component-35688d3393928288,7919,0
7919:4:0,component-35688d3393928288,7919,0
791:0:0,component-3c6e8233678be0f0,791,0
7920:0:0,component-43339f509429724b,7920,1
7921:0:0,component-4df8ea79c0136c1a,7921,1
7922:0:0,component-721fbd2441491bb1,7922,3
7923:0:0,component-a745155a55d83d14,7923,0
7924:0:0,component-cf7c9dcb4efcedd7,7924,2
7924:2:0,component-cf7c9dcb4efcedd7,7924,2
7925:0:0,component-907b6b2ccbf93cc7,7925,0
7926:1:0,component-16092e8f59bbfbd6,7926,2
7927:0:0,component-2dac13847c2d703c,7927,3
7928:0:0,component-8f3975d3e3761db3,7928,4
7929:0:0,component-18cf2549426e2c1e,7929,1
792:0:0,component-8628c2e829af6068,792,4
7930:0:0,component-b648f03b0bcf3d74,7930,0
7930:2:0,component-b648f03b0bcf3d74,7930,0
7931:0:0,component-f655c4ff8fce1408,7931,4
7932:0:0,component-c10f3daccd5ee69a,7932,0
7933:0:0,component-2098366447ab658d,7933,0
7934:0:0,component-c745d70753145854,7934,2
7935:0:0,component-1004b6661cdcadbf,7935,4
7936:0:0,component-2ba5278d2793039b,7936,4
7937:0:0,component-b14e95d4b890bd24,7937,3
7937:2:0,component-b14e95d4b890bd24,7937,3
7938:0:0,component-daa5808eb364b4a4,7938,3
7939:0:0,component-cbfee91099664d6d,7939,4
7939:2:0,component-cbfee91099664d6d,7939,4
793:0:0,component-82c0650b3e5c618e,793,1
793:2:0,component-82c0650b3e5c618e,793,1
7940:0:0,component-910e2de1e7f5f1fc,7940,4
7941:0:0,component-374d6ecf04157615,7941,2
7942:0:0,component-aa034610d0abc456,7942,2
7943:1:0,component-4b2ec010cc295542,7943,4
7944:0:0,component-e08fe03264e49630,7944,2
7945:0:0,component-7b96d5861f080725,7945,3
7946:0:0,component-404adcc979538e51,7946,4
7947:0:0,component-24fe7b75d59f3d1d,7947,1
7947:2:0,component-24fe7b75d59f3d1d,7947,1
7948:0:0,component-2b93552ad17c35a2,7948,1
7948:2:0,component-2b93552ad17c35a2,7948,1
7949:0:0,component-0e28413633b87153,7949,4
7949:2:0,component-0e28413633b87153,7949,4
7949:4:0,component-0e28413633b87153,7949,4
7949:6:0,component-0e28413633b87153,7949,4
794:0:0,component-f0e732c0a7a025c5,794,3
7950:0:0,component-5beb0a7c09285e7c,7950,1
7951:0:0,component-0a8a38069cac651c,7951,0
7952:0:0,component-6f2a2c4dd8b7e1cc,7952,4
7953:0:0,component-bf339c0ca11a712d,7953,3
7954:0:0,component-dfe81ef5175366bc,7954,1
7954:2:0,component-dfe81ef5175366bc,7954,1
7955:0:0,component-a73eea75cc698346,7955,0
7956:0:0,component-d1bd1dcb6a40307f,7956,3
7958:0:0,component-216b98ba2a3128e8,7958,4
7959:0:0,component-5c9c54f73a4d3a45,7959,4
795:0:0,component-096b76f99d8273e2,795,2
7960:0:0,component-bd69d6555b1fa88c,7960,2
7961:0:0,component-b3da262c76bcd9a0,7961,3
7961:2:0,component-b3da262c76bcd9a0,7961,3
7962:0:0,component-5e6e34a83a8d030d,7962,3
7962:2:0,component-5e6e34a83a8d030d,7962,3
7962:4:0,component-5e6e34a83a8d030d,7962,3
7964:0:0,component-0b746620a6e47d3a,7964,2
7965:0:0,component-25075dedd9003a1b,7965,2
7966:0:0,component-6c6cb1d938e1eb25,7966,2
7967:0:0,component-cec544b27679501b,7967,4
7968:0:0,component-21ddfabb20ef4c1a,7968,0
7969:0:0,component-9a4551da52eebae9,7969,2
796:0:0,component-72116ca7f6dd4f93,796,2
7970:0:0,component-6f9edb11aa1e5c7e,7970,3
7970:2:0,component-6f9edb11aa1e5c7e,7970,3
7971:0:0,component-69c799d11f65ee9d,7971,3
7972:0:0,component-ff818f7de40a6d37,7972,3
7972:2:0,component-ff818f7de40a6d37,7972,3
7973:0:0,component-b1de0823989ae9bd,7973,1
7974:0:0,component-46d2ea4cb04e23b6,7974,2
7975:1:0,component-28a7d5fa1f720cdf,7975,4
7976:0:0,component-2cbe0f27628d87b7,7976,4
7977:0:0,component-8361550f186a1558,7977,3
7978:0:0,component-e8a6ba28f6390884,7978,2
7978:2:0,component-e8a6ba28f6390884,7978,2
7978:4:0,component-e8a6ba28f6390884,7978,2
7979:0:0,component-e75e4f80d9935cab,7979,4
7979:2:0,component-e75e4f80d9935cab,7979,4
797:0:0,component-3a21ecb079fd4d99,797,1
7980:0:0,component-c56c75d262a5a4a5,7980,3
7981:0:0,component-f058526c8a768773,7981,1
7982:0:0,component-6284fcb6f0c57c09,7982,0
7982:2:0,component-6284fcb6f0c57c09,7982,0
7983:0:0,component-f705e668568d86fe,7983,1
7984:0:0,component-4d3c6ad1e9d48974,7984,4
7985:0:0,component-44e9959bbead1c78,7985,0
7986:0:0,component-c0918cd29e9632ad,7986,2
7986:2:0,component-c0918cd29e9632ad,7986,2
7987:0:0,component-8c7cad8e51055aaf,7987,3
7988:0:0,component-7e3a0cc382d73286,7988,2
7989:0:0,component-f64fa9b95cb364ac,7989,4
798:0:0,component-50feca10dee1e3ac,798,3
798:2:0,component-50feca10dee1e3ac,798,3
7990:0:0,component-cf15037af75bfc45,7990,1
7990:2:0,component-cf15037af75bfc45,7990,1
7991:0:0,component-c12aa24981e01376,7991,2
7992:0:0,component-cc4a1b5e387c71b5,7992,1
7992:2:0,component-cc4a1b5e387c71b5,7992,1
7993:0:0,component-07310b13904e1ee2,7993,1
7994:0:0,component-cfc3ba8e396b27b4,7994,3
7995:0:0,component-12af7e62f525f4fd,7995,2
7996:0:0,component-c504a3ce86b3bf74,7996,0
7997:0:0,component-4808f9a7c40908de,7997,3
7997:2:0,component-4808f9a7c40908de,7997,3
7998:0:0,component-b823e536ccbedabd,7998,1
7998:2:0,component-b823e536ccbedabd,7998,1
7999:0:0,component-d79baf2a164528fb,7999,1
799:0:0,component-39fc4095013d0e54,799,0
799:0:1,component-39fc4095013d0e54,799,0
799:2:0,component-39fc4095013d0e54,799,0
799:2:1,component-39fc4095013d0e54,799,0
79:0:0,component-c24b555636517723,79,1
79:2:0,component-c24b555636517723,79,1
7:0:0,component-474f96d65be942c2,7,3
7:2:0,component-474f96d65be942c2,7,3
8000:0:0,component-4a69b12f908cab12,8000,3
8001:0:0,component-190f3cbbee3a01bb,8001,3
8001:2:0,component-190f3cbbee3a01bb,8001,3
8002:0:0,component-fc53a26587542fed,8002,2
8003:0:0,component-d75a3f98317392bd,8003,3
8004:0:0,component-44ca634cbd632152,8004,1
8005:0:0,component-14f860db1170f388,8005,0
8006:0:0,component-6b19ef7d520a9e0d,8006,2
8006:2:0,component-6b19ef7d520a9e0d,8006,2
8007:1:0,component-5cd20da481108bdd,8007,3
8008:0:0,component-1d165e838a0a614f,8008,3
8008:2:0,component-1d165e838a0a614f,8008,3
8008:4:0,component-1d165e838a0a614f,8008,3
8008:6:0,component-1d165e838a0a614f,8008,3
8009:0:0,component-33feefbb8a9d75ae,8009,0
800:0:0,component-ca1166f6979f338f,800,0
8010:0:0,component-4d7d32496ba28a8d,8010,3
8010:2:0,component-4d7d32496ba28a8d,8010,3
8010:4:0,component-4d7d32496ba28a8d,8010,3
8011:0:0,component-23d17d4ffb46e97c,8011,0
8011:2:0,component-23d17d4ffb46e97c,8011,0
8011:4:0,component-23d17d4ffb46e97c,8011,0
8012:0:0,component-af856a61f714ad25,8012,4
8012:10:0,component-af856a61f714ad25,8012,4
8012:10:1,component-af856a61f714ad25,8012,4
8012:12:0,component-af856a61f714ad25,8012,4
8012:14:0,component-af856a61f714ad25,8012,4
8012:2:0,component-af856a61f714ad25,8012,4
8012:4:0,component-af856a61f714ad25,8012,4
8012:6:0,component-af856a61f714ad25,8012,4
8012:8:0,component-af856a61f714ad25,8012,4
8013:0:0,component-53a0629a44de5e70,8013,0
8014:0:0,component-35ec0e266f2fceaf,8014,0
8015:0:0,component-bc9ca38ba4ba3ddb,8015,1
8015:2:0,component-bc9ca38ba4ba3ddb,8015,1
8016:0:0,component-136c497a830bd97e,8016,3
8017:0:0,component-65b20443965a1f9c,8017,0
8018:0:0,component-5b00a60c133a8fbc,8018,4
8018:2:0,component-5b00a60c133a8fbc,8018,4
8019:0:0,component-c80fb3db6b98f679,8019,1
801:0:0,component-78dc1f6d9e16c392,801,0
8020:0:0,component-955f1ddc2948b153,8020,1
8020:2:0,component-955f1ddc2948b153,8020,1
8020:4:0,component-955f1ddc2948b153,8020,1
8021:0:0,component-cb6d0eebbb0420f3,8021,2
8022:0:0,component-cbfcef2293f66919,8022,1
8023:0:0,component-b9f23b58c62571b1,8023,3
8024:0:0,component-d5c71ffbe0bc40cd,8024,3
8024:2:0,component-d5c71ffbe0bc40cd,8024,3
8025:0:0,component-6673146fc9e8c625,8025,2
8026:0:0,component-f1f1fbfe4d56afd8,8026,0
8026:2:0,component-f1f1fbfe4d56afd8,8026,0
8027:0:0,component-b17b920c2be9ea0d,8027,2
8028:0:0,component-fe89cde3017e9ae2,8028,1
8029:0:0,component-cf07484c8949a46e,8029,2
802:0:0,component-1c0de418a0cf6b41,802,2
8030:0:0,component-3ced887ed436fbe5,8030,3
8031:0:0,component-8c1e6d8b88d11cee,8031,2
8032:0:0,component-b72dc54df08a0b94,8032,1
8033:0:0,component-8ab100d11b5a5543,8033,2
8034:0:0,component-eed7d759b23b5678,8034,3
8034:0:1,component-eed7d759b23b5678,8034,3
8035:0:0,component-b7b866a8d5052c6d,8035,1
8036:0:0,component-7d75117a2f110ca8,8036,3
8037:0:0,component-8b359385d50a2a05,8037,3
8037:2:0,component-8b359385d50a2a05,8037,3
8038:0:0,component-3b04ab71013abadd,8038,3
8038:2:0,component-3b04ab71013abadd,8038,3
8039:0:0,component-794c65e21e091598,8039,1
803:0:0,component-59a567d52e0af563,803,2
8040:0:0,component-7683f4b33bb78a6b,8040,1
8041:0:0,component-59297757db94141b,8041,0
8042:0:0,component-e7a73eb032baeec9,8042,0
8043:0:0,component-79ba9f81bbc67c65,8043,3
8043:2:0,component-79ba9f81bbc67c65,8043,3
8044:0:0,component-3207ff27cdab584a,8044,4
8045:0:0,component-0402f636a357e626,8045,1
8046:0:0,component-71660c5bd275a8db,8046,3
8047:0:0,component-85701c9258a1ec7d,8047,4
8048:0:0,component-bc7f0e75bb62ba4f,8048,3
8049:0:0,component-b72e703d14ee8687,8049,2
804:0:0,component-323c1fc4c6526674,804,4
804:2:0,component-323c1fc4c6526674,804,4
8050:0:0,component-f826df9b73bbb7fe,8050,4
8050:2:0,component-f826df9b73bbb7fe,8050,4
8051:0:0,component-8b0df04c40352871,8051,3
8051:0:1,component-8b0df04c40352871,8051,3
8052:0:0,component-19fd781ba9399f04,8052,0
8053:0:0,component-49d36573c61b11a8,8053,2
8054:0:0,component-ab3bbee6c53b22b3,8054,1
8055:0:0,component-38ce8eb27bae6c2c,8055,0
8056:0:0,component-3be9ab860a368b18,8056,1
8057:0:0,component-614e55649ddddbbe,8057,1
8057:2:0,component-614e55649ddddbbe,8057,1
8058:0:0,component-b690b007b9f26024,8058,0
8059:0:0,component-91f7e16e0476473c,8059,1
8059:2:0,component-91f7e16e0476473c,8059,1
805:1:0,component-65bd1620054ec935,805,0
8060:0:0,component-ea0487de83ec502f,8060,0
8060:2:0,component-ea0487de83ec502f,8060,0
8062:0:0,component-880a0ef45d2cd6b7,8062,2
8063:0:0,component-689acc1fe64052b7,8063,2
8063:2:0,component-689acc1fe64052b7,8063,2
8064:0:0,component-3d5b9d7ff076dd27,8064,4
8065:0:0,component-cf204cf32d90baf1,8065,4
8066:0:0,component-b7f19e37176bb068,8066,4
8066:2:0,component-b7f19e37176bb068,8066,4
8066:4:0,component-b7f19e37176bb068,8066,4
8067:0:0,component-ef333ff8208e7099,8067,2
8068:0:0,component-27f9b192c128d8b7,8068,2
8069:0:0,component-111e673873226fea,8069,1
806:0:0,component-99900c439dc65a53,806,0
8070:0:0,component-1d9baf25dcc1d23e,8070,4
8071:0:0,component-ae95536fc4586d1c,8071,1
8072:0:0,component-ebea14cbd3e88594,8072,2
8073:0:0,component-9c0ee08713fc916d,8073,1
8074:0:0,component-6cc439e2cadb32ca,8074,2
8075:0:0,component-3d8492c18746217f,8075,1
8076:0:0,component-468db8a1903d4a14,8076,3
8077:0:0,component-644b7f265d72ce70,8077,0
8078:0:0,component-ff89e9d8974e678e,8078,3
8079:0:0,component-d3b79a6292a796dd,8079,4
807:0:0,component-d8fa7156adb92b4d,807,1
8080:0:0,component-d2eb9cb60b7f065a,8080,3
8080:2:0,component-d2eb9cb60b7f065a,8080,3
8081:0:0,component-e7d1ddbf9ec1b903,8081,0
8082:0:0,component-a70ccacfeaeee5e9,8082,4
8083:0:0,component-0350b876160e526e,8083,0
8084:1:0,component-275d692ad1ca99e7,8084,0
8085:0:0,component-ee16e8a0a7b2c557,8085,3
8086:0:0,component-11df2588eba72a1b,8086,4
8087:0:0,component-6569d2f6e2a546ff,8087,0
8088:0:0,component-da24739859b0c472,8088,0
8089:0:0,component-0b08ee376460f462,8089,2
808:0:0,component-bbe7992fd171ad91,808,2
808:2:0,component-bbe7992fd171ad91,808,2
8090:0:0,component-d59dd946790e8c64,8090,0
8091:0:0,component-a9d921c8201ba426,8091,3
8092:0:0,component-ccd858b54723e1a4,8092,3
8093:0:0,component-8749c1ad1ead7a3c,8093,1
8094:0:0,component-1f83d2aa4755ff83,8094,2
8094:0:1,component-1f83d2aa4755ff83,8094,2
8095:0:0,component-dc2a7dfd3a27106a,8095,3
8096:0:0,component-6072092774ff9868,8096,2
8096:2:0,component-6072092774ff9868,8096,2
8097:0:0,component-7366210e08116a30,8097,1
8098:0:0,component-d5f202b525710df1,8098,1
8099:0:0,component-b938768d0755c8e7,8099,0
809:0:0,component-261d19392f2dd14b,809,4
80:0:0,component-7e99af46750c3aaf,80,0
8100:1:0,component-ed65ff0512573ecf,8100,4
8100:3:0,component-ed65ff0512573ecf,8100,4
8101:0:0,component-a1e280389f43e4d2,8101,0
8102:0:0,component-0815af84a0ef27d2,8102,0
8103:0:0,component-ec631dd69e2dd969,8103,1
8103:2:0,component-ec631dd69e2dd969,8103,1
8104:0:0,component-006960a460d71779,8104,4
8105:0:0,component-7d35642e4bcaffce,8105,1
8106:0:0,component-f943914499f2ad7f,8106,4
8107:0:0,component-bd80020df89b4e02,8107,0
8108:0:0,component-c5c66eaff284e26e,8108,3
8109:0:0,component-e4c4acd35bd77ea4,8109,2
810:0:0,component-73c8f01da62302cd,810,3
8110:0:0,component-577a21412b448bfd,8110,4
8111:0:0,component-4b5b2be4cc459cc5,8111,4
8112:0:0,component-72af58340a54070c,8112,1
8112:10:0,component-72af58340a54070c,8112,1
8112:12:0,component-72af58340a54070c,8112,1
8112:14:0,component-72af58340a54070c,8112,1
8112:16:0,component-72af58340a54070c,8112,1
8112:18:0,component-72af58340a54070c,8112,1
8112:2:0,component-72af58340a54070c,8112,1
8112:4:0,component-72af58340a54070c,8112,1
8112:6:0,component-72af58340a54070c,8112,1
8112:8:0,component-72af58340a54070c,8112,1
8113:0:0,component-52cb4ff7142804d8,8113,0
8114:0:0,component-402a7f643b4f9b6f,8114,0
8114:2:0,component-402a7f643b4f9b6f,8114,0
8115:0:0,component-b92339ec8d8bcb4e,8115,0
8116:0:0,component-7aa3d0c79cb2ffb5,8116,2
8117:0:0,component-4d6def823fa27cfa,8117,4
8118:0:0,component-6d8a499dadbc6fbd,8118,0
8118:10:0,component-6d8a499dadbc6fbd,8118,0
8118:12:0,component-6d8a499dadbc6fbd,8118,0
8118:2:0,component-6d8a499dadbc6fbd,8118,0
8118:4:0,component-6d8a499dadbc6fbd,8118,0
8118:6:0,component-6d8a499dadbc6fbd,8118,0
8118:8:0,component-6d8a499dadbc6fbd,8118,0
8119:0:0,component-6d24f69a08fb188d,8119,0
811:0:0,component-7f0635ad1c329f74,811,1
811:2:0,component-7f0635ad1c329f74,811,1
8120:0:0,component-f9179709bb88a95c,8120,1
8121:0:0,component-e0162754829c3c03,8121,1
8122:0:0,component-07262d14d9ff22ee,8122,4
8123:0:0,component-cce4fd6569198a12,8123,1
8124:0:0,component-371339439ecd5385,8124,1
8125:0:0,component-f47a624dc64b480e,8125,2
8126:0:0,component-059d21ef555c8d4b,8126,0
8127:0:0,component-4e7f49cd86d8b54d,8127,3
8128:0:0,component-b823e536ccbedabd,8128,1
8128:2:0,component-b823e536ccbedabd,8128,1
8129:0:0,component-ca41d829da5df7c2,8129,3
812:0:0,component-5b76b2e2ce99e627,812,4
8130:0:0,component-2cd8411c99c22405,8130,4
8132:0:0,component-353b37fe1f5450ad,8132,0
8133:0:0,component-a6b3eb447b7deba4,8133,3
8134:0:0,component-dff2b16c26a5ca08,8134,1
8135:0:0,component-5e233cd69ad824b5,8135,0
8136:1:0,component-3c7b341ade5a7645,8136,1
8136:3:0,component-3c7b341ade5a7645,8136,1
8137:0:0,component-c779455c861bfdf7,8137,1
8138:0:0,component-f75a2351f4fdd652,8138,0
8139:0:0,component-5219ef0bad241d8e,8139,2
813:0:0,component-9b387cf0355b1ba7,813,1
813:2:0,component-9b387cf0355b1ba7,813,1
8140:0:0,component-72444f4b7a20c116,8140,1
8141:0:0,component-e3ff74f2cb38dbd5,8141,0
8142:0:0,component-d9fbf241d25fb671,8142,2
8142:2:0,component-d9fbf241d25fb671,8142,2
8143:0:0,component-618bc4f5e3790d6d,8143,2
8144:0:0,component-f1a62b3dcc9b843f,8144,4
8145:0:0,component-c642bf41df265a8e,8145,4
8146:0:0,component-f34ec1174a8b9923,8146,1
8147:0:0,component-33fed499bd6c2dd1,8147,2
8148:0:0,component-4b3016a33a862033,8148,1
8149:0:0,component-4f3e71364bc4818a,8149,0
814:0:0,component-8308fb6cbc7495af,814,1
8150:0:0,component-00ac37d7acc0dd73,8150,3
8150:2:0,component-00ac37d7acc0dd73,8150,3
8151:0:0,component-7ab46656528218ad,8151,3
8152:0:0,component-59dd1539399f7e6d,8152,0
8153:0:0,component-65cb7bc4298e3d5e,8153,1
8154:0:0,component-25f278a0e815f258,8154,1
8154:2:0,component-25f278a0e815f258,8154,1
815:0:0,component-c28302dfa4fd8f4f,815,3
815:2:0,component-c28302dfa4fd8f4f,815,3
816:0:0,component-d784f1694d560fad,816,3
817:0:0,component-4ab3d1769df75bf0,817,4
818:0:0,component-3b8ad599f1c9252e,818,0
818:2:0,component-3b8ad599f1c9252e,818,0
819:0:0,component-5ada01ffdbddf829,819,4
81:0:0,component-90a83595e65eaf3f,81,4
820:0:0,component-9ddcfb3a0d5d7f37,820,3
821:0:0,component-7a5ec9f51efea192,821,0
822:0:0,component-11f74abf13200199,822,4
822:2:0,component-11f74abf13200199,822,4
823:0:0,component-6078d51cb8a3662e,823,1
824:0:0,component-a0edbf3b5fcc0f34,824,1
825:0:0,component-82f4cceb261bf77d,825,0
826:0:0,component-09bd0e5912aed76b,826,2
827:0:0,component-c34d721d643c63f0,827,0
828:0:0,component-17a27029a6a35a08,828,0
829:0:0,component-08b436c5b01c6ed4,829,0
829:2:0,component-08b436c5b01c6ed4,829,0
829:4:0,component-08b436c5b01c6ed4,829,0
82:0:0,component-afa18bfdf1ac4fba,82,3
82:2:0,component-afa18bfdf1ac4fba,82,3
82:4:0,component-afa18bfdf1ac4fba,82,3
830:0:0,component-c594fb7deece2910,830,0
830:2:0,component-c594fb7deece2910,830,0
830:4:0,component-c594fb7deece2910,830,0
831:0:0,component-8e207a592d6c1a25,831,2
832:0:0,component-55b8a225893ef870,832,3
833:0:0,component-1201a84e40e99502,833,1
833:2:0,component-1201a84e40e99502,833,1
834:0:0,component-7d10e071ef6d7f41,834,4
834:2:0,component-7d10e071ef6d7f41,834,4
835:0:0,component-d53153a9e89880b4,835,0
835:2:0,component-d53153a9e89880b4,835,0
836:0:0,component-b62e50045a809ccb,836,2
837:0:0,component-a1f23b6726153b47,837,0
838:0:0,component-61c70de3b95ed71f,838,2
839:0:0,component-0b0c48b2ccdea93e,839,2
83:0:0,component-d996cdf537957944,83,4
83:2:0,component-d996cdf537957944,83,4
83:4:0,component-d996cdf537957944,83,4
83:4:1,component-d996cdf537957944,83,4
840:0:0,component-070fe2464693f56d,840,2
841:0:0,component-fc25d0c8d14e103d,841,2
841:2:0,component-fc25d0c8d14e103d,841,2
842:0:0,component-6559109c1a2c6588,842,0
843:0:0,component-e446fcaff40afcbc,843,4
844:0:0,component-74e22f9ef4fb3f47,844,3
845:0:0,component-20e3ae1dfe3d84f0,845,3
846:1:0,component-10916717e8cabad2,846,2
847:0:0,component-5bbca1804157640f,847,1
848:0:0,component-4e9a55968ba0faa9,848,3
849:0:0,component-afd449cecabd8f1c,849,0
84:0:0,component-5e7593750fbf8c87,84,3
84:2:0,component-5e7593750fbf8c87,84,3
850:0:0,component-2cbafcb45d48e106,850,3
851:0:0,component-d53dae5e570c7c57,851,2
851:2:0,component-d53dae5e570c7c57,851,2
852:0:0,component-eb2f162ebaa192ff,852,1
853:0:0,component-3c918db0db90ce5e,853,4
854:0:0,component-333059ecc280ddd3,854,1
854:2:0,component-333059ecc280ddd3,854,1
855:0:0,component-945cac2fbecc0368,855,3
855:2:0,component-945cac2fbecc0368,855,3
855:4:0,component-945cac2fbecc0368,855,3
856:0:0,component-5e786335da854585,856,1
857:0:0,component-f5c2feee9ace0f15,857,0
858:0:0,component-0b69e39b3787a83b,858,2
85:0:0,component-cac2f0a8d7f0d90e,85,3
860:0:0,component-9ac5a69b9e931611,860,2
861:0:0,component-9d4bb5519de894e7,861,1
861:2:0,component-9d4bb5519de894e7,861,1
862:0:0,component-d82441b36e09a3e7,862,2
863:0:0,component-cd5cda7371f44d55,863,1
863:2:0,component-cd5cda7371f44d55,863,1
864:0:0,component-cc0ac2bebb1a7027,864,0
865:0:0,component-c7de691fbadd0571,865,1
866:0:0,component-82fd91c270414381,866,3
866:0:1,component-82fd91c270414381,866,3
866:2:0,component-82fd91c270414381,866,3
867:0:0,component-ba0b36732cd3a738,867,2
868:0:0,component-16d7d0c342b8fcb5,868,0
869:0:0,component-5ee9c02a84bf2fee,869,3
869:2:0,component-5ee9c02a84bf2fee,869,3
869:4:0,component-5ee9c02a84bf2fee,869,3
869:6:0,component-5ee9c02a84bf2fee,869,3
86:0:0,component-941f8f90dd788ee0,86,4
870:0:0,component-6d470f5404274bbe,870,1
871:0:0,component-91bb2889ce705d84,871,2
872:0:0,component-522ea9e4e69a38e7,872,2
873:1:0,component-afd5f16938c43012,873,0
874:0:0,component-a43396071e924820,874,3
875:0:0,component-26164fe23def2acc,875,1
876:0:0,component-3ddd1de2da2073f4,876,4
877:0:0,component-d169e4a2b28c67da,877,2
878:0:0,component-548d2af88d30a2c4,878,0
879:0:0,component-46c106ea3b534ffb,879,2
87:0:0,component-5e3c6f5e6f83bd67,87,0
87:2:0,component-5e3c6f5e6f83bd67,87,0
880:0:0,component-b59a9366fba902d7,880,4
881:0:0,component-e5008ae3845e4fa0,881,1
881:0:1,component-e5008ae3845e4fa0,881,1
881:0:2,component-e5008ae3845e4fa0,881,1
882:0:0,component-60f1febd8afec291,882,4
883:0:0,component-a8273f78525c8486,883,4
884:0:0,component-93001a476a837d63,884,2
885:0:0,component-27767f6e6ba599f6,885,2
886:0:0,component-a0d093341913718d,886,1
887:0:0,component-48a1179e63680760,887,4
888:0:0,component-9ee76a529db40262,888,1
889:1:0,component-3f90877b51500ac4,889,3
88:0:0,component-f6f9f6a0e7ff557b,88,3
890:0:0,component-fe30fdcea4dfd98b,890,3
890:2:0,component-fe30fdcea4dfd98b,890,3
891:0:0,component-ecc2f7556c7c9247,891,1
892:0:0,component-acf60e870b8f5e56,892,3
893:0:0,component-f652935f51c1cb1e,893,3
893:2:0,component-f652935f51c1cb1e,893,3
893:4:0,component-f652935f51c1cb1e,893,3
894:0:0,component-35f8b492ac40d12f,894,1
894:2:0,component-35f8b492ac40d12f,894,1
894:4:0,component-35f8b492ac40d12f,894,1
895:0:0,component-25301957e178dc91,895,3
896:0:0,component-ead910bef8752333,896,0
897:0:0,component-821c8d21fb10fd7e,897,2
898:0:0,component-d862673ceb4a8d2d,898,2
898:0:1,component-d862673ceb4a8d2d,898,2
898:2:0,component-d862673ceb4a8d2d,898,2
899:0:0,component-fb49628016329d40,899,2
899:2:0,component-fb49628016329d40,899,2
89:0:0,component-12af7a01d741d016,89,2
89:2:0,component-12af7a01d741d016,89,2
8:0:0,component-2dc409d9cd3c651b,8,1
9000:0:0,component-6453175cf254d8f0,9000,1
9001:0:0,component-9b177061143192fc,9001,2
9002:0:0,component-d04dea966e136a52,9002,0
9003:0:0,component-3c602cc644038620,9003,0
9004:0:0,component-0013cb6d69e33e53,9004,2
9005:0:0,component-ea83a65cf239ea54,9005,1
9005:2:0,component-ea83a65cf239ea54,9005,1
9006:0:0,component-536b0d8a04604284,9006,2
9007:0:0,component-d7f5140b5ed2500f,9007,1
9007:2:0,component-d7f5140b5ed2500f,9007,1
9008:0:0,component-dd70498149fc0824,9008,0
9009:0:0,component-c6c5225267ac35ff,9009,3
900:0:0,component-3ba879f3eab7542b,900,1
9010:0:0,component-470724b569965b1c,9010,3
9011:0:0,component-88e0463680c96110,9011,2
9012:0:0,component-85c60a901bcb9d30,9012,0
9013:0:0,component-aaad274fceca6e2b,9013,4
9014:0:0,component-7d7ce582b2512d49,9014,3
9015:0:0,component-afdb52536bbb033b,9015,3
9016:0:0,component-887e57d7bc459bbd,9016,4
9018:0:0,component-c9afb3f244404f2c,9018,2
9019:0:0,component-4e412da22083eaca,9019,3
901:0:0,component-1874dee31336dd08,901,4
901:2:0,component-1874dee31336dd08,901,4
9020:0:0,component-ab34118c3c2ef47c,9020,2
9021:0:0,component-9a282efa7f7a18fb,9021,2
9022:0:0,component-becf511ba33b80bb,9022,4
9023:0:0,component-a72102cdc29ea98b,9023,1
9024:0:0,component-9e0649e7074d04d4,9024,2
9025:0:0,component-95d8e72fb537440a,9025,0
9025:2:0,component-95d8e72fb537440a,9025,0
9026:0:0,component-44936796df7cea31,9026,3
9027:0:0,component-ad4d0f17cbb37f8c,9027,4
9027:2:0,component-ad4d0f17cbb37f8c,9027,4
9028:0:0,component-e17aee774b5e92ff,9028,2
9029:0:0,component-9771b250720172ca,9029,1
9029:2:0,component-9771b250720172ca,9029,1
902:0:0,component-426fe577b33abb3e,902,4
9030:0:0,component-e1712482dd4f99be,9030,0
9031:0:0,component-3312ea532a1982b1,9031,3
9032:0:0,component-69335f38a73166d9,9032,2
9033:0:0,component-717fd519c87afb57,9033,3
9033:2:0,component-717fd519c87afb57,9033,3
9034:0:0,component-fadf7969cc92ffc5,9034,4
9034:2:0,component-fadf7969cc92ffc5,9034,4
9035:0:0,component-a7f608cec31f548c,9035,4
9036:0:0,component-881d810ccacb2dff,9036,0
9037:0:0,component-aa57b7ee2121a7a3,9037,0
9037:2:0,component-aa57b7ee2121a7a3,9037,0
9038:0:0,component-addc61c51ed208b5,9038,1
9039:0:0,component-1243105c5a5dfd1f,9039,0
903:0:0,component-a9cfdc6fbe49fb3c,903,1
9040:0:0,component-c25b7e8d4dbf548c,9040,0
9041:0:0,component-7cba2dee5f8787ea,9041,2
9042:0:0,component-47c4d59dec423653,9042,0
9043:0:0,component-c504a3ce86b3bf74,9043,0
9043:0:1,component-c504a3ce86b3bf74,9043,0
9044:0:0,component-24c22043ab413aa4,9044,3
9045:0:0,component-a48c0b685780b406,9045,0
9045:2:0,component-a48c0b685780b406,9045,0
9046:0:0,component-277833c2da9d6d57,9046,1
9046:2:0,component-277833c2da9d6d57,9046,1
9047:0:0,component-aa93c3a43d1eb986,9047,0
9047:2:0,component-aa93c3a43d1eb986,9047,0
9048:0:0,component-1acb2e23eb83419d,9048,2
9048:2:0,component-1acb2e23eb83419d,9048,2
9049:0:0,component-054a9d204606dd11,9049,3
904:0:0,component-f8f1a1279176ebbc,904,4
9050:0:0,component-92f56b55dae86f40,9050,4
9051:0:0,component-bf1b3aafeeec788e,9051,1
9052:0:0,component-1be99121eece3c6c,9052,0
9053:0:0,component-68ed2ad006a88b6d,9053,4
9053:2:0,component-68ed2ad006a88b6d,9053,4
9054:0:0,component-e441f3eaf36edb55,9054,2
9055:0:0,component-6c65fdd7986cc6fa,9055,3
9056:1:0,component-8ee049703f68dbd8,9056,2
9057:0:0,component-149b453fb3bd3152,9057,4
9057:2:0,component-149b453fb3bd3152,9057,4
9058:0:0,component-61f085d4db235780,9058,3
9059:0:0,component-632743ea0494e643,9059,4
905:0:0,component-b49d30bb64b8cb4f,905,4
905:2:0,component-b49d30bb64b8cb4f,905,4
9060:0:0,component-a6990abe97173f8e,9060,0
9061:0:0,component-d38018e168d72b5a,9061,2
9062:0:0,component-18b62452dc127dc4,9062,3
9063:0:0,component-798660662c113a11,9063,1
9063:2:0,component-798660662c113a11,9063,1
9063:4:0,component-798660662c113a11,9063,1
9064:0:0,component-46a41a5e1953d7e5,9064,3
9065:0:0,component-7a14b35764dbc625,9065,1
9066:0:0,component-7366360f261a59ee,9066,1
9067:0:0,component-015526d242a2b48c,9067,0
9067:2:0,component-015526d242a2b48c,9067,0
9067:4:0,component-015526d242a2b48c,9067,0
9067:6:0,component-015526d242a2b48c,9067,0
9067:8:0,component-015526d242a2b48c,9067,0
9068:0:0,component-ad3b62f4e85ee0a7,9068,0
9069:0:0,component-48dcab49fa429cdb,9069,0
906:0:0,component-47695e9a1b22eb4b,906,1
9070:0:0,component-09260d424fa27044,9070,1
9071:0:0,component-e885f811e094e4a1,9071,1
9071:2:0,component-e885f811e094e4a1,9071,1
9071:4:0,component-e885f811e094e4a1,9071,1
9071:6:0,component-e885f811e094e4a1,9071,1
9072:0:0,component-77237564c3618e28,9072,3
9073:0:0,component-b98838f1f324ace4,9073,1
9073:2:0,component-b98838f1f324ace4,9073,1
9074:0:0,component-390622cd622a47fe,9074,2
9075:0:0,component-a0cb78c0d870c8cc,9075,4
9076:0:0,component-bf1c1ad61b591ee9,9076,0
9077:0:0,component-0d83ffdafbb71df0,9077,4
9078:0:0,component-81596c918510c128,9078,1
9079:0:0,component-7ec16bca847033ad,9079,2
907:0:0,component-a97ad40e387b38ca,907,3
9080:0:0,component-3f44b78381ad935d,9080,1
9081:0:0,component-9eba0eccedc73cec,9081,2
9081:2:0,component-9eba0eccedc73cec,9081,2
9082:0:0,component-08bcb3779b5e3e6d,9082,0
9083:0:0,component-306abf237381447e,9083,3
9084:0:0,component-eeeafaeab6d422b6,9084,2
9085:0:0,component-60f1d4452b448ee3,9085,3
9086:0:0,component-f732a2d109adb550,9086,0
9087:0:0,component-92760790015f3a28,9087,0
9087:10:0,component-92760790015f3a28,9087,0
9087:12:0,component-92760790015f3a28,9087,0
9087:2:0,component-92760790015f3a28,9087,0
9087:4:0,component-92760790015f3a28,9087,0
9087:6:0,component-92760790015f3a28,9087,0
9087:8:0,component-92760790015f3a28,9087,0
9088:0:0,component-38ce50693e8f024a,9088,0
9089:0:0,component-9eeeceb1b8a0d002,9089,1
908:0:0,component-a457fcf9f6b51c9f,908,4
9090:0:0,component-e69543e2dbed04ff,9090,0
9091:0:0,component-9b140534a10af5a0,9091,2
9092:0:0,component-1c0c4fe04ee95a86,9092,1
9092:2:0,component-1c0c4fe04ee95a86,9092,1
9092:4:0,component-1c0c4fe04ee95a86,9092,1
9092:4:1,component-1c0c4fe04ee95a86,9092,1
9092:6:0,component-1c0c4fe04ee95a86,9092,1
9093:0:0,component-8c339e333ba21386,9093,4
9094:0:0,component-173f5a805a8afcce,9094,4
9094:0:1,component-173f5a805a8afcce,9094,4
9095:0:0,component-b3c64abdd5fc809e,9095,4
9096:0:0,component-8f627782eb58fec4,9096,2
9097:0:0,component-040e0eb30a023399,9097,4
9098:0:0,component-0e375ad53c03073c,9098,1
9099:0:0,component-0725761baddb165a,9099,0
9099:0:1,component-0725761baddb165a,9099,0
909:0:0,component-e7957454ea90e8d8,909,3
90:0:0,component-955f1ddc2948b153,90,1
90:2:0,component-955f1ddc2948b153,90,1
9100:0:0,component-1ff359d221800895,9100,4
9101:0:0,component-1f178f3796c8bc39,9101,0
9102:0:0,component-eefc42cef6e54bb8,9102,4
9103:0:0,component-9f3705ea1b02ef19,9103,2
9104:0:0,component-7ef4b248baa71058,9104,1
9105:0:0,component-70ecaa5058e7bef6,9105,2
9106:0:0,component-097c5030dafb3316,9106,2
9106:0:1,component-097c5030dafb3316,9106,2
9106:2:0,component-097c5030dafb3316,9106,2
9106:4:0,component-097c5030dafb3316,9106,2
9107:0:0,component-f515b672f72cb3da,9107,2
9108:1:0,component-d1abe63ebbf2959d,9108,0
9109:0:0,component-705a0b453dc6f5ab,9109,0
910:0:0,component-a34bb1c055aa3811,910,4
9110:0:0,component-ba6ed4702ef0891c,9110,2
9111:0:0,component-634031fd1f2bec52,9111,4
9111:2:0,component-634031fd1f2bec52,9111,4
9111:4:0,component-634031fd1f2bec52,9111,4
9112:0:0,component-a9c2ed42896a9714,9112,4
9113:0:0,component-d0e86fe0dc32cc45,9113,1
9114:0:0,component-c03785322897d1aa,9114,2
9115:0:0,component-51e1153c56879908,9115,4
9116:0:0,component-0f6ba28c22ad29fa,9116,2
9117:0:0,component-57ac0057816da632,9117,2
9118:0:0,component-dc42b1d82cb32985,9118,3
9118:2:0,component-dc42b1d82cb32985,9118,3
9118:4:0,component-dc42b1d82cb32985,9118,3
9118:6:0,component-dc42b1d82cb32985,9118,3
9118:8:0,component-dc42b1d82cb32985,9118,3
9119:0:0,component-2a3b256124749fa1,9119,0
9119:2:0,component-2a3b256124749fa1,9119,0
911:0:0,component-1fbc1d0534ccd0c8,911,4
911:2:0,component-1fbc1d0534ccd0c8,911,4
9120:0:0,component-0736bd311350561a,9120,0
9120:2:0,component-0736bd311350561a,9120,0
9121:0:0,component-ee66443a32282718,9121,4
9122:0:0,component-87ba213d11860c57,9122,1
9122:2:0,component-87ba213d11860c57,9122,1
9122:4:0,component-87ba213d11860c57,9122,1
9123:0:0,component-f9f72b8e7ac37783,9123,0
9124:0:0,component-907bd9525d35874c,9124,3
9125:0:0,component-8ec4c0e499e6ad90,9125,2
9126:0:0,component-6c678cbad967f2e9,9126,1
9127:0:0,component-8bc78dac1e2e621d,9127,2
9127:10:0,component-8bc78dac1e2e621d,9127,2
9127:12:0,component-8bc78dac1e2e621d,9127,2
9127:2:0,component-8bc78dac1e2e621d,9127,2
9127:4:0,component-8bc78dac1e2e621d,9127,2
9127:6:0,component-8bc78dac1e2e621d,9127,2
9127:6:1,component-8bc78dac1e2e621d,9127,2
9127:8:0,component-8bc78dac1e2e621d,9127,2
9128:0:0,component-f412074f3db2c7ce,9128,2
9129:0:0,component-f24333bce86d1bcd,9129,2
912:0:0,component-3ee35bc916a4868d,912,0
9130:0:0,component-e1d1832c14328354,9130,4
9131:0:0,component-b8d66e3d2e59b4a4,9131,0
9132:1:0,component-3a9f147bcab0ffb1,9132,2
9133:0:0,component-7e315089d016be96,9133,2
9133:2:0,component-7e315089d016be96,9133,2
9134:0:0,component-928d242b1fcdf3d8,9134,0
9135:0:0,component-ed07d98f1b99b3c2,9135,4
9136:0:0,component-46813238521f09ef,9136,1
9137:0:0,component-e443ea99ea098448,9137,4
9138:0:0,component-bf9622a72a06bb0a,9138,0
9139:0:0,component-2b0dbedc106f5c1d,9139,1
913:0:0,component-804fe79b844b47b3,913,0
913:0:1,component-804fe79b844b47b3,913,0
913:0:2,component-804fe79b844b47b3,913,0
9140:0:0,component-3923f8c02432edc1,9140,3
9141:0:0,component-f8c2d832a4646dba,9141,4
9141:2:0,component-f8c2d832a4646dba,9141,4
9142:0:0,component-76ca59aa751b7a28,9142,1
9143:0:0,component-0d2002c957010f0d,9143,3
9144:0:0,component-4a0cade96143c2ae,9144,4
9144:2:0,component-4a0cade96143c2ae,9144,4
9144:4:0,component-4a0cade96143c2ae,9144,4
9145:0:0,component-d9df8760a134457a,9145,4
9146:0:0,component-03d892ffdd0b6b41,9146,0
9146:2:0,component-03d892ffdd0b6b41,9146,0
9146:4:0,component-03d892ffdd0b6b41,9146,0
9146:6:0,component-03d892ffdd0b6b41,9146,0
9147:1:0,component-10926b944e24184d,9147,1
9148:0:0,component-8c3245d62242f874,9148,4
9148:2:0,component-8c3245d62242f874,9148,4
9148:4:0,component-8c3245d62242f874,9148,4
9148:6:0,component-8c3245d62242f874,9148,4
9149:0:0,component-2043d2aaeb0f405c,9149,2
9149:2:0,component-2043d2aaeb0f405c,9149,2
9149:4:0,component-2043d2aaeb0f405c,9149,2
914:0:0,component-5055d4f9d4a135ea,914,2
9150:0:0,component-fe1b6753b1d1e6e9,9150,0
9151:0:0,component-474b4f39c62afc9b,9151,4
9152:0:0,component-b779c96de85993b2,9152,3
9153:0:0,component-2753b4b6cf25f1ad,9153,1
9153:2:0,component-2753b4b6cf25f1ad,9153,1
9154:0:0,component-3705c8593dcd4b7c,9154,2
9155:0:0,component-55fa39c0dfabefd5,9155,0
9156:0:0,component-c38d3888abc6ecf4,9156,1
9157:0:0,component-3008dc714707e9d0,9157,1
9158:0:0,component-a71a77acf909abda,9158,0
9159:0:0,component-9e84b6e67b0f50d4,9159,4
915:0:0,component-c440e4c595bceb39,915,4
9160:0:0,component-003d40bbc7474fa6,9160,2
9161:0:0,component-1d0d7874e808df64,9161,0
9162:0:0,component-65dac4c9268d4994,9162,1
9163:0:0,component-c60e947334adab4e,9163,2
9164:0:0,component-2b18c1499f1101cd,9164,2
9165:0:0,component-5e777e2504d235c9,9165,1
9165:2:0,component-5e777e2504d235c9,9165,1
9166:0:0,component-233c4f25e85a9377,9166,1
9167:0:0,component-6db72aecd8e0f64e,9167,0
9168:0:0,component-13a0e3f6700c5ac7,9168,1
9169:0:0,component-94d56f083e8990e4,9169,0
916:0:0,component-24932f51e52d54c6,916,3
9170:0:0,component-3b73905f9547d278,9170,2
9171:0:0,component-b7284789fd3dfeb0,9171,4
9171:0:1,component-b7284789fd3dfeb0,9171,4
9171:0:2,component-b7284789fd3dfeb0,9171,4
9172:0:0,component-75aed06230f96428,9172,0
9173:0:0,component-3e0ba81768973454,9173,0
9174:0:0,component-8aaa5eb5536700be,9174,3
9175:0:0,component-5da64409f84d0693,9175,4
9175:2:0,component-5da64409f84d0693,9175,4
9175:4:0,component-5da64409f84d0693,9175,4
9176:0:0,component-539a342b769394b8,9176,4
9177:0:0,component-484ec8510117f9cf,9177,0
9178:0:0,component-8195329434481b1c,9178,2
9179:0:0,component-a9b465609375b8ff,9179,0
917:0:0,component-e70fc814cb9f79b2,917,0
9180:0:0,component-91057f7b189ec7c9,9180,1
9181:0:0,component-e57eefea70d92195,9181,4
9182:0:0,component-59ac32298f8df53d,9182,1
9183:0:0,component-bc0b5c1717900c6e,9183,2
9183:2:0,component-bc0b5c1717900c6e,9183,2
9184:0:0,component-9e43ebfb9fcead1a,9184,1
9184:2:0,component-9e43ebfb9fcead1a,9184,1
9185:0:0,component-5a2b696afa4822ea,9185,2
9186:0:0,component-81a398990a255efd,9186,4
9187:0:0,component-19d5038bb1fad6bc,9187,2
9188:0:0,component-d4f419fe096789a8,9188,1
9189:0:0,component-2a3f4f479ead0045,9189,0
918:0:0,component-e65a31ca2d98f8a7,918,2
9190:0:0,component-db1d81c9e6582a18,9190,4
9191:0:0,component-1a4e88be2b6a9f31,9191,0
9192:0:0,component-1dea3059503c5db5,9192,3
9193:0:0,component-c7061191dd6c0efa,9193,4
9193:2:0,component-c7061191dd6c0efa,9193,4
9194:1:0,component-955f1ddc2948b153,9194,1
9195:1:0,component-08ddd2582fa82675,9195,1
9196:0:0,component-959040b64d515b80,9196,2
9197:0:0,component-1b7c15d93be3cc79,9197,1
9198:0:0,component-c590c043a8f4f18e,9198,2
9198:2:0,component-c590c043a8f4f18e,9198,2
9199:0:0,component-f10244c967156dd8,9199,0
919:0:0,component-15087a2bd9c3ff29,919,1
919:0:1,component-15087a2bd9c3ff29,919,1
91:0:0,component-ca660edbc6ba28ab,91,2
91:2:0,component-ca660edbc6ba28ab,91,2
91:4:0,component-ca660edbc6ba28ab,91,2
91:6:0,component-ca660edbc6ba28ab,91,2
9200:0:0,component-3005523dfe55ce6b,9200,1
9201:0:0,component-d0970af4e6459dd9,9201,3
9202:0:0,component-b63e06f875d67d69,9202,0
9203:0:0,component-c384ff3af606c273,9203,2
9203:2:0,component-c384ff3af606c273,9203,2
9204:0:0,component-d0643ac408a0c2f9,9204,1
9204:2:0,component-d0643ac408a0c2f9,9204,1
9205:0:0,component-e4914e3496fe2687,9205,0
9206:0:0,component-d32cfb2b11a2f246,9206,3
9206:2:0,component-d32cfb2b11a2f246,9206,3
9206:2:1,component-d32cfb2b11a2f246,9206,3
9207:0:0,component-18274891852dea93,9207,4
9208:0:0,component-70e2be42637ea389,9208,1
9209:0:0,component-62ae8462b8db0839,9209,3
920:0:0,component-1a62abcb4174a0a7,920,0
9210:0:0,component-7911ebf3fd83b44f,9210,0
9211:0:0,component-65d83598a25c1660,9211,1
9212:0:0,component-69213e308be5b32d,9212,3
9213:0:0,component-518194cfb0ba6d9a,9213,2
9214:0:0,component-5c5c6e39ff271ea4,9214,2
9215:0:0,component-5343b305fc1682f9,9215,0
9216:0:0,component-c7c2c7ccfae33c26,9216,3
9217:0:0,component-8782bf1356f6fccc,9217,4
9218:0:0,component-9819e34575b22c84,9218,2
9219:0:0,component-cfb9e14b8a2b19d9,9219,2
9219:2:0,component-cfb9e14b8a2b19d9,9219,2
9219:4:0,component-cfb9e14b8a2b19d9,9219,2
921:0:0,component-ffb89e56461d4128,921,1
9220:0:0,component-ab92f5a691338716,9220,1
9221:0:0,component-5c873832c54eed4b,9221,3
9221:2:0,component-5c873832c54eed4b,9221,3
9222:0:0,component-ea880945724fa1fc,9222,2
9223:0:0,component-81aba3d2700a053c,9223,4
9223:2:0,component-81aba3d2700a053c,9223,4
9223:4:0,component-81aba3d2700a053c,9223,4
9224:1:0,component-83fd8e8119712ac4,9224,1
9225:0:0,component-7c3f248e3b4e03fc,9225,4
9226:0:0,component-49a52a779e511229,9226,4
9227:0:0,component-b73f5d41c09b16e2,9227,1
9228:1:0,component-e5b905a37a52f5a8,9228,3
9229:0:0,component-8f6edc6ed2c17aea,9229,3
922:0:0,component-a46001128005fe37,922,2
922:2:0,component-a46001128005fe37,922,2
9230:0:0,component-ce8051a7fbf23443,9230,4
9231:0:0,component-aae6828ad7c2e842,9231,3
9232:0:0,component-a1ed6f3548d65adf,9232,4
9233:0:0,component-15d322c3358ed3bb,9233,1
9233:2:0,component-15d322c3358ed3bb,9233,1
9233:4:0,component-15d322c3358ed3bb,9233,1
9234:0:0,component-20509f47b0ff9c69,9234,0
9235:0:0,component-2c6ad38f85f77601,9235,4
9236:0:0,component-f7b4e8c2ffd1a967,9236,3
9237:0:0,component-b66b6f1ea8f32833,9237,2
9237:2:0,component-b66b6f1ea8f32833,9237,2
9238:0:0,component-73c1a9565bdc989c,9238,4
9238:2:0,component-73c1a9565bdc989c,9238,4
9239:0:0,component-975630f264a6f517,9239,0
9239:0:1,component-975630f264a6f517,9239,0
923:0:0,component-f8a12ae2de40402d,923,4
923:2:0,component-f8a12ae2de40402d,923,4
923:4:0,component-f8a12ae2de40402d,923,4
923:6:0,component-f8a12ae2de40402d,923,4
923:6:1,component-f8a12ae2de40402d,923,4
923:8:0,component-f8a12ae2de40402d,923,4
9240:0:0,component-afc4e83952316aeb,9240,1
9240:2:0,component-afc4e83952316aeb,9240,1
9241:0:0,component-e9379e1394e3b5d6,9241,0
9241:2:0,component-e9379e1394e3b5d6,9241,0
9242:0:0,component-2f18ce2ae461ce41,9242,2
9243:0:0,component-0d731b384a7da9f4,9243,0
9244:0:0,component-fb9442294288a39d,9244,1
9245:0:0,component-ccb6a307ecf7b3ec,9245,1
9246:0:0,component-7ff62b81ee5cd957,9246,2
9246:2:0,component-7ff62b81ee5cd957,9246,2
9247:0:0,component-c719c6fbd2b5d215,9247,3
9248:0:0,component-4821e491ec8e2415,9248,3
9249:0:0,component-7325b7c79a95fb30,9249,4
924:0:0,component-ce7237c696470be2,924,4
9250:0:0,component-eeb0ec26447dd62d,9250,1
9250:2:0,component-eeb0ec26447dd62d,9250,1
9251:0:0,component-fa7021ccfca64e24,9251,4
9252:0:0,component-b8ebcec43258241e,9252,3
9252:2:0,component-b8ebcec43258241e,9252,3
9252:4:0,component-b8ebcec43258241e,9252,3
9253:0:0,component-a7825f1342e31eff,9253,3
9254:0:0,component-c30a8d0005f521f5,9254,0
9254:2:0,component-c30a8d0005f521f5,9254,0
9255:0:0,component-861ed1631770cc3d,9255,3
9255:2:0,component-861ed1631770cc3d,9255,3
9255:4:0,component-861ed1631770cc3d,9255,3
9255:6:0,component-861ed1631770cc3d,9255,3
9256:0:0,component-52f4261f1683cd85,9256,3
9256:2:0,component-52f4261f1683cd85,9256,3
9257:0:0,component-a7b90b9b916a8e16,9257,4
9258:0:0,component-90ded703d3992458,9258,2
9259:0:0,component-b8111adc34674159,9259,1
925:0:0,component-8f1d4f9c5885d3c4,925,1
9260:0:0,component-bf7dd76ea842171b,9260,1
9261:0:0,component-24e420599ea6f4c2,9261,2
9262:0:0,component-eb91449cbca841d5,9262,3
9263:0:0,component-f0c632b28dbf8a65,9263,2
9264:0:0,component-85b6c2155c1d2cdf,9264,4
9265:0:0,component-61b4cc9d5318526a,9265,0
9266:0:0,component-148c63d70a38026a,9266,1
9267:0:0,component-39862fe3bd247385,9267,2
9267:2:0,component-39862fe3bd247385,9267,2
9268:0:0,component-31f663e04da0e941,9268,4
9268:0:1,component-31f663e04da0e941,9268,4
9269:0:0,component-af4e9a084babef76,9269,4
926:0:0,component-b64f60f8139d6323,926,4
926:2:0,component-b64f60f8139d6323,926,4
9270:0:0,component-26f50026f2f256e0,9270,1
9271:0:0,component-6fbb07483f7ca842,9271,3
9272:0:0,component-95232d082aacc1ad,9272,3
9272:2:0,component-95232d082aacc1ad,9272,3
9273:0:0,component-f286d4757a07981b,9273,1
9274:0:0,component-598fba7cc509346d,9274,0
9275:0:0,component-6200187687b40733,9275,0
9276:0:0,component-075c988ed1809666,9276,0
9277:0:0,component-05b975445c40554d,9277,4
9278:0:0,component-2d4539817e39fd1f,9278,3
9279:0:0,component-0c2c538e1da6ef57,9279,3
927:0:0,component-501ea08657fc656a,927,0
9280:0:0,component-b29e2888a6a6c385,9280,1
9281:0:0,component-d8701af7cc75727b,9281,1
9282:0:0,component-c3acff79cf6a2c31,9282,2
9282:2:0,component-c3acff79cf6a2c31,9282,2
9282:4:0,component-c3acff79cf6a2c31,9282,2
9283:0:0,component-06ccdc74ef1ff5b0,9283,4
9283:0:1,component-06ccdc74ef1ff5b0,9283,4
9284:0:0,component-dfeee9f77366c3f2,9284,2
9285:0:0,component-6a181e6e13b71e4d,9285,4
9286:0:0,component-c3578751c93443a4,9286,2
9287:0:0,component-adebaaa17aac89f9,9287,2
9288:0:0,component-72122d670d21cc29,9288,2
9289:0:0,component-173d1de08075a98b,9289,2
928:0:0,component-5938c72832213b50,928,4
928:0:1,component-5938c72832213b50,928,4
9290:0:0,component-7e78a9b0c3508efa,9290,3
9291:0:0,component-e1141893d8c741b7,9291,4
9292:0:0,component-89b282af6efcd6d7,9292,0
9293:0:0,component-447b0930ceb9d02b,9293,1
9294:0:0,component-2d444b1b836bc723,9294,1
9294:2:0,component-2d444b1b836bc723,9294,1
9294:4:0,component-2d444b1b836bc723,9294,1
9294:6:0,component-2d444b1b836bc723,9294,1
9295:0:0,component-d212969a79ffe415,9295,1
9296:0:0,component-8388e4a788a822e4,9296,3
9297:0:0,component-31456d2b11dd1430,9297,1
9298:0:0,component-23d07a858a038fdd,9298,3
9298:2:0,component-23d07a858a038fdd,9298,3
9299:0:0,component-48b0b2c1fabcf4c4,9299,0
9299:2:0,component-48b0b2c1fabcf4c4,9299,0
9299:4:0,component-48b0b2c1fabcf4c4,9299,0
929:0:0,component-028b09aeb3aa1b1f,929,3
92:0:0,component-6b9e01e26fd54f79,92,0
92:2:0,component-6b9e01e26fd54f79,92,0
9300:0:0,component-d147a0abd6e9a6a8,9300,0
9301:0:0,component-51a8fc135d8316e9,9301,1
9302:0:0,component-a474b78014f6853e,9302,3
9303:1:0,component-c32abd738bd4ddcc,9303,2
9304:0:0,component-a9b42d94ab90e2fb,9304,2
9305:0:0,component-c51eadb6d2cf3018,9305,0
9306:0:0,component-2fd974943ee594b1,9306,1
9307:0:0,component-2dc2da0498685adb,9307,3
9308:0:0,component-2476722ff850ad94,9308,2
9309:0:0,component-87052a34483ecd71,9309,4
930:0:0,component-5f7af6e4f196ea31,930,1
9310:0:0,component-a69571e6b12d9355,9310,0
9311:0:0,component-6d649194d80b5a8c,9311,0
9312:0:0,component-7ef17a8be245fb17,9312,4
9312:2:0,component-7ef17a8be245fb17,9312,4
9313:0:0,component-7cdae13a908296c9,9313,3
9313:2:0,component-7cdae13a908296c9,9313,3
9314:0:0,component-28a2b55ed8b2f447,9314,4
9315:0:0,component-8bc8c35979227015,9315,3
9316:0:0,component-419e265720f21e0b,9316,2
9317:0:0,component-2930231837c6ceaa,9317,4
9318:0:0,component-4f0540fd65025444,9318,3
9318:2:0,component-4f0540fd65025444,9318,3
9319:0:0,component-0704498aa9e8e4ac,9319,2
931:0:0,component-4aedc897776e534d,931,1
9320:0:0,component-68fce7b8e3c63d79,9320,2
9321:0:0,component-62ba4e852d08657e,9321,0
9321:2:0,component-62ba4e852d08657e,9321,0
9321:4:0,component-62ba4e852d08657e,9321,0
9322:0:0,component-70856f40828a3082,9322,4
9323:1:0,component-a3dac62b3835f028,9323,3
9325:0:0,component-c231dd02ffcf098d,9325,4
9326:0:0,component-cfa1daa71810c69d,9326,1
9327:0:0,component-f0772f1898fb1121,9327,3
9327:2:0,component-f0772f1898fb1121,9327,3
9328:0:0,component-da56587565306770,9328,1
9329:0:0,component-790d665066db3a1b,9329,2
9329:2:0,component-790d665066db3a1b,9329,2
932:0:0,component-9d5ecefbaa40aae1,932,0
9330:0:0,component-479376771c18a826,9330,2
9331:0:0,component-bba2f2e8fbe00b58,9331,4
9332:0:0,component-ffd6c419e7158656,9332,4
9332:2:0,component-ffd6c419e7158656,9332,4
9333:0:0,component-a3c48aa486d1500e,9333,3
9333:2:0,component-a3c48aa486d1500e,9333,3
9334:0:0,component-f1f756351c9d1f97,9334,2
9335:0:0,component-b42683818efc5a01,9335,2
9336:0:0,component-a8dfe8f7b060196f,9336,0
9337:0:0,component-083d5842bfd6a738,9337,1
9338:0:0,component-2a0b59db74bd2808,9338,4
9338:2:0,component-2a0b59db74bd2808,9338,4
9339:0:0,component-7c362a4f462a8136,9339,2
9339:2:0,component-7c362a4f462a8136,9339,2
933:0:0,component-25ebf0ca16b2901c,933,2
933:2:0,component-25ebf0ca16b2901c,933,2
9340:0:0,component-99f655877394970e,9340,2
9340:2:0,component-99f655877394970e,9340,2
9341:0:0,component-813fe467a472549d,9341,0
9342:0:0,component-df588a3e010d2134,9342,2
9343:0:0,component-8e04cbfabdd456de,9343,4
9344:0:0,component-fb654c009f0e0e88,9344,0
9345:0:0,component-9b769b62e8c59aaa,9345,0
9346:0:0,component-bc6906a91bd0d68f,9346,0
9347:0:0,component-caac87545d812422,9347,4
9348:0:0,component-dec8a25a739b4790,9348,1
9349:0:0,component-725a90497e50fa81,9349,2
934:0:0,component-6d8a499dadbc6fbd,934,0
934:2:0,component-6d8a499dadbc6fbd,934,0
934:4:0,component-6d8a499dadbc6fbd,934,0
934:6:0,component-6d8a499dadbc6fbd,934,0
934:8:0,component-6d8a499dadbc6fbd,934,0
9350:0:0,component-81b0c053319bd619,9350,3
9350:2:0,component-81b0c053319bd619,9350,3
9351:0:0,component-592013c1c4b4990c,9351,1
9352:0:0,component-d0e5116abc52c388,9352,3
9353:0:0,component-cc545dae653f6e24,9353,0
9354:0:0,component-c8f976c4e7542684,9354,0
9355:0:0,component-4bd405dfd3a4ffca,9355,0
9355:2:0,component-4bd405dfd3a4ffca,9355,0
9356:0:0,component-e1cd122037c8cc06,9356,1
9356:2:0,component-e1cd122037c8cc06,9356,1
9357:1:0,component-da7fd6fd6cd23c02,9357,2
9357:3:0,component-da7fd6fd6cd23c02,9357,2
9358:0:0,component-053162b14936d158,9358,1
9359:0:0,component-6a1110fdccf7f653,9359,2
9359:2:0,component-6a1110fdccf7f653,9359,2
935:0:0,component-7e4891a34ce9f876,935,4
9360:0:0,component-b2386a884cf7b992,9360,3
9360:2:0,component-b2386a884cf7b992,9360,3
9360:2:1,component-b2386a884cf7b992,9360,3
9360:4:0,component-b2386a884cf7b992,9360,3
9361:0:0,component-3efe92f109544805,9361,2
9362:0:0,component-aea723fd4e14642c,9362,2
9362:0:1,component-aea723fd4e14642c,9362,2
9362:0:2,component-aea723fd4e14642c,9362,2
9363:0:0,component-d24f6e80d615c0ba,9363,3
9364:0:0,component-21e6d40edb33e88f,9364,0
9365:0:0,component-a03e5583cd06e7a2,9365,2
9365:10:0,component-a03e5583cd06e7a2,9365,2
9365:2:0,component-a03e5583cd06e7a2,9365,2
9365:4:0,component-a03e5583cd06e7a2,9365,2
9365:6:0,component-a03e5583cd06e7a2,9365,2
9365:8:0,component-a03e5583cd06e7a2,9365,2
9366:0:0,component-aa60eed757a29e38,9366,4
9366:2:0,component-aa60eed757a29e38,9366,4
9367:0:0,component-cde7a4d15fba494b,9367,3
9368:0:0,component-fd9115d486c11a66,9368,1
9369:0:0,component-2550d9454374640b,9369,3
936:0:0,component-4627f987c547c8f7,936,0
9370:0:0,component-f4c27cf2d9513561,9370,2
9371:0:0,component-10d1b8b2174ef81f,9371,2
9372:0:0,component-4ee84f7cfb2f5c2e,9372,3
9373:0:0,component-54dd3bdfb23004cf,9373,2
9373:2:0,component-54dd3bdfb23004cf,9373,2
9374:0:0,component-3c47678ffa617a72,9374,1
9375:0:0,component-ba2ccaac5c7b31c1,9375,3
9376:0:0,component-d67fc07be55c4cbf,9376,4
9377:0:0,component-415897e3ccf32366,9377,0
9378:0:0,component-f2b001f33fa5a073,9378,2
9379:0:0,component-b37422c913326547,9379,3
937:0:0,component-ffc8b65df99509bb,937,0
9380:1:0,component-6b4fdd81b736d035,9380,3
9380:3:0,component-6b4fdd81b736d035,9380,3
9381:0:0,component-b6f7c3868728f72b,9381,3
9381:2:0,component-b6f7c3868728f72b,9381,3
9381:4:0,component-b6f7c3868728f72b,9381,3
9382:0:0,component-f606cd04e1aa5691,9382,4
9383:0:0,component-4b0a1b941217a7d0,9383,4
9384:0:0,component-99985db7485a249c,9384,1
9384:2:0,component-99985db7485a249c,9384,1
9385:1:0,component-163dfcd046e079fd,9385,2
9386:0:0,component-6527f7b868980b41,9386,3
9386:2:0,component-6527f7b868980b41,9386,3
9387:0:0,component-6b72fc159ca72304,9387,2
9388:0:0,component-1cdeb94433644044,9388,2
9389:0:0,component-d4d0a079aee7b08e,9389,3
938:0:0,component-2a01eb23cb98a144,938,0
9390:0:0,component-be720bfea9bc38d8,9390,1
9390:0:1,component-be720bfea9bc38d8,9390,1
9390:2:0,component-be720bfea9bc38d8,9390,1
9391:0:0,component-d1a8f5674a2adef6,9391,3
9392:0:0,component-4d7c1a473260803c,9392,4
9393:0:0,component-7927cefb23309b93,9393,4
9393:2:0,component-7927cefb23309b93,9393,4
9394:0:0,component-698bfa36c6b5374f,9394,4
9394:2:0,component-698bfa36c6b5374f,9394,4
9395:0:0,component-573ffaed790771ff,9395,1
9396:0:0,component-33cda0da8fcddaeb,9396,1
9397:0:0,component-cbf007ed1c9df2c6,9397,4
9397:2:0,component-cbf007ed1c9df2c6,9397,4
9397:4:0,component-cbf007ed1c9df2c6,9397,4
9398:0:0,component-eef28aa9b8db41d4,9398,2
9399:0:0,component-3198a33eb1d8aaf4,9399,1
939:0:0,component-0779aed12ec4fabd,939,1
93:0:0,component-6c88548553313d4c,93,1
93:2:0,component-6c88548553313d4c,93,1
9400:0:0,component-677b4efdf0625d6e,9400,0
9401:0:0,component-ead97fbb25d2590c,9401,2
9402:0:0,component-1b37f49bc6a05981,9402,3
9403:0:0,component-78909699b8f99cc9,9403,1
9404:0:0,component-1b5e4a864c7bf6fe,9404,3
9404:0:1,component-1b5e4a864c7bf6fe,9404,3
9405:0:0,component-e48cfcdce0ea75d6,9405,0
9406:0:0,component-20dc8b905ecad6bf,9406,3
9406:2:0,component-20dc8b905ecad6bf,9406,3
9407:0:0,component-3c01c2e978ae836b,9407,1
9408:0:0,component-aeab10974eab79c3,9408,2
9408:2:0,component-aeab10974eab79c3,9408,2
9409:0:0,component-09b2eb17d150e1ed,9409,0
940:0:0,component-af3a89c0d739bb76,940,0
9411:0:0,component-27694aedcf55230e,9411,0
9412:0:0,component-603e01fbbc9f19bb,9412,4
9412:2:0,component-603e01fbbc9f19bb,9412,4
9413:0:0,component-95d4beefbbabed12,9413,4
9414:0:0,component-5a49aac4490a1b3f,9414,1
9415:0:0,component-59029760142d06ae,9415,0
9416:0:0,component-396b857bd7329bad,9416,0
9417:0:0,component-49cee7f576fd2f15,9417,3
9418:0:0,component-804fe79b844b47b3,9418,0
9419:0:0,component-4fcb8be926646fba,9419,0
9419:2:0,component-4fcb8be926646fba,9419,0
941:0:0,component-a5fa78981193f281,941,2
9420:0:0,component-a60a86b84f24580a,9420,3
9420:2:0,component-a60a86b84f24580a,9420,3
9421:0:0,component-8a3380978968bbe7,9421,1
9422:0:0,component-f2b27bd229912940,9422,0
9422:2:0,component-f2b27bd229912940,9422,0
9422:2:1,component-f2b27bd229912940,9422,0
9422:4:0,component-f2b27bd229912940,9422,0
9423:0:0,component-86b011afa1d3a948,9423,1
9424:0:0,component-531304967d849683,9424,1
9425:0:0,component-6f5d09560f7baece,9425,2
9426:0:0,component-01e93a187a4bc82e,9426,1
9427:0:0,component-43a95f48190b6d81,9427,1
9428:0:0,component-281483459a34ed8a,9428,4
9428:2:0,component-281483459a34ed8a,9428,4
9429:0:0,component-3c80bf02bb17ab05,9429,2
942:0:0,component-d6e40d0e451f5b92,942,4
9430:0:0,component-0a358cd2084b1333,9430,3
9431:0:0,component-6a592834f831c07c,9431,4
9432:0:0,component-5494b24ea8490cf6,9432,0
9432:2:0,component-5494b24ea8490cf6,9432,0
9433:0:0,component-0a575161b6139a05,9433,4
9434:0:0,component-1cf72f6fd3eb7a06,9434,2
9435:0:0,component-0ea6b64fadaf8e18,9435,1
9435:2:0,component-0ea6b64fadaf8e18,9435,1
9436:0:0,component-a302dd78550012ae,9436,0
9437:0:0,component-7037f1e0d71c6ecd,9437,0
9438:0:0,component-16f57fed9d7086bd,9438,2
9439:0:0,component-9029d25c9d8e22e8,9439,0
9439:2:0,component-9029d25c9d8e22e8,9439,0
943:0:0,component-77464dcd0ce2b933,943,0
9440:0:0,component-12af7a01d741d016,9440,2
9440:0:1,component-12af7a01d741d016,9440,2
9440:0:2,component-12af7a01d741d016,9440,2
9441:0:0,component-4b4940ceb8a926c4,9441,1
9442:0:0,component-792d07fb785ac843,9442,0
9442:2:0,component-792d07fb785ac843,9442,0
9443:0:0,component-63d45729cfab6ad1,9443,3
9443:2:0,component-63d45729cfab6ad1,9443,3
9443:4:0,component-63d45729cfab6ad1,9443,3
9444:0:0,component-8378748d01551c7f,9444,4
9445:0:0,component-2753b4b6cf25f1ad,9445,1
9445:2:0,component-2753b4b6cf25f1ad,9445,1
9446:0:0,component-1fe61788fb318b8c,9446,2
9446:10:0,component-1fe61788fb318b8c,9446,2
9446:12:0,component-1fe61788fb318b8c,9446,2
9446:14:0,component-1fe61788fb318b8c,9446,2
9446:16:0,component-1fe61788fb318b8c,9446,2
9446:18:0,component-1fe61788fb318b8c,9446,2
9446:20:0,component-1fe61788fb318b8c,9446,2
9446:22:0,component-1fe61788fb318b8c,9446,2
9446:2:0,component-1fe61788fb318b8c,9446,2
9446:4:0,component-1fe61788fb318b8c,9446,2
9446:6:0,component-1fe61788fb318b8c,9446,2
9446:8:0,component-1fe61788fb318b8c,9446,2
9447:0:0,component-59d9c43d8d0f740e,9447,2
9448:0:0,component-56b37d8841407edf,9448,0
9449:0:0,component-76bb7860e4c4233f,9449,4
9449:2:0,component-76bb7860e4c4233f,9449,4
944:0:0,component-987d4e2371c6fdc3,944,3
944:2:0,component-987d4e2371c6fdc3,944,3
944:2:1,component-987d4e2371c6fdc3,944,3
944:2:2,component-987d4e2371c6fdc3,944,3
9450:0:0,component-cf3f45e0367a3edb,9450,4
9451:0:0,component-16b9ed0458e5f1d1,9451,3
9452:0:0,component-437f5ae857c40c45,9452,0
9452:2:0,component-437f5ae857c40c45,9452,0
9452:4:0,component-437f5ae857c40c45,9452,0
9452:6:0,component-437f5ae857c40c45,9452,0
9453:0:0,component-ff19cc6500b83e05,9453,0
9453:2:0,component-ff19cc6500b83e05,9453,0
9454:0:0,component-38ce50693e8f024a,9454,0
9455:0:0,component-21fa6d43c5848760,9455,4
9456:0:0,component-654c60e010ee8851,9456,3
9457:0:0,component-742db1419db412c9,9457,1
9458:0:0,component-c182885fcbcb1cef,9458,1
9459:0:0,component-b370073a7bbb8aec,9459,4
945:0:0,component-acf7c2655e0b182f,945,4
9460:0:0,component-bc95d17a95882201,9460,3
9461:0:0,component-231c2821120fa6dd,9461,4
9462:0:0,component-9e412cff44c7093a,9462,4
9462:0:1,component-9e412cff44c7093a,9462,4
9463:0:0,component-17f2aad2542b5aea,9463,1
9463:0:1,component-17f2aad2542b5aea,9463,1
9464:0:0,component-86512e2eda015c0e,9464,4
9465:0:0,component-66efcd5d16f5ece5,9465,1
9466:0:0,component-4fff47682f0a9b7d,9466,1
9467:0:0,component-768953d4bebc0fb6,9467,2
9467:2:0,component-768953d4bebc0fb6,9467,2
9467:4:0,component-768953d4bebc0fb6,9467,2
9467:4:1,component-768953d4bebc0fb6,9467,2
9467:6:0,component-768953d4bebc0fb6,9467,2
9468:0:0,component-6d8a499dadbc6fbd,9468,0
9468:2:0,component-6d8a499dadbc6fbd,9468,0
9469:0:0,component-4e08b3d6c713c8f9,9469,2
946:0:0,component-22ca983ff8ed86c7,946,3
9470:0:0,component-288e52da559e123a,9470,1
9471:0:0,component-7f4296fd129ba1d5,9471,0
9472:0:0,component-752bca4a7ad29d47,9472,4
9473:0:0,component-8a52832f72f43d6a,9473,4
9474:0:0,component-40ece1afbd94f792,9474,3
9475:0:0,component-584897c7384b952e,9475,0
9476:0:0,component-71a1c86979bbe90b,9476,4
9477:0:0,component-12af7a01d741d016,9477,2
9477:2:0,component-12af7a01d741d016,9477,2
9477:4:0,component-12af7a01d741d016,9477,2
9477:6:0,component-12af7a01d741d016,9477,2
9478:0:0,component-9475f3ec099de1c9,9478,1
9479:0:0,component-5d9e8d2ea3692d7d,9479,1
947:0:0,component-7814244d90d61c78,947,4
9480:0:0,component-7beef8897db9ade7,9480,0
9481:0:0,component-ed8d097b4b9707f7,9481,4
9482:0:0,component-b35c5d8dd6f25f64,9482,2
9483:1:0,component-3a5326ba7a508a4b,9483,3
9484:0:0,component-7282fae8a4fead9c,9484,4
9484:2:0,component-7282fae8a4fead9c,9484,4
9484:4:0,component-7282fae8a4fead9c,9484,4
9485:0:0,component-c1e635d777e5b532,9485,3
9486:0:0,component-ce507c8723a1b756,9486,0
9487:0:0,component-ed13dbdffb427ba0,9487,1
9487:2:0,component-ed13dbdffb427ba0,9487,1
9487:4:0,component-ed13dbdffb427ba0,9487,1
9488:0:0,component-9f0f718e6bd2d881,9488,1
9489:0:0,component-2ba6e6e49e76ba17,9489,0
948:0:0,component-a64fe1e6fe384480,948,3
9490:0:0,component-c00865d02d3c223f,9490,1
9491:1:0,component-7b37beab073792c4,9491,1
9492:0:0,component-074bff2c087e254a,9492,3
9493:0:0,component-5dab2aa67b5c030a,9493,0
9494:0:0,component-24ff26ddc7c1e735,9494,0
9495:0:0,component-f3a08b161d958a15,9495,2
9496:0:0,component-f4b2f750d8fb1483,9496,3
9496:2:0,component-f4b2f750d8fb1483,9496,3
9497:0:0,component-13eae1a3bf10660c,9497,1
9498:0:0,component-e217c5cccab033b1,9498,2
9498:2:0,component-e217c5cccab033b1,9498,2
9498:4:0,component-e217c5cccab033b1,9498,2
9499:0:0,component-0963f87e576eed8d,9499,3
949:1:0,component-8819571662d1cc79,949,4
94:0:0,component-b580f0e233e9d69c,94,0
94:2:0,component-b580f0e233e9d69c,94,0
9500:0:0,component-09960879e6bb8fc2,9500,4
9500:2:0,component-09960879e6bb8fc2,9500,4
9500:4:0,component-09960879e6bb8fc2,9500,4
9501:0:0,component-085609f4ec180a9e,9501,4
9502:0:0,component-2b5ecd383bd673ed,9502,0
9503:0:0,component-2f818f753d2e75d6,9503,2
9504:0:0,component-9b084064c3c0b8e5,9504,4
9504:2:0,component-9b084064c3c0b8e5,9504,4
9504:4:0,component-9b084064c3c0b8e5,9504,4
9505:0:0,component-c43d3648185bd5ab,9505,0
9506:0:0,component-d70047752f893496,9506,3
9506:2:0,component-d70047752f893496,9506,3
9506:4:0,component-d70047752f893496,9506,3
9507:0:0,component-28cd1e33ff928df1,9507,3
9507:2:0,component-28cd1e33ff928df1,9507,3
9508:0:0,component-fdfc15ed2465ab14,9508,4
9509:0:0,component-90ae30736453fdbb,9509,0
950:0:0,component-8fc5c25c50c85930,950,1
9510:0:0,component-2ddbe68bd2c16894,9510,0
9511:0:0,component-3e2429bd27a991b1,9511,2
9512:1:0,component-6322818a847b3c85,9512,4
9513:0:0,component-fa6a166aad45c24b,9513,0
9513:2:0,component-fa6a166aad45c24b,9513,0
9514:0:0,component-6bdd5c701bed3cd6,9514,1
9515:0:0,component-ac1b21b04e2013ea,9515,0
9516:0:0,component-6d119abd7dc58b83,9516,1
9516:2:0,component-6d119abd7dc58b83,9516,1
9516:4:0,component-6d119abd7dc58b83,9516,1
9517:0:0,component-06be606e978820e2,9517,0
9518:0:0,component-c4e9401db10584a9,9518,4
9518:2:0,component-c4e9401db10584a9,9518,4
9518:4:0,component-c4e9401db10584a9,9518,4
9519:0:0,component-f24efd0058288238,9519,2
951:0:0,component-d212969a79ffe415,951,1
9520:0:0,component-ec96e84d3ae37e72,9520,1
9521:0:0,component-3035fdce93059a6c,9521,2
9522:0:0,component-35b29ba9c618d2eb,9522,1
9523:0:0,component-0b35903b33eef86b,9523,0
9524:0:0,component-f3b435b8788d5540,9524,3
9525:0:0,component-ef615d72e30703e6,9525,4
9526:0:0,component-f5d4299b5cfe7ce5,9526,2
9527:0:0,component-4b4c44bc32685d4a,9527,4
9527:2:0,component-4b4c44bc32685d4a,9527,4
9528:0:0,component-c5e41305b1af93a8,9528,3
9528:2:0,component-c5e41305b1af93a8,9528,3
9529:0:0,component-bbfddcc984edbe9d,9529,0
952:0:0,component-b0d4e907f20b65cf,952,2
9530:0:0,component-81a563fcec6776b6,9530,2
9531:1:0,component-e46a70f1e145b050,9531,2
9532:0:0,component-dac0aeb66813a777,9532,1
9533:0:0,component-2f70caa78be3bb70,9533,1
9533:2:0,component-2f70caa78be3bb70,9533,1
9534:0:0,component-fd2aafbc49d847bb,9534,0
9535:0:0,component-4764dd406e7f6a0a,9535,4
9536:0:0,component-8b6cb8b90787db0e,9536,3
9537:0:0,component-12122b776a9293a4,9537,4
9538:0:0,component-7b8843029579cacb,9538,0
9538:2:0,component-7b8843029579cacb,9538,0
9539:0:0,component-0ddad75855095761,9539,1
953:0:0,component-96f61064ca1641b1,953,1
9540:0:0,component-5e3c31bde8457482,9540,1
9541:0:0,component-b031b6bf3f9e5099,9541,0
9541:0:1,component-b031b6bf3f9e5099,9541,0
9542:0:0,component-4366181ef60d9c3f,9542,2
9543:0:0,component-3bd7c41ca222f31e,9543,3
9544:0:0,component-b59f7059e0c1dbd3,9544,2
9544:0:1,component-b59f7059e0c1dbd3,9544,2
9544:0:2,component-b59f7059e0c1dbd3,9544,2
9545:0:0,component-90b5cccca24f6c11,9545,0
9546:0:0,component-ae64d4382cada076,9546,3
9547:0:0,component-8b41171c2b79a903,9547,2
9547:2:0,component-8b41171c2b79a903,9547,2
9548:0:0,component-849a67fdf7487dc2,9548,2
9549:0:0,component-5f47f0cee568e6a3,9549,4
9549:2:0,component-5f47f0cee568e6a3,9549,4
954:0:0,component-0c0118cda98c7626,954,1
9550:0:0,component-d216072d57b0e4f6,9550,0
9551:0:0,component-1d4cafb0ead8e810,9551,4
9552:0:0,component-e1dd5458a7b8369d,9552,1
9553:0:0,component-2d196096f9952671,9553,0
9554:0:0,component-a18ecee9ddf9e5b4,9554,4
9555:0:0,component-ff0852b354ee1094,9555,1
9555:2:0,component-ff0852b354ee1094,9555,1
9555:4:0,component-ff0852b354ee1094,9555,1
9556:0:0,component-209802dddccb00eb,9556,4
9557:0:0,component-c18abe67f3543ae7,9557,2
9558:0:0,component-9deaa0015e1b2c92,9558,2
9559:0:0,component-38a58669877ddd3f,9559,1
9559:0:1,component-38a58669877ddd3f,9559,1
9559:2:0,component-38a58669877ddd3f,9559,1
955:0:0,component-069ab71590fb0286,955,3
9560:0:0,component-95b61cafc3b4c83d,9560,4
9561:0:0,component-d03c3ed7583a0224,9561,0
9562:0:0,component-46d676597e79493d,9562,4
9563:0:0,component-677ca122069ad2b8,9563,2
9564:0:0,component-42927fad30dbd2ec,9564,4
9564:2:0,component-42927fad30dbd2ec,9564,4
9565:0:0,component-0350c85337fe9806,9565,1
9566:0:0,component-2916a7e1e7b9cc1e,9566,1
9567:0:0,component-2cd792eb789805cc,9567,3
9568:0:0,component-23fbcb0c8fb95c47,9568,1
9568:0:1,component-23fbcb0c8fb95c47,9568,1
9568:2:0,component-23fbcb0c8fb95c47,9568,1
9569:0:0,component-08a17f3f4ce73e35,9569,1
9569:2:0,component-08a17f3f4ce73e35,9569,1
956:0:0,component-0edc5a4defc0d43d,956,1
9570:0:0,component-4a98af936fc7bd32,9570,0
9571:0:0,component-65db143c2d01714d,9571,0
9572:0:0,component-1e35e3e1734501a9,9572,3
9573:0:0,component-5c441d5cd5fa0949,9573,0
9574:0:0,component-91ec1bc351d5f7df,9574,4
9575:0:0,component-6c9e99b58cd602c9,9575,3
9576:0:0,component-eccc86ef0e51bbd5,9576,1
9577:0:0,component-fc7ce9d035f19465,9577,0
9578:0:0,component-7369e36a347df163,9578,4
9578:2:0,component-7369e36a347df163,9578,4
9579:0:0,component-d2c94bae30548cb1,9579,4
957:0:0,component-cd9090fe939d043b,957,1
957:0:1,component-cd9090fe939d043b,957,1
957:0:2,component-cd9090fe939d043b,957,1
957:2:0,component-cd9090fe939d043b,957,1
957:4:0,component-cd9090fe939d043b,957,1
9580:0:0,component-79428198db417bdd,9580,0
9581:0:0,component-8f782ad04cd1d017,9581,1
9582:0:0,component-52cbb88d97b7d7bb,9582,0
9583:0:0,component-895d4390632c27bf,9583,3
9584:0:0,component-0b5d0f5d0ca56f29,9584,4
9585:0:0,component-2bb0d37862537bae,9585,4
9585:2:0,component-2bb0d37862537bae,9585,4
9586:0:0,component-2e875dd45f5b2ab7,9586,4
9587:0:0,component-64b9f780775a4175,9587,0
9587:2:0,component-64b9f780775a4175,9587,0
9588:0:0,component-306af38e65591a17,9588,4
9589:0:0,component-871ea0d8c024daab,9589,0
9589:2:0,component-871ea0d8c024daab,9589,0
958:0:0,component-d55170a71fa96cc8,958,4
9590:0:0,component-0bebc0a1be68d0bb,9590,4
9591:0:0,component-6f637b0d384099a9,9591,3
9592:0:0,component-1c708c865ed2da78,9592,1
9593:0:0,component-5b26c5fad3bd67ed,9593,4
9594:1:0,component-eef791b47443cc37,9594,0
9594:3:0,component-eef791b47443cc37,9594,0
9595:0:0,component-20543ad4b1890a08,9595,1
9596:0:0,component-b03799cc5a3670e5,9596,2
9597:0:0,component-3399bb2c40b87921,9597,0
9598:0:0,component-3de7ccae4b0b6f98,9598,4
9599:0:0,component-4a9c6fbb851ab918,9599,3
959:0:0,component-ecf2a6a8da2343da,959,0
95:0:0,component-09cfd6e99a515046,95,2
9600:0:0,component-44151670b161fdb0,9600,0
9601:0:0,component-056580e12ae10c36,9601,1
9601:2:0,component-056580e12ae10c36,9601,1
9601:4:0,component-056580e12ae10c36,9601,1
9602:0:0,component-974262b87180eb41,9602,2
9603:0:0,component-81dd4223f990c5f0,9603,1
9603:2:0,component-81dd4223f990c5f0,9603,1
9603:4:0,component-81dd4223f990c5f0,9603,1
9604:0:0,component-c369286294ba4d4f,9604,3
9604:2:0,component-c369286294ba4d4f,9604,3
9605:0:0,component-75495f6ad496cf58,9605,4
9606:0:0,component-69a52e8366f61e1c,9606,4
9606:0:1,component-69a52e8366f61e1c,9606,4
9607:0:0,component-978dfd9d50868dd5,9607,4
9607:2:0,component-978dfd9d50868dd5,9607,4
9608:0:0,component-8bef37c6c32cc9c9,9608,3
9609:1:0,component-f060a1756462408a,9609,0
9609:3:0,component-f060a1756462408a,9609,0
9609:5:0,component-f060a1756462408a,9609,0
960:0:0,component-51dad846e2a3edc2,960,3
9610:0:0,component-2b7f6791a44c9169,9610,4
9611:0:0,component-87255588df66f778,9611,1
9612:0:0,component-7800df02061c0d40,9612,2
9613:0:0,component-e6e9f0a31fc84025,9613,4
9613:10:0,component-e6e9f0a31fc84025,9613,4
9613:2:0,component-e6e9f0a31fc84025,9613,4
9613:4:0,component-e6e9f0a31fc84025,9613,4
9613:6:0,component-e6e9f0a31fc84025,9613,4
9613:8:0,component-e6e9f0a31fc84025,9613,4
9614:0:0,component-2716ab5aeb5916e4,9614,1
9615:0:0,component-20429e1629f29a09,9615,2
9615:2:0,component-20429e1629f29a09,9615,2
9615:2:1,component-20429e1629f29a09,9615,2
9615:4:0,component-20429e1629f29a09,9615,2
9616:1:0,component-e035d0fbccca9d8b,9616,4
9617:0:0,component-a195f3dfa22aaf68,9617,2
9617:0:1,component-a195f3dfa22aaf68,9617,2
9618:0:0,component-ad69b4bd3caea818,9618,4
9619:0:0,component-f39084f10eee767d,9619,4
9619:2:0,component-f39084f10eee767d,9619,4
961:0:0,component-f3a5c330a7e61c93,961,1
9620:0:0,component-88986a76051a061b,9620,2
9621:0:0,component-89b42ec33bbd3447,9621,0
9621:2:0,component-89b42ec33bbd3447,9621,0
9622:0:0,component-7ceaa2c876e43303,9622,2
9623:0:0,component-3d54178d25b4de4d,9623,1
9623:2:0,component-3d54178d25b4de4d,9623,1
9624:0:0,component-def5f9fb3fac884e,9624,2
9625:0:0,component-bd8995f52b348ec6,9625,1
9625:2:0,component-bd8995f52b348ec6,9625,1
9626:0:0,component-a3023d1c457d216d,9626,0
9627:0:0,component-c5276c7a312ce143,9627,3
9628:0:0,component-767c0675ce9b6960,9628,1
9629:0:0,component-fd774cd09fe965dd,9629,2
9629:2:0,component-fd774cd09fe965dd,9629,2
962:0:0,component-2dc25afc47f07277,962,0
962:2:0,component-2dc25afc47f07277,962,0
962:4:0,component-2dc25afc47f07277,962,0
9630:0:0,component-ede9f1059f6308e7,9630,2
9631:0:0,component-dd8a3f67c45dd7c7,9631,3
9632:0:0,component-3747a40044b92127,9632,1
9632:0:1,component-3747a40044b92127,9632,1
9633:1:0,component-c60092a771e74481,9633,1
9634:0:0,component-c386c669dc0ab17a,9634,1
9635:0:0,component-678866e8d9b2ae3a,9635,4
9636:0:0,component-51e7512378b20596,9636,0
9637:0:0,component-85a5bf07384408ee,9637,0
9638:0:0,component-d7fdae21dc80c51a,9638,1
9638:2:0,component-d7fdae21dc80c51a,9638,1
9639:0:0,component-548b36c089e06db3,9639,3
963:1:0,component-4a525de0e8ed20a7,963,4
9640:0:0,component-f63d345e15aa4779,9640,0
9640:2:0,component-f63d345e15aa4779,9640,0
9641:0:0,component-152aa3d96cdc3981,9641,3
9641:2:0,component-152aa3d96cdc3981,9641,3
9642:0:0,component-5db09c25b884369c,9642,0
9642:2:0,component-5db09c25b884369c,9642,0
9643:0:0,component-c69bc9a111bc1e6a,9643,2
9643:2:0,component-c69bc9a111bc1e6a,9643,2
9644:0:0,component-599815a1d05933db,9644,0
9644:2:0,component-599815a1d05933db,9644,0
9645:0:0,component-c7a780663bbdfce5,9645,4
9646:0:0,component-71880ab7de80d14c,9646,2
9646:2:0,component-71880ab7de80d14c,9646,2
9647:0:0,component-5e0eabe4ecbe3312,9647,4
9647:2:0,component-5e0eabe4ecbe3312,9647,4
9647:4:0,component-5e0eabe4ecbe3312,9647,4
9648:0:0,component-c44506825bf77bcb,9648,0
9649:1:0,component-4657eb9119b6055e,9649,0
964:1:0,component-e6aa1dc0887f2770,964,4
9650:0:0,component-06b84f40747e30df,9650,3
9651:0:0,component-58315575596297d7,9651,1
9652:0:0,component-e5c12dc3e1ed9cd7,9652,1
9653:0:0,component-82bb14fba06d4413,9653,2
9654:0:0,component-d6f40fc0bba5ef9a,9654,4
9654:2:0,component-d6f40fc0bba5ef9a,9654,4
9655:0:0,component-fbfde2c1d6ef0ff1,9655,0
9655:2:0,component-fbfde2c1d6ef0ff1,9655,0
9655:4:0,component-fbfde2c1d6ef0ff1,9655,0
9656:0:0,component-b296833cb59be71e,9656,0
9657:0:0,component-3d79c451de06ce50,9657,4
9658:0:0,component-e1ceeee061e4e247,9658,1
9659:0:0,component-5f05da1f9c82fb4e,9659,0
9659:2:0,component-5f05da1f9c82fb4e,9659,0
9659:4:0,component-5f05da1f9c82fb4e,9659,0
965:0:0,component-6b2b46ec01fdc115,965,1
9660:1:0,component-b77cb3f5a83e6e75,9660,4
9661:0:0,component-956b28158e8a4ada,9661,2
9661:2:0,component-956b28158e8a4ada,9661,2
9662:0:0,component-6ad7149df6ddee3d,9662,4
9663:0:0,component-2fef4ceec22876f0,9663,2
9664:0:0,component-79fb9485e87cba52,9664,4
9665:0:0,component-491ae506cff33c50,9665,1
9666:0:0,component-d08b580b4c61e6c9,9666,0
9666:2:0,component-d08b580b4c61e6c9,9666,0
9667:0:0,component-3e2025b67e68b532,9667,0
9668:1:0,component-d4f52a41dcccc2f0,9668,1
9668:3:0,component-d4f52a41dcccc2f0,9668,1
9669:1:0,component-6683788222a482de,9669,3
9669:3:0,component-6683788222a482de,9669,3
9669:5:0,component-6683788222a482de,9669,3
966:0:0,component-7ca949a49d3d4547,966,4
9670:0:0,component-069329083fc7811d,9670,1
9670:2:0,component-069329083fc7811d,9670,1
9671:0:0,component-0e51529ba319832e,9671,2
9672:0:0,component-e1cb5d8e0639e855,9672,2
9673:0:0,component-c191e0339975b56e,9673,0
9673:2:0,component-c191e0339975b56e,9673,0
9674:0:0,component-de325dc1ceb388fd,9674,2
9675:0:0,component-ad3b72f1af6cdc9c,9675,4
9676:0:0,component-7baf2bd27b65d820,9676,0
9677:0:0,component-6565fb3ab7c5a545,9677,4
9678:0:0,component-05d38bcdd3a5c0cf,9678,4
9679:0:0,component-4dee5bed99915e84,9679,1
9679:2:0,component-4dee5bed99915e84,9679,1
967:0:0,component-b9abcca718889b7e,967,4
9680:0:0,component-b4d2ce1f2da33ed7,9680,0
9680:2:0,component-b4d2ce1f2da33ed7,9680,0
9681:0:0,component-db0fc8fb738be5d2,9681,0
9682:0:0,component-da29dbf4f2dae642,9682,2
9683:0:0,component-0da99656dccb04b6,9683,3
9685:0:0,component-98fc3ecf58a606a5,9685,3
9686:0:0,component-955f1ddc2948b153,9686,1
9686:2:0,component-955f1ddc2948b153,9686,1
9687:0:0,component-fcb7a28a4857581f,9687,1
9688:0:0,component-9465d4981a40b19c,9688,4
9689:0:0,component-9b89d47e6fbd9d95,9689,0
968:0:0,component-c3c9176610661b0a,968,4
9690:0:0,component-7ec3a2ae06881234,9690,3
9691:0:0,component-de2bfb32e8ed5003,9691,0
9692:0:0,component-338046ea2d91d67a,9692,1
9693:0:0,component-743a9ef0da155747,9693,1
9694:0:0,component-32cbf8851be92db2,9694,4
9694:2:0,component-32cbf8851be92db2,9694,4
9695:0:0,component-717681ce60fdea5f,9695,0
9695:2:0,component-717681ce60fdea5f,9695,0
9696:0:0,component-4709e3e577e63b15,9696,3
9697:0:0,component-63f83068c640f5a6,9697,4
9698:0:0,component-be4f63f42ad2d912,9698,3
9699:0:0,component-96e783be785942a7,9699,1
969:0:0,component-6a1d182cc16ba869,969,1
96:0:0,component-38f72753e827fbcd,96,0
9700:0:0,component-92f6c196fb0cee48,9700,3
9700:2:0,component-92f6c196fb0cee48,9700,3
9701:0:0,component-b59be4317ccaa3d0,9701,0
9702:0:0,component-79d0285c4e5c68c9,9702,4
9703:0:0,component-093671cc57e92067,9703,1
9703:2:0,component-093671cc57e92067,9703,1
9704:0:0,component-72261d99a2922ec0,9704,2
9705:0:0,component-3e89f02cb512b777,9705,2
9706:0:0,component-7a31467d0ebb293e,9706,0
9706:2:0,component-7a31467d0ebb293e,9706,0
9707:0:0,component-a35557f03af90daa,9707,2
9708:0:0,component-ab5258034d9000a7,9708,2
9708:2:0,component-ab5258034d9000a7,9708,2
9709:0:0,component-5e61d68e560d3fdc,9709,0
970:0:0,component-59cad27e671a9aea,970,3
9710:0:0,component-ad28b0709551d2fd,9710,0
9711:1:0,component-18a2107576a69eee,9711,3
9712:0:0,component-a423cf6d743ed7ac,9712,1
9713:1:0,component-ba2c9dcbe2288844,9713,4
9714:0:0,component-097c47ddd9bdf47a,9714,1
9715:0:0,component-16d5720d0e9fd05a,9715,3
9716:0:0,component-5f3281900ebe40c1,9716,1
9716:2:0,component-5f3281900ebe40c1,9716,1
9718:0:0,component-6bbb3a4bf31d8e42,9718,1
9719:0:0,component-85c2b76f78ca4720,9719,4
971:0:0,component-db149ba919e036aa,971,2
9720:0:0,component-6f4baf05e59e91e8,9720,2
9721:0:0,component-3e222657040bbe0c,9721,1
9722:0:0,component-cca904f58debbcb4,9722,0
9722:2:0,component-cca904f58debbcb4,9722,0
9723:0:0,component-9e65d05b21eb3952,9723,4
9724:0:0,component-66bce0b321dd2d1e,9724,1
9724:2:0,component-66bce0b321dd2d1e,9724,1
9725:0:0,component-132fd7dcfbe1a620,9725,3
9725:0:1,component-132fd7dcfbe1a620,9725,3
9726:0:0,component-ec8d223d6271216f,9726,3
9727:0:0,component-385aa0ad41373972,9727,2
9728:0:0,component-53cb12c71ad00fcb,9728,0
9729:0:0,component-f201470d6ec62519,9729,3
972:0:0,component-63c2f54ef50f4a51,972,2
9730:0:0,component-ba581442c8564bc6,9730,0
9731:1:0,component-194a7c8422e022eb,9731,0
9731:3:0,component-194a7c8422e022eb,9731,0
9732:0:0,component-a1aa74c96e337f5f,9732,3
9733:0:0,component-6764c59d30e3a17a,9733,4
9734:0:0,component-c02fd2b69bab966d,9734,0
9734:2:0,component-c02fd2b69bab966d,9734,0
9735:0:0,component-2c81dec830d19a0a,9735,4
9736:0:0,component-0eb261adecac53cb,9736,0
9737:0:0,component-71d6486780589a4e,9737,1
9738:0:0,component-30c9b3a791405e3e,9738,4
9739:0:0,component-4471120cbf5bf679,9739,3
9739:2:0,component-4471120cbf5bf679,9739,3
973:0:0,component-4fec2e124b36ccac,973,1
9740:0:0,component-2caee27dc9d01d9b,9740,2
9740:2:0,component-2caee27dc9d01d9b,9740,2
9741:0:0,component-604f48d3857c1b8d,9741,1
9742:0:0,component-7ad5fa8624b10c8f,9742,0
9742:2:0,component-7ad5fa8624b10c8f,9742,0
9743:0:0,component-cd842d4e0448208c,9743,1
9743:2:0,component-cd842d4e0448208c,9743,1
9743:4:0,component-cd842d4e0448208c,9743,1
9744:0:0,component-8562f7a11263b542,9744,4
9745:0:0,component-bffc7ffda972f0af,9745,0
9746:0:0,component-60f3c2ca8f5d3be8,9746,2
9747:0:0,component-aa2844d2b3537906,9747,4
9748:0:0,component-5f44be84204361ac,9748,3
9749:0:0,component-ecc32343c7aa152c,9749,4
974:0:0,component-70ea0addf05ed69a,974,3
9750:0:0,component-9ff148d42c6decba,9750,0
9751:0:0,component-bf1e0b3a893015a4,9751,2
9752:0:0,component-4abb5aa602ba7eaa,9752,1
9753:0:0,component-dc9f4ece8922828e,9753,0
9754:0:0,component-fa9755042204253b,9754,3
9755:0:0,component-03e21e0348401a4f,9755,4
9755:2:0,component-03e21e0348401a4f,9755,4
9755:4:0,component-03e21e0348401a4f,9755,4
9755:6:0,component-03e21e0348401a4f,9755,4
9755:8:0,component-03e21e0348401a4f,9755,4
9756:0:0,component-1950e8e5c32141e4,9756,1
9757:0:0,component-e2654ab646d784ac,9757,0
9757:2:0,component-e2654ab646d784ac,9757,0
9757:4:0,component-e2654ab646d784ac,9757,0
9758:0:0,component-44c4adf573138747,9758,1
9759:0:0,component-0598300cf0646982,9759,1
9759:2:0,component-0598300cf0646982,9759,1
975:0:0,component-2c674b43f34659e8,975,2
9760:0:0,component-b900e4c10d1639a4,9760,3
9761:0:0,component-432cb47b925702b2,9761,2
9762:0:0,component-4711869697e79e44,9762,1
9763:0:0,component-e7890bfed3993a5d,9763,3
9763:2:0,component-e7890bfed3993a5d,9763,3
9763:4:0,component-e7890bfed3993a5d,9763,3
9763:6:0,component-e7890bfed3993a5d,9763,3
9763:8:0,component-e7890bfed3993a5d,9763,3
9764:0:0,component-79bb02892697e488,9764,4
9764:2:0,component-79bb02892697e488,9764,4
9764:2:1,component-79bb02892697e488,9764,4
9765:0:0,component-bcbcb350c0c4c160,9765,1
9766:0:0,component-91be8d86de33489d,9766,1
9767:0:0,component-2525602e84232ca1,9767,1
9768:0:0,component-4b2f2285864514bc,9768,3
9769:0:0,component-1807459f23f43d35,9769,0
976:0:0,component-62e43321a938d092,976,1
9770:0:0,component-d981b3bb62f2aa17,9770,4
9771:0:0,component-7367013294c93902,9771,4
9771:0:1,component-7367013294c93902,9771,4
9772:0:0,component-9ed4d376130f037f,9772,2
9773:0:0,component-2a5aeca55247a534,9773,3
9773:2:0,component-2a5aeca55247a534,9773,3
9774:0:0,component-c305d1e2c9e39ba6,9774,3
9775:0:0,component-feba48b06ca39933,9775,3
9776:0:0,component-76ca25e668d37ac0,9776,1
9777:0:0,component-7fc2346571613e58,9777,1
9777:2:0,component-7fc2346571613e58,9777,1
9778:0:0,component-430739994bde4100,9778,1
9778:2:0,component-430739994bde4100,9778,1
9779:0:0,component-ed798734b61bcb4d,9779,1
977:0:0,component-a2ba3b9267478c24,977,2
977:2:0,component-a2ba3b9267478c24,977,2
9780:0:0,component-df516476f0097172,9780,2
9781:0:0,component-e667d702e92219d0,9781,4
9782:0:0,component-173d1de08075a98b,9782,2
9783:0:0,component-f88d0c2d53d21117,9783,3
9784:0:0,component-4ab184b12533b0ad,9784,2
9785:0:0,component-4995ea72fba575a1,9785,0
9786:0:0,component-375ec2ced7e384e1,9786,1
9787:0:0,component-d95e1539d1f9de95,9787,4
9788:0:0,component-4e2f8086355bd0d9,9788,0
9788:2:0,component-4e2f8086355bd0d9,9788,0
9789:0:0,component-cbde19db586157e4,9789,2
978:0:0,component-6533f471fb644ae1,978,0
978:2:0,component-6533f471fb644ae1,978,0
9790:0:0,component-1d644d0dc993e0ca,9790,1
9791:0:0,component-083578a9a7c092a6,9791,4
9792:0:0,component-435ecd479463f86e,9792,4
9793:0:0,component-f2459e0779513197,9793,0
9794:0:0,component-69336aedb6eba29b,9794,4
9794:2:0,component-69336aedb6eba29b,9794,4
9795:0:0,component-c48109fd2f123fff,9795,4
9796:0:0,component-af6466f71cc20be4,9796,3
9797:1:0,component-8a2cd3a4a6bf0010,9797,0
9797:3:0,component-8a2cd3a4a6bf0010,9797,0
9797:5:0,component-8a2cd3a4a6bf0010,9797,0
9797:7:0,component-8a2cd3a4a6bf0010,9797,0
9797:9:0,component-8a2cd3a4a6bf0010,9797,0
9798:0:0,component-5ea716d683efcc63,9798,2
9798:2:0,component-5ea716d683efcc63,9798,2
9799:0:0,component-6125a1b06ae273a6,9799,4
9799:2:0,component-6125a1b06ae273a6,9799,4
979:0:0,component-68db3e7f14684705,979,2
97:1:0,component-50bcfd540f241306,97,2
9800:0:0,component-e561fbbc15cf1b8d,9800,0
9801:0:0,component-ae87c391c0482ed5,9801,3
9802:0:0,component-3f9d10ed038d45ff,9802,0
9803:0:0,component-e3a220ca65da8b94,9803,2
9804:0:0,component-7b66e7098ab09952,9804,0
9805:0:0,component-c5d5e58f7878301f,9805,2
9806:0:0,component-666125d5b297fdf9,9806,2
9807:0:0,component-e73ad452036fe01e,9807,0
9808:0:0,component-89996500c02e5675,9808,1
9808:2:0,component-89996500c02e5675,9808,1
9809:0:0,component-3675ab31403231be,9809,3
980:0:0,component-64b4f2618daef237,980,3
9810:0:0,component-ff79f9fb5be40a8a,9810,4
9810:2:0,component-ff79f9fb5be40a8a,9810,4
9811:0:0,component-ff4673d389bdd246,9811,1
9812:0:0,component-37da10983b7d989d,9812,4
9813:0:0,component-51d8e6d737133491,9813,1
9814:0:0,component-7cd583306bf80bce,9814,3
9814:2:0,component-7cd583306bf80bce,9814,3
9815:0:0,component-a3e8daf1a53d647c,9815,0
9816:0:0,component-c6dbfa88b714c4bc,9816,3
9817:0:0,component-a32f8f250f355cba,9817,4
9818:0:0,component-d1cbb5efd9718a39,9818,4
9818:2:0,component-d1cbb5efd9718a39,9818,4
9819:0:0,component-9c9d0f6cb3278ca7,9819,1
981:0:0,component-923a4eedda55eea4,981,3
9820:0:0,component-491842e4c32c4002,9820,1
9821:0:0,component-4af1a0ba93159028,9821,3
9822:0:0,component-d0bc36d0f37d4ffa,9822,3
9823:0:0,component-ee4e16fce85abcad,9823,0
9824:0:0,component-d388e90de303dca3,9824,4
9825:0:0,component-584cf5bf53025798,9825,1
9826:0:0,component-25af572eac635071,9826,3
9827:0:0,component-bb4b05e268c5d5b1,9827,4
9828:0:0,component-468fb1112fa5fc99,9828,0
9828:0:1,component-468fb1112fa5fc99,9828,0
9828:0:2,component-468fb1112fa5fc99,9828,0
9828:2:0,component-468fb1112fa5fc99,9828,0
9828:4:0,component-468fb1112fa5fc99,9828,0
9828:6:0,component-468fb1112fa5fc99,9828,0
9829:0:0,component-f1bb96ea536494d7,9829,3
982:0:0,component-9f4c014feb25584a,982,2
982:2:0,component-9f4c014feb25584a,982,2
9830:0:0,component-d96a89fd37fa915d,9830,0
9831:0:0,component-a1c788d5ebd821b6,9831,2
9832:0:0,component-66b2215c37562cac,9832,4
9833:0:0,component-f4ddc3618096513f,9833,2
9834:0:0,component-9f70bf09c2cd28b8,9834,2
9834:2:0,component-9f70bf09c2cd28b8,9834,2
9835:0:0,component-13dfefe2552d86ac,9835,0
9836:0:0,component-d4af2bf55fc4f763,9836,4
9837:0:0,component-23e5d226dd45cfe0,9837,1
9837:2:0,component-23e5d226dd45cfe0,9837,1
9838:0:0,component-093095c890dcee2f,9838,3
9838:2:0,component-093095c890dcee2f,9838,3
9839:0:0,component-3848adf40bc3a095,9839,1
9839:2:0,component-3848adf40bc3a095,9839,1
9839:4:0,component-3848adf40bc3a095,9839,1
983:0:0,component-c7455d355d240a87,983,1
9840:0:0,component-aef9a728c1667222,9840,1
9840:2:0,component-aef9a728c1667222,9840,1
9841:0:0,component-007a205fc61af355,9841,2
9842:0:0,component-43f9a12305d1a073,9842,0
9843:0:0,component-6ccc5c4867d057e5,9843,1
9843:0:1,component-6ccc5c4867d057e5,9843,1
9844:0:0,component-becd73b2d52c2031,9844,1
9845:0:0,component-fc4e1aac264af807,9845,4
9846:0:0,component-0202cf804f406d90,9846,3
9847:0:0,component-00edd51986e49fb9,9847,3
9847:2:0,component-00edd51986e49fb9,9847,3
9847:4:0,component-00edd51986e49fb9,9847,3
9848:0:0,component-9fca3461a45da380,9848,4
9849:0:0,component-e0215ffd62f56865,9849,3
984:0:0,component-32ae9e5d872b0f45,984,4
9850:0:0,component-afc4690a39a6d405,9850,4
9851:0:0,component-0f50e9763db9c51f,9851,2
9852:0:0,component-c03a9472d88a6906,9852,1
9853:0:0,component-0d1dbb0989c601b7,9853,0
9854:0:0,component-66dc4964e575e544,9854,2
9855:0:0,component-78159b220d78db78,9855,3
9856:0:0,component-1a96c78b423bcd0a,9856,4
9857:0:0,component-9bea4c81fddbacda,9857,4
9857:2:0,component-9bea4c81fddbacda,9857,4
9857:4:0,component-9bea4c81fddbacda,9857,4
9857:6:0,component-9bea4c81fddbacda,9857,4
9857:8:0,component-9bea4c81fddbacda,9857,4
9858:0:0,component-1c170c07f3b9ba74,9858,3
9859:0:0,component-de0d35dc7bea5db0,9859,3
985:0:0,component-e10776329ceacab5,985,4
9860:0:0,component-4b7eb17aa24da7a3,9860,3
9861:0:0,component-fd9c7e7e826452a7,9861,3
9861:2:0,component-fd9c7e7e826452a7,9861,3
9861:4:0,component-fd9c7e7e826452a7,9861,3
9862:0:0,component-dbcfeebb28e16fc1,9862,2
9863:0:0,component-d3d047b2a633388f,9863,4
9864:0:0,component-6d0b87fb72260d0b,9864,3
9865:0:0,component-25df8881ff68e8f9,9865,4
9866:0:0,component-09832e09f0f9139e,9866,4
9867:0:0,component-5d0e7dec2c5ac512,9867,2
9867:2:0,component-5d0e7dec2c5ac512,9867,2
9868:0:0,component-beac06886fec1972,9868,3
9869:0:0,component-0f5a8592a0bac2c0,9869,4
986:0:0,component-54ef3aae703cd2a9,986,0
986:2:0,component-54ef3aae703cd2a9,986,0
986:4:0,component-54ef3aae703cd2a9,986,0
986:6:0,component-54ef3aae703cd2a9,986,0
9870:0:0,component-e8ef48895ea4a632,9870,1
9871:0:0,component-d4ca8e342d991d89,9871,2
9872:0:0,component-666d9eab45b50958,9872,4
9873:1:0,component-77110dba9cdb328d,9873,3
9874:0:0,component-7861f552e69a3737,9874,3
9874:2:0,component-7861f552e69a3737,9874,3
9875:0:0,component-dc282c1fe21e1b2b,9875,3
9876:0:0,component-1d7eedc13cef57df,9876,1
9877:0:0,component-bc06aaa453dd8766,9877,2
9878:0:0,component-acd41bbbbc45eb4f,9878,4
9879:0:0,component-f17aa10085ab78bf,9879,4
987:0:0,component-7b28bf79905602f2,987,1
987:2:0,component-7b28bf79905602f2,987,1
9880:0:0,component-ca401e8902566cf0,9880,2
9881:0:0,component-cec0e8afb9029aea,9881,0
9881:2:0,component-cec0e8afb9029aea,9881,0
9882:0:0,component-955f1ddc2948b153,9882,1
9882:10:0,component-955f1ddc2948b153,9882,1
9882:2:0,component-955f1ddc2948b153,9882,1
9882:4:0,component-955f1ddc2948b153,9882,1
9882:6:0,component-955f1ddc2948b153,9882,1
9882:8:0,component-955f1ddc2948b153,9882,1
9883:0:0,component-89eada4acd182a1b,9883,1
9884:0:0,component-c0278ffd9f1f785b,9884,4
9885:0:0,component-c8ca7f3db6018596,9885,1
9886:0:0,component-2018ab3dcd13e1db,9886,0
9886:2:0,component-2018ab3dcd13e1db,9886,0
9887:0:0,component-dc388d8c4aa787a6,9887,2
9888:0:0,component-edb58b9baa4e5940,9888,0
9889:0:0,component-2d4634f8b02c9a49,9889,1
988:0:0,component-0e3a4aa7bb18372e,988,1
988:2:0,component-0e3a4aa7bb18372e,988,1
9890:0:0,component-8be8bb9787691ef0,9890,4
9891:0:0,component-86b94b699a0784d3,9891,0
9892:0:0,component-d42c0628b982ccfe,9892,4
9892:2:0,component-d42c0628b982ccfe,9892,4
9893:0:0,component-4e23b3a0d932d395,9893,2
9894:0:0,component-eceeb90d0d0b6746,9894,2
9895:0:0,component-c618cef9f9a5b0b0,9895,4
9896:0:0,component-da09d0a85e3ccdc8,9896,4
9897:0:0,component-422af9194bcd9411,9897,3
9898:0:0,component-801bd31291183134,9898,0
9898:2:0,component-801bd31291183134,9898,0
9899:0:0,component-c534586673576cef,9899,0
9899:2:0,component-c534586673576cef,9899,0
989:0:0,component-5d7896f30fa64e95,989,3
98:0:0,component-08f653f3ca536ef9,98,2
9900:0:0,component-0fc7a6b1fe43a4d3,9900,0
9900:2:0,component-0fc7a6b1fe43a4d3,9900,0
9901:0:0,component-ba5c31e57a774d9b,9901,0
9901:2:0,component-ba5c31e57a774d9b,9901,0
9902:0:0,component-cc60d40e01770614,9902,1
9902:2:0,component-cc60d40e01770614,9902,1
9903:0:0,component-955f1ddc2948b153,9903,1
9903:2:0,component-955f1ddc2948b153,9903,1
9903:4:0,component-955f1ddc2948b153,9903,1
9904:0:0,component-2669b33ed8266ce1,9904,2
9904:2:0,component-2669b33ed8266ce1,9904,2
9905:0:0,component-4f28a6e5fc364a09,9905,1
9906:0:0,component-c203daacc37bc877,9906,3
9907:0:0,component-e28c205057c0f206,9907,0
9908:0:0,component-4b2c2bc4723949fc,9908,0
9909:0:0,component-d7a20489f4e62fc6,9909,4
990:0:0,component-6c5cdaf8bb0ed203,990,2
990:2:0,component-6c5cdaf8bb0ed203,990,2
9910:0:0,component-90fbde7ccc31240b,9910,3
9911:0:0,component-2d4c34896c4124a4,9911,2
9912:0:0,component-39e7c73dacbc99dd,9912,0
9913:0:0,component-5aa3a181efb239f1,9913,1
9914:0:0,component-10bd63a61200ece1,9914,2
9914:2:0,component-10bd63a61200ece1,9914,2
9914:4:0,component-10bd63a61200ece1,9914,2
9914:6:0,component-10bd63a61200ece1,9914,2
9915:0:0,component-8a8a2bb85d27c5fe,9915,4
9915:2:0,component-8a8a2bb85d27c5fe,9915,4
9916:0:0,component-5ed4709b105bb504,9916,4
9916:2:0,component-5ed4709b105bb504,9916,4
9917:0:0,component-3485f22c24a29cbe,9917,3
9917:0:1,component-3485f22c24a29cbe,9917,3
9917:2:0,component-3485f22c24a29cbe,9917,3
9918:0:0,component-0b2c94b27d1469ba,9918,4
9919:0:0,component-8dcb78af7d20cf3f,9919,3
991:0:0,component-2de5f6fad77112b6,991,4
9920:0:0,component-e78456e6a47c46c5,9920,1
9921:0:0,component-537596d20cd5695a,9921,1
9921:2:0,component-537596d20cd5695a,9921,1
9922:0:0,component-1e72375ba9add7a6,9922,1
9923:0:0,component-34bfb902aab6b201,9923,1
9924:0:0,component-3e7e59c886282c2e,9924,4
9924:2:0,component-3e7e59c886282c2e,9924,4
9925:0:0,component-e917ca1c47e1d449,9925,4
9926:0:0,component-6a00bdf975f1d283,9926,2
9926:2:0,component-6a00bdf975f1d283,9926,2
9927:0:0,component-c7167c3c54f21189,9927,4
9927:2:0,component-c7167c3c54f21189,9927,4
9928:0:0,component-001c30fbd9360dd6,9928,1
9928:2:0,component-001c30fbd9360dd6,9928,1
9929:0:0,component-40233bc818d6cabb,9929,1
992:0:0,component-5b2632807c6bcfff,992,0
9930:0:0,component-a1daa37b42d8c4e1,9930,3
9931:0:0,component-e176e1a9e06e4b5c,9931,2
9932:0:0,component-914f49534e50d8ee,9932,4
9933:0:0,component-27d1de522cff1c9e,9933,0
9933:10:0,component-27d1de522cff1c9e,9933,0
9933:12:0,component-27d1de522cff1c9e,9933,0
9933:2:0,component-27d1de522cff1c9e,9933,0
9933:4:0,component-27d1de522cff1c9e,9933,0
9933:4:1,component-27d1de522cff1c9e,9933,0
9933:6:0,component-27d1de522cff1c9e,9933,0
9933:6:1,component-27d1de522cff1c9e,9933,0
9933:8:0,component-27d1de522cff1c9e,9933,0
9934:0:0,component-cb179dbf4e6317b6,9934,3
9935:0:0,component-8a332e0b8d0c53e3,9935,1
9936:0:0,component-506c1b0dc9c8a1ac,9936,1
9937:0:0,component-ebedeaa462ee3ef1,9937,0
9938:0:0,component-85a3403b027d0ad8,9938,0
9938:2:0,component-85a3403b027d0ad8,9938,0
9939:0:0,component-1ce96df100c5762c,9939,1
993:0:0,component-ca6f0aa690fc59e4,993,1
9940:0:0,component-21c9d2c21b7f8180,9940,1
9942:0:0,component-f3eb419187121029,9942,2
9943:0:0,component-9b40cc848149637c,9943,0
9944:0:0,component-dc3fe247aab77dd0,9944,2
9945:0:0,component-830f61e7da9257db,9945,4
9946:0:0,component-0bf2aedaa5b19004,9946,2
9947:0:0,component-cd3cd56d74fafb54,9947,2
9948:0:0,component-7ce7c027bb355725,9948,1
9949:0:0,component-3934e6beb8c1aadb,9949,4
9949:2:0,component-3934e6beb8c1aadb,9949,4
994:0:0,component-d1d55194597c16e5,994,4
9950:0:0,component-f43b3a41ba9d5e77,9950,1
9951:0:0,component-98f040fb75060c96,9951,4
9951:2:0,component-98f040fb75060c96,9951,4
9952:0:0,component-3ad9333d07b0d613,9952,4
9953:0:0,component-608fe2dbd267eb1e,9953,4
9954:0:0,component-dd83fc690abd2858,9954,1
9955:0:0,component-682c4591f026d79b,9955,4
9956:0:0,component-af5bb48a86a3687b,9956,1
9957:0:0,component-012779085aba51c8,9957,3
9958:0:0,component-a9884ed7769ad2e8,9958,4
9959:0:0,component-eaf9cf350ce4b4fa,9959,0
995:0:0,component-e861eef8aed3cfce,995,2
9960:0:0,component-6f515f25888b2b84,9960,3
9961:0:0,component-0852423780a34255,9961,1
9962:0:0,component-34c46e2b96699f1f,9962,1
9963:0:0,component-b6743124b2bd3750,9963,4
9963:2:0,component-b6743124b2bd3750,9963,4
9964:0:0,component-49e8e9f4f0c8762c,9964,0
9965:0:0,component-7120ec18839e173e,9965,2
9966:0:0,component-9719c22c77a8e807,9966,4
9966:2:0,component-9719c22c77a8e807,9966,4
9967:0:0,component-79e4b4d09f038b38,9967,2
9967:2:0,component-79e4b4d09f038b38,9967,2
9967:2:1,component-79e4b4d09f038b38,9967,2
9968:0:0,component-5567759b1647a45e,9968,4
9969:0:0,component-1710249160c8eaa1,9969,4
996:0:0,component-47e4c383f0a73288,996,4
9970:0:0,component-c963c905c9f6c1c7,9970,1
9971:0:0,component-483d83810225320a,9971,3
9972:0:0,component-84800555f8bc2c27,9972,1
9972:2:0,component-84800555f8bc2c27,9972,1
9972:4:0,component-84800555f8bc2c27,9972,1
9972:6:0,component-84800555f8bc2c27,9972,1
9973:0:0,component-6e7ed37ffa0a2b18,9973,0
9974:0:0,component-304990189e38a592,9974,3
9974:2:0,component-304990189e38a592,9974,3
9975:0:0,component-22ade53dc50708d4,9975,4
9976:0:0,component-f9af67cbc8e498ac,9976,1
9977:0:0,component-3f5edb25048a6803,9977,3
9978:0:0,component-bac238e06ee3426d,9978,1
9979:0:0,component-c2f3dcb6073c7efd,9979,4
997:0:0,component-4ef4a80e2163b7e3,997,2
997:2:0,component-4ef4a80e2163b7e3,997,2
9980:0:0,component-84671388bb32d411,9980,4
9981:0:0,component-c40d9ecb6928fd9d,9981,2
9982:0:0,component-8d097539724cdd7f,9982,3
9983:0:0,component-4c9e7ee9cf98a904,9983,3
9984:0:0,component-3b735dcf4990ea11,9984,1
9985:0:0,component-ec67f8e8b6aa531b,9985,3
9986:0:0,component-4dcabfebd3439d4d,9986,0
9986:2:0,component-4dcabfebd3439d4d,9986,0
9987:0:0,component-854a2bdeed79a68c,9987,2
9988:0:0,component-68c8939b257cd268,9988,2
9989:0:0,component-d4d0466e615c40ec,9989,0
998:0:0,component-736d3d1ba42c25ca,998,1
9990:0:0,component-1fc8337c2bd70fc3,9990,1
9991:0:0,component-6129040e5d8be2d2,9991,2
9991:2:0,component-6129040e5d8be2d2,9991,2
9992:0:0,component-5e6dc36156dd6e84,9992,1
9993:0:0,component-a82fcfe742e95477,9993,3
9994:0:0,component-d4e96715bc14cca9,9994,1
9995:0:0,component-6386da90c7b36ee9,9995,1
9995:2:0,component-6386da90c7b36ee9,9995,1
9996:0:0,component-3c80228fb98934bc,9996,2
9997:1:0,component-27d84334a2a4d614,9997,0
9998:0:0,component-a9d4d287a6d9661c,9998,0
9999:0:0,component-d5d05ed182440d6c,9999,3
999:0:0,component-6b5dbc3b37d8f555,999,4
99:0:0,component-7731a2d8c60bf8c1,99,4
9:0:0,component-8f8efb48eaabfdd5,9,4
